channel	title	pubdate	fileno	source	url	local_rel	status
zwgk/gsgg	平潭综合实验区苏平片区管理局关于应急物资项目采购公告	2023-11-20 00:00:00	无	平潭综合实验区苏平片区管理局	https://www.pingtan.gov.cn/zwgk/gsgg/202311/t20231120_82591.htm	zwgk/gsgg/202311/82591_平潭综合实验区苏平片区管理局关于应急物资项目采购公告/page.txt	done
zwgk/gsgg	平潭综合实验区自然资源服务中心关于 房屋结构安全鉴定服务比价采购的公告			平潭综合实验区自然资源与生态环境局	https://www.pingtan.gov.cn/zwgk/gsgg/202609/t20260907_108796.htm	zwgk/gsgg/202609/108796_平潭综合实验区自然资源服务中心关于 房屋结构安全鉴定服务比价采购的公告/page.txt	done
zwgk/gsgg	关于平潭金井国际智慧物流园A区建设工程竣工规划条件核实结果公布			平潭综合实验区自然资源与生态环境局	https://www.pingtan.gov.cn/zwgk/gsgg/202609/t20260907_108792.htm	zwgk/gsgg/202609/108792_关于平潭金井国际智慧物流园A区建设工程竣工规划条件核实结果公布/page.txt	done
zwgk/gsgg	2026年9月18-22日平潭计划停电			平潭电网	https://www.pingtan.gov.cn/zwgk/gsgg/202609/t20260904_108774.htm	zwgk/gsgg/202609/108774_2026年9月18-22日平潭计划停电/page.txt	done
zwgk/gsgg	平潭综合实验区台胞台企服务中心关于办公耗材询价的公告			平潭综合实验区台胞台企服务中心	https://www.pingtan.gov.cn/zwgk/gsgg/202609/t20260903_108719.htm	zwgk/gsgg/202609/108719_平潭综合实验区台胞台企服务中心关于办公耗材询价的公告/page.txt	done
zwgk/gsgg	金井片区闲置校舍招租公告（第二次）			平潭综合实验区金井片区管理局	https://www.pingtan.gov.cn/zwgk/gsgg/202609/t20260903_108717.htm	zwgk/gsgg/202609/108717_金井片区闲置校舍招租公告（第二次）/page.txt	done
zwgk/gsgg	平潭综合实验区关于平潭农村生活污水治理提升改造（一期）立项用地规划许可阶段审批前公示			平潭综合实验区行政审批局	https://www.pingtan.gov.cn/zwgk/gsgg/202609/t20260904_108770.htm	zwgk/gsgg/202609/108770_平潭综合实验区关于平潭农村生活污水治理提升改造（一期）立项用地规划许可阶段审批前/page.txt	done
zwgk/gsgg	平潭综合实验区医院关于征集2027年-2028年后勤服务项目采购方案公告（二次公告）			平潭综合实验区社会事业局	https://www.pingtan.gov.cn/zwgk/gsgg/202609/t20260904_108760.htm	zwgk/gsgg/202609/108760_平潭综合实验区医院关于征集2027年-2028年后勤服务项目采购方案公告（二次公/page.txt	done
zwgk/gsgg	平潭综合实验区自然资源服务中心关于3宗出让地块林木砍伐服务费用市场调研的公告			平潭综合实验区自然资源与生态环境局	https://www.pingtan.gov.cn/zwgk/gsgg/202609/t20260904_108758.htm	zwgk/gsgg/202609/108758_平潭综合实验区自然资源服务中心关于3宗出让地块林木砍伐服务费用市场调研的公告/page.txt	done
zwgk/gsgg	平潭综合实验区农业农村局关于2026年基层水产技术推广体系改革与建设项目的遴选公告			平潭综合实验区农业农村局	https://www.pingtan.gov.cn/zwgk/gsgg/202609/t20260904_108756.htm	zwgk/gsgg/202609/108756_平潭综合实验区农业农村局关于2026年基层水产技术推广体系改革与建设项目的遴选公/page.txt	done
zwgk/gsgg	平潭综合实验区自然资源服务中心关于平潭国有防护林场2026年森林可持续经营项目预算审核服务的比价公告			平潭综合实验区自然资源与生态环境局	https://www.pingtan.gov.cn/zwgk/gsgg/202609/t20260904_108755.htm	zwgk/gsgg/202609/108755_平潭综合实验区自然资源服务中心关于平潭国有防护林场2026年森林可持续经营项目预/page.txt	done
zwgk/gsgg	平潭综合实验区自然资源服务中心关于平潭综合实验区生态环境信息化项目运维服务自行采购结果的公示			平潭综合实验区自然资源与生态环境局	https://www.pingtan.gov.cn/zwgk/gsgg/202609/t20260904_108754.htm	zwgk/gsgg/202609/108754_平潭综合实验区自然资源服务中心关于平潭综合实验区生态环境信息化项目运维服务自行采/page.txt	done
zwgk/gsgg	2026年09月14-16日平潭电网检修信息			平潭电网	https://www.pingtan.gov.cn/zwgk/gsgg/202609/t20260903_108738.htm	zwgk/gsgg/202609/108738_2026年09月14-16日平潭电网检修信息/page.txt	done
zwgk/gsgg	平潭综合实验区自然资源与生态环境局自行采购 项目采购公告			平潭综合实验区自然资源与生态环境局	https://www.pingtan.gov.cn/zwgk/gsgg/202609/t20260903_108737.htm	zwgk/gsgg/202609/108737_平潭综合实验区自然资源与生态环境局自行采购 项目采购公告/page.txt	done
zwgk/gsgg	平潭综合实验区市场监督管理局关于依法注销部分特种设备的公告			平潭综合实验区市场监督管理局	https://www.pingtan.gov.cn/zwgk/gsgg/202609/t20260903_108735.htm	zwgk/gsgg/202609/108735_平潭综合实验区市场监督管理局关于依法注销部分特种设备的公告/page.txt	done
zwgk/gsgg	平潭综合实验区台胞台企服务中心关于办公用品和日用品询价的公告			平潭综合实验区台胞台企服务中心	https://www.pingtan.gov.cn/zwgk/gsgg/202609/t20260903_108721.htm	zwgk/gsgg/202609/108721_平潭综合实验区台胞台企服务中心关于办公用品和日用品询价的公告/page.txt	done
zwgk/gsgg	平潭综合实验区台胞台企服务中心关于公开采购法律顾问服务的公告			平潭综合实验区台胞台企服务中心	https://www.pingtan.gov.cn/zwgk/gsgg/202609/t20260903_108720.htm	zwgk/gsgg/202609/108720_平潭综合实验区台胞台企服务中心关于公开采购法律顾问服务的公告/page.txt	done
zwgk/gsgg	平潭综合实验区自然资源服务中心关于中高压交联聚乙烯绝缘电缆 回收单价市场调研的公告			平潭综合实验区自然资源与生态环境局	https://www.pingtan.gov.cn/zwgk/gsgg/202609/t20260903_108716.htm	zwgk/gsgg/202609/108716_平潭综合实验区自然资源服务中心关于中高压交联聚乙烯绝缘电缆 回收单价市场调研的公/page.txt	done
zwgk/gsgg	2026年09月11日平潭电网检修信息			平潭电网	https://www.pingtan.gov.cn/zwgk/gsgg/202609/t20260902_108715.htm	zwgk/gsgg/202609/108715_2026年09月11日平潭电网检修信息/page.txt	done
zwgk/gsgg	​平潭综合实验区自然资源与生态环境局关于平潭高新产业园示范区工程竣工规划条件核实公示			平潭综合实验区自然资源与生态环境局	https://www.pingtan.gov.cn/zwgk/gsgg/202609/t20260902_108714.htm	zwgk/gsgg/202609/108714_​平潭综合实验区自然资源与生态环境局关于平潭高新产业园示范区工程竣工规划条件核实/page.txt	done
zwgk/gsgg	关于平潭综合实验区医院2026年-2028年保安服务采购项目需求调查结果公告			平潭综合实验区社会事业局	https://www.pingtan.gov.cn/zwgk/gsgg/202609/t20260902_108713.htm	zwgk/gsgg/202609/108713_关于平潭综合实验区医院2026年-2028年保安服务采购项目需求调查结果公告/page.txt	done
zwgk/gsgg	关于平潭综合实验区医院  2027年-2028年后勤服务项目  采购方案征集结果的公示			平潭综合实验区社会事业局	https://www.pingtan.gov.cn/zwgk/gsgg/202609/t20260902_108712.htm	zwgk/gsgg/202609/108712_关于平潭综合实验区医院 2027年-2028年后勤服务项目 采购方案征集结果/page.txt	done
zwgk/gsgg	平潭综合实验区农业农村局关于平潭综合实验区白青乡丰田村等三个高标准农田建设项目验收情况的公开			平潭综合实验区农业农村局	https://www.pingtan.gov.cn/zwgk/gsgg/202609/t20260902_108711.htm	zwgk/gsgg/202609/108711_平潭综合实验区农业农村局关于平潭综合实验区白青乡丰田村等三个高标准农田建设项目验/page.txt	done
zwgk/gsgg	不动产更正登记公告			平潭综合实验区行政审批局	https://www.pingtan.gov.cn/zwgk/gsgg/202609/t20260902_108709.htm	zwgk/gsgg/202609/108709_不动产更正登记公告/page.txt	done
zwgk/gsgg	平潭综合实验区关于民主路（中山大道-瑶竹路）项目立项用地许可阶段审批前公示			平潭综合实验区行政审批局	https://www.pingtan.gov.cn/zwgk/gsgg/202609/t20260902_108708.htm	zwgk/gsgg/202609/108708_平潭综合实验区关于民主路（中山大道-瑶竹路）项目立项用地许可阶段审批前公示/page.txt	done
zwgk/gsgg	平潭综合实验区党工委农村工作领导小组办公室关于做好第三轮省级乡村振兴示范创建认定及重点示范乡镇推荐名单的公示			平潭综合实验区农业农村局	https://www.pingtan.gov.cn/zwgk/gsgg/202609/t20260902_108705.htm	zwgk/gsgg/202609/108705_平潭综合实验区党工委农村工作领导小组办公室关于做好第三轮省级乡村振兴示范创建认定/page.txt	done
zwgk/gsgg	平潭综合实验区自然资源服务中心关于2026-2027年度海域海岛技术  支撑服务中标结果的公示			平潭综合实验区自然资源与生态环境局	https://www.pingtan.gov.cn/zwgk/gsgg/202609/t20260902_108700.htm	zwgk/gsgg/202609/108700_平潭综合实验区自然资源服务中心关于2026-2027年度海域海岛技术 支撑服务/page.txt	done
zwgk/gsgg	不动产更正登记公告			平潭综合实验区行政审批局	https://www.pingtan.gov.cn/zwgk/gsgg/202609/t20260902_108699.htm	zwgk/gsgg/202609/108699_不动产更正登记公告/page.txt	done
zwgk/gsgg	平潭综合实验区关于东占村马山生态园道路提升项目（小型建设工程）施工许可阶段审批前公示			平潭综合实验区行政审批局	https://www.pingtan.gov.cn/zwgk/gsgg/202609/t20260902_108698.htm	zwgk/gsgg/202609/108698_平潭综合实验区关于东占村马山生态园道路提升项目（小型建设工程）施工许可阶段审批前/page.txt	done
zwgk/gsgg	关于公开征求《外卖骑手“食安哨兵”小额举报奖励实施方案》意见的通告			平潭综合实验区市场监督管理局	https://www.pingtan.gov.cn/zwgk/gsgg/202609/t20260902_108697.htm	zwgk/gsgg/202609/108697_关于公开征求《外卖骑手“食安哨兵”小额举报奖励实施方案》意见的通告/page.txt	done
zwgk/gsgg	平潭综合实验区财政金融局关于印发《平潭综合实验区财政支出事前绩效评估管理办法》的通知			平潭综合实验区财政金融局	https://www.pingtan.gov.cn/zwgk/gsgg/202609/t20260901_108668.htm	zwgk/gsgg/202609/108668_平潭综合实验区财政金融局关于印发《平潭综合实验区财政支出事前绩效评估管理办法》的/page.txt	done
zwgk/gsgg	平潭综合实验区自然资源与生态环境局关于平潭大卫幼儿园项目竣工规划条件核实公示			平潭综合实验区自然资源与生态环境局	https://www.pingtan.gov.cn/zwgk/gsgg/202609/t20260901_108686.htm	zwgk/gsgg/202609/108686_平潭综合实验区自然资源与生态环境局关于平潭大卫幼儿园项目竣工规划条件核实公示/page.txt	done
zwgk/gsgg	平潭综合实验区市场监督管理局关于征集专利微导航服务需求的通知			平潭综合实验区市场监督管理局	https://www.pingtan.gov.cn/zwgk/gsgg/202609/t20260901_108669.htm	zwgk/gsgg/202609/108669_平潭综合实验区市场监督管理局关于征集专利微导航服务需求的通知/page.txt	done
zwgk/gsgg	平潭综合实验区市场监督管理局关于征集企业ISO56005创新与知识产权管理能力分级评价需求的通知			平潭综合实验区市场监督管理局	https://www.pingtan.gov.cn/zwgk/gsgg/202609/t20260901_108666.htm	zwgk/gsgg/202609/108666_平潭综合实验区市场监督管理局关于征集企业ISO56005创新与知识产权管理能力分/page.txt	done
zwgk/gsgg	君山镇大坪村台湾特色种植园区配套排洪系统提升(中标通知书)			平潭综合实验区君山片区管理局	https://www.pingtan.gov.cn/zwgk/gsgg/202608/t20260831_108655.htm	zwgk/gsgg/202608/108655_君山镇大坪村台湾特色种植园区配套排洪系统提升(中标通知书)/page.txt	done
zwgk/gsgg	八方电商物流园变更(仓库二、综合楼)项目建设工程规划许可证批后公布			平潭综合实验区自然资源与生态环境局	https://www.pingtan.gov.cn/zwgk/gsgg/202608/t20260831_108654.htm	zwgk/gsgg/202608/108654_八方电商物流园变更(仓库二、综合楼)项目建设工程规划许可证批后公布/page.txt	done
zwgk/gsgg	​平潭综合实验区自然资源与生态环境局关于咨询2026年生态样地监测服务项目最高控制价公告			平潭综合实验区自然资源与生态环境局	https://www.pingtan.gov.cn/zwgk/gsgg/202608/t20260831_108632.htm	zwgk/gsgg/202608/108632_​平潭综合实验区自然资源与生态环境局关于咨询2026年生态样地监测服务项目最高控/page.txt	done
zwgk/gsgg	平潭综合实验区管委会办公室 关于中共平潭综合实验区代表会议暨平潭县 第十五次党代会文件印刷及宣传服务项目 采购结果公示			行政处	https://www.pingtan.gov.cn/zwgk/gsgg/202608/t20260831_108631.htm	zwgk/gsgg/202608/108631_平潭综合实验区管委会办公室 关于中共平潭综合实验区代表会议暨平潭县 第十五次党代/page.txt	done
zwgk/gsgg	平潭综合实验区管委会办公室 关于中共平潭综合实验区代表会议暨平潭县 第十五次党代会文件包项目采购结果公示			行政处	https://www.pingtan.gov.cn/zwgk/gsgg/202608/t20260831_108630.htm	zwgk/gsgg/202608/108630_平潭综合实验区管委会办公室 关于中共平潭综合实验区代表会议暨平潭县 第十五次党代/page.txt	done
zwgk/gsgg	2026年9月07-10平潭计划停电			平潭电网	https://www.pingtan.gov.cn/zwgk/gsgg/202608/t20260828_108629.htm	zwgk/gsgg/202608/108629_2026年9月07-10平潭计划停电/page.txt	done
zwgk/gsgg	​平潭综合实验区自然资源与生态环境局关于2026G008号宗地国有建设用地使用权公开出让的公告			平潭综合实验区自然资源与生态环境局	https://www.pingtan.gov.cn/zwgk/gsgg/202608/t20260828_108626.htm	zwgk/gsgg/202608/108626_​平潭综合实验区自然资源与生态环境局关于2026G008号宗地国有建设用地使用权/page.txt	done
zwgk/gsgg	不动产更正登记公告			平潭综合实验区行政审批局	https://www.pingtan.gov.cn/zwgk/gsgg/202608/t20260828_108624.htm	zwgk/gsgg/202608/108624_不动产更正登记公告/page.txt	done
zwgk/gsgg	平潭综合实验区自然资源服务中心关于垃圾清理服务费用市场调研的公告			平潭综合实验区自然资源与生态环境局	https://www.pingtan.gov.cn/zwgk/gsgg/202608/t20260828_108623.htm	zwgk/gsgg/202608/108623_平潭综合实验区自然资源服务中心关于垃圾清理服务费用市场调研的公告/page.txt	done
zwgk/gsgg	平潭综合实验区自然资源服务中心关于城关农贸市场所在建筑二楼出挑阳台墙面瓷 脱落部位修补服务费市场调研的公告			平潭综合实验区自然资源与生态环境局	https://www.pingtan.gov.cn/zwgk/gsgg/202608/t20260828_108619.htm	zwgk/gsgg/202608/108619_平潭综合实验区自然资源服务中心关于城关农贸市场所在建筑二楼出挑阳台墙面瓷 脱落部/page.txt	done
zwgk/gsgg	​平潭综合实验区自然资源与生态环境局关于2宗国有资产评估服务费市场调研的公告			平潭综合实验区自然资源与生态环境局	https://www.pingtan.gov.cn/zwgk/gsgg/202608/t20260828_108618.htm	zwgk/gsgg/202608/108618_​平潭综合实验区自然资源与生态环境局关于2宗国有资产评估服务费市场调研的公告/page.txt	done
zwgk/gsgg	​平潭综合实验区自然资源与生态环境局自行采购项目采购公告			平潭综合实验区自然资源与生态环境局	https://www.pingtan.gov.cn/zwgk/gsgg/202608/t20260827_108602.htm	zwgk/gsgg/202608/108602_​平潭综合实验区自然资源与生态环境局自行采购项目采购公告/page.txt	done
zwgk/gsgg	平潭综合实验区市场监督管理局关于限期提供正常经营佐证材料的提示性公告			平潭综合实验区市场监督管理局	https://www.pingtan.gov.cn/zwgk/gsgg/202608/t20260827_108603.htm	zwgk/gsgg/202608/108603_平潭综合实验区市场监督管理局关于限期提供正常经营佐证材料的提示性公告/page.txt	done
zwgk/gsgg	2026年09月4-8日平潭电网检修信息			平潭电网	https://www.pingtan.gov.cn/zwgk/gsgg/202608/t20260826_108594.htm	zwgk/gsgg/202608/108594_2026年09月4-8日平潭电网检修信息/page.txt	done
zwgk/gsgg	平潭综合实验区关于东澳中心渔港休闲渔业码头项目用海审批前公示			平潭综合实验区行政审批局	https://www.pingtan.gov.cn/zwgk/gsgg/202608/t20260826_108591.htm	zwgk/gsgg/202608/108591_平潭综合实验区关于东澳中心渔港休闲渔业码头项目用海审批前公示/page.txt	done
zwgk/gsgg	关于2024年平潭综合实验区“稻香飘千里 两岸情更浓”中国农民丰收节活动、“岚台共织金穗毯 山海同酿丰收情”岚台各民族丰收交流活动和“岚台一家亲 共筑丰收梦2026年岚台丰收交流活动资			平潭综合实验区农业农村局	https://www.pingtan.gov.cn/zwgk/gsgg/202608/t20260826_108590.htm	zwgk/gsgg/202608/108590_关于2024年平潭综合实验区“稻香飘千里 两岸情更浓”中国农民丰收节活动、“岚台/page.txt	done
zwgk/gsgg	平潭两岸产业创新联盟服务中心清算公告			平潭综合实验区社会事业局	https://www.pingtan.gov.cn/zwgk/gsgg/202608/t20260826_108589.htm	zwgk/gsgg/202608/108589_平潭两岸产业创新联盟服务中心清算公告/page.txt	done
zwgk/gsgg	平潭综合实验区行政审批局关于拟纠正不适宜企业名称告知书的送达公告			平潭综合实验区行政审批局	https://www.pingtan.gov.cn/zwgk/gsgg/202608/t20260826_108588.htm	zwgk/gsgg/202608/108588_平潭综合实验区行政审批局关于拟纠正不适宜企业名称告知书的送达公告/page.txt	done
zwgk/gsgg	平潭县金井镇大福村老年协会清算公告			平潭综合实验区金井片区管理局	https://www.pingtan.gov.cn/zwgk/gsgg/202608/t20260825_108578.htm	zwgk/gsgg/202608/108578_平潭县金井镇大福村老年协会清算公告/page.txt	done
zwgk/gsgg	招标结果告知函			平潭综合实验区苏平片区管理局	https://www.pingtan.gov.cn/zwgk/gsgg/202608/t20260825_108576.htm	zwgk/gsgg/202608/108576_招标结果告知函/page.txt	done
zwgk/gsgg	福建平潭吾悦广场（三期）二区（B1#楼、B2#楼、S11#楼、S12#楼、B9#楼、B10#楼、西侧门卫及地下室）项目竣工规划条件核实结果公布			平潭综合实验区自然资源与生态环境局	https://www.pingtan.gov.cn/zwgk/gsgg/202608/t20260825_108574.htm	zwgk/gsgg/202608/108574_福建平潭吾悦广场（三期）二区（B1#楼、B2#楼、S11#楼、S12#楼、B9#/page.txt	done
zwgk/gsgg	平潭综合实验区东庠乡小型引调水工程工程建设许可阶段审批前公示			平潭综合实验区行政审批局	https://www.pingtan.gov.cn/zwgk/gsgg/202608/t20260824_108559.htm	zwgk/gsgg/202608/108559_平潭综合实验区东庠乡小型引调水工程工程建设许可阶段审批前公示/page.txt	done
zwgk/gsgg	​平潭综合实验区自然资源与生态环境局 关于公开征询平潭金井片区西部生态  屏障修复与环境综合治理项目  勘察、设计费的公告			平潭综合实验区自然资源与生态环境局	https://www.pingtan.gov.cn/zwgk/gsgg/202608/t20260824_108554.htm	zwgk/gsgg/202608/108554_​平潭综合实验区自然资源与生态环境局 关于公开征询平潭金井片区西部生态 屏障修/page.txt	done
zwgk/gsgg	公告			平潭综合实验区苏平片区管理局	https://www.pingtan.gov.cn/zwgk/gsgg/202608/t20260824_108553.htm	zwgk/gsgg/202608/108553_公告/page.txt	done
zwgk/gsgg	平潭综合实验区自然资源与生态环境局关于  2026G007号宗地国有建设用地使用权  公开出让的公告			平潭综合实验区自然资源与生态环境局	https://www.pingtan.gov.cn/zwgk/gsgg/202608/t20260821_108520.htm	zwgk/gsgg/202608/108520_平潭综合实验区自然资源与生态环境局关于 2026G007号宗地国有建设用地使用/page.txt	done
zwgk/gsgg	平潭综合实验区海坛片区管理局关于《平潭综合实验区海坛片区上楼村村庄规划（2019-2035）》动态维护成果的公示			海坛片区	https://www.pingtan.gov.cn/zwgk/gsgg/202608/t20260820_108498.htm	zwgk/gsgg/202608/108498_平潭综合实验区海坛片区管理局关于《平潭综合实验区海坛片区上楼村村庄规划（2019/page.txt	done
zwgk/gsgg	大坪青少年活动实践中心（大坪农业产业综合基地）一期联合竣工验收情况公示			平潭综合实验区行政审批局	https://www.pingtan.gov.cn/zwgk/gsgg/202608/t20260824_108550.htm	zwgk/gsgg/202608/108550_大坪青少年活动实践中心（大坪农业产业综合基地）一期联合竣工验收情况公示/page.txt	done
zwgk/gsgg	2026年8月27-28日平潭电网检修信息			平潭电网	https://www.pingtan.gov.cn/zwgk/gsgg/202608/t20260821_108545.htm	zwgk/gsgg/202608/108545_2026年8月27-28日平潭电网检修信息/page.txt	done
zwgk/gsgg	2026年09月03-15日平潭电网检修信息			平潭电网	https://www.pingtan.gov.cn/zwgk/gsgg/202608/t20260821_108544.htm	zwgk/gsgg/202608/108544_2026年09月03-15日平潭电网检修信息/page.txt	done
zwgk/gsgg	平潭综合实验区管委会办公室关于 中共平潭综合实验区代表会议暨平潭县第十五次党代会文件印刷及宣传服务采购项目询价公告			行政处	https://www.pingtan.gov.cn/zwgk/gsgg/202608/t20260821_108541.htm	zwgk/gsgg/202608/108541_平潭综合实验区管委会办公室关于 中共平潭综合实验区代表会议暨平潭县第十五次党代会/page.txt	done
zwgk/gsgg	平潭综合实验区管委会办公室关于 中共平潭综合实验区代表会议暨平潭县第十五次党代会文件包采购项目询价公告			行政处	https://www.pingtan.gov.cn/zwgk/gsgg/202608/t20260821_108540.htm	zwgk/gsgg/202608/108540_平潭综合实验区管委会办公室关于 中共平潭综合实验区代表会议暨平潭县第十五次党代会/page.txt	done
zwgk/gsgg	平潭综合实验区关于平潭碳纳米管改性功能性树脂生产项目环境影响评价报告表审批前公示			平潭综合实验区行政审批局	https://www.pingtan.gov.cn/zwgk/gsgg/202608/t20260821_108535.htm	zwgk/gsgg/202608/108535_平潭综合实验区关于平潭碳纳米管改性功能性树脂生产项目环境影响评价报告表审批前公示/page.txt	done
zwgk/gsgg	平潭综合实验区关于江尾村文体活动中心项目立项用地许可阶段审批前公示			平潭综合实验区行政审批局	https://www.pingtan.gov.cn/zwgk/gsgg/202608/t20260821_108534.htm	zwgk/gsgg/202608/108534_平潭综合实验区关于江尾村文体活动中心项目立项用地许可阶段审批前公示/page.txt	done
zwgk/gsgg	君山镇五星村村部办公场所附属设施建设工程			平潭综合实验区君山片区管理局	https://www.pingtan.gov.cn/zwgk/gsgg/202608/t20260821_108531.htm	zwgk/gsgg/202608/108531_君山镇五星村村部办公场所附属设施建设工程/page.txt	done
zwgk/gsgg	平潭综合实验区关于南海乡饮用水工程环境影响评价报告表审批前公示			平潭综合实验区行政审批局	https://www.pingtan.gov.cn/zwgk/gsgg/202608/t20260821_108530.htm	zwgk/gsgg/202608/108530_平潭综合实验区关于南海乡饮用水工程环境影响评价报告表审批前公示/page.txt	done
zwgk/gsgg	平潭综合实验区自然资源与生态环境局关于 发布移出生态环境监督执法正面清单企业  （2026年第一批）的公告			平潭综合实验区自然资源与生态环境局	https://www.pingtan.gov.cn/zwgk/gsgg/202608/t20260821_108516.htm	zwgk/gsgg/202608/108516_平潭综合实验区自然资源与生态环境局关于 发布移出生态环境监督执法正面清单企业/page.txt	done
zwgk/gsgg	平潭综合实验区农业农村局关于2026年平潭综合实验区高标准农田建设项目评审情况的公开			平潭综合实验区农业农村局	https://www.pingtan.gov.cn/zwgk/gsgg/202608/t20260819_108497.htm	zwgk/gsgg/202608/108497_平潭综合实验区农业农村局关于2026年平潭综合实验区高标准农田建设项目评审情况的/page.txt	done
zwgk/gsgg	平潭综合实验区农业农村局关于2026年平潭综合实验区高标准农田建设项目的公示			平潭综合实验区农业农村局	https://www.pingtan.gov.cn/zwgk/gsgg/202608/t20260819_108496.htm	zwgk/gsgg/202608/108496_平潭综合实验区农业农村局关于2026年平潭综合实验区高标准农田建设项目的公示/page.txt	done
zwgk/gsgg	关于开展水产苗种增殖放流情况的公示			平潭综合实验区农业农村局	https://www.pingtan.gov.cn/zwgk/gsgg/202608/t20260819_108491.htm	zwgk/gsgg/202608/108491_关于开展水产苗种增殖放流情况的公示/page.txt	done
zwgk/gsgg	平潭综合实验区自然资源与生态环境局关于平潭流水园区标准厂房项目竣工规划 条件核实公示			平潭综合实验区自然资源与生态环境局	https://www.pingtan.gov.cn/zwgk/gsgg/202608/t20260819_108488.htm	zwgk/gsgg/202608/108488_平潭综合实验区自然资源与生态环境局关于平潭流水园区标准厂房项目竣工规划 条件核实/page.txt	done
zwgk/gsgg	平潭综合实验区自然资源与生态环境局关于福建省祥亿机械制造有限公司隧道工业园区项目总平面图批前公示			平潭综合实验区自然资源与生态环境局	https://www.pingtan.gov.cn/zwgk/gsgg/202608/t20260819_108487.htm	zwgk/gsgg/202608/108487_平潭综合实验区自然资源与生态环境局关于福建省祥亿机械制造有限公司隧道工业园区项目/page.txt	done
zwgk/gsgg	关于潭城组团351001-02-B、G、N单元详细规划局部调整的公告			平潭综合实验区自然资源与生态环境局	https://www.pingtan.gov.cn/zwgk/gsgg/202608/t20260819_108480.htm	zwgk/gsgg/202608/108480_关于潭城组团351001-02-B、G、N单元详细规划局部调整的公告/page.txt	done
zwgk/gsgg	2026年08月31日平潭电网检修信息			平潭电网	https://www.pingtan.gov.cn/zwgk/gsgg/202608/t20260818_108478.htm	zwgk/gsgg/202608/108478_2026年08月31日平潭电网检修信息/page.txt	done
zwgk/gsgg	福建平潭吾悦广场（二期）及（三期）S2#楼、S3#楼项目竣工规划条件核实结果公布			平潭综合实验区自然资源与生态环境局	https://www.pingtan.gov.cn/zwgk/gsgg/202608/t20260818_108476.htm	zwgk/gsgg/202608/108476_福建平潭吾悦广场（二期）及（三期）S2#楼、S3#楼项目竣工规划条件核实结果公布/page.txt	done
zwgk/gsgg	锦鸡重工总装基地（变更）项目竣工规划条件核实结果公布			平潭综合实验区自然资源与生态环境局	https://www.pingtan.gov.cn/zwgk/gsgg/202608/t20260818_108475.htm	zwgk/gsgg/202608/108475_锦鸡重工总装基地（变更）项目竣工规划条件核实结果公布/page.txt	done
zwgk/gsgg	2026年08月26日平潭电网检修信息			平潭电网	https://www.pingtan.gov.cn/zwgk/gsgg/202608/t20260817_108448.htm	zwgk/gsgg/202608/108448_2026年08月26日平潭电网检修信息/page.txt	done
zwgk/gsgg	平潭综合实验区党工委党校 《平潭年鉴2026》出版印刷项目流标公告			平潭党校	https://www.pingtan.gov.cn/zwgk/gsgg/202608/t20260817_108447.htm	zwgk/gsgg/202608/108447_平潭综合实验区党工委党校 《平潭年鉴2026》出版印刷项目流标公告/page.txt	done
zwgk/gsgg	​平潭综合实验区自然资源与生态环境局 关于《平潭综合实验区351001-10-A-01  地块控制性详细规划（含选址  论证专章）》的批前公示			平潭综合实验区自然资源与生态环境局	https://www.pingtan.gov.cn/zwgk/gsgg/202608/t20260805_108245.htm	zwgk/gsgg/202608/108245_​平潭综合实验区自然资源与生态环境局 关于《平潭综合实验区351001-10-A/page.txt	done
zwgk/gsgg	平潭综合实验区农业农村局关于2026年省级花生新品种展示项目验收结果暨资金拨付情况公示			平潭综合实验区农业农村局	https://www.pingtan.gov.cn/zwgk/gsgg/202608/t20260817_108446.htm	zwgk/gsgg/202608/108446_平潭综合实验区农业农村局关于2026年省级花生新品种展示项目验收结果暨资金拨付情/page.txt	done
zwgk/gsgg	平潭综合实验区医院关于征集2027年-2028年后勤服务项目采购方案公告			福建学生资助	https://www.pingtan.gov.cn/zwgk/gsgg/202608/t20260817_108443.htm	zwgk/gsgg/202608/108443_平潭综合实验区医院关于征集2027年-2028年后勤服务项目采购方案公告/page.txt	done
zwgk/gsgg	平潭综合实验区自然资源服务中心关于  房屋结构安全鉴定服务费用市场调研的公告			平潭综合实验区自然资源与生态环境局	https://www.pingtan.gov.cn/zwgk/gsgg/202608/t20260817_108442.htm	zwgk/gsgg/202608/108442_平潭综合实验区自然资源服务中心关于 房屋结构安全鉴定服务费用市场调研的公告/page.txt	done
zwgk/gsgg	平潭综合实验区农业农村局关于拨付2025-2026年台资农业企业贷款贴息资金的公示			平潭综合实验区农业农村局	https://www.pingtan.gov.cn/zwgk/gsgg/202608/t20260814_108418.htm	zwgk/gsgg/202608/108418_平潭综合实验区农业农村局关于拨付2025-2026年台资农业企业贷款贴息资金的公/page.txt	done
zwgk/gsgg	齐富村岚台青年艺术双创实践基地附属用房及配套设施建设项目乡村建设规划许可证批后公示			平潭综合实验区苏平片区管理局	https://www.pingtan.gov.cn/zwgk/gsgg/202608/t20260817_108440.htm	zwgk/gsgg/202608/108440_齐富村岚台青年艺术双创实践基地附属用房及配套设施建设项目乡村建设规划许可证批后公/page.txt	done
zwgk/gsgg	平潭综合实验区自然资源服务中心关于幸福洋一期项目西侧土地租赁的公示			平潭综合实验区自然资源与生态环境局	https://www.pingtan.gov.cn/zwgk/gsgg/202608/t20260817_108433.htm	zwgk/gsgg/202608/108433_平潭综合实验区自然资源服务中心关于幸福洋一期项目西侧土地租赁的公示/page.txt	done
zwgk/gsgg	2026年08月25日~08月27日平潭电网检修信息			平潭电网	https://www.pingtan.gov.cn/zwgk/gsgg/202608/t20260814_108430.htm	zwgk/gsgg/202608/108430_2026年08月25日~08月27日平潭电网检修信息/page.txt	done
zwgk/gsgg	平潭综合实验区自然资源与生态环境局关于2026年第四次国有建设用地使用权公开出让的公告			平潭综合实验区自然资源与生态环境局	https://www.pingtan.gov.cn/zwgk/gsgg/202608/t20260814_108429.htm	zwgk/gsgg/202608/108429_平潭综合实验区自然资源与生态环境局关于2026年第四次国有建设用地使用权公开出让/page.txt	done
zwgk/gsgg	平潭综合实验区关于东庠乡小型引调水工程立项用地许可阶段审批前公示			平潭综合实验区行政审批局	https://www.pingtan.gov.cn/zwgk/gsgg/202608/t20260814_108427.htm	zwgk/gsgg/202608/108427_平潭综合实验区关于东庠乡小型引调水工程立项用地许可阶段审批前公示/page.txt	done
zwgk/gsgg	平潭综合实验区自然资源与生态环境局  自行采购项目比选评审结果公告			平潭综合实验区自然资源与生态环境局	https://www.pingtan.gov.cn/zwgk/gsgg/202608/t20260814_108426.htm	zwgk/gsgg/202608/108426_平潭综合实验区自然资源与生态环境局 自行采购项目比选评审结果公告/page.txt	done
zwgk/gsgg	平潭综合实验区行政审批局关于南海乡饮用水工程环境影响报告表的公示			平潭综合实验区行政审批局	https://www.pingtan.gov.cn/zwgk/gsgg/202608/t20260814_108424.htm	zwgk/gsgg/202608/108424_平潭综合实验区行政审批局关于南海乡饮用水工程环境影响报告表的公示/page.txt	done
zwgk/gsgg	平潭综合实验区市场监督管理局关于公开征求专利微导航公共服务需求意见的通告			平潭综合实验区市场监督管理局	https://www.pingtan.gov.cn/zwgk/gsgg/202608/t20260814_108422.htm	zwgk/gsgg/202608/108422_平潭综合实验区市场监督管理局关于公开征求专利微导航公共服务需求意见的通告/page.txt	done
zwgk/gsgg	君山镇五星村村部办公场所附属设施建设工程			平潭综合实验区君山片区管理局	https://www.pingtan.gov.cn/zwgk/gsgg/202608/t20260814_108417.htm	zwgk/gsgg/202608/108417_君山镇五星村村部办公场所附属设施建设工程/page.txt	done
zwgk/gsgg	平潭综合实验区管委会机关第一食堂包厢墙板修缮项目第三次流标公告			平潭综合实验区管委会办公室	https://www.pingtan.gov.cn/zwgk/gsgg/202608/t20260813_108404.htm	zwgk/gsgg/202608/108404_平潭综合实验区管委会机关第一食堂包厢墙板修缮项目第三次流标公告/page.txt	done
zwgk/gsgg	平潭综合实验区自然资源与生态环境局关于平潭A区海上风电场集控中心项目用海的公示			平潭综合实验区自然资源与生态环境局	https://www.pingtan.gov.cn/zwgk/gsgg/202608/t20260814_108416.htm	zwgk/gsgg/202608/108416_平潭综合实验区自然资源与生态环境局关于平潭A区海上风电场集控中心项目用海的公示/page.txt	done
zwgk/gsgg	用地预审与选址意见书公示			平潭综合实验区自然资源与生态环境局	https://www.pingtan.gov.cn/zwgk/gsgg/202608/t20260814_108415.htm	zwgk/gsgg/202608/108415_用地预审与选址意见书公示/page.txt	done
zwgk/gsgg	平潭综合实验区清洁行业协会清算公告			平潭综合实验区社会事业局	https://www.pingtan.gov.cn/zwgk/gsgg/202608/t20260814_108414.htm	zwgk/gsgg/202608/108414_平潭综合实验区清洁行业协会清算公告/page.txt	done
zwgk/gsgg	平潭综合实验区苏平片区管理局关于提升改造安全文化公园公告			平潭综合实验区苏平片区管理局	https://www.pingtan.gov.cn/zwgk/gsgg/202608/t20260814_108410.htm	zwgk/gsgg/202608/108410_平潭综合实验区苏平片区管理局关于提升改造安全文化公园公告/page.txt	done
zwgk/gsgg	2026年08月24日平潭电网检修信息			平潭电网	https://www.pingtan.gov.cn/zwgk/gsgg/202608/t20260813_108405.htm	zwgk/gsgg/202608/108405_2026年08月24日平潭电网检修信息/page.txt	done
zwgk/gsgg	平潭综合实验区自然资源与生态环境局关于  万宝酒店项目总平面图批前公示			平潭综合实验区自然资源与生态环境局	https://www.pingtan.gov.cn/zwgk/gsgg/202608/t20260813_108402.htm	zwgk/gsgg/202608/108402_平潭综合实验区自然资源与生态环境局关于 万宝酒店项目总平面图批前公示/page.txt	done
zwgk/gsgg	2026年8月19-21日平潭电网检修信息			平潭电网	https://www.pingtan.gov.cn/zwgk/gsgg/202608/t20260813_108394.htm	zwgk/gsgg/202608/108394_2026年8月19-21日平潭电网检修信息/page.txt	done
zwgk/gsgg	公示			平潭综合实验区苏平片区管理局	https://www.pingtan.gov.cn/zwgk/gsgg/202608/t20260811_108359.htm	zwgk/gsgg/202608/108359_公示/page.txt	done
zwgk/gsgg	君山镇黄土墩村临时过渡房改建为新村部项目(中标通知书)			平潭综合实验区君山片区管理局	https://www.pingtan.gov.cn/zwgk/gsgg/202608/t20260812_108389.htm	zwgk/gsgg/202608/108389_君山镇黄土墩村临时过渡房改建为新村部项目(中标通知书)/page.txt	done
zwgk/gsgg	平潭综合实验区自然资源与生态环境局  关于咨询海岸线垃圾无人机航拍遥感监测服务项目服务价格的公告			平潭综合实验区自然资源与生态环境局	https://www.pingtan.gov.cn/zwgk/gsgg/202608/t20260812_108387.htm	zwgk/gsgg/202608/108387_平潭综合实验区自然资源与生态环境局 关于咨询海岸线垃圾无人机航拍遥感监测服务项/page.txt	done
zwgk/gsgg	君山镇大坪村台湾特色种植园区配套排洪系统提升项目			平潭综合实验区君山片区管理局	https://www.pingtan.gov.cn/zwgk/gsgg/202608/t20260812_108385.htm	zwgk/gsgg/202608/108385_君山镇大坪村台湾特色种植园区配套排洪系统提升项目/page.txt	done
zwgk/gsgg	平潭综合实验区自然资源与生态环境局  关于平潭综合实验区东庠乡小型引调水  工程海域使用论证报告的公示			平潭综合实验区自然资源与生态环境局	https://www.pingtan.gov.cn/zwgk/gsgg/202608/t20260812_108375.htm	zwgk/gsgg/202608/108375_平潭综合实验区自然资源与生态环境局 关于平潭综合实验区东庠乡小型引调水 工程/page.txt	done
zwgk/gsgg	平潭综合实验区农业农村局关于2026年第三批农机购置补贴申请情况的公示			平潭综合实验区农业农村局	https://www.pingtan.gov.cn/zwgk/gsgg/202608/t20260811_108366.htm	zwgk/gsgg/202608/108366_平潭综合实验区农业农村局关于2026年第三批农机购置补贴申请情况的公示/page.txt	done
zwgk/gsgg	平潭综合实验区关于平潭北部海洋生态保护修复工程用海审批前公示			平潭综合实验区行政审批局	https://www.pingtan.gov.cn/zwgk/gsgg/202608/t20260811_108365.htm	zwgk/gsgg/202608/108365_平潭综合实验区关于平潭北部海洋生态保护修复工程用海审批前公示/page.txt	done
zwgk/gsgg	平潭综合实验区关于华盛材料科技项目建设许可阶段审批前公示			平潭综合实验区行政审批局	https://www.pingtan.gov.cn/zwgk/gsgg/202608/t20260811_108364.htm	zwgk/gsgg/202608/108364_平潭综合实验区关于华盛材料科技项目建设许可阶段审批前公示/page.txt	done
zwgk/gsgg	平潭综合实验区行政审批局关于受理平潭碳纳米管改性功能性树脂生产项目环境影响报告表的公示			平潭综合实验区行政审批局	https://www.pingtan.gov.cn/zwgk/gsgg/202608/t20260811_108363.htm	zwgk/gsgg/202608/108363_平潭综合实验区行政审批局关于受理平潭碳纳米管改性功能性树脂生产项目环境影响报告表/page.txt	done
zwgk/gsgg	平潭综合实验区苏平片区资产运营有限公司2026年公开招聘工作人员拟聘用人员名单公告			平潭综合实验区苏平片区管理局	https://www.pingtan.gov.cn/zwgk/gsgg/202608/t20260811_108356.htm	zwgk/gsgg/202608/108356_平潭综合实验区苏平片区资产运营有限公司2026年公开招聘工作人员拟聘用人员名单公/page.txt	done
zwgk/gsgg	《重大火灾隐患判定规则》详细解读			平潭消防	https://www.pingtan.gov.cn/zwgk/gsgg/202608/t20260811_108355.htm	zwgk/gsgg/202608/108355_《重大火灾隐患判定规则》详细解读/page.txt	done
zwgk/gsgg	《重大火灾隐患判定规则》详细解读			平潭消防	https://www.pingtan.gov.cn/zwgk/gsgg/202608/t20260811_108354.htm	zwgk/gsgg/202608/108354_《重大火灾隐患判定规则》详细解读/page.txt	done
zwgk/gsgg	《重大火灾隐患判定规则》详细解读			平潭消防	https://www.pingtan.gov.cn/zwgk/gsgg/202608/t20260811_108352.htm	zwgk/gsgg/202608/108352_《重大火灾隐患判定规则》详细解读/page.txt	done
zwgk/gsgg	《重大火灾隐患判定规则》详细解读			平潭消防	https://www.pingtan.gov.cn/zwgk/gsgg/202608/t20260811_108351.htm	zwgk/gsgg/202608/108351_《重大火灾隐患判定规则》详细解读/page.txt	done
zwgk/gsgg	《重大火灾隐患判定规则》详细解读			平潭消防	https://www.pingtan.gov.cn/zwgk/gsgg/202608/t20260811_108350.htm	zwgk/gsgg/202608/108350_《重大火灾隐患判定规则》详细解读/page.txt	done
zwgk/gsgg	《重大火灾隐患判定规则》详细解读			平潭消防	https://www.pingtan.gov.cn/zwgk/gsgg/202608/t20260811_108349.htm	zwgk/gsgg/202608/108349_《重大火灾隐患判定规则》详细解读/page.txt	done
zwgk/gsgg	《重大火灾隐患判定规则》详细解读			平潭消防	https://www.pingtan.gov.cn/zwgk/gsgg/202608/t20260811_108348.htm	zwgk/gsgg/202608/108348_《重大火灾隐患判定规则》详细解读/page.txt	done
zwgk/gsgg	平潭综合实验区住宅区、建筑物备案名称公告			平潭综合实验区社会事业局	https://www.pingtan.gov.cn/zwgk/gsgg/202608/t20260811_108346.htm	zwgk/gsgg/202608/108346_平潭综合实验区住宅区、建筑物备案名称公告/page.txt	done
zwgk/gsgg	平潭综合实验区自然资源服务中心  关于采购2026-2027年度海域海岛  技术支撑服务的公告			平潭综合实验区自然资源与生态环境局	https://www.pingtan.gov.cn/zwgk/gsgg/202608/t20260811_108345.htm	zwgk/gsgg/202608/108345_平潭综合实验区自然资源服务中心 关于采购2026-2027年度海域海岛 技术/page.txt	done
zwgk/gsgg	关于公开征求《平潭综合实验区食品生产企业共建共享实验室指导意见（征求意见稿）》意见的通告			平潭综合实验区市场监督管理局	https://www.pingtan.gov.cn/zwgk/gsgg/202608/t20260811_108340.htm	zwgk/gsgg/202608/108340_关于公开征求《平潭综合实验区食品生产企业共建共享实验室指导意见（征求意见稿）》意/page.txt	done
zwgk/gsgg	平潭综合实验区自然资源服务中心  关于平潭综合实验区生态环境信息化项目运维服务自行采购的公告			平潭综合实验区自然资源与生态环境局	https://www.pingtan.gov.cn/zwgk/gsgg/202608/t20260810_108336.htm	zwgk/gsgg/202608/108336_平潭综合实验区自然资源服务中心 关于平潭综合实验区生态环境信息化项目运维服务自/page.txt	done
zwgk/gsgg	平潭综合实验区2025年红火蚁专业防治项目验收结果公示			平潭综合实验区农业农村局	https://www.pingtan.gov.cn/zwgk/gsgg/202608/t20260810_108335.htm	zwgk/gsgg/202608/108335_平潭综合实验区2025年红火蚁专业防治项目验收结果公示/page.txt	done
zwgk/gsgg	关于平潭综合实验区医院2026年-2028年保安服务采购项目需求调查的征求公告			福建学生资助	https://www.pingtan.gov.cn/zwgk/gsgg/202608/t20260807_108309.htm	zwgk/gsgg/202608/108309_关于平潭综合实验区医院2026年-2028年保安服务采购项目需求调查的征求公告/page.txt	done
zwgk/gsgg	平潭综合实验区关于年产100万立方米预拌混凝土扩建项目环境影响报告表审批前公示			平潭综合实验区行政审批局	https://www.pingtan.gov.cn/zwgk/gsgg/202608/t20260807_108308.htm	zwgk/gsgg/202608/108308_平潭综合实验区关于年产100万立方米预拌混凝土扩建项目环境影响报告表审批前公示/page.txt	done
zwgk/gsgg	平潭综合实验区农业农村局关于拨付畜牧业保险区级配套经费的公示			平潭综合实验区农业农村局	https://www.pingtan.gov.cn/zwgk/gsgg/202608/t20260806_108280.htm	zwgk/gsgg/202608/108280_平潭综合实验区农业农村局关于拨付畜牧业保险区级配套经费的公示/page.txt	done
zwgk/gsgg	平潭综合实验区管委会机关第一食堂包厢墙板修缮项目第二次流标公告			平潭综合实验区管委会办公室	https://www.pingtan.gov.cn/zwgk/gsgg/202608/t20260806_108271.htm	zwgk/gsgg/202608/108271_平潭综合实验区管委会机关第一食堂包厢墙板修缮项目第二次流标公告/page.txt	done
zwgk/gsgg	2026年08月18日-19日平潭电网检修信息			平潭电网	https://www.pingtan.gov.cn/zwgk/gsgg/202608/t20260807_108312.htm	zwgk/gsgg/202608/108312_2026年08月18日-19日平潭电网检修信息/page.txt	done
zwgk/gsgg	平潭综合实验区自然资源与生态环境局 关于小迪拜—保税商品供应链与旅游综合产业园项目建设工程规划许可证变更公示			平潭综合实验区自然资源与生态环境局	https://www.pingtan.gov.cn/zwgk/gsgg/202608/t20260807_108310.htm	zwgk/gsgg/202608/108310_平潭综合实验区自然资源与生态环境局 关于小迪拜—保税商品供应链与旅游综合产业园项/page.txt	done
zwgk/gsgg	平潭综合实验区关于长江澳、屿头岛海岸带生态保护修复工程(二期)施工许可阶段审批前公示			平潭综合实验区行政审批局	https://www.pingtan.gov.cn/zwgk/gsgg/202608/t20260807_108303.htm	zwgk/gsgg/202608/108303_平潭综合实验区关于长江澳、屿头岛海岸带生态保护修复工程(二期)施工许可阶段审批前/page.txt	done
zwgk/gsgg	平潭综合实验区关于师大平潭附中(高中部)创建一级达标校品质提升工程施工许可阶段审批前公示			平潭综合实验区行政审批局	https://www.pingtan.gov.cn/zwgk/gsgg/202608/t20260807_108302.htm	zwgk/gsgg/202608/108302_平潭综合实验区关于师大平潭附中(高中部)创建一级达标校品质提升工程施工许可阶段审/page.txt	done
zwgk/gsgg	平潭综合实验区关于福建岚悦酒店工程建设许可阶段审批前公示			平潭综合实验区行政审批局	https://www.pingtan.gov.cn/zwgk/gsgg/202607/t20260722_108056.htm	zwgk/gsgg/202607/108056_平潭综合实验区关于福建岚悦酒店工程建设许可阶段审批前公示/page.txt	done
zwgk/gsgg	平潭综合实验区关于平潭区域十开放式养殖用海项目用海审批前公示			平潭综合实验区行政审批局	https://www.pingtan.gov.cn/zwgk/gsgg/202607/t20260722_108054.htm	zwgk/gsgg/202607/108054_平潭综合实验区关于平潭区域十开放式养殖用海项目用海审批前公示/page.txt	done
zwgk/gsgg	平潭综合实验区管委会机关第一食堂包厢墙板修缮第三次询价公告			平潭综合实验区管委会办公室	https://www.pingtan.gov.cn/zwgk/gsgg/202608/t20260807_108301.htm	zwgk/gsgg/202608/108301_平潭综合实验区管委会机关第一食堂包厢墙板修缮第三次询价公告/page.txt	done
zwgk/gsgg	平潭综合实验区自然资源与生态环境局  关于金井湾组团351001-01-I单元  详细规划局部调整方案的公示			平潭综合实验区自然资源与生态环境局	https://www.pingtan.gov.cn/zwgk/gsgg/202608/t20260807_108296.htm	zwgk/gsgg/202608/108296_平潭综合实验区自然资源与生态环境局 关于金井湾组团351001-01-I单元/page.txt	done
zwgk/gsgg	平潭综合实验区自然资源与生态环境局 关于潭城组团351001-02-H单元 详细规划局部调整方案的公示			平潭综合实验区自然资源与生态环境局	https://www.pingtan.gov.cn/zwgk/gsgg/202608/t20260806_108284.htm	zwgk/gsgg/202608/108284_平潭综合实验区自然资源与生态环境局 关于潭城组团351001-02-H单元 详细/page.txt	done
zwgk/gsgg	平潭综合实验区农业农村局关于拨付2025年7-12月部分养殖环节病死猪及2025年屠宰环节病害猪无害化处理补助资金的公示			平潭综合实验区农业农村局	https://www.pingtan.gov.cn/zwgk/gsgg/202608/t20260806_108282.htm	zwgk/gsgg/202608/108282_平潭综合实验区农业农村局关于拨付2025年7-12月部分养殖环节病死猪及2025/page.txt	done
zwgk/gsgg	2026年08月17-18日平潭电网检修信息			平潭电网	https://www.pingtan.gov.cn/zwgk/gsgg/202608/t20260806_108270.htm	zwgk/gsgg/202608/108270_2026年08月17-18日平潭电网检修信息/page.txt	done
zwgk/gsgg	平潭综合实验区自然资源与生态环境局关于福建平潭吾悦广场(三期)二区(B1#楼、B2#楼、S11#楼、S12#楼、B9#楼、B10#楼、西侧门卫及地下室) 项目竣工规划条件核实公示			平潭综合实验区自然资源与生态环境局	https://www.pingtan.gov.cn/zwgk/gsgg/202608/t20260806_108268.htm	zwgk/gsgg/202608/108268_平潭综合实验区自然资源与生态环境局关于福建平潭吾悦广场(三期)二区(B1#楼、B/page.txt	done
zwgk/gsgg	平潭综合实验区关于苏平镇玉堂村3个地质灾害隐患点整治项目工程包（小型建设工程）施工许可阶段审批前公示			平潭综合实验区行政审批局	https://www.pingtan.gov.cn/zwgk/gsgg/202608/t20260805_108260.htm	zwgk/gsgg/202608/108260_平潭综合实验区关于苏平镇玉堂村3个地质灾害隐患点整治项目工程包（小型建设工程）施/page.txt	done
zwgk/gsgg	原敖东敬老院招租公告			平潭综合实验区金井片区管理局	https://www.pingtan.gov.cn/zwgk/gsgg/202608/t20260805_108253.htm	zwgk/gsgg/202608/108253_原敖东敬老院招租公告/page.txt	done
zwgk/gsgg	君山镇黄土墩村临时过渡房改建为新村部项目			平潭综合实验区君山片区管理局	https://www.pingtan.gov.cn/zwgk/gsgg/202608/t20260805_108247.htm	zwgk/gsgg/202608/108247_君山镇黄土墩村临时过渡房改建为新村部项目/page.txt	done
zwgk/gsgg	2026年08月14日平潭电网检修信息			平潭电网	https://www.pingtan.gov.cn/zwgk/gsgg/202608/t20260804_108237.htm	zwgk/gsgg/202608/108237_2026年08月14日平潭电网检修信息/page.txt	done
zwgk/gsgg	平潭城关中学教学等设施设备更新项目公开征集方案 评选结果公告			福建学生资助	https://www.pingtan.gov.cn/zwgk/gsgg/202608/t20260804_108235.htm	zwgk/gsgg/202608/108235_平潭城关中学教学等设施设备更新项目公开征集方案 评选结果公告/page.txt	done
zwgk/gsgg	平潭综合实验区自然资源与生态环境局  关于征集非法拆解处置废弃电器电子  产品有关环境违法线索的公告			平潭综合实验区自然资源与生态环境局	https://www.pingtan.gov.cn/zwgk/gsgg/202608/t20260804_108225.htm	zwgk/gsgg/202608/108225_平潭综合实验区自然资源与生态环境局 关于征集非法拆解处置废弃电器电子 产品有/page.txt	done
zwgk/gsgg	平潭综合实验区自然资源与生态环境局关于上楼村“乡村振兴”群众文化中心项目乡村 建设规划许可证变更公示			平潭综合实验区自然资源与生态环境局	https://www.pingtan.gov.cn/zwgk/gsgg/202608/t20260803_108222.htm	zwgk/gsgg/202608/108222_平潭综合实验区自然资源与生态环境局关于上楼村“乡村振兴”群众文化中心项目乡村 建/page.txt	done
zwgk/gsgg	白胜村防汛大楼项目乡村建设规划许可证批后公布			平潭综合实验区自然资源与生态环境局	https://www.pingtan.gov.cn/zwgk/gsgg/202608/t20260803_108220.htm	zwgk/gsgg/202608/108220_白胜村防汛大楼项目乡村建设规划许可证批后公布/page.txt	done
zwgk/gsgg	平潭综合实验区管委会办公室关于2026年人员闸机设备采购结果公示			行政处	https://www.pingtan.gov.cn/zwgk/gsgg/202608/t20260803_108218.htm	zwgk/gsgg/202608/108218_平潭综合实验区管委会办公室关于2026年人员闸机设备采购结果公示/page.txt	done
zwgk/gsgg	平潭综合实验区党工委党校《平潭年鉴（2026）》出版印刷项目采购公告			平潭党校	https://www.pingtan.gov.cn/zwgk/gsgg/202608/t20260803_108217.htm	zwgk/gsgg/202608/108217_平潭综合实验区党工委党校《平潭年鉴（2026）》出版印刷项目采购公告/page.txt	done
zwgk/gsgg	平潭综合实验区管委会台湾工作部关于2026岚台夜话活动购买服务开标结果公示			平潭综合实验区管理委员会台湾工作部	https://www.pingtan.gov.cn/zwgk/gsgg/202608/t20260803_108202.htm	zwgk/gsgg/202608/108202_平潭综合实验区管委会台湾工作部关于2026岚台夜话活动购买服务开标结果公示/page.txt	done
zwgk/gsgg	2026年08月11日平潭电网检修信息			平潭电网	https://www.pingtan.gov.cn/zwgk/gsgg/202607/t20260731_108198.htm	zwgk/gsgg/202607/108198_2026年08月11日平潭电网检修信息/page.txt	done
zwgk/gsgg	平潭综合实验区自然资源与生态环境局  关于《平潭野外观测研究站少雄山  基地地块详细规划》的批前公示			平潭综合实验区自然资源与生态环境局	https://www.pingtan.gov.cn/zwgk/gsgg/202607/t20260731_108197.htm	zwgk/gsgg/202607/108197_平潭综合实验区自然资源与生态环境局 关于《平潭野外观测研究站少雄山 基地地块/page.txt	done
zwgk/gsgg	​平潭综合实验区自然资源与生态环境局  关于金井湾组团351001-01-C单元  详细规划局部调整方案的公示			平潭综合实验区自然资源与生态环境局	https://www.pingtan.gov.cn/zwgk/gsgg/202607/t20260731_108196.htm	zwgk/gsgg/202607/108196_​平潭综合实验区自然资源与生态环境局 关于金井湾组团351001-01-C单元/page.txt	done
zwgk/gsgg	平潭综合实验区自然资源与生态环境局  关于岚城组团351001-03-G-08、09  地块详细规划局部调整方案的公示			平潭综合实验区自然资源与生态环境局	https://www.pingtan.gov.cn/zwgk/gsgg/202607/t20260731_108195.htm	zwgk/gsgg/202607/108195_平潭综合实验区自然资源与生态环境局 关于岚城组团351001-03-G-08、/page.txt	done
zwgk/gsgg	​平潭综合实验区自然资源与生态环境局关于  《平潭综合实验区南海乡江尾村固定作业点  地块详细规划》的批前公示			平潭综合实验区自然资源与生态环境局	https://www.pingtan.gov.cn/zwgk/gsgg/202607/t20260731_108190.htm	zwgk/gsgg/202607/108190_​平潭综合实验区自然资源与生态环境局关于 《平潭综合实验区南海乡江尾村固定作业/page.txt	done
zwgk/gsgg	平潭综合实验区自然资源与生态环境局关于  《福建平潭S波段新一代天气雷达站地块  详细规划》的批前公示			平潭综合实验区自然资源与生态环境局	https://www.pingtan.gov.cn/zwgk/gsgg/202607/t20260731_108189.htm	zwgk/gsgg/202607/108189_平潭综合实验区自然资源与生态环境局关于 《福建平潭S波段新一代天气雷达站地块/page.txt	done
zwgk/gsgg	平潭综合实验区社会事业局关于开展2026年社会组织“双随机”抽查的通知			平潭综合实验区社会事业局	https://www.pingtan.gov.cn/zwgk/gsgg/202607/t20260731_108186.htm	zwgk/gsgg/202607/108186_平潭综合实验区社会事业局关于开展2026年社会组织“双随机”抽查的通知/page.txt	done
zwgk/gsgg	建设用地规划许可证			平潭综合实验区自然资源与生态环境局	https://www.pingtan.gov.cn/zwgk/gsgg/202607/t20260731_108182.htm	zwgk/gsgg/202607/108182_建设用地规划许可证/page.txt	done
zwgk/gsgg	​平潭综合实验区自然资源与生态环境局关于送达《强制执行通知书》的公告			平潭综合实验区自然资源与生态环境局	https://www.pingtan.gov.cn/zwgk/gsgg/202607/t20260731_108180.htm	zwgk/gsgg/202607/108180_​平潭综合实验区自然资源与生态环境局关于送达《强制执行通知书》的公告/page.txt	done
zwgk/gsgg	平潭综合实验区自然资源与生态环境局关于  公开征询涉海项目填海竣工海域使用验收  测量报告编制服务费的公告			平潭综合实验区自然资源与生态环境局	https://www.pingtan.gov.cn/zwgk/gsgg/202607/t20260731_108179.htm	zwgk/gsgg/202607/108179_平潭综合实验区自然资源与生态环境局关于 公开征询涉海项目填海竣工海域使用验收/page.txt	done
zwgk/gsgg	平潭综合实验区管委会机关第一食堂包厢墙板修缮第二次询价公告			平潭综合实验区管委会办公室	https://www.pingtan.gov.cn/zwgk/gsgg/202607/t20260731_108178.htm	zwgk/gsgg/202607/108178_平潭综合实验区管委会机关第一食堂包厢墙板修缮第二次询价公告/page.txt	done
zwgk/gsgg	2026年08月10日平潭电网检修信息			平潭电网	https://www.pingtan.gov.cn/zwgk/gsgg/202607/t20260731_108177.htm	zwgk/gsgg/202607/108177_2026年08月10日平潭电网检修信息/page.txt	done
zwgk/gsgg	​2026年08月10日﹣13日平潭电网检修信息			平潭电网	https://www.pingtan.gov.cn/zwgk/gsgg/202607/t20260730_108165.htm	zwgk/gsgg/202607/108165_​2026年08月10日﹣13日平潭电网检修信息/page.txt	done
zwgk/gsgg	平潭综合实验区自然资源服务中心关于  3宗出让地块林木砍伐服务单位网上  采购成交结果公告			平潭综合实验区自然资源与生态环境局	https://www.pingtan.gov.cn/zwgk/gsgg/202607/t20260730_108164.htm	zwgk/gsgg/202607/108164_平潭综合实验区自然资源服务中心关于 3宗出让地块林木砍伐服务单位网上 采购成/page.txt	done
zwgk/gsgg	平潭综合实验区管委会机关第一食堂包厢墙板修缮项目流标公告			平潭综合实验区管委会办公室	https://www.pingtan.gov.cn/zwgk/gsgg/202607/t20260730_108157.htm	zwgk/gsgg/202607/108157_平潭综合实验区管委会机关第一食堂包厢墙板修缮项目流标公告/page.txt	done
zwgk/gsgg	平潭综合实验区自然资源与生态环境局关于 福建平潭吾悦广场 S2#楼、S3#楼及地下室 项目竣工规划条件核实公示			平潭综合实验区自然资源与生态环境局	https://www.pingtan.gov.cn/zwgk/gsgg/202607/t20260730_108156.htm	zwgk/gsgg/202607/108156_平潭综合实验区自然资源与生态环境局关于 福建平潭吾悦广场 S2#楼、S3#楼及地/page.txt	done
zwgk/gsgg	2026年08月7日平潭电网检修信息			平潭电网	https://www.pingtan.gov.cn/zwgk/gsgg/202607/t20260730_108155.htm	zwgk/gsgg/202607/108155_2026年08月7日平潭电网检修信息/page.txt	done
zwgk/gsgg	平潭综合实验区自然资源与生态环境局关于八方电商物流园项目建设工程规划许可变更批前公示			平潭综合实验区自然资源与生态环境局	https://www.pingtan.gov.cn/zwgk/gsgg/202607/t20260729_108146.htm	zwgk/gsgg/202607/108146_平潭综合实验区自然资源与生态环境局关于八方电商物流园项目建设工程规划许可变更批前/page.txt	done
zwgk/gsgg	平潭综合实验区自然资源与生态环境局关于拟移出生态环境监督执法正面清单企业 （2026年第一批）的公示			平潭综合实验区自然资源与生态环境局	https://www.pingtan.gov.cn/zwgk/gsgg/202607/t20260729_108145.htm	zwgk/gsgg/202607/108145_平潭综合实验区自然资源与生态环境局关于拟移出生态环境监督执法正面清单企业 （20/page.txt	done
zwgk/gsgg	平潭综合实验区自然资源服务中心关于3宗出让地块林木砍伐服务单位网上采购成交结果公告			平潭综合实验区自然资源服务中心	https://www.pingtan.gov.cn/zwgk/gsgg/202607/t20260729_108144.htm	zwgk/gsgg/202607/108144_平潭综合实验区自然资源服务中心关于3宗出让地块林木砍伐服务单位网上采购成交结果公/page.txt	done
zwgk/gsgg	平潭县北大幼儿园清算公告			平潭综合实验区社会事业局	https://www.pingtan.gov.cn/zwgk/gsgg/202607/t20260729_108137.htm	zwgk/gsgg/202607/108137_平潭县北大幼儿园清算公告/page.txt	done
zwgk/gsgg	2026年08月07日平潭电网检修信息			平潭电网	https://www.pingtan.gov.cn/zwgk/gsgg/202607/t20260728_108136.htm	zwgk/gsgg/202607/108136_2026年08月07日平潭电网检修信息/page.txt	done
zwgk/gsgg	平潭综合实验区自然资源与生态环境局关于  平潭综合实验区城区公共停车场  规划布局评估优化编制  工作询价公告			平潭综合实验区自然资源与生态环境局	https://www.pingtan.gov.cn/zwgk/gsgg/202607/t20260728_108134.htm	zwgk/gsgg/202607/108134_平潭综合实验区自然资源与生态环境局关于 平潭综合实验区城区公共停车场 规划布/page.txt	done
zwgk/gsgg	平潭综合实验区行政审批局关于受理年产100万立方米预拌混凝土扩建项目环境影响报告表的公示			平潭综合实验区行政审批局	https://www.pingtan.gov.cn/zwgk/gsgg/202607/t20260728_108124.htm	zwgk/gsgg/202607/108124_平潭综合实验区行政审批局关于受理年产100万立方米预拌混凝土扩建项目环境影响报告/page.txt	done
zwgk/gsgg	2026年08月5日平潭电网检修信息			平潭电网	https://www.pingtan.gov.cn/zwgk/gsgg/202607/t20260727_108121.htm	zwgk/gsgg/202607/108121_2026年08月5日平潭电网检修信息/page.txt	done
zwgk/gsgg	平潭综合实验区管委会机关第一食堂包厢墙板修缮询价公告			平潭综合实验区管委会办公室	https://www.pingtan.gov.cn/zwgk/gsgg/202607/t20260727_108120.htm	zwgk/gsgg/202607/108120_平潭综合实验区管委会机关第一食堂包厢墙板修缮询价公告/page.txt	done
zwgk/gsgg	平潭综合实验区管委会台湾工作部关于2026岚台夜话活动购买服务招标公告			平潭综合实验区管理委员会台湾工作部	https://www.pingtan.gov.cn/zwgk/gsgg/202607/t20260727_108109.htm	zwgk/gsgg/202607/108109_平潭综合实验区管委会台湾工作部关于2026岚台夜话活动购买服务招标公告/page.txt	done
zwgk/gsgg	平潭综合实验区自然资源与生态环境局关于平潭动物隔离检疫繁育能力  提升项目用海公示			平潭综合实验区自然资源与生态环境局	https://www.pingtan.gov.cn/zwgk/gsgg/202607/t20260727_108107.htm	zwgk/gsgg/202607/108107_平潭综合实验区自然资源与生态环境局关于平潭动物隔离检疫繁育能力 提升项目用海公/page.txt	done
zwgk/gsgg	平潭综合实验区管委会办公室 2026年人员闸机设备采购安装项目询价公告			行政处	https://www.pingtan.gov.cn/zwgk/gsgg/202607/t20260724_108090.htm	zwgk/gsgg/202607/108090_平潭综合实验区管委会办公室 2026年人员闸机设备采购安装项目询价公告/page.txt	done
zwgk/gsgg	平潭综合实验区关于平潭佳兴智慧农渔产品交易中心工程建设许可阶段审批前公示			平潭综合实验区行政审批局	https://www.pingtan.gov.cn/zwgk/gsgg/202607/t20260724_108088.htm	zwgk/gsgg/202607/108088_平潭综合实验区关于平潭佳兴智慧农渔产品交易中心工程建设许可阶段审批前公示/page.txt	done
zwgk/gsgg	临湖八路项目竣工规划条件核实结果公布			平潭综合实验区自然资源与生态环境局	https://www.pingtan.gov.cn/zwgk/gsgg/202607/t20260724_108085.htm	zwgk/gsgg/202607/108085_临湖八路项目竣工规划条件核实结果公布/page.txt	done
zwgk/gsgg	关于平潭综合实验区海若海洋文化交流  中心登记证书遗失的公告			共青团平潭综合实验区委员会	https://www.pingtan.gov.cn/zwgk/gsgg/202607/t20260724_108084.htm	zwgk/gsgg/202607/108084_关于平潭综合实验区海若海洋文化交流 中心登记证书遗失的公告/page.txt	done
zwgk/gsgg	平潭综合实验区自然资源与生态环境局  关于开展征地区片综合地价重新公布社会  稳定风险评估公众参与公示			平潭综合实验区自然资源与生态环境局	https://www.pingtan.gov.cn/zwgk/gsgg/202607/t20260724_108082.htm	zwgk/gsgg/202607/108082_平潭综合实验区自然资源与生态环境局 关于开展征地区片综合地价重新公布社会 稳/page.txt	done
zwgk/gsgg	平潭综合实验区自然资源与生态环境局关于征地区片综合地价社会稳定风险评估咨询公告			平潭综合实验区自然资源与生态环境局	https://www.pingtan.gov.cn/zwgk/gsgg/202607/t20260724_108081.htm	zwgk/gsgg/202607/108081_平潭综合实验区自然资源与生态环境局关于征地区片综合地价社会稳定风险评估咨询公告/page.txt	done
zwgk/gsgg	​平潭综合实验区自然资源与生态环境局自行采购项目采购公告			平潭综合实验区自然资源与生态环境局	https://www.pingtan.gov.cn/zwgk/gsgg/202607/t20260724_108079.htm	zwgk/gsgg/202607/108079_​平潭综合实验区自然资源与生态环境局自行采购项目采购公告/page.txt	done
zwgk/gsgg	平潭综合实验区自然资源与生态环境局  关于海域海岛详细规划编制与审批及  开发利用管理研究询价公告			平潭综合实验区自然资源与生态环境局	https://www.pingtan.gov.cn/zwgk/gsgg/202607/t20260724_108078.htm	zwgk/gsgg/202607/108078_平潭综合实验区自然资源与生态环境局 关于海域海岛详细规划编制与审批及 开发利/page.txt	done
zwgk/gsgg	平潭综合实验区关于平原农村流通服务经营网点改造提升项目（小型建设工程）施工许可阶段审批前公示			平潭综合实验区行政审批局	https://www.pingtan.gov.cn/zwgk/gsgg/202607/t20260724_108075.htm	zwgk/gsgg/202607/108075_平潭综合实验区关于平原农村流通服务经营网点改造提升项目（小型建设工程）施工许可阶/page.txt	done
zwgk/gsgg	平潭城关中学（第二次）征集教学等设施设备更新项目方案的公告			平潭综合实验区社会事业局	https://www.pingtan.gov.cn/zwgk/gsgg/202607/t20260723_108071.htm	zwgk/gsgg/202607/108071_平潭城关中学（第二次）征集教学等设施设备更新项目方案的公告/page.txt	done
zwgk/gsgg	壳丘头考古遗址公园—壳丘头遗址博物馆建设工程竣工规划条件核实结果公布			平潭综合实验区自然资源与生态环境局	https://www.pingtan.gov.cn/zwgk/gsgg/202607/t20260723_108070.htm	zwgk/gsgg/202607/108070_壳丘头考古遗址公园—壳丘头遗址博物馆建设工程竣工规划条件核实结果公布/page.txt	done
zwgk/gsgg	先进三级渔港提升改造工程项目用海审批前公示			平潭综合实验区行政审批局	https://www.pingtan.gov.cn/zwgk/gsgg/202607/t20260723_108063.htm	zwgk/gsgg/202607/108063_先进三级渔港提升改造工程项目用海审批前公示/page.txt	done
zwgk/gsgg	2026年07月30日平潭电网检修信息			平潭电网	https://www.pingtan.gov.cn/zwgk/gsgg/202607/t20260722_108057.htm	zwgk/gsgg/202607/108057_2026年07月30日平潭电网检修信息/page.txt	done
zwgk/gsgg	平潭综合实验区苏平片区资产运营有限公司2026年公开招聘工作人员公告			平潭综合实验区苏平片区管理局	https://www.pingtan.gov.cn/zwgk/gsgg/202607/t20260722_108052.htm	zwgk/gsgg/202607/108052_平潭综合实验区苏平片区资产运营有限公司2026年公开招聘工作人员公告/page.txt	done
zwgk/gsgg	平潭综合实验区自然资源与生态环境局自行采购项目采购公告			平潭综合实验区自然资源与生态环境局	https://www.pingtan.gov.cn/zwgk/gsgg/202607/t20260722_108045.htm	zwgk/gsgg/202607/108045_平潭综合实验区自然资源与生态环境局自行采购项目采购公告/page.txt	done
zwgk/gsgg	关于国彩学校改扩建建设工程竣工规划条件核实结果公布			平潭综合实验区自然资源与生态环境局	https://www.pingtan.gov.cn/zwgk/gsgg/202607/t20260722_108040.htm	zwgk/gsgg/202607/108040_关于国彩学校改扩建建设工程竣工规划条件核实结果公布/page.txt	done
zwgk/gsgg	平潭综合实验区自然资源与生态环境局关于起帆平潭海缆基地项目堆场(变更) 竣工规划条件核实公示			平潭综合实验区自然资源与生态环境局	https://www.pingtan.gov.cn/zwgk/gsgg/202607/t20260721_108037.htm	zwgk/gsgg/202607/108037_平潭综合实验区自然资源与生态环境局关于起帆平潭海缆基地项目堆场(变更) 竣工规划/page.txt	done
zwgk/gsgg	平潭综合实验区农业农村局关于开展2026年畜禽屠宰兽医卫生检验人员考试的通告			平潭综合实验区农业农村局	https://www.pingtan.gov.cn/zwgk/gsgg/202607/t20260721_108032.htm	zwgk/gsgg/202607/108032_平潭综合实验区农业农村局关于开展2026年畜禽屠宰兽医卫生检验人员考试的通告/page.txt	done
zwgk/gsgg	2026年07月29日-8月6日平潭电网检修信息			平潭电网	https://www.pingtan.gov.cn/zwgk/gsgg/202607/t20260721_108031.htm	zwgk/gsgg/202607/108031_2026年07月29日-8月6日平潭电网检修信息/page.txt	done
zwgk/gsgg	平潭综合实验区君山片区管理局关于2026年动物防疫劳务外包服务采购询价公告			平潭综合实验区君山片区管理局	https://www.pingtan.gov.cn/zwgk/gsgg/202607/t20260721_108030.htm	zwgk/gsgg/202607/108030_平潭综合实验区君山片区管理局关于2026年动物防疫劳务外包服务采购询价公告/page.txt	done
zwgk/gsgg	平潭综合实验区关于平潭区域三开放式养殖用海项目用海审批前公示			平潭综合实验区行政审批局	https://www.pingtan.gov.cn/zwgk/gsgg/202607/t20260721_108022.htm	zwgk/gsgg/202607/108022_平潭综合实验区关于平潭区域三开放式养殖用海项目用海审批前公示/page.txt	done
zwgk/gsgg	平潭综合实验区关于平潭区域二开放式养殖用海项目用海审批前公示			平潭综合实验区行政审批局	https://www.pingtan.gov.cn/zwgk/gsgg/202607/t20260721_108021.htm	zwgk/gsgg/202607/108021_平潭综合实验区关于平潭区域二开放式养殖用海项目用海审批前公示/page.txt	done
zwgk/gsgg	平潭综合实验区关于平潭区域一开放式养殖用海项目用海审批前公示			平潭综合实验区行政审批局	https://www.pingtan.gov.cn/zwgk/gsgg/202607/t20260721_108020.htm	zwgk/gsgg/202607/108020_平潭综合实验区关于平潭区域一开放式养殖用海项目用海审批前公示/page.txt	done
zwgk/gsgg	平潭综合实验区关于平潭区域九开放式养殖用海项目用海审批前公示			平潭综合实验区行政审批局	https://www.pingtan.gov.cn/zwgk/gsgg/202607/t20260721_108019.htm	zwgk/gsgg/202607/108019_平潭综合实验区关于平潭区域九开放式养殖用海项目用海审批前公示/page.txt	done
zwgk/gsgg	平潭综合实验区关于平潭区域八开放式养殖用海项目用海审批前公示			平潭综合实验区行政审批局	https://www.pingtan.gov.cn/zwgk/gsgg/202607/t20260721_108018.htm	zwgk/gsgg/202607/108018_平潭综合实验区关于平潭区域八开放式养殖用海项目用海审批前公示/page.txt	done
zwgk/gsgg	平潭综合实验区关于平潭区域七开放式养殖用海项目用海审批前公示			平潭综合实验区行政审批局	https://www.pingtan.gov.cn/zwgk/gsgg/202607/t20260721_108017.htm	zwgk/gsgg/202607/108017_平潭综合实验区关于平潭区域七开放式养殖用海项目用海审批前公示/page.txt	done
zwgk/gsgg	平潭综合实验区关于长江澳、屿头岛海岸带生态保护修复工程（二期）用海审批前公示			平潭综合实验区行政审批局	https://www.pingtan.gov.cn/zwgk/gsgg/202607/t20260721_108016.htm	zwgk/gsgg/202607/108016_平潭综合实验区关于长江澳、屿头岛海岸带生态保护修复工程（二期）用海审批前公示/page.txt	done
zwgk/gsgg	平潭综合实验区关于平潭区域六开放式养殖用海项目用海审批前公示			平潭综合实验区行政审批局	https://www.pingtan.gov.cn/zwgk/gsgg/202607/t20260721_108013.htm	zwgk/gsgg/202607/108013_平潭综合实验区关于平潭区域六开放式养殖用海项目用海审批前公示/page.txt	done
zwgk/gsgg	平潭综合实验区关于平潭区域五开放式养殖用海项目用海审批前公示			平潭综合实验区行政审批局	https://www.pingtan.gov.cn/zwgk/gsgg/202607/t20260721_108012.htm	zwgk/gsgg/202607/108012_平潭综合实验区关于平潭区域五开放式养殖用海项目用海审批前公示/page.txt	done
zwgk/gsgg	平潭综合实验区关于平潭区域四开放式养殖用海项目用海审批前公示			平潭综合实验区行政审批局	https://www.pingtan.gov.cn/zwgk/gsgg/202607/t20260721_108011.htm	zwgk/gsgg/202607/108011_平潭综合实验区关于平潭区域四开放式养殖用海项目用海审批前公示/page.txt	done
zwgk/gsgg	​平潭综合实验区自然资源与生态环境局自行采购项目采购成交结果公告			平潭综合实验区自然资源与生态环境局	https://www.pingtan.gov.cn/zwgk/gsgg/202607/t20260720_108008.htm	zwgk/gsgg/202607/108008_​平潭综合实验区自然资源与生态环境局自行采购项目采购成交结果公告/page.txt	done
zwgk/gsgg	平潭综合实验区交通与建设行业人才教育服务中心清算公告			平潭综合实验区社会事业局	https://www.pingtan.gov.cn/zwgk/gsgg/202607/t20260720_108003.htm	zwgk/gsgg/202607/108003_平潭综合实验区交通与建设行业人才教育服务中心清算公告/page.txt	done
zwgk/gsgg	平潭综合实验区市场监督管理局关于召开塘屿海水淡化项目供水价格调整听证会的公告			平潭综合实验区市场监督管理局	https://www.pingtan.gov.cn/zwgk/gsgg/202607/t20260720_107989.htm	zwgk/gsgg/202607/107989_平潭综合实验区市场监督管理局关于召开塘屿海水淡化项目供水价格调整听证会的公告/page.txt	done
zwgk/gsgg	2026年07月27日-28日平潭电网检修信息			平潭电网	https://www.pingtan.gov.cn/zwgk/gsgg/202607/t20260717_107977.htm	zwgk/gsgg/202607/107977_2026年07月27日-28日平潭电网检修信息/page.txt	done
zwgk/gsgg	2026年7月22日平潭电网检修信息			平潭电网	https://www.pingtan.gov.cn/zwgk/gsgg/202607/t20260717_107976.htm	zwgk/gsgg/202607/107976_2026年7月22日平潭电网检修信息/page.txt	done
zwgk/gsgg	福建师范大学平潭附属中学关于物业服务项目方案征集结果的公示			平潭附中	https://www.pingtan.gov.cn/zwgk/gsgg/202607/t20260717_107975.htm	zwgk/gsgg/202607/107975_福建师范大学平潭附属中学关于物业服务项目方案征集结果的公示/page.txt	done
zwgk/gsgg	平潭综合实验区关于华盛材料科技项目环境影响评价报告表审批前公示			平潭综合实验区行政审批局	https://www.pingtan.gov.cn/zwgk/gsgg/202607/t20260717_107970.htm	zwgk/gsgg/202607/107970_平潭综合实验区关于华盛材料科技项目环境影响评价报告表审批前公示/page.txt	done
zwgk/gsgg	平潭迷彩风户外活动俱乐部清算公告			平潭文旅	https://www.pingtan.gov.cn/zwgk/gsgg/202607/t20260717_107969.htm	zwgk/gsgg/202607/107969_平潭迷彩风户外活动俱乐部清算公告/page.txt	done
zwgk/gsgg	平潭综合实验区模特礼仪协会清算公告			平潭文旅	https://www.pingtan.gov.cn/zwgk/gsgg/202607/t20260717_107968.htm	zwgk/gsgg/202607/107968_平潭综合实验区模特礼仪协会清算公告/page.txt	done
zwgk/gsgg	电动摩托车采购项目（二次）成交公告			平潭综合实验区市场监督管理局	https://www.pingtan.gov.cn/zwgk/gsgg/202607/t20260717_107967.htm	zwgk/gsgg/202607/107967_电动摩托车采购项目（二次）成交公告/page.txt	done
zwgk/gsgg	平潭综合实验区关于新兴产业园区标准化厂房项目（三期）工程建设许可阶段审批前公示			平潭综合实验区行政审批局	https://www.pingtan.gov.cn/zwgk/gsgg/202607/t20260717_107966.htm	zwgk/gsgg/202607/107966_平潭综合实验区关于新兴产业园区标准化厂房项目（三期）工程建设许可阶段审批前公示/page.txt	done
zwgk/gsgg	南部湾体育休闲公园（变更）项目建设工程规划许可证批后公布			平潭综合实验区自然资源与生态环境局	https://www.pingtan.gov.cn/zwgk/gsgg/202607/t20260717_107965.htm	zwgk/gsgg/202607/107965_南部湾体育休闲公园（变更）项目建设工程规划许可证批后公布/page.txt	done
zwgk/gsgg	平潭综合实验区关于平潭国家基本气象站业务用房装修改造项目（小型建设工程）施工许可阶段审批前公示			平潭综合实验区行政审批局	https://www.pingtan.gov.cn/zwgk/gsgg/202607/t20260717_107957.htm	zwgk/gsgg/202607/107957_平潭综合实验区关于平潭国家基本气象站业务用房装修改造项目（小型建设工程）施工许可/page.txt	done
zwgk/gsgg	用地预审与选址意见书公示			平潭综合实验区自然资源与生态环境局	https://www.pingtan.gov.cn/zwgk/gsgg/202607/t20260717_107955.htm	zwgk/gsgg/202607/107955_用地预审与选址意见书公示/page.txt	done
zwgk/gsgg	​平潭综合实验区自然资源与生态环境局  关于平潭A区海上风电场集控中心项目  海域使用论证报告书的公示			平潭综合实验区自然资源与生态环境局	https://www.pingtan.gov.cn/zwgk/gsgg/202607/t20260717_107952.htm	zwgk/gsgg/202607/107952_​平潭综合实验区自然资源与生态环境局 关于平潭A区海上风电场集控中心项目 海/page.txt	done
zwgk/gsgg	平潭综合实验区农业农村局关于2025-2026年台资农业企业贷款贴息资金补助申报情况的公示			平潭综合实验区农业农村局	https://www.pingtan.gov.cn/zwgk/gsgg/202607/t20260716_107937.htm	zwgk/gsgg/202607/107937_平潭综合实验区农业农村局关于2025-2026年台资农业企业贷款贴息资金补助申报/page.txt	done
zwgk/gsgg	平潭人武部家属楼整修项目采购公告			平潭综合实验区社会事业局	https://www.pingtan.gov.cn/zwgk/gsgg/202607/t20260715_107902.htm	zwgk/gsgg/202607/107902_平潭人武部家属楼整修项目采购公告/page.txt	done
zwgk/gsgg	驻岚部队官兵训练设施提升改造采购项目竞争性谈判公告			平潭综合实验区社会事业局	https://www.pingtan.gov.cn/zwgk/gsgg/202607/t20260715_107901.htm	zwgk/gsgg/202607/107901_驻岚部队官兵训练设施提升改造采购项目竞争性谈判公告/page.txt	done
zwgk/gsgg	岚台保税协同仓项目（B区）建设工程规划许可证批后公布			平潭综合实验区自然资源与生态环境局	https://www.pingtan.gov.cn/zwgk/gsgg/202607/t20260715_107899.htm	zwgk/gsgg/202607/107899_岚台保税协同仓项目（B区）建设工程规划许可证批后公布/page.txt	done
zwgk/gsgg	岚台保税协同仓项目（A区）建设工程规划许可证批后公布			平潭综合实验区自然资源与生态环境局	https://www.pingtan.gov.cn/zwgk/gsgg/202607/t20260715_107898.htm	zwgk/gsgg/202607/107898_岚台保税协同仓项目（A区）建设工程规划许可证批后公布/page.txt	done
zwgk/gsgg	2026年07月24日平潭电网检修信息			平潭电网	https://www.pingtan.gov.cn/zwgk/gsgg/202607/t20260714_107885.htm	zwgk/gsgg/202607/107885_2026年07月24日平潭电网检修信息/page.txt	done
zwgk/gsgg	平潭综合实验区社会事业局关于开展社会组织专项审计工作的询价结果公示			平潭综合实验区社会事业局	https://www.pingtan.gov.cn/zwgk/gsgg/202607/t20260714_107869.htm	zwgk/gsgg/202607/107869_平潭综合实验区社会事业局关于开展社会组织专项审计工作的询价结果公示/page.txt	done
zwgk/gsgg	齐富村岚台青年艺术双创实践基地附属用房及配套设施建设项目总平面图批前公示			平潭综合实验区苏平片区管理局	https://www.pingtan.gov.cn/zwgk/gsgg/202607/t20260714_107851.htm	zwgk/gsgg/202607/107851_齐富村岚台青年艺术双创实践基地附属用房及配套设施建设项目总平面图批前公示/page.txt	done
zwgk/gsgg	2026年07月23日平潭电网检修信息			平潭电网	https://www.pingtan.gov.cn/zwgk/gsgg/202607/t20260714_107850.htm	zwgk/gsgg/202607/107850_2026年07月23日平潭电网检修信息/page.txt	done
zwgk/gsgg	平潭综合实验区市场监督管理局关于2026年平潭综合实验区电梯维护保养与运行质量监督抽查项目中标结果公示			平潭综合实验区市场监督管理局	https://www.pingtan.gov.cn/zwgk/gsgg/202607/t20260713_107849.htm	zwgk/gsgg/202607/107849_平潭综合实验区市场监督管理局关于2026年平潭综合实验区电梯维护保养与运行质量监/page.txt	done
zwgk/gsgg	平潭城关中学教学等设施设备更新项目公开征集方案公告			福建学生资助	https://www.pingtan.gov.cn/zwgk/gsgg/202607/t20260713_107843.htm	zwgk/gsgg/202607/107843_平潭城关中学教学等设施设备更新项目公开征集方案公告/page.txt	done
zwgk/gsgg	莱泽闽台融合物流园（二期）北地块建设工程规划许可证批后公布			平潭综合实验区自然资源与生态环境局	https://www.pingtan.gov.cn/zwgk/gsgg/202607/t20260713_107841.htm	zwgk/gsgg/202607/107841_莱泽闽台融合物流园（二期）北地块建设工程规划许可证批后公布/page.txt	done
zwgk/gsgg	平潭县苏平镇人民政府关于取消2026年第四批乡镇船舶管理识别号的通告			平潭综合实验区苏平片区管理局	https://www.pingtan.gov.cn/zwgk/gsgg/202607/t20260713_107839.htm	zwgk/gsgg/202607/107839_平潭县苏平镇人民政府关于取消2026年第四批乡镇船舶管理识别号的通告/page.txt	done
zwgk/gsgg	平潭县屿头乡人民政府关于取消2026年第四批乡镇船舶管理识别号的通告			平潭综合实验区苏平片区管理局	https://www.pingtan.gov.cn/zwgk/gsgg/202607/t20260713_107838.htm	zwgk/gsgg/202607/107838_平潭县屿头乡人民政府关于取消2026年第四批乡镇船舶管理识别号的通告/page.txt	done
zwgk/gsgg	2026年07月20-23日平潭电网检修信息			平潭电网	https://www.pingtan.gov.cn/zwgk/gsgg/202607/t20260712_107818.htm	zwgk/gsgg/202607/107818_2026年07月20-23日平潭电网检修信息/page.txt	done
zwgk/gsgg	2026年07月22日平潭电网检修信息			平潭电网	https://www.pingtan.gov.cn/zwgk/gsgg/202607/t20260711_107816.htm	zwgk/gsgg/202607/107816_2026年07月22日平潭电网检修信息/page.txt	done
zwgk/gsgg	2026年07月21日平潭电网检修信息			平潭电网	https://www.pingtan.gov.cn/zwgk/gsgg/202607/t20260711_107815.htm	zwgk/gsgg/202607/107815_2026年07月21日平潭电网检修信息/page.txt	done
zwgk/gsgg	平潭综合实验区关于流水供销合作社经营网点改造提升项目（小型建设工程）施工许可阶段审批前公示			平潭综合实验区行政审批局	https://www.pingtan.gov.cn/zwgk/gsgg/202607/t20260710_107810.htm	zwgk/gsgg/202607/107810_平潭综合实验区关于流水供销合作社经营网点改造提升项目（小型建设工程）施工许可阶段/page.txt	done
zwgk/gsgg	平潭综合实验区关于岚台青年创业中心项目立项用地许可阶段审批前公示			平潭综合实验区行政审批局	https://www.pingtan.gov.cn/zwgk/gsgg/202607/t20260710_107809.htm	zwgk/gsgg/202607/107809_平潭综合实验区关于岚台青年创业中心项目立项用地许可阶段审批前公示/page.txt	done
zwgk/gsgg	平潭综合实验区自然资源服务中心关于  金井湾西北侧、金井港务码头南侧  地块残存围墙与地基拆除及清运  服务费用市场调研的公告			平潭综合实验区自然资源与生态环境局	https://www.pingtan.gov.cn/zwgk/gsgg/202607/t20260710_107808.htm	zwgk/gsgg/202607/107808_平潭综合实验区自然资源服务中心关于 金井湾西北侧、金井港务码头南侧 地块残存/page.txt	done
zwgk/gsgg	​平潭综合实验区自然资源与生态环境局关于龙凤公寓及配套设施项目价值评估服务  单位采购项目成交公告			平潭综合实验区自然资源与生态环境局	https://www.pingtan.gov.cn/zwgk/gsgg/202607/t20260709_107784.htm	zwgk/gsgg/202607/107784_​平潭综合实验区自然资源与生态环境局关于龙凤公寓及配套设施项目价值评估服务 单/page.txt	done
zwgk/gsgg	平潭综合实验区海坛片区管理局关于申报2025年省级财政衔接推进乡村振兴 补助资金（示范奖补）项目的公告			海坛片区	https://www.pingtan.gov.cn/zwgk/gsgg/202607/t20260709_107783.htm	zwgk/gsgg/202607/107783_平潭综合实验区海坛片区管理局关于申报2025年省级财政衔接推进乡村振兴 补助资金/page.txt	done
zwgk/gsgg	电动摩托车采购项目（二次）标前更正公告（一）			平潭综合实验区市场监督管理局	https://www.pingtan.gov.cn/zwgk/gsgg/202607/t20260709_107774.htm	zwgk/gsgg/202607/107774_电动摩托车采购项目（二次）标前更正公告（一）/page.txt	done
zwgk/gsgg	公示			平潭综合实验区金井片区管理局	https://www.pingtan.gov.cn/zwgk/gsgg/202607/t20260709_107772.htm	zwgk/gsgg/202607/107772_公示/page.txt	done
zwgk/gsgg	平潭综合实验区关于福建福州平潭220千伏娘宫变110千伏配套送出线路工程环境影响评价报告表审批前公示			平潭综合实验区行政审批局	https://www.pingtan.gov.cn/zwgk/gsgg/202607/t20260708_107763.htm	zwgk/gsgg/202607/107763_平潭综合实验区关于福建福州平潭220千伏娘宫变110千伏配套送出线路工程环境影响/page.txt	done
zwgk/gsgg	平潭综合实验区关于平潭综合实验区新兴产业园及周边水系排洪减灾工程环境影响评价报告表审批前公示			平潭综合实验区行政审批局	https://www.pingtan.gov.cn/zwgk/gsgg/202607/t20260708_107762.htm	zwgk/gsgg/202607/107762_平潭综合实验区关于平潭综合实验区新兴产业园及周边水系排洪减灾工程环境影响评价报告/page.txt	done
zwgk/gsgg	平潭综合实验区社会事业局关于开展社会组织专项审计工作的询价函			平潭综合实验区社会事业局	https://www.pingtan.gov.cn/zwgk/gsgg/202607/t20260708_107761.htm	zwgk/gsgg/202607/107761_平潭综合实验区社会事业局关于开展社会组织专项审计工作的询价函/page.txt	done
zwgk/gsgg	熙景酒店建设工程规划许可证批后公布			平潭综合实验区自然资源与生态环境局	https://www.pingtan.gov.cn/zwgk/gsgg/202607/t20260708_107759.htm	zwgk/gsgg/202607/107759_熙景酒店建设工程规划许可证批后公布/page.txt	done
zwgk/gsgg	平潭综合实验区自然资源与生态环境局自行采购项目采购公告（小流域水质巩固提升服务（2026-2027年）项目）			平潭综合实验区自然资源与生态环境局	https://www.pingtan.gov.cn/zwgk/gsgg/202607/t20260708_107757.htm	zwgk/gsgg/202607/107757_平潭综合实验区自然资源与生态环境局自行采购项目采购公告（小流域水质巩固提升服务（/page.txt	done
zwgk/gsgg	2026年07月15-17日平潭电网检修信息			平潭电网	https://www.pingtan.gov.cn/zwgk/gsgg/202607/t20260708_107749.htm	zwgk/gsgg/202607/107749_2026年07月15-17日平潭电网检修信息/page.txt	done
zwgk/gsgg	​平潭综合实验区自然资源与生态环境局关于平潭动物隔离检疫繁育能力提升项目海域  使用论证报告书的公示			平潭综合实验区自然资源与生态环境局	https://www.pingtan.gov.cn/zwgk/gsgg/202607/t20260707_107748.htm	zwgk/gsgg/202607/107748_​平潭综合实验区自然资源与生态环境局关于平潭动物隔离检疫繁育能力提升项目海域/page.txt	done
zwgk/gsgg	平潭综合实验区苏平片区管理局关于河长名单的公示			平潭综合实验区苏平片区管理局	https://www.pingtan.gov.cn/zwgk/gsgg/202607/t20260707_107742.htm	zwgk/gsgg/202607/107742_平潭综合实验区苏平片区管理局关于河长名单的公示/page.txt	done
zwgk/gsgg	关于驻岚部队官兵训练设施提升改造采购项目方案征集结果的公示			平潭综合实验区社会事业局	https://www.pingtan.gov.cn/zwgk/gsgg/202607/t20260707_107740.htm	zwgk/gsgg/202607/107740_关于驻岚部队官兵训练设施提升改造采购项目方案征集结果的公示/page.txt	done
zwgk/gsgg	平潭综合实验区自然资源与生态环境局关于岚城组团351001-03-F单元详细规划局部调整方案的公示			平潭综合实验区自然资源与生态环境局	https://www.pingtan.gov.cn/zwgk/gsgg/202607/t20260707_107739.htm	zwgk/gsgg/202607/107739_平潭综合实验区自然资源与生态环境局关于岚城组团351001-03-F单元详细规划/page.txt	done
zwgk/gsgg	平潭综合实验区君山片区管理局关于河长名单的公示			平潭综合实验区君山片区管理局	https://www.pingtan.gov.cn/zwgk/gsgg/202607/t20260707_107737.htm	zwgk/gsgg/202607/107737_平潭综合实验区君山片区管理局关于河长名单的公示/page.txt	done
zwgk/gsgg	平潭综合实验区河长制办公室关于公布平潭综合实验区区级河长名单的公告			平潭综合实验区农业农村局	https://www.pingtan.gov.cn/zwgk/gsgg/202607/t20260707_107736.htm	zwgk/gsgg/202607/107736_平潭综合实验区河长制办公室关于公布平潭综合实验区区级河长名单的公告/page.txt	done
zwgk/gsgg	平潭综合实验区电子商务协会清算公告			平潭综合实验区社会事业局	https://www.pingtan.gov.cn/zwgk/gsgg/202607/t20260707_107730.htm	zwgk/gsgg/202607/107730_平潭综合实验区电子商务协会清算公告/page.txt	done
zwgk/gsgg	平潭综合实验区自然资源服务中心关于公开征询海域海岛技术支撑服务费的公告			平潭综合实验区自然资源服务中心	https://www.pingtan.gov.cn/zwgk/gsgg/202607/t20260707_107729.htm	zwgk/gsgg/202607/107729_平潭综合实验区自然资源服务中心关于公开征询海域海岛技术支撑服务费的公告/page.txt	done
zwgk/gsgg	平潭第三中学高中部食堂社会化经营服务机构采购方案征集结果公告			平潭综合实验区社会事业局	https://www.pingtan.gov.cn/zwgk/gsgg/202607/t20260706_107725.htm	zwgk/gsgg/202607/107725_平潭第三中学高中部食堂社会化经营服务机构采购方案征集结果公告/page.txt	done
zwgk/gsgg	平潭综合实验区市场监督管理局关于督促补报经营主体年报的通告			平潭综合实验区市场监督管理局	https://www.pingtan.gov.cn/zwgk/gsgg/202607/t20260706_107723.htm	zwgk/gsgg/202607/107723_平潭综合实验区市场监督管理局关于督促补报经营主体年报的通告/page.txt	done
zwgk/gsgg	2026年07月13日平潭电网检修信息			平潭电网	https://www.pingtan.gov.cn/zwgk/gsgg/202607/t20260703_107707.htm	zwgk/gsgg/202607/107707_2026年07月13日平潭电网检修信息/page.txt	done
zwgk/gsgg	​平潭第一中学岚城校区食堂社会化经营服务机构采购方案征集结果公告			平潭综合实验区社会事业局	https://www.pingtan.gov.cn/zwgk/gsgg/202607/t20260703_107706.htm	zwgk/gsgg/202607/107706_​平潭第一中学岚城校区食堂社会化经营服务机构采购方案征集结果公告/page.txt	done
zwgk/gsgg	2026年07月06日平潭电网检修信息			平潭电网	https://www.pingtan.gov.cn/zwgk/gsgg/202607/t20260703_107700.htm	zwgk/gsgg/202607/107700_2026年07月06日平潭电网检修信息/page.txt	done
zwgk/gsgg	电动摩托车采购项目（二次）竞争性磋商公告			平潭综合实验区市场监督管理局	https://www.pingtan.gov.cn/zwgk/gsgg/202607/t20260703_107698.htm	zwgk/gsgg/202607/107698_电动摩托车采购项目（二次）竞争性磋商公告/page.txt	done
zwgk/gsgg	平潭综合实验区自然资源与生态环境局关于白胜村防台防汛大楼项目总平面图批前公示			平潭综合实验区自然资源服务中心	https://www.pingtan.gov.cn/zwgk/gsgg/202607/t20260703_107692.htm	zwgk/gsgg/202607/107692_平潭综合实验区自然资源与生态环境局关于白胜村防台防汛大楼项目总平面图批前公示/page.txt	done
zwgk/gsgg	平潭综合实验区行政审批局关于受理华盛材料科技项目环境影响报告表的公示			平潭综合实验区行政审批局	https://www.pingtan.gov.cn/zwgk/gsgg/202607/t20260702_107672.htm	zwgk/gsgg/202607/107672_平潭综合实验区行政审批局关于受理华盛材料科技项目环境影响报告表的公示/page.txt	done
zwgk/gsgg	平潭综合实验区2026年高校毕业生服务社区计划拟录用人员及派遣社区名单（第二批）公示			平潭综合实验区党工委政法和社会工作部	https://www.pingtan.gov.cn/zwgk/gsgg/202607/t20260702_107670.htm	zwgk/gsgg/202607/107670_平潭综合实验区2026年高校毕业生服务社区计划拟录用人员及派遣社区名单（第二批）/page.txt	done
zwgk/gsgg	平潭综合实验区金井片区管理局河长制办公室关于河湖长名单的公示			平潭综合实验区金井片区管理局	https://www.pingtan.gov.cn/zwgk/gsgg/202607/t20260702_107669.htm	zwgk/gsgg/202607/107669_平潭综合实验区金井片区管理局河长制办公室关于河湖长名单的公示/page.txt	done
zwgk/gsgg	用地预审与选址意见书公示			平潭综合实验区自然资源服务中心	https://www.pingtan.gov.cn/zwgk/gsgg/202607/t20260702_107668.htm	zwgk/gsgg/202607/107668_用地预审与选址意见书公示/page.txt	done
zwgk/gsgg	建设用地规划许可证			平潭综合实验区自然资源服务中心	https://www.pingtan.gov.cn/zwgk/gsgg/202607/t20260702_107667.htm	zwgk/gsgg/202607/107667_建设用地规划许可证/page.txt	done
zwgk/gsgg	平潭综合实验区关于娘宫游艇泊位项目临时用海审批前公示			平潭综合实验区行政审批局	https://www.pingtan.gov.cn/zwgk/gsgg/202607/t20260702_107663.htm	zwgk/gsgg/202607/107663_平潭综合实验区关于娘宫游艇泊位项目临时用海审批前公示/page.txt	done
zwgk/gsgg	电动摩托车采购项目废标公告			平潭综合实验区市场监督管理局	https://www.pingtan.gov.cn/zwgk/gsgg/202607/t20260702_107660.htm	zwgk/gsgg/202607/107660_电动摩托车采购项目废标公告/page.txt	done
zwgk/gsgg	2026年07月03日平潭电网检修信息			平潭电网	https://www.pingtan.gov.cn/zwgk/gsgg/202607/t20260701_107651.htm	zwgk/gsgg/202607/107651_2026年07月03日平潭电网检修信息/page.txt	done
zwgk/gsgg	平潭综合实验区海坛片区管理局关于河长名单的公示			海坛片区	https://www.pingtan.gov.cn/zwgk/gsgg/202607/t20260701_107650.htm	zwgk/gsgg/202607/107650_平潭综合实验区海坛片区管理局关于河长名单的公示/page.txt	done
zwgk/gsgg	平潭综合实验区医院关于2026年-2028年 保安服务项目方案征集结果公示			平潭综合实验区社会事业局	https://www.pingtan.gov.cn/zwgk/gsgg/202607/t20260701_107649.htm	zwgk/gsgg/202607/107649_平潭综合实验区医院关于2026年-2028年 保安服务项目方案征集结果公示/page.txt	done
zwgk/gsgg	侨星郡（一期）联合竣工验收情况公示			平潭综合实验区行政审批局	https://www.pingtan.gov.cn/zwgk/gsgg/202607/t20260701_107648.htm	zwgk/gsgg/202607/107648_侨星郡（一期）联合竣工验收情况公示/page.txt	done
zwgk/gsgg	平潭综合实验区自然资源服务中心关于3宗出让地块林木砍伐服务单位网上采购公告			平潭综合实验区自然资源服务中心	https://www.pingtan.gov.cn/zwgk/gsgg/202607/t20260701_107646.htm	zwgk/gsgg/202607/107646_平潭综合实验区自然资源服务中心关于3宗出让地块林木砍伐服务单位网上采购公告/page.txt	done
zwgk/gsgg	平潭综合实验区农业农村局关于帮扶项目资产管理台账的公告			​平潭综合实验区农业农村局	https://www.pingtan.gov.cn/zwgk/gsgg/202607/t20260701_107635.htm	zwgk/gsgg/202607/107635_平潭综合实验区农业农村局关于帮扶项目资产管理台账的公告/page.txt	done
zwgk/gsgg	平潭综合实验区市场监督管理局关于调整管道天然气价格的通知			平潭综合实验区市场监督管理局	https://www.pingtan.gov.cn/zwgk/gsgg/202606/t20260630_107631.htm	zwgk/gsgg/202606/107631_平潭综合实验区市场监督管理局关于调整管道天然气价格的通知/page.txt	done
zwgk/gsgg	平潭县君山镇人民政府关于取消乡镇船舶管理识别号的通告			平潭综合实验区君山片区管理局	https://www.pingtan.gov.cn/zwgk/gsgg/202606/t20260630_107624.htm	zwgk/gsgg/202606/107624_平潭县君山镇人民政府关于取消乡镇船舶管理识别号的通告/page.txt	done
zwgk/gsgg	平潭县君山镇人民政府关于取消4艘乡镇船舶管理识别号的通告			平潭综合实验区君山片区管理局	https://www.pingtan.gov.cn/zwgk/gsgg/202606/t20260630_107623.htm	zwgk/gsgg/202606/107623_平潭县君山镇人民政府关于取消4艘乡镇船舶管理识别号的通告/page.txt	done
zwgk/gsgg	平潭综合实验区2026年高校毕业生服务社区计划拟录用人员及派遣社区名单（第一批）公示			平潭综合实验区党工委政法和社会工作部	https://www.pingtan.gov.cn/zwgk/gsgg/202606/t20260630_107622.htm	zwgk/gsgg/202606/107622_平潭综合实验区2026年高校毕业生服务社区计划拟录用人员及派遣社区名单（第一批）/page.txt	done
zwgk/gsgg	平潭综合实验区市场监督管理局关于征集塘屿海水淡化项目供水价格调整听证会参加人的公告			平潭综合实验区市场监督管理局	https://www.pingtan.gov.cn/zwgk/gsgg/202606/t20260630_107620.htm	zwgk/gsgg/202606/107620_平潭综合实验区市场监督管理局关于征集塘屿海水淡化项目供水价格调整听证会参加人的公/page.txt	done
zwgk/gsgg	平潭综合实验区海坛片区管理局关于调整2025年省级财政衔接推进乡村振兴 补助资金（示范奖补）项目的公示			海坛片区	https://www.pingtan.gov.cn/zwgk/gsgg/202606/t20260629_107585.htm	zwgk/gsgg/202606/107585_平潭综合实验区海坛片区管理局关于调整2025年省级财政衔接推进乡村振兴 补助资金/page.txt	done
zwgk/gsgg	平潭综合实验区市场监督管理局关于2026年平潭综合实验区电梯维护保养与运行质量监督抽查项目市场比价公告			平潭综合实验区市场监督管理局	https://www.pingtan.gov.cn/zwgk/gsgg/202606/t20260629_107584.htm	zwgk/gsgg/202606/107584_平潭综合实验区市场监督管理局关于2026年平潭综合实验区电梯维护保养与运行质量监/page.txt	done
zwgk/gsgg	平潭综合实验区财政金融局关于开展2026年度区本级会计信息质量检查的公示			平潭综合实验区财政金融局	https://www.pingtan.gov.cn/zwgk/gsgg/202606/t20260629_107569.htm	zwgk/gsgg/202606/107569_平潭综合实验区财政金融局关于开展2026年度区本级会计信息质量检查的公示/page.txt	done
zwgk/gsgg	2026年07月08-09日平潭电网检修信息			平潭电网	https://www.pingtan.gov.cn/zwgk/gsgg/202606/t20260629_107568.htm	zwgk/gsgg/202606/107568_2026年07月08-09日平潭电网检修信息/page.txt	done
zwgk/gsgg	2026年07月7日平潭电网检修信息			平潭电网	https://www.pingtan.gov.cn/zwgk/gsgg/202606/t20260626_107558.htm	zwgk/gsgg/202606/107558_2026年07月7日平潭电网检修信息/page.txt	done
zwgk/gsgg	平潭综合实验区农业农村局关于拨付2025年台湾农民创业园项目补助资金的公示			平潭综合实验区农业农村局	https://www.pingtan.gov.cn/zwgk/gsgg/202606/t20260626_107555.htm	zwgk/gsgg/202606/107555_平潭综合实验区农业农村局关于拨付2025年台湾农民创业园项目补助资金的公示/page.txt	done
zwgk/gsgg	驻岚部队官兵训练设施提升改造采购项目方案征集公告			平潭综合实验区社会事业局	https://www.pingtan.gov.cn/zwgk/gsgg/202606/t20260626_107554.htm	zwgk/gsgg/202606/107554_驻岚部队官兵训练设施提升改造采购项目方案征集公告/page.txt	done
zwgk/gsgg	平潭综合实验区自然资源与生态环境局关于国彩学校改扩建竣工规划条件核实公示			平潭综合实验区自然资源与生态环境局	https://www.pingtan.gov.cn/zwgk/gsgg/202606/t20260626_107542.htm	zwgk/gsgg/202606/107542_平潭综合实验区自然资源与生态环境局关于国彩学校改扩建竣工规划条件核实公示/page.txt	done
zwgk/gsgg	平潭综合实验区君山片区管理局关于2024年度中央专项彩票公益金支持项目预算执行及绩效目标情况的公告			平潭综合实验区君山片区管理局	https://www.pingtan.gov.cn/zwgk/gsgg/202606/t20260625_107527.htm	zwgk/gsgg/202606/107527_平潭综合实验区君山片区管理局关于2024年度中央专项彩票公益金支持项目预算执行及/page.txt	done
zwgk/gsgg	平潭综合实验区住宅区、建筑物备案名称公告			平潭综合实验区社会事业局	https://www.pingtan.gov.cn/zwgk/gsgg/202606/t20260625_107523.htm	zwgk/gsgg/202606/107523_平潭综合实验区住宅区、建筑物备案名称公告/page.txt	done
zwgk/gsgg	平潭综合实验区关于苏平片区东金村文化活动中心施工许可阶段审批前公示			平潭综合实验区行政审批局	https://www.pingtan.gov.cn/zwgk/gsgg/202606/t20260625_107522.htm	zwgk/gsgg/202606/107522_平潭综合实验区关于苏平片区东金村文化活动中心施工许可阶段审批前公示/page.txt	done
zwgk/gsgg	平潭综合实验区自然资源与生态环境局关于平潭综合实验区2026-2027年度国土变更调查与森林草原湿地荒漠调查监测工作经费市场调研的公告			平潭综合实验区自然资源与生态环境局	https://www.pingtan.gov.cn/zwgk/gsgg/202606/t20260625_107521.htm	zwgk/gsgg/202606/107521_平潭综合实验区自然资源与生态环境局关于平潭综合实验区2026-2027年度国土变/page.txt	done
zwgk/gsgg	平潭综合实验区农业农村局关于拨付马铃薯种植保险区级财政补贴保费的公示			平潭综合实验区农业农村局	https://www.pingtan.gov.cn/zwgk/gsgg/202606/t20260624_107513.htm	zwgk/gsgg/202606/107513_平潭综合实验区农业农村局关于拨付马铃薯种植保险区级财政补贴保费的公示/page.txt	done
zwgk/gsgg	2025年平潭综合实验区红十字会审计报告			区红十字会	https://www.pingtan.gov.cn/zwgk/gsgg/202606/t20260624_107512.htm	zwgk/gsgg/202606/107512_2025年平潭综合实验区红十字会审计报告/page.txt	done
zwgk/gsgg	平潭综合实验区自然资源与生态环境局关于公开征询平潭公共艺术工坊活动外包服务费的公告			平潭综合实验区自然资源与生态环境局	https://www.pingtan.gov.cn/zwgk/gsgg/202606/t20260624_107511.htm	zwgk/gsgg/202606/107511_平潭综合实验区自然资源与生态环境局关于公开征询平潭公共艺术工坊活动外包服务费的公/page.txt	done
zwgk/gsgg	关于烈士陵园附属设施提升改造项目的结果公告			平潭综合实验区社会事业局	https://www.pingtan.gov.cn/zwgk/gsgg/202606/t20260624_107508.htm	zwgk/gsgg/202606/107508_关于烈士陵园附属设施提升改造项目的结果公告/page.txt	done
zwgk/gsgg	平潭综合实验区农业农村局关于帮扶项目资产管理台账的公示			平潭综合实验区农业农村局	https://www.pingtan.gov.cn/zwgk/gsgg/202606/t20260624_107507.htm	zwgk/gsgg/202606/107507_平潭综合实验区农业农村局关于帮扶项目资产管理台账的公示/page.txt	done
zwgk/gsgg	平潭综合实验区社会事业局关于2025年度平潭综合实验区福利彩票公益金分配使用情况的公告			平潭综合实验区社会事业局	https://www.pingtan.gov.cn/zwgk/gsgg/202606/t20260624_107493.htm	zwgk/gsgg/202606/107493_平潭综合实验区社会事业局关于2025年度平潭综合实验区福利彩票公益金分配使用情况/page.txt	done
zwgk/gsgg	​平潭综合实验区金井片区管理局关于2024年度中央专项彩票公益金支持项目预算执行及绩效目标情况的公告			平潭综合实验区金井片区管理局	https://www.pingtan.gov.cn/zwgk/gsgg/202606/t20260623_107481.htm	zwgk/gsgg/202606/107481_​平潭综合实验区金井片区管理局关于2024年度中央专项彩票公益金支持项目预算执行/page.txt	done
zwgk/gsgg	​平潭综合实验区金井片区管理局关于2025年度中央专项彩票公益金支持项目预算执行及绩效目标情况的公告			平潭综合实验区金井片区管理局	https://www.pingtan.gov.cn/zwgk/gsgg/202606/t20260623_107480.htm	zwgk/gsgg/202606/107480_​平潭综合实验区金井片区管理局关于2025年度中央专项彩票公益金支持项目预算执行/page.txt	done
zwgk/gsgg	平潭综合实验区金井片区管理局关于2025年度中央专项彩票公益金支持项目预算执行及绩效目标情况的公告			平潭综合实验区金井片区管理局	https://www.pingtan.gov.cn/zwgk/gsgg/202606/t20260623_107479.htm	zwgk/gsgg/202606/107479_平潭综合实验区金井片区管理局关于2025年度中央专项彩票公益金支持项目预算执行及/page.txt	done
zwgk/gsgg	​平潭综合实验区党工委政法和社会工作部公布2026年高校毕业生服务社区计划面试成绩和入围体检名单			平潭综合实验区党工委政法和社会工作部	https://www.pingtan.gov.cn/zwgk/gsgg/202606/t20260623_107475.htm	zwgk/gsgg/202606/107475_​平潭综合实验区党工委政法和社会工作部公布2026年高校毕业生服务社区计划面试成/page.txt	done
zwgk/gsgg	平潭综合实验区自然资源与生态环境局关于2025年不合格环评文件处理结果的公示			平潭综合实验区自然资源与生态环境局	https://www.pingtan.gov.cn/zwgk/gsgg/202606/t20260623_107474.htm	zwgk/gsgg/202606/107474_平潭综合实验区自然资源与生态环境局关于2025年不合格环评文件处理结果的公示/page.txt	done
zwgk/gsgg	平潭综合实验区自然资源与生态环境局关于生态保护红线勘界定标询价公告			平潭综合实验区自然资源与生态环境局	https://www.pingtan.gov.cn/zwgk/gsgg/202606/t20260623_107471.htm	zwgk/gsgg/202606/107471_平潭综合实验区自然资源与生态环境局关于生态保护红线勘界定标询价公告/page.txt	done
zwgk/gsgg	平潭综合实验区社会事业局关于社会组织撤销登记名单的通报（二）			平潭综合实验区社会事业局	https://www.pingtan.gov.cn/zwgk/gsgg/202606/t20260623_107470.htm	zwgk/gsgg/202606/107470_平潭综合实验区社会事业局关于社会组织撤销登记名单的通报（二）/page.txt	done
zwgk/gsgg	平潭综合实验区社会事业局关于社会组织撤销登记名单的通报（一）			平潭综合实验区社会事业局	https://www.pingtan.gov.cn/zwgk/gsgg/202606/t20260623_107468.htm	zwgk/gsgg/202606/107468_平潭综合实验区社会事业局关于社会组织撤销登记名单的通报（一）/page.txt	done
zwgk/gsgg	平潭综合实验区2026年社会组织列入活动异常名录公告			平潭综合实验区社会事业局	https://www.pingtan.gov.cn/zwgk/gsgg/202606/t20260623_107467.htm	zwgk/gsgg/202606/107467_平潭综合实验区2026年社会组织列入活动异常名录公告/page.txt	done
zwgk/gsgg	2026年06月30日平潭电网检修信息			平潭电网	https://www.pingtan.gov.cn/zwgk/gsgg/202606/t20260622_107451.htm	zwgk/gsgg/202606/107451_2026年06月30日平潭电网检修信息/page.txt	done
zwgk/gsgg	平潭综合实验区自然资源与生态环境局关于南部湾体育休闲公园项目建设工程规划许可变更批前公示			平潭综合实验区自然资源与生态环境局	https://www.pingtan.gov.cn/zwgk/gsgg/202606/t20260622_107450.htm	zwgk/gsgg/202606/107450_平潭综合实验区自然资源与生态环境局关于南部湾体育休闲公园项目建设工程规划许可变更/page.txt	done
zwgk/gsgg	平潭综合实验区自然资源服务中心关于平潭综合实验区生态环境信息化项目运维服务市场调研的公告			平潭综合实验区自然资源服务中心	https://www.pingtan.gov.cn/zwgk/gsgg/202606/t20260622_107440.htm	zwgk/gsgg/202606/107440_平潭综合实验区自然资源服务中心关于平潭综合实验区生态环境信息化项目运维服务市场调/page.txt	done
zwgk/gsgg	平潭综合实验区行政审批局关于受理平潭综合实验区新兴产业园及周边水系排洪减灾工程环境影响报告表的公示			平潭综合实验区行政审批局	https://www.pingtan.gov.cn/zwgk/gsgg/202606/t20260622_107437.htm	zwgk/gsgg/202606/107437_平潭综合实验区行政审批局关于受理平潭综合实验区新兴产业园及周边水系排洪减灾工程环/page.txt	done
zwgk/gsgg	2026年06月26日平潭电网检修信息			平潭电网	https://www.pingtan.gov.cn/zwgk/gsgg/202606/t20260622_107430.htm	zwgk/gsgg/202606/107430_2026年06月26日平潭电网检修信息/page.txt	done
zwgk/gsgg	2026年6月29日 -6月30日平潭电网检修信息			平潭电网	https://www.pingtan.gov.cn/zwgk/gsgg/202606/t20260620_107426.htm	zwgk/gsgg/202606/107426_2026年6月29日 -6月30日平潭电网检修信息/page.txt	done
zwgk/gsgg	2026年6月29日 -7月2日平潭电网检修信息			平潭电网	https://www.pingtan.gov.cn/zwgk/gsgg/202606/t20260618_107417.htm	zwgk/gsgg/202606/107417_2026年6月29日 -7月2日平潭电网检修信息/page.txt	done
zwgk/gsgg	平潭综合实验区行政审批局关于受理福建福州平潭220千伏娘宫变110千伏配套送出线路工程环境影响报告表的公示			平潭综合实验区行政审批局	https://www.pingtan.gov.cn/zwgk/gsgg/202606/t20260618_107415.htm	zwgk/gsgg/202606/107415_平潭综合实验区行政审批局关于受理福建福州平潭220千伏娘宫变110千伏配套送出线/page.txt	done
zwgk/gsgg	电动摩托车采购项目竞争性磋商公告			平潭综合实验区市场监督管理局	https://www.pingtan.gov.cn/zwgk/gsgg/202606/t20260618_107413.htm	zwgk/gsgg/202606/107413_电动摩托车采购项目竞争性磋商公告/page.txt	done
zwgk/gsgg	平潭县人民政府海坛街道办事处关于2025年度中央专项彩票公益金支持地方社会公益金 支持地方社会公益事业发展项目预算执行 及绩效目标情况的公告			海坛片区	https://www.pingtan.gov.cn/zwgk/gsgg/202606/t20260618_107407.htm	zwgk/gsgg/202606/107407_平潭县人民政府海坛街道办事处关于2025年度中央专项彩票公益金支持地方社会公益金/page.txt	done
zwgk/gsgg	2026年06月26日平潭电网检修信息			平潭电网	https://www.pingtan.gov.cn/zwgk/gsgg/202606/t20260618_107405.htm	zwgk/gsgg/202606/107405_2026年06月26日平潭电网检修信息/page.txt	done
zwgk/gsgg	平潭综合实验区党工委政法和社会工作部公布2026年高校毕业生服务社区计划量化成绩和入围面试名单			平潭综合实验区党工委政法和社会工作部	https://www.pingtan.gov.cn/zwgk/gsgg/202606/t20260618_107399.htm	zwgk/gsgg/202606/107399_平潭综合实验区党工委政法和社会工作部公布2026年高校毕业生服务社区计划量化成绩/page.txt	done
zwgk/gsgg	平潭综合实验区自然资源与生态环境局关于小流域水质巩固提升服务项目咨询的公告			平潭综合实验区自然资源与生态环境局	https://www.pingtan.gov.cn/zwgk/gsgg/202606/t20260618_107396.htm	zwgk/gsgg/202606/107396_平潭综合实验区自然资源与生态环境局关于小流域水质巩固提升服务项目咨询的公告/page.txt	done
zwgk/gsgg	君山镇东美村晾晒场硬化工程（中标公告）			平潭综合实验区君山片区管理局	https://www.pingtan.gov.cn/zwgk/gsgg/202606/t20260617_107381.htm	zwgk/gsgg/202606/107381_君山镇东美村晾晒场硬化工程（中标公告）/page.txt	done
zwgk/gsgg	林贻香个人自建房历史已建项目竣工核实结果公布			平潭综合实验区自然资源与生态环境局	https://www.pingtan.gov.cn/zwgk/gsgg/202606/t20260617_107379.htm	zwgk/gsgg/202606/107379_林贻香个人自建房历史已建项目竣工核实结果公布/page.txt	done
zwgk/gsgg	平潭综合实验区医院关于  征集保安服务项目采购方案公告			平潭综合实验区社会事业局	https://www.pingtan.gov.cn/zwgk/gsgg/202606/t20260617_107378.htm	zwgk/gsgg/202606/107378_平潭综合实验区医院关于 征集保安服务项目采购方案公告/page.txt	done
zwgk/gsgg	平潭综合实验区自然资源与生态环境局自行采购项目采购公告			平潭综合实验区自然资源与生态环境局	https://www.pingtan.gov.cn/zwgk/gsgg/202606/t20260617_107377.htm	zwgk/gsgg/202606/107377_平潭综合实验区自然资源与生态环境局自行采购项目采购公告/page.txt	done
zwgk/gsgg	2026年 06月 26日平潭电网检修信息			平潭电网	https://www.pingtan.gov.cn/zwgk/gsgg/202606/t20260617_107376.htm	zwgk/gsgg/202606/107376_2026年 06月 26日平潭电网检修信息/page.txt	done
zwgk/gsgg	2026年06月 25日平潭电网检修信息			平潭电网	https://www.pingtan.gov.cn/zwgk/gsgg/202606/t20260617_107375.htm	zwgk/gsgg/202606/107375_2026年06月 25日平潭电网检修信息/page.txt	done
zwgk/gsgg	2026年06月 25日平潭电网检修信息			平潭电网	https://www.pingtan.gov.cn/zwgk/gsgg/202606/t20260617_107374.htm	zwgk/gsgg/202606/107374_2026年06月 25日平潭电网检修信息/page.txt	done
zwgk/gsgg	平潭综合实验区关于蔻蒂桑（福建）生物科技有限公司香水工厂建设生产项目联合竣工验收情况公示			平潭综合实验区行政审批局	https://www.pingtan.gov.cn/zwgk/gsgg/202606/t20260617_107372.htm	zwgk/gsgg/202606/107372_平潭综合实验区关于蔻蒂桑（福建）生物科技有限公司香水工厂建设生产项目联合竣工验收/page.txt	done
zwgk/gsgg	平潭综合实验区农业农村局关于2025年省级以上水利专项资金项目实施情况的公开			平潭综合实验区农业农村局	https://www.pingtan.gov.cn/zwgk/gsgg/202606/t20260617_107371.htm	zwgk/gsgg/202606/107371_平潭综合实验区农业农村局关于2025年省级以上水利专项资金项目实施情况的公开/page.txt	done
zwgk/gsgg	平潭综合实验区台胞台企服务中心关于海峡两岸交流中心运营服务项目采购询价结果的公示			平潭综合实验区台胞台企服务中心	https://www.pingtan.gov.cn/zwgk/gsgg/202606/t20260616_107364.htm	zwgk/gsgg/202606/107364_平潭综合实验区台胞台企服务中心关于海峡两岸交流中心运营服务项目采购询价结果的公示/page.txt	done
zwgk/gsgg	平潭综合实验区市场监督管理局关于公开征求2026年福建省知识产权发展保护专项资金使用管理意见的通告			平潭综合实验区市场监督管理局	https://www.pingtan.gov.cn/zwgk/gsgg/202606/t20260616_107358.htm	zwgk/gsgg/202606/107358_平潭综合实验区市场监督管理局关于公开征求2026年福建省知识产权发展保护专项资金/page.txt	done
zwgk/gsgg	平潭综合实验区社会事业局关于下达2026年中央财政衔接推进老区乡村振兴补助资金的函			社会事业局	https://www.pingtan.gov.cn/zwgk/gsgg/202606/t20260616_107352.htm	zwgk/gsgg/202606/107352_平潭综合实验区社会事业局关于下达2026年中央财政衔接推进老区乡村振兴补助资金的/page.txt	done
zwgk/gsgg	平潭综合实验区财政金融局关于2025年度中央专项彩票公益金支持地方社会公益事业发展项目预算执行及绩效目标情况的公告			平潭综合实验区财政金融局	https://www.pingtan.gov.cn/zwgk/gsgg/202606/t20260616_107350.htm	zwgk/gsgg/202606/107350_平潭综合实验区财政金融局关于2025年度中央专项彩票公益金支持地方社会公益事业发/page.txt	done
zwgk/gsgg	平潭综合实验区自然资源服务中心关于2026-2027年度自然资源与空间信息时空云平台运维服务采购结果公示			平潭综合实验区自然资源服务中心	https://www.pingtan.gov.cn/zwgk/gsgg/202606/t20260616_107349.htm	zwgk/gsgg/202606/107349_平潭综合实验区自然资源服务中心关于2026-2027年度自然资源与空间信息时空云/page.txt	done
zwgk/gsgg	2026年06月24日平潭电网检修信息			平潭电网	https://www.pingtan.gov.cn/zwgk/gsgg/202606/t20260615_107348.htm	zwgk/gsgg/202606/107348_2026年06月24日平潭电网检修信息/page.txt	done
zwgk/gsgg	2026年06月18日平潭电网检修信息			平潭电网	https://www.pingtan.gov.cn/zwgk/gsgg/202606/t20260615_107347.htm	zwgk/gsgg/202606/107347_2026年06月18日平潭电网检修信息/page.txt	done
zwgk/gsgg	福建省平潭县烟草专卖局关于调整烟草制品零售点规划调控数量的公告			福建省平潭县烟草专卖局	https://www.pingtan.gov.cn/zwgk/gsgg/202606/t20260615_107339.htm	zwgk/gsgg/202606/107339_福建省平潭县烟草专卖局关于调整烟草制品零售点规划调控数量的公告/page.txt	done
zwgk/gsgg	建设用地规划许可证			平潭综合实验区自然资源与生态环境局	https://www.pingtan.gov.cn/zwgk/gsgg/202606/t20260615_107326.htm	zwgk/gsgg/202606/107326_建设用地规划许可证/page.txt	done
zwgk/gsgg	​平潭综合实验区自然资源与生态环境局  关于公开征询涉海项目海域使用论证报告  编制服务费的公告			平潭县自然资源与生态环境局	https://www.pingtan.gov.cn/zwgk/gsgg/202606/t20260612_107312.htm	zwgk/gsgg/202606/107312_​平潭综合实验区自然资源与生态环境局 关于公开征询涉海项目海域使用论证报告/page.txt	done
zwgk/gsgg	2026年06月 12日平潭电网检修信息			平潭电网	https://www.pingtan.gov.cn/zwgk/gsgg/202606/t20260611_107282.htm	zwgk/gsgg/202606/107282_2026年06月 12日平潭电网检修信息/page.txt	done
zwgk/gsgg	平潭综合实验区自然资源与生态环境局关于莱泽闽台融合物流园（二期）北地块项目总平面图批前公示			平潭综合实验区自然资源服务中心	https://www.pingtan.gov.cn/zwgk/gsgg/202606/t20260611_107281.htm	zwgk/gsgg/202606/107281_平潭综合实验区自然资源与生态环境局关于莱泽闽台融合物流园（二期）北地块项目总平面/page.txt	done
zwgk/gsgg	关于大坪青少年活动实践中心（大坪农业产业综合基地）一期项目建设工程竣工规划条件核实结果公布			平潭综合实验区自然资源服务中心	https://www.pingtan.gov.cn/zwgk/gsgg/202606/t20260611_107277.htm	zwgk/gsgg/202606/107277_关于大坪青少年活动实践中心（大坪农业产业综合基地）一期项目建设工程竣工规划条件核/page.txt	done
zwgk/gsgg	平潭综合实验区机关食堂消杀服务采购结果公示			平潭综合实验区管委会办公室	https://www.pingtan.gov.cn/zwgk/gsgg/202606/t20260611_107276.htm	zwgk/gsgg/202606/107276_平潭综合实验区机关食堂消杀服务采购结果公示/page.txt	done
zwgk/gsgg	平潭综合实验区行政审批局关于举办2026年“数据要素×”大赛福建分赛平潭初赛的通知			区审批局大数据处	https://www.pingtan.gov.cn/zwgk/gsgg/202606/t20260611_107270.htm	zwgk/gsgg/202606/107270_平潭综合实验区行政审批局关于举办2026年“数据要素×”大赛福建分赛平潭初赛的通/page.txt	done
zwgk/gsgg	平潭综合实验区市场监督管理局行政处罚文书送达公告（岚市监金罚送告〔2026〕5号）			平潭综合实验区市场监督管理局	https://www.pingtan.gov.cn/zwgk/gsgg/202606/t20260611_107254.htm	zwgk/gsgg/202606/107254_平潭综合实验区市场监督管理局行政处罚文书送达公告（岚市监金罚送告〔2026〕5号/page.txt	done
zwgk/gsgg	平潭综合实验区自然资源服务中心2026年平潭海岛森林公园物业服务项目采购成交结果公告			平潭综合实验区自然资源服务中心	https://www.pingtan.gov.cn/zwgk/gsgg/202606/t20260611_107244.htm	zwgk/gsgg/202606/107244_平潭综合实验区自然资源服务中心2026年平潭海岛森林公园物业服务项目采购成交结果/page.txt	done
zwgk/gsgg	平潭综合实验区市场监督管理局行政处罚文书送达公告（岚市监君罚送告〔2026〕2号）			平潭综合实验区市场监督管理局	https://www.pingtan.gov.cn/zwgk/gsgg/202606/t20260610_107241.htm	zwgk/gsgg/202606/107241_平潭综合实验区市场监督管理局行政处罚文书送达公告（岚市监君罚送告〔2026〕2号/page.txt	done
zwgk/gsgg	平潭综合实验区霞屿十可知斋文化保护中心清算公告			平潭综合实验区社会事业局	https://www.pingtan.gov.cn/zwgk/gsgg/202606/t20260610_107227.htm	zwgk/gsgg/202606/107227_平潭综合实验区霞屿十可知斋文化保护中心清算公告/page.txt	done
zwgk/gsgg	平潭综合实验区市场监督管理局行政处罚文书送达公告（岚市监东罚送告〔2026〕3号）			平潭综合实验区市场监督管理局	https://www.pingtan.gov.cn/zwgk/gsgg/202606/t20260609_107224.htm	zwgk/gsgg/202606/107224_平潭综合实验区市场监督管理局行政处罚文书送达公告（岚市监东罚送告〔2026〕3号/page.txt	done
zwgk/gsgg	君山镇东美村晾晒场硬化工程（招标公告）			平潭综合实验区君山片区管理局	https://www.pingtan.gov.cn/zwgk/gsgg/202606/t20260609_107213.htm	zwgk/gsgg/202606/107213_君山镇东美村晾晒场硬化工程（招标公告）/page.txt	done
zwgk/gsgg	平潭综合实验区艺苑老年艺术活动中心清算公告			平潭综合实验区社会事业局	https://www.pingtan.gov.cn/zwgk/gsgg/202606/t20260608_107210.htm	zwgk/gsgg/202606/107210_平潭综合实验区艺苑老年艺术活动中心清算公告/page.txt	done
zwgk/gsgg	李遵发个人自建房历史已建项目竣工核实结果公布			平潭综合实验区自然资源与生态环境局	https://www.pingtan.gov.cn/zwgk/gsgg/202606/t20260608_107209.htm	zwgk/gsgg/202606/107209_李遵发个人自建房历史已建项目竣工核实结果公布/page.txt	done
zwgk/gsgg	天恩海钓基地项目建设工程规划许可证批后公布			平潭综合实验区自然资源与生态环境局	https://www.pingtan.gov.cn/zwgk/gsgg/202606/t20260608_107204.htm	zwgk/gsgg/202606/107204_天恩海钓基地项目建设工程规划许可证批后公布/page.txt	done
zwgk/gsgg	平潭综合实验区自然资源与生态环境局关于送达《生态损害赔偿磋商告知书》的公告			平潭综合实验区自然资源与生态环境局	https://www.pingtan.gov.cn/zwgk/gsgg/202606/t20260608_107203.htm	zwgk/gsgg/202606/107203_平潭综合实验区自然资源与生态环境局关于送达《生态损害赔偿磋商告知书》的公告/page.txt	done
zwgk/gsgg	平潭综合实验区自然资源服务中心关于三十六脚湖饮用水源保护区物理围网修复项目中标结果的公告			平潭综合实验区自然资源服务中心	https://www.pingtan.gov.cn/zwgk/gsgg/202606/t20260608_107201.htm	zwgk/gsgg/202606/107201_平潭综合实验区自然资源服务中心关于三十六脚湖饮用水源保护区物理围网修复项目中标结/page.txt	done
zwgk/gsgg	关于公开征集平潭第三中学高中部食堂 社会化经营服务机构采购方案的公告			平潭综合实验区社会事业局	https://www.pingtan.gov.cn/zwgk/gsgg/202606/t20260608_107200.htm	zwgk/gsgg/202606/107200_关于公开征集平潭第三中学高中部食堂 社会化经营服务机构采购方案的公告/page.txt	done
zwgk/gsgg	关于烈士陵园附属设施提升改造项目的采购公告			平潭综合实验区社会事业局	https://www.pingtan.gov.cn/zwgk/gsgg/202606/t20260608_107196.htm	zwgk/gsgg/202606/107196_关于烈士陵园附属设施提升改造项目的采购公告/page.txt	done
zwgk/gsgg	平潭综合实验区自然资源与生态环境局关于咨询平潭综合实验区海洋垃圾清理保洁服务采购项目（2026~2029年）价格的公告			平潭综合实验区自然资源与生态环境局	https://www.pingtan.gov.cn/zwgk/gsgg/202606/t20260605_107182.htm	zwgk/gsgg/202606/107182_平潭综合实验区自然资源与生态环境局关于咨询平潭综合实验区海洋垃圾清理保洁服务采购/page.txt	done
zwgk/gsgg	福建师范大学平潭附属中学物业服务方案征集延期公告			平潭附中	https://www.pingtan.gov.cn/zwgk/gsgg/202606/t20260605_107172.htm	zwgk/gsgg/202606/107172_福建师范大学平潭附属中学物业服务方案征集延期公告/page.txt	done
zwgk/gsgg	区管委会机关食堂主副食品采购招标文件的预公告			平潭综合实验区管委会办公室	https://www.pingtan.gov.cn/zwgk/gsgg/202606/t20260605_107171.htm	zwgk/gsgg/202606/107171_区管委会机关食堂主副食品采购招标文件的预公告/page.txt	done
zwgk/gsgg	平潭综合实验区党工委政法和社会工作部等4部门关于​组织实施2026年高校毕业生服务社区计划的通知			平潭综合实验区党工委政法和社会工作部	https://www.pingtan.gov.cn/zwgk/gsgg/202606/t20260605_107137.htm	zwgk/gsgg/202606/107137_平潭综合实验区党工委政法和社会工作部等4部门关于​组织实施2026年高校毕业生服/page.txt	done
zwgk/gsgg	关于公开征集平潭第一中学岚城校区食堂社会化经营服务机构采购方案的公告			平潭综合实验区社会事业局	https://www.pingtan.gov.cn/zwgk/gsgg/202606/t20260604_107134.htm	zwgk/gsgg/202606/107134_关于公开征集平潭第一中学岚城校区食堂社会化经营服务机构采购方案的公告/page.txt	done
zwgk/gsgg	2026年06月12日平潭电网检修信息			平潭电网	https://www.pingtan.gov.cn/zwgk/gsgg/202606/t20260604_107131.htm	zwgk/gsgg/202606/107131_2026年06月12日平潭电网检修信息/page.txt	done
zwgk/gsgg	平潭综合实验区自然资源与生态环境局关于先进三级渔港提升改造工程海域使用论证报告的公示			平潭综合实验区自然资源与生态环境局	https://www.pingtan.gov.cn/zwgk/gsgg/202606/t20260604_107110.htm	zwgk/gsgg/202606/107110_平潭综合实验区自然资源与生态环境局关于先进三级渔港提升改造工程海域使用论证报告的/page.txt	done
zwgk/gsgg	平潭综合实验区自然资源与生态环境局关于潭城组团351001-02-D-060地块详细规划局部调整方案的公示			平潭综合实验区自然资源与生态环境局	https://www.pingtan.gov.cn/zwgk/gsgg/202606/t20260604_107107.htm	zwgk/gsgg/202606/107107_平潭综合实验区自然资源与生态环境局关于潭城组团351001-02-D-060地块/page.txt	done
zwgk/gsgg	平潭综合实验区台胞台企服务中心关于海峡两岸交流中心运营服务项目采购询价公告			平潭综合实验区台胞台企服务中心	https://www.pingtan.gov.cn/zwgk/gsgg/202606/t20260603_107106.htm	zwgk/gsgg/202606/107106_平潭综合实验区台胞台企服务中心关于海峡两岸交流中心运营服务项目采购询价公告/page.txt	done
zwgk/gsgg	平潭综合实验区自然资源与生态环境局  关于征集非法拆解处置废旧动力电池有关环境违法线索的公告			平潭综合实验区自然资源与生态环境局	https://www.pingtan.gov.cn/zwgk/gsgg/202606/t20260603_107103.htm	zwgk/gsgg/202606/107103_平潭综合实验区自然资源与生态环境局 关于征集非法拆解处置废旧动力电池有关环境违/page.txt	done
zwgk/gsgg	平潭综合实验区自然资源与生态环境局关于  熙景酒店总平面图批前公示			平潭综合实验区自然资源与生态环境局	https://www.pingtan.gov.cn/zwgk/gsgg/202606/t20260603_107102.htm	zwgk/gsgg/202606/107102_平潭综合实验区自然资源与生态环境局关于 熙景酒店总平面图批前公示/page.txt	done
zwgk/gsgg	平潭综合实验区管委会机关食堂消杀服务第二次询价公告			平潭综合实验区管委会办公室	https://www.pingtan.gov.cn/zwgk/gsgg/202606/t20260603_107101.htm	zwgk/gsgg/202606/107101_平潭综合实验区管委会机关食堂消杀服务第二次询价公告/page.txt	done
zwgk/gsgg	​平潭综合实验区自然资源与生态环境局  关于2026年度招拍挂图则询价公告			平潭综合实验区自然资源与生态环境局	https://www.pingtan.gov.cn/zwgk/gsgg/202606/t20260603_107094.htm	zwgk/gsgg/202606/107094_​平潭综合实验区自然资源与生态环境局 关于2026年度招拍挂图则询价公告/page.txt	done
zwgk/gsgg	平潭综合实验区君山片区管理局关于《山边村、西楼村、港东村村庄规划（2026-2035）动态维护》的公示			平潭综合实验区君山片区管理局	https://www.pingtan.gov.cn/zwgk/gsgg/202606/t20260602_107091.htm	zwgk/gsgg/202606/107091_平潭综合实验区君山片区管理局关于《山边村、西楼村、港东村村庄规划（2026-20/page.txt	done
zwgk/gsgg	平潭综合实验区自然资源服务中心自行采购项目采购成交结果公告			平潭综合实验区自然资源与生态环境局	https://www.pingtan.gov.cn/zwgk/gsgg/202606/t20260602_107090.htm	zwgk/gsgg/202606/107090_平潭综合实验区自然资源服务中心自行采购项目采购成交结果公告/page.txt	done
zwgk/gsgg	​平潭综合实验区自然资源与生态环境局准予规划许可证变更决定书			平潭综合实验区自然资源与生态环境局	https://www.pingtan.gov.cn/zwgk/gsgg/202606/t20260602_107089.htm	zwgk/gsgg/202606/107089_​平潭综合实验区自然资源与生态环境局准予规划许可证变更决定书/page.txt	done
zwgk/gsgg	平潭综合实验区管委会机关食堂餐具采购项目结果公示			平潭综合实验区管委会办公室	https://www.pingtan.gov.cn/zwgk/gsgg/202606/t20260602_107088.htm	zwgk/gsgg/202606/107088_平潭综合实验区管委会机关食堂餐具采购项目结果公示/page.txt	done
zwgk/gsgg	平潭综合实验区管委会机关食堂消杀服务项目流标公告			平潭综合实验区管委会办公室	https://www.pingtan.gov.cn/zwgk/gsgg/202606/t20260602_107087.htm	zwgk/gsgg/202606/107087_平潭综合实验区管委会机关食堂消杀服务项目流标公告/page.txt	done
zwgk/gsgg	平潭综合实验区农业农村局关于开展水产苗种增殖放流情况的公示			平潭综合实验区农业农村局	https://www.pingtan.gov.cn/zwgk/gsgg/202606/t20260602_107084.htm	zwgk/gsgg/202606/107084_平潭综合实验区农业农村局关于开展水产苗种增殖放流情况的公示/page.txt	done
zwgk/gsgg	平潭综合实验区社会事业局关于白洋村等新村（居）备案名称公告			平潭综合实验区社会事业局	https://www.pingtan.gov.cn/zwgk/gsgg/202606/t20260602_107083.htm	zwgk/gsgg/202606/107083_平潭综合实验区社会事业局关于白洋村等新村（居）备案名称公告/page.txt	done
zwgk/gsgg	平潭综合实验区自然资源服务中心关于2026年平潭海岛国家森林公园物业服务项目二次采购公告			平潭综合实验区自然资源与生态环境局	https://www.pingtan.gov.cn/zwgk/gsgg/202606/t20260602_107068.htm	zwgk/gsgg/202606/107068_平潭综合实验区自然资源服务中心关于2026年平潭海岛国家森林公园物业服务项目二次/page.txt	done
zwgk/gsgg	2026年平潭海岛国家森林公园 物业服务项目流标公示			平潭综合实验区自然资源与生态环境局	https://www.pingtan.gov.cn/zwgk/gsgg/202606/t20260602_107066.htm	zwgk/gsgg/202606/107066_2026年平潭海岛国家森林公园 物业服务项目流标公示/page.txt	done
zwgk/gsgg	平潭综合实验区党工委政法和社会工作部关于2025年度第二批社会工作专业人才一次性奖励（补贴）名单公示			平潭综合实验区党工委政法和社会工作部	https://www.pingtan.gov.cn/zwgk/gsgg/202606/t20260601_107034.htm	zwgk/gsgg/202606/107034_平潭综合实验区党工委政法和社会工作部关于2025年度第二批社会工作专业人才一次性/page.txt	done
zwgk/gsgg	​平潭综合实验区自然资源服务中心关于 三十六脚湖饮用水源保护区物理围网  修复项目采购公告			平潭综合实验区自然资源服务中心	https://www.pingtan.gov.cn/zwgk/gsgg/202606/t20260601_107033.htm	zwgk/gsgg/202606/107033_​平潭综合实验区自然资源服务中心关于 三十六脚湖饮用水源保护区物理围网 修复项/page.txt	done
zwgk/gsgg	中共平潭综合实验区实业发展集团有限公司委员会关于巡察整改进展情况的通报			区实业发展集团	https://www.pingtan.gov.cn/zwgk/gsgg/202606/t20260601_107032.htm	zwgk/gsgg/202606/107032_中共平潭综合实验区实业发展集团有限公司委员会关于巡察整改进展情况的通报/page.txt	done
zwgk/gsgg	福建省平潭综合实验区管理委员会办公室关于征集区管委会机关食堂主副食品采购需求方案论证结果公示			平潭综合实验区管委会办公室	https://www.pingtan.gov.cn/zwgk/gsgg/202606/t20260601_107031.htm	zwgk/gsgg/202606/107031_福建省平潭综合实验区管理委员会办公室关于征集区管委会机关食堂主副食品采购需求方案/page.txt	done
zwgk/gsgg	2026年06月1日平潭电网检修信息			平潭电网	https://www.pingtan.gov.cn/zwgk/gsgg/202605/t20260530_107029.htm	zwgk/gsgg/202605/107029_2026年06月1日平潭电网检修信息/page.txt	done
zwgk/gsgg	平潭综合实验区农业农村局关于2025年平潭综合实验区高标准农田建设项目实施情况的公开			平潭综合实验区农业农村局	https://www.pingtan.gov.cn/zwgk/gsgg/202605/t20260529_107025.htm	zwgk/gsgg/202605/107025_平潭综合实验区农业农村局关于2025年平潭综合实验区高标准农田建设项目实施情况的/page.txt	done
zwgk/gsgg	平潭综合实验区自然资源与生态环境局  关于潭城组团351001-02-N-032地块  详细规划局部调整方案的公示			平潭综合实验区自然资源与生态环境局	https://www.pingtan.gov.cn/zwgk/gsgg/202605/t20260529_107018.htm	zwgk/gsgg/202605/107018_平潭综合实验区自然资源与生态环境局 关于潭城组团351001-02-N-032/page.txt	done
zwgk/gsgg	中共平潭综合实验区投资促进局委员会关于巡察整改进展情况的通报			平潭综合实验区投资促进局	https://www.pingtan.gov.cn/zwgk/gsgg/202605/t20260529_107017.htm	zwgk/gsgg/202605/107017_中共平潭综合实验区投资促进局委员会关于巡察整改进展情况的通报/page.txt	done
zwgk/gsgg	区投促集团党委关于巡察整改进展情况的通报			区投促集团	https://www.pingtan.gov.cn/zwgk/gsgg/202605/t20260529_107016.htm	zwgk/gsgg/202605/107016_区投促集团党委关于巡察整改进展情况的通报/page.txt	done
zwgk/gsgg	平潭综合实验区自然资源与生态环境局关于  2026G003号宗地国有建设用地使用权  公开出让的公告			平潭综合实验区自然资源与生态环境局	https://www.pingtan.gov.cn/zwgk/gsgg/202605/t20260529_107010.htm	zwgk/gsgg/202605/107010_平潭综合实验区自然资源与生态环境局关于 2026G003号宗地国有建设用地使用/page.txt	done
zwgk/gsgg	平潭综合实验区自然资源服务中心关于3宗出让地块林木砍伐服务费用市场调研的公告			平潭综合实验区自然资源与生态环境局	https://www.pingtan.gov.cn/zwgk/gsgg/202605/t20260529_107008.htm	zwgk/gsgg/202605/107008_平潭综合实验区自然资源服务中心关于3宗出让地块林木砍伐服务费用市场调研的公告/page.txt	done
zwgk/gsgg	福建师范大学平潭附属中学关于物业服务方案公开征集公告			平潭附中	https://www.pingtan.gov.cn/zwgk/gsgg/202605/t20260529_107000.htm	zwgk/gsgg/202605/107000_福建师范大学平潭附属中学关于物业服务方案公开征集公告/page.txt	done
zwgk/gsgg	​平潭综合实验区自然资源与生态环境局关于  2026G001号宗地国有建设用地使用权  公开出让的公告			平潭综合实验区自然资源与生态环境局	https://www.pingtan.gov.cn/zwgk/gsgg/202605/t20260528_106996.htm	zwgk/gsgg/202605/106996_​平潭综合实验区自然资源与生态环境局关于 2026G001号宗地国有建设用地使/page.txt	done
zwgk/gsgg	平潭综合实验区自然资源与生态环境局关于龙凤公寓及配套设施项目价值评估服务单位自行采购的公告			平潭综合实验区自然资源与生态环境局	https://www.pingtan.gov.cn/zwgk/gsgg/202605/t20260528_106992.htm	zwgk/gsgg/202605/106992_平潭综合实验区自然资源与生态环境局关于龙凤公寓及配套设施项目价值评估服务单位自行/page.txt	done
zwgk/gsgg	平潭综合实验区自然资源与生态环境局关于龙凤公寓及配套设施项目价值评估  服务单位采购流标结果公示			平潭综合实验区自然资源与生态环境局	https://www.pingtan.gov.cn/zwgk/gsgg/202605/t20260528_106991.htm	zwgk/gsgg/202605/106991_平潭综合实验区自然资源与生态环境局关于龙凤公寓及配套设施项目价值评估 服务单位/page.txt	done
zwgk/gsgg	平潭翠东泵站项目竣工规划条件核实结果公布			平潭综合实验区自然资源与生态环境局	https://www.pingtan.gov.cn/zwgk/gsgg/202605/t20260528_106990.htm	zwgk/gsgg/202605/106990_平潭翠东泵站项目竣工规划条件核实结果公布/page.txt	done
zwgk/gsgg	平潭综合实验区行政审批局关于征求《平潭综合实验区政府投资信息化项目管理实施细则（征求意见稿）》意见的公告			潭综合实验区行政审批局	https://www.pingtan.gov.cn/zwgk/gsgg/202605/t20260528_106989.htm	zwgk/gsgg/202605/106989_平潭综合实验区行政审批局关于征求《平潭综合实验区政府投资信息化项目管理实施细则（/page.txt	done
zwgk/gsgg	平潭综合实验区关于东庠乡饮用水工程环境影响评价报告表审批前公示			平潭综合实验区行政审批局	https://www.pingtan.gov.cn/zwgk/gsgg/202605/t20260527_106977.htm	zwgk/gsgg/202605/106977_平潭综合实验区关于东庠乡饮用水工程环境影响评价报告表审批前公示/page.txt	done
zwgk/gsgg	平潭综合实验区君山片区管理局关于片区办公楼、食堂、宿舍 及健身房空调清洗消毒的询价结果公示			平潭综合实验区君山片区管理局	https://www.pingtan.gov.cn/zwgk/gsgg/202605/t20260527_106968.htm	zwgk/gsgg/202605/106968_平潭综合实验区君山片区管理局关于片区办公楼、食堂、宿舍 及健身房空调清洗消毒的询/page.txt	done
zwgk/gsgg	平潭综合实验区行政审批局关于撤销登记（备案）决定书的送达公告			平潭综合实验区行政审批局	https://www.pingtan.gov.cn/zwgk/gsgg/202605/t20260527_106967.htm	zwgk/gsgg/202605/106967_平潭综合实验区行政审批局关于撤销登记（备案）决定书的送达公告/page.txt	done
zwgk/gsgg	平潭综合实验区行政审批局关于撤销登记（备案）决定书的送达公告			平潭综合实验区行政审批局	https://www.pingtan.gov.cn/zwgk/gsgg/202605/t20260527_106966.htm	zwgk/gsgg/202605/106966_平潭综合实验区行政审批局关于撤销登记（备案）决定书的送达公告/page.txt	done
zwgk/gsgg	平潭综合实验区行政审批局关于撤销登记决定书的送达公告			平潭综合实验区行政审批局	https://www.pingtan.gov.cn/zwgk/gsgg/202605/t20260527_106965.htm	zwgk/gsgg/202605/106965_平潭综合实验区行政审批局关于撤销登记决定书的送达公告/page.txt	done
zwgk/gsgg	侨星郡（一期）项目竣工规划条件核实  结果公布			平潭综合实验区自然资源与生态环境局	https://www.pingtan.gov.cn/zwgk/gsgg/202605/t20260527_106964.htm	zwgk/gsgg/202605/106964_侨星郡（一期）项目竣工规划条件核实 结果公布/page.txt	done
zwgk/gsgg	平潭综合实验区市场监督管理局行政处罚文书送达公告（岚市监苏罚送告〔2026〕2号）			平潭综合实验区市场监督管理局	https://www.pingtan.gov.cn/zwgk/gsgg/202605/t20260526_106956.htm	zwgk/gsgg/202605/106956_平潭综合实验区市场监督管理局行政处罚文书送达公告（岚市监苏罚送告〔2026〕2号/page.txt	done
zwgk/gsgg	平潭综合实验区苏平片区管理局关于河长名单的公示			平潭综合实验区苏平片区管理局	https://www.pingtan.gov.cn/zwgk/gsgg/202605/t20260526_106954.htm	zwgk/gsgg/202605/106954_平潭综合实验区苏平片区管理局关于河长名单的公示/page.txt	done
zwgk/gsgg	关于公布平潭综合实验区2026年度消防安全重点单位名单的公告			平潭消防	https://www.pingtan.gov.cn/zwgk/gsgg/202605/t20260526_106952.htm	zwgk/gsgg/202605/106952_关于公布平潭综合实验区2026年度消防安全重点单位名单的公告/page.txt	done
zwgk/gsgg	平潭综合实验区君山片区管理局关于认领海上船舶的公告			平潭综合实验区君山片区管理局	https://www.pingtan.gov.cn/zwgk/gsgg/202605/t20260526_106950.htm	zwgk/gsgg/202605/106950_平潭综合实验区君山片区管理局关于认领海上船舶的公告/page.txt	done
zwgk/gsgg	平潭综合实验区海坛片区管理局关于河湖长名单的公示			海坛片区	https://www.pingtan.gov.cn/zwgk/gsgg/202605/t20260525_106933.htm	zwgk/gsgg/202605/106933_平潭综合实验区海坛片区管理局关于河湖长名单的公示/page.txt	done
zwgk/gsgg	蔻蒂桑（福建）生物科技有限公司香水工厂建设生产项目竣工规划条件核实结果公布			平潭综合实验区自然资源与生态环境局	https://www.pingtan.gov.cn/zwgk/gsgg/202605/t20260525_106927.htm	zwgk/gsgg/202605/106927_蔻蒂桑（福建）生物科技有限公司香水工厂建设生产项目竣工规划条件核实结果公布/page.txt	done
zwgk/gsgg	平潭综合实验区管委会机关食堂餐具项目询价公告			平潭综合实验区管委会办公室	https://www.pingtan.gov.cn/zwgk/gsgg/202605/t20260525_106922.htm	zwgk/gsgg/202605/106922_平潭综合实验区管委会机关食堂餐具项目询价公告/page.txt	done
zwgk/gsgg	平潭综合实验区管委会机关食堂消杀服务询价公告			平潭综合实验区管委会办公室	https://www.pingtan.gov.cn/zwgk/gsgg/202605/t20260525_106921.htm	zwgk/gsgg/202605/106921_平潭综合实验区管委会机关食堂消杀服务询价公告/page.txt	done
zwgk/gsgg	平潭综合实验区司法局关于2025年度基层法律服务所和基层法律服务工作者年度考核结果的公告			平潭综合实验区党工委政法和社会工作部	https://www.pingtan.gov.cn/zwgk/gsgg/202605/t20260525_106918.htm	zwgk/gsgg/202605/106918_平潭综合实验区司法局关于2025年度基层法律服务所和基层法律服务工作者年度考核结/page.txt	done
zwgk/gsgg	平潭综合实验区生态环境保护委员会办公室关于加强2026年普通高考、高中学考、全省中考  等各类考试期间噪声污染监督管理的通告			平潭综合实验区自然资源服务中心	https://www.pingtan.gov.cn/zwgk/gsgg/202605/t20260522_106873.htm	zwgk/gsgg/202605/106873_平潭综合实验区生态环境保护委员会办公室关于加强2026年普通高考、高中学考、全省/page.txt	done
zwgk/gsgg	平潭综合实验区自然资源与生态环境局关于2025年环评文件复核结果的公示			平潭综合实验区自然资源服务中心	https://www.pingtan.gov.cn/zwgk/gsgg/202605/t20260522_106871.htm	zwgk/gsgg/202605/106871_平潭综合实验区自然资源与生态环境局关于2025年环评文件复核结果的公示/page.txt	done
zwgk/gsgg	​平潭综合实验区自然资源服务中心  自行采购项目采购公告			平潭综合实验区自然资源服务中心	https://www.pingtan.gov.cn/zwgk/gsgg/202605/t20260522_106866.htm	zwgk/gsgg/202605/106866_​平潭综合实验区自然资源服务中心 自行采购项目采购公告/page.txt	done
zwgk/gsgg	平潭综合实验区农业农村局关于 2026年第二批农机购置补贴申请情况的公示			平潭综合实验区农业农村局	https://www.pingtan.gov.cn/zwgk/gsgg/202605/t20260522_106861.htm	zwgk/gsgg/202605/106861_平潭综合实验区农业农村局关于 2026年第二批农机购置补贴申请情况的公示/page.txt	done
zwgk/gsgg	平潭综合实验区行政审批局关于征求《平潭综合实验区政府投资项目管理实施细则（征求意见稿）》意见的公告			平潭综合实验区行政审批局	https://www.pingtan.gov.cn/zwgk/gsgg/202605/t20260522_106859.htm	zwgk/gsgg/202605/106859_平潭综合实验区行政审批局关于征求《平潭综合实验区政府投资项目管理实施细则（征求意/page.txt	done
zwgk/gsgg	平潭县音皇艺术文化培训中心清算公告			平潭综合实验区社会事业局	https://www.pingtan.gov.cn/zwgk/gsgg/202605/t20260522_106856.htm	zwgk/gsgg/202605/106856_平潭县音皇艺术文化培训中心清算公告/page.txt	done
zwgk/gsgg	平潭综合实验区岚韵曲艺交流中心清算公告			平潭综合实验区社会事业局	https://www.pingtan.gov.cn/zwgk/gsgg/202605/t20260522_106855.htm	zwgk/gsgg/202605/106855_平潭综合实验区岚韵曲艺交流中心清算公告/page.txt	done
zwgk/gsgg	平潭综合实验区自然资源服务中心关于平潭国有防护林场森林防火道路维修维护服务项目的竞价公告（二次）			平潭综合实验区自然资源服务中心	https://www.pingtan.gov.cn/zwgk/gsgg/202605/t20260521_106838.htm	zwgk/gsgg/202605/106838_平潭综合实验区自然资源服务中心关于平潭国有防护林场森林防火道路维修维护服务项目的/page.txt	done
zwgk/gsgg	平潭综合实验区海洋与渔业执法支队关于流水二级渔港的航行通告			平潭综合实验区农业农村局	https://www.pingtan.gov.cn/zwgk/gsgg/202605/t20260521_106837.htm	zwgk/gsgg/202605/106837_平潭综合实验区海洋与渔业执法支队关于流水二级渔港的航行通告/page.txt	done
zwgk/gsgg	平潭综合实验区农业农村局关于2025年省级马铃薯新品种展示示范项目验收结果暨资金拨付情况公示			平潭综合实验区农业农村局	https://www.pingtan.gov.cn/zwgk/gsgg/202605/t20260521_106835.htm	zwgk/gsgg/202605/106835_平潭综合实验区农业农村局关于2025年省级马铃薯新品种展示示范项目验收结果暨资金/page.txt	done
zwgk/gsgg	平潭综合实验区关于象鼻湾提升改造项目用海变更审批前公示			平潭综合实验区行政审批局	https://www.pingtan.gov.cn/zwgk/gsgg/202605/t20260521_106832.htm	zwgk/gsgg/202605/106832_平潭综合实验区关于象鼻湾提升改造项目用海变更审批前公示/page.txt	done
zwgk/gsgg	福建省平潭综合实验区管理委员会办公室关于征集区管委会机关食堂主副食品采购需求方案的公告			平潭综合实验区管委会办公室	https://www.pingtan.gov.cn/zwgk/gsgg/202605/t20260521_106829.htm	zwgk/gsgg/202605/106829_福建省平潭综合实验区管理委员会办公室关于征集区管委会机关食堂主副食品采购需求方案/page.txt	done
zwgk/gsgg	平潭综合实验区自然资源与生态环境局自行采购项目采购成交结果公告			平潭综合实验区自然资源与生态环境局	https://www.pingtan.gov.cn/zwgk/gsgg/202605/t20260520_106816.htm	zwgk/gsgg/202605/106816_平潭综合实验区自然资源与生态环境局自行采购项目采购成交结果公告/page.txt	done
zwgk/gsgg	平潭综合实验区自然资源与生态环境局关于龙凤公寓及配套设施项目价值评估服务单位自行采购的公告			平潭综合实验区自然资源与生态环境局	https://www.pingtan.gov.cn/zwgk/gsgg/202605/t20260520_106815.htm	zwgk/gsgg/202605/106815_平潭综合实验区自然资源与生态环境局关于龙凤公寓及配套设施项目价值评估服务单位自行/page.txt	done
zwgk/gsgg	关于国家石油天然气管网集团有限公司福建分公司西三线龙岩-泉州段增设光纤预警系统数据集申请材料审查情况的公示			区审批局大数据处	https://www.pingtan.gov.cn/zwgk/gsgg/202605/t20260520_106801.htm	zwgk/gsgg/202605/106801_关于国家石油天然气管网集团有限公司福建分公司西三线龙岩-泉州段增设光纤预警系统数/page.txt	done
zwgk/gsgg	平潭综合实验区君山片区管理局关于片区办公楼、食堂、宿舍 及健身房空调清洗消毒的询价公告			平潭综合实验区君山片区管理局	https://www.pingtan.gov.cn/zwgk/gsgg/202605/t20260520_106776.htm	zwgk/gsgg/202605/106776_平潭综合实验区君山片区管理局关于片区办公楼、食堂、宿舍 及健身房空调清洗消毒的询/page.txt	done
zwgk/gsgg	平潭综合实验区自然资源与生态环境局关于岚台保税协同仓项目(A 区)  总平面图批前公示			平潭综合实验区自然资源与生态环境局	https://www.pingtan.gov.cn/zwgk/gsgg/202605/t20260520_106775.htm	zwgk/gsgg/202605/106775_平潭综合实验区自然资源与生态环境局关于岚台保税协同仓项目(A 区) 总平面图批/page.txt	done
zwgk/gsgg	​平潭综合实验区自然资源与生态环境局关于岚台保税协同仓项目(B 区)总平面图批前公示			平潭综合实验区自然资源与生态环境局	https://www.pingtan.gov.cn/zwgk/gsgg/202605/t20260520_106774.htm	zwgk/gsgg/202605/106774_​平潭综合实验区自然资源与生态环境局关于岚台保税协同仓项目(B 区)总平面图批前/page.txt	done
zwgk/gsgg	平潭综合实验区岚台综合格斗竞技运动交流中心清算公告			平潭综合实验区社会事业局	https://www.pingtan.gov.cn/zwgk/gsgg/202605/t20260519_106752.htm	zwgk/gsgg/202605/106752_平潭综合实验区岚台综合格斗竞技运动交流中心清算公告/page.txt	done
zwgk/gsgg	平潭综合实验区市场监督管理局行政处罚文书送达公告（岚市监西罚送告〔2026〕2号）			平潭综合实验区市场监督管理局	https://www.pingtan.gov.cn/zwgk/gsgg/202605/t20260519_106742.htm	zwgk/gsgg/202605/106742_平潭综合实验区市场监督管理局行政处罚文书送达公告（岚市监西罚送告〔2026〕2号/page.txt	done
zwgk/gsgg	​关于平潭综合实验区耕地保护和国土绿化空间专项规划技术服务比选采购评审结果公告			平潭综合实验区自然资源与生态环境局	https://www.pingtan.gov.cn/zwgk/gsgg/202605/t20260518_106740.htm	zwgk/gsgg/202605/106740_​关于平潭综合实验区耕地保护和国土绿化空间专项规划技术服务比选采购评审结果公告/page.txt	done
zwgk/gsgg	君山镇新湖村少数民族人居环境 改造项目（路灯亮化工程）中标通知书			君山片区管理局	https://www.pingtan.gov.cn/zwgk/gsgg/202605/t20260515_106717.htm	zwgk/gsgg/202605/106717_君山镇新湖村少数民族人居环境 改造项目（路灯亮化工程）中标通知书/page.txt	done
zwgk/gsgg	平潭综合实验区自然资源与生态环境局关于潭城组团351001-02-N-036、037地块详细规划局部调整方案的公示			平潭综合实验区自然资源与生态环境局	https://www.pingtan.gov.cn/zwgk/gsgg/202605/t20260515_106714.htm	zwgk/gsgg/202605/106714_平潭综合实验区自然资源与生态环境局关于潭城组团351001-02-N-036、0/page.txt	done
zwgk/gsgg	平潭第一中学岚城校区物业委托社会化经营服务项目方案征集结果公告			平潭综合实验区社会事业局	https://www.pingtan.gov.cn/zwgk/gsgg/202605/t20260515_106713.htm	zwgk/gsgg/202605/106713_平潭第一中学岚城校区物业委托社会化经营服务项目方案征集结果公告/page.txt	done
zwgk/gsgg	平潭综合实验区行政审批局关于受理东庠乡饮用水工程环境影响报告表的公示			平潭综合实验区行政审批局	https://www.pingtan.gov.cn/zwgk/gsgg/202605/t20260515_106712.htm	zwgk/gsgg/202605/106712_平潭综合实验区行政审批局关于受理东庠乡饮用水工程环境影响报告表的公示/page.txt	done
zwgk/gsgg	平潭综合实验区君山片区管理局关于《裕藩村村庄规划（2026-2035）动态维护》的公示			平潭综合实验区君山片区管理局	https://www.pingtan.gov.cn/zwgk/gsgg/202605/t20260515_106708.htm	zwgk/gsgg/202605/106708_平潭综合实验区君山片区管理局关于《裕藩村村庄规划（2026-2035）动态维护》/page.txt	done
zwgk/gsgg	平潭综合实验区司法局关于2025年度基层法律服务所和基层法律服务工作者年度考核结果的公示			平潭综合实验区党工委政法和社会工作部	https://www.pingtan.gov.cn/zwgk/gsgg/202605/t20260515_106704.htm	zwgk/gsgg/202605/106704_平潭综合实验区司法局关于2025年度基层法律服务所和基层法律服务工作者年度考核结/page.txt	done
zwgk/gsgg	平潭综合实验区净心书院清算公告			平潭综合实验区社会事业局	https://www.pingtan.gov.cn/zwgk/gsgg/202605/t20260514_106683.htm	zwgk/gsgg/202605/106683_平潭综合实验区净心书院清算公告/page.txt	done
zwgk/gsgg	​平潭综合实验区自然资源与生态环境局 关于2026年度详细规划调整询价公告			平潭综合实验区自然资源与生态环境局	https://www.pingtan.gov.cn/zwgk/gsgg/202605/t20260514_106680.htm	zwgk/gsgg/202605/106680_​平潭综合实验区自然资源与生态环境局 关于2026年度详细规划调整询价公告/page.txt	done
zwgk/gsgg	关于平潭综合实验区医院2026年-2028年空调及空气源热水机组维保服务采购方案征集结果的公示			平潭综合实验区社会事业局	https://www.pingtan.gov.cn/zwgk/gsgg/202605/t20260513_106671.htm	zwgk/gsgg/202605/106671_关于平潭综合实验区医院2026年-2028年空调及空气源热水机组维保服务采购方案/page.txt	done
zwgk/gsgg	关于多领失业保险待遇人员《退回多享受社会保险待遇告知书》的送达公告			平潭综合实验区社会事业局	https://www.pingtan.gov.cn/zwgk/gsgg/202605/t20260513_106668.htm	zwgk/gsgg/202605/106668_关于多领失业保险待遇人员《退回多享受社会保险待遇告知书》的送达公告/page.txt	done
zwgk/gsgg	平潭综合实验区岚台餐饮文化交流中心清算公告			平潭综合实验区社会事业局	https://www.pingtan.gov.cn/zwgk/gsgg/202605/t20260513_106666.htm	zwgk/gsgg/202605/106666_平潭综合实验区岚台餐饮文化交流中心清算公告/page.txt	done
zwgk/gsgg	君山镇松南村后池路东段（翠园北路至038乡道段）水泥路面浇筑沥青路面项目（中标通知书）			平潭综合实验区君山片区管理局	https://www.pingtan.gov.cn/zwgk/gsgg/202605/t20260513_106656.htm	zwgk/gsgg/202605/106656_君山镇松南村后池路东段（翠园北路至038乡道段）水泥路面浇筑沥青路面项目（中标通/page.txt	done
zwgk/gsgg	海塍头幸福院项目联合竣工验收情况公示			平潭综合实验区行政审批局	https://www.pingtan.gov.cn/zwgk/gsgg/202605/t20260512_106647.htm	zwgk/gsgg/202605/106647_海塍头幸福院项目联合竣工验收情况公示/page.txt	done
zwgk/gsgg	钟门村人居环境整治及景观建设工程（一期）联合竣工验收情况公示			平潭综合实验区行政审批局	https://www.pingtan.gov.cn/zwgk/gsgg/202605/t20260512_106645.htm	zwgk/gsgg/202605/106645_钟门村人居环境整治及景观建设工程（一期）联合竣工验收情况公示/page.txt	done
zwgk/gsgg	平潭综合实验区市场监督管理局关于公开征集传统工艺市场“打假清源” 问题线索的公告			平潭综合实验区市场监督管理局	https://www.pingtan.gov.cn/zwgk/gsgg/202605/t20260512_106638.htm	zwgk/gsgg/202605/106638_平潭综合实验区市场监督管理局关于公开征集传统工艺市场“打假清源” 问题线索的公告/page.txt	done
zwgk/gsgg	平潭综合实验区自然资源与生态环境局  关于潭城组团351001-02-B单元  详细规划局部调整方案的公示			平潭综合实验区自然资源与生态环境局	https://www.pingtan.gov.cn/zwgk/gsgg/202605/t20260511_106637.htm	zwgk/gsgg/202605/106637_平潭综合实验区自然资源与生态环境局 关于潭城组团351001-02-B单元/page.txt	done
zwgk/gsgg	平潭综合实验区金井片区管理局河长制办公室关于河湖长名单的公示			平潭综合实验区金井片区管理局	https://www.pingtan.gov.cn/zwgk/gsgg/202605/t20260511_106635.htm	zwgk/gsgg/202605/106635_平潭综合实验区金井片区管理局河长制办公室关于河湖长名单的公示/page.txt	done
zwgk/gsgg	平潭综合实验区自然资源与生态环境局关于  平潭翠东泵站项目竣工规划条件核实公示			平潭综合实验区自然资源与生态环境局	https://www.pingtan.gov.cn/zwgk/gsgg/202605/t20260509_106597.htm	zwgk/gsgg/202605/106597_平潭综合实验区自然资源与生态环境局关于 平潭翠东泵站项目竣工规划条件核实公示/page.txt	done
zwgk/gsgg	平潭综合实验区自然资源与生态环境局  关于潭城组团351001-02-G-039地  块详细规划局部调整方案的公示			平潭综合实验区自然资源与生态环境局	https://www.pingtan.gov.cn/zwgk/gsgg/202605/t20260509_106596.htm	zwgk/gsgg/202605/106596_平潭综合实验区自然资源与生态环境局 关于潭城组团351001-02-G-039/page.txt	done
zwgk/gsgg	平潭综合实验区市场监督管理局行政处罚文书送达公告（岚市监君罚送告〔2026〕1号）			平潭综合实验区市场监督管理局	https://www.pingtan.gov.cn/zwgk/gsgg/202605/t20260509_106593.htm	zwgk/gsgg/202605/106593_平潭综合实验区市场监督管理局行政处罚文书送达公告（岚市监君罚送告〔2026〕1号/page.txt	done
zwgk/gsgg	平潭综合实验区关于幸福洋海堤防护提升工程项目用海审批前公示			平潭综合实验区行政审批局	https://www.pingtan.gov.cn/zwgk/gsgg/202605/t20260509_106590.htm	zwgk/gsgg/202605/106590_平潭综合实验区关于幸福洋海堤防护提升工程项目用海审批前公示/page.txt	done
zwgk/gsgg	平潭综合实验区自然资源服务中心关于  国有防护林场森林防火道路维修维护服务项目的竞价公告			平潭综合实验区自然资源服务中心	https://www.pingtan.gov.cn/zwgk/gsgg/202605/t20260509_106586.htm	zwgk/gsgg/202605/106586_平潭综合实验区自然资源服务中心关于 国有防护林场森林防火道路维修维护服务项目的/page.txt	done
zwgk/gsgg	君山镇新湖村少数民族人居环境改造项目（路灯亮化工程）			平潭综合实验区君山片区管理局	https://www.pingtan.gov.cn/zwgk/gsgg/202605/t20260509_106585.htm	zwgk/gsgg/202605/106585_君山镇新湖村少数民族人居环境改造项目（路灯亮化工程）/page.txt	done
zwgk/gsgg	平潭综合实验区财政金融局关于组织参加第六届“守住钱袋子·护好幸福家”防范非法金融活动短视频征集大赛的通知			平潭综合实验区财政金融局	https://www.pingtan.gov.cn/zwgk/gsgg/202605/t20260508_106575.htm	zwgk/gsgg/202605/106575_平潭综合实验区财政金融局关于组织参加第六届“守住钱袋子·护好幸福家”防范非法金融/page.txt	done
zwgk/gsgg	​平潭综合实验区2026年度国有建设用地供应计划			平潭综合实验区自然资源与生态环境局	https://www.pingtan.gov.cn/zwgk/gsgg/202605/t20260508_106574.htm	zwgk/gsgg/202605/106574_​平潭综合实验区2026年度国有建设用地供应计划/page.txt	done
zwgk/gsgg	平潭综合实验区自然资源与生态环境局关于  金井国际智慧物流园 A 区建设工程  规划许可证变更批前公示			平潭综合实验区自然资源与生态环境局	https://www.pingtan.gov.cn/zwgk/gsgg/202605/t20260508_106567.htm	zwgk/gsgg/202605/106567_平潭综合实验区自然资源与生态环境局关于 金井国际智慧物流园 A 区建设工程/page.txt	done
zwgk/gsgg	​平潭综合实验区自然资源服务中心关于2026-2027年度自然资源与空间信息时空  云平台运维服务自行采购公告			平潭综合实验区自然资源与生态环境局	https://www.pingtan.gov.cn/zwgk/gsgg/202605/t20260508_106565.htm	zwgk/gsgg/202605/106565_​平潭综合实验区自然资源服务中心关于2026-2027年度自然资源与空间信息时空/page.txt	done
zwgk/gsgg	平潭综合实验区党工委农村工作领导小组办公室关于扶持新型农村集体经济拟实施项目联合审核情况公开			平潭综合实验区农业农村局	https://www.pingtan.gov.cn/zwgk/gsgg/202605/t20260508_106564.htm	zwgk/gsgg/202605/106564_平潭综合实验区党工委农村工作领导小组办公室关于扶持新型农村集体经济拟实施项目联合/page.txt	done
zwgk/gsgg	平潭综合实验区党工委农村工作领导小组办公室关于2026年度第六批衔接推进乡村振兴项目（革命老区）的公告			平潭综合实验区农业农村局	https://www.pingtan.gov.cn/zwgk/gsgg/202605/t20260508_106563.htm	zwgk/gsgg/202605/106563_平潭综合实验区党工委农村工作领导小组办公室关于2026年度第六批衔接推进乡村振兴/page.txt	done
zwgk/gsgg	平潭综合实验区党工委农村工作领导小组办公室关于2026年度第七批衔接推进乡村振兴项目（扶持发展新型农村集体经济）的公告			平潭综合实验区农业农村局	https://www.pingtan.gov.cn/zwgk/gsgg/202605/t20260508_106562.htm	zwgk/gsgg/202605/106562_平潭综合实验区党工委农村工作领导小组办公室关于2026年度第七批衔接推进乡村振兴/page.txt	done
zwgk/gsgg	平潭综合实验区市场监督管理局关于公开征求《扩大对台湾地区认证结果采信试点工作的实施方案（征求意见稿）》 意见的公告			平潭综合实验区市场监督管理局	https://www.pingtan.gov.cn/zwgk/gsgg/202605/t20260508_106561.htm	zwgk/gsgg/202605/106561_平潭综合实验区市场监督管理局关于公开征求《扩大对台湾地区认证结果采信试点工作的实/page.txt	done
zwgk/gsgg	平潭综合实验区党工委党群工作部关于2026年享受政府特殊津贴拟推荐人选的公示			区党工委党群工作部	https://www.pingtan.gov.cn/zwgk/gsgg/202605/t20260507_106554.htm	zwgk/gsgg/202605/106554_平潭综合实验区党工委党群工作部关于2026年享受政府特殊津贴拟推荐人选的公示/page.txt	done
zwgk/gsgg	平潭综合实验区关于福建海事局平潭海事监管基地项目用海审批前公示			平潭综合实验区行政审批局	https://www.pingtan.gov.cn/zwgk/gsgg/202605/t20260507_106553.htm	zwgk/gsgg/202605/106553_平潭综合实验区关于福建海事局平潭海事监管基地项目用海审批前公示/page.txt	done
zwgk/gsgg	平潭综合实验区农业农村局关于2026年基层农技推广体系改革与建设项目农业科技示范主体遴选结果的公示			平潭综合实验区农业农村局	https://www.pingtan.gov.cn/zwgk/gsgg/202605/t20260507_106551.htm	zwgk/gsgg/202605/106551_平潭综合实验区农业农村局关于2026年基层农技推广体系改革与建设项目农业科技示范/page.txt	done
zwgk/gsgg	平潭县屿头乡人民政府关于取消2026年第三批乡镇船舶管理识别号的通告			平潭综合实验区苏平片区管理局	https://www.pingtan.gov.cn/zwgk/gsgg/202605/t20260507_106550.htm	zwgk/gsgg/202605/106550_平潭县屿头乡人民政府关于取消2026年第三批乡镇船舶管理识别号的通告/page.txt	done
zwgk/gsgg	平潭县苏平镇人民政府关于取消2026年第三批乡镇船舶管理识别号的通告			平潭综合实验区苏平片区管理局	https://www.pingtan.gov.cn/zwgk/gsgg/202605/t20260507_106549.htm	zwgk/gsgg/202605/106549_平潭县苏平镇人民政府关于取消2026年第三批乡镇船舶管理识别号的通告/page.txt	done
zwgk/gsgg	关于征集平潭综合实验区医院2026年-2028年  空调及空气源热水机组维保服务方案的公告			平潭综合实验区社会事业局	https://www.pingtan.gov.cn/zwgk/gsgg/202605/t20260507_106548.htm	zwgk/gsgg/202605/106548_关于征集平潭综合实验区医院2026年-2028年 空调及空气源热水机组维保服务/page.txt	done
zwgk/gsgg	平潭综合实验区自然资源与生态环境局关于2026年度第一批在岚注册及分支机构  备案测绘资质单位名单的公告			平潭综合实验区自然资源与生态环境局	https://www.pingtan.gov.cn/zwgk/gsgg/202605/t20260507_106529.htm	zwgk/gsgg/202605/106529_平潭综合实验区自然资源与生态环境局关于2026年度第一批在岚注册及分支机构 备/page.txt	done
zwgk/gsgg	君山镇松南村后池路东段（翠园北路至038乡道段）水泥路面浇筑沥青路面项目			平潭综合实验区君山片区管理局	https://www.pingtan.gov.cn/zwgk/gsgg/202605/t20260506_106517.htm	zwgk/gsgg/202605/106517_君山镇松南村后池路东段（翠园北路至038乡道段）水泥路面浇筑沥青路面项目/page.txt	done
zwgk/gsgg	用地预审与选址意见书公示			平潭综合实验区自然资源与生态环境局	https://www.pingtan.gov.cn/zwgk/gsgg/202605/t20260506_106516.htm	zwgk/gsgg/202605/106516_用地预审与选址意见书公示/page.txt	done
zwgk/gsgg	建设用地规划许可证			平潭综合实验区自然资源与生态环境局	https://www.pingtan.gov.cn/zwgk/gsgg/202605/t20260506_106515.htm	zwgk/gsgg/202605/106515_建设用地规划许可证/page.txt	done
zwgk/gsgg	平潭综合实验区海钓协会清算公告			平潭综合实验区社会事业局	https://www.pingtan.gov.cn/zwgk/gsgg/202605/t20260506_106514.htm	zwgk/gsgg/202605/106514_平潭综合实验区海钓协会清算公告/page.txt	done
zwgk/gsgg	平潭综合实验区关于68台湾小镇下沉式广场及崖壁提升项目工程建设许可阶段审批前公示			平潭综合实验区行政审批局	https://www.pingtan.gov.cn/zwgk/gsgg/202605/t20260506_106513.htm	zwgk/gsgg/202605/106513_平潭综合实验区关于68台湾小镇下沉式广场及崖壁提升项目工程建设许可阶段审批前公示/page.txt	done
zwgk/gsgg	社会团体法人登记证书遗失声明			平潭综合实验区社会事业局	https://www.pingtan.gov.cn/zwgk/gsgg/202605/t20260506_106512.htm	zwgk/gsgg/202605/106512_社会团体法人登记证书遗失声明/page.txt	done
zwgk/gsgg	平潭综合实验区自然资源与生态环境局关于  侨星郡(一期)项目竣工规划条件核实公示			平潭综合实验区自然资源与生态环境局	https://www.pingtan.gov.cn/zwgk/gsgg/202604/t20260430_106492.htm	zwgk/gsgg/202604/106492_平潭综合实验区自然资源与生态环境局关于 侨星郡(一期)项目竣工规划条件核实公示/page.txt	done
zwgk/gsgg	平潭综合实验区市场监督管理局关于拟强制注销公司登记的公告			平潭综合实验区市场监督管理局	https://www.pingtan.gov.cn/zwgk/gsgg/202604/t20260430_106491.htm	zwgk/gsgg/202604/106491_平潭综合实验区市场监督管理局关于拟强制注销公司登记的公告/page.txt	done
zwgk/gsgg	平潭综合实验区市场监督管理局行政处罚文书送达公告（岚市监金罚送告〔2026〕4号）			平潭综合实验区市场监督管理局	https://www.pingtan.gov.cn/zwgk/gsgg/202604/t20260430_106490.htm	zwgk/gsgg/202604/106490_平潭综合实验区市场监督管理局行政处罚文书送达公告（岚市监金罚送告〔2026〕4号/page.txt	done
zwgk/gsgg	平潭综合实验区市场监督管理局行政处罚文书送达公告（岚市监东罚送告〔2026〕2号）			平潭综合实验区市场监督管理局	https://www.pingtan.gov.cn/zwgk/gsgg/202604/t20260430_106489.htm	zwgk/gsgg/202604/106489_平潭综合实验区市场监督管理局行政处罚文书送达公告（岚市监东罚送告〔2026〕2号/page.txt	done
zwgk/gsgg	华盛材料科技项目建设工程规划许可证批后公布			平潭综合实验区自然资源与生态环境局	https://www.pingtan.gov.cn/zwgk/gsgg/202604/t20260430_106468.htm	zwgk/gsgg/202604/106468_华盛材料科技项目建设工程规划许可证批后公布/page.txt	done
zwgk/gsgg	平潭两岸农渔产品批发贸易中心（加工车  间一及门卫）项目建设工程规划许可证  批后公布			平潭综合实验区自然资源与生态环境局	https://www.pingtan.gov.cn/zwgk/gsgg/202604/t20260430_106467.htm	zwgk/gsgg/202604/106467_平潭两岸农渔产品批发贸易中心（加工车 间一及门卫）项目建设工程规划许可证 批/page.txt	done
zwgk/gsgg	福建医科大附属协和医院平潭分院二期（感染楼、发热门诊）项目竣工规划条件核实结果公布			平潭综合实验区自然资源与生态环境局	https://www.pingtan.gov.cn/zwgk/gsgg/202604/t20260430_106466.htm	zwgk/gsgg/202604/106466_福建医科大附属协和医院平潭分院二期（感染楼、发热门诊）项目竣工规划条件核实结果公/page.txt	done
zwgk/gsgg	平潭综合实验区党工委党校档案规范化整理及数字化服务项目结果公示			平潭党校	https://www.pingtan.gov.cn/zwgk/gsgg/202604/t20260430_106465.htm	zwgk/gsgg/202604/106465_平潭综合实验区党工委党校档案规范化整理及数字化服务项目结果公示/page.txt	done
zwgk/gsgg	平潭综合实验区麒骏体育俱乐部清算公告			平潭综合实验区社会事业局	https://www.pingtan.gov.cn/zwgk/gsgg/202604/t20260429_106460.htm	zwgk/gsgg/202604/106460_平潭综合实验区麒骏体育俱乐部清算公告/page.txt	done
zwgk/gsgg	2026年度平潭青年五四奖章、平潭新时代青年先锋、平潭五四红旗团委（团支部）、 平潭优秀共青团员、平潭优秀共青团干部拟表彰对象公示			共青团平潭综合实验区委员会  平潭综合实验区青年联合会	https://www.pingtan.gov.cn/zwgk/gsgg/202604/t20260428_106450.htm	zwgk/gsgg/202604/106450_2026年度平潭青年五四奖章、平潭新时代青年先锋、平潭五四红旗团委（团支部）、/page.txt	done
zwgk/gsgg	平潭综合实验区自然资源与生态环境局关于  严禁非法登陆无居民海岛开展旅游等  活动的倡议书			平潭综合实验区自然资源与生态环境局	https://www.pingtan.gov.cn/zwgk/gsgg/202604/t20260428_106449.htm	zwgk/gsgg/202604/106449_平潭综合实验区自然资源与生态环境局关于 严禁非法登陆无居民海岛开展旅游等 活/page.txt	done
zwgk/gsgg	平潭综合实验区关于平潭水仙花现代产业园（一期）项目（小型建设工程）施工许可阶段审批前公示			平潭综合实验区行政审批局	https://www.pingtan.gov.cn/zwgk/gsgg/202604/t20260428_106448.htm	zwgk/gsgg/202604/106448_平潭综合实验区关于平潭水仙花现代产业园（一期）项目（小型建设工程）施工许可阶段审/page.txt	done
zwgk/gsgg	平潭综合实验区关于平潭A区海上风电场项目（重大变动）环境影响评价报告书审批前公示			平潭综合实验区行政审批局	https://www.pingtan.gov.cn/zwgk/gsgg/202604/t20260428_106447.htm	zwgk/gsgg/202604/106447_平潭综合实验区关于平潭A区海上风电场项目（重大变动）环境影响评价报告书审批前公示/page.txt	done
zwgk/gsgg	平潭综合实验区农业农村局关于2025年台湾农民创业园项目第三次验收情况的公开			平潭综合实验区农业农村局	https://www.pingtan.gov.cn/zwgk/gsgg/202604/t20260428_106446.htm	zwgk/gsgg/202604/106446_平潭综合实验区农业农村局关于2025年台湾农民创业园项目第三次验收情况的公开/page.txt	done
zwgk/gsgg	平潭综合实验区自然资源与生态环境局  关于实验区机动车尾气遥测系统  （含黑烟车抓拍）运维服务  项目自行采购公告			平潭综合实验区自然资源与生态环境局	https://www.pingtan.gov.cn/zwgk/gsgg/202604/t20260428_106444.htm	zwgk/gsgg/202604/106444_平潭综合实验区自然资源与生态环境局 关于实验区机动车尾气遥测系统 （含黑烟车/page.txt	done
zwgk/gsgg	平潭综合实验区自然资源与生态环境局  自行采购项目采购公告			平潭综合实验区自然资源与生态环境局	https://www.pingtan.gov.cn/zwgk/gsgg/202604/t20260428_106443.htm	zwgk/gsgg/202604/106443_平潭综合实验区自然资源与生态环境局 自行采购项目采购公告/page.txt	done
zwgk/gsgg	平潭综合实验区自然资源服务中心 关于信息系统网络安全等级保护测评服务项目自行采购结果公示			平潭综合实验区自然资源与生态环境局	https://www.pingtan.gov.cn/zwgk/gsgg/202604/t20260428_106435.htm	zwgk/gsgg/202604/106435_平潭综合实验区自然资源服务中心 关于信息系统网络安全等级保护测评服务项目自行采购/page.txt	done
zwgk/gsgg	平潭县施恩文化促进会清算公告			平潭综合实验区社会事业局	https://www.pingtan.gov.cn/zwgk/gsgg/202604/t20260428_106433.htm	zwgk/gsgg/202604/106433_平潭县施恩文化促进会清算公告/page.txt	done
zwgk/gsgg	平潭综合实验区自然资源与生态环境局关于2026年森林花化景观林示范点 建设服务采购公告			平潭综合实验区自然资源与生态环境局	https://www.pingtan.gov.cn/zwgk/gsgg/202604/t20260427_106428.htm	zwgk/gsgg/202604/106428_平潭综合实验区自然资源与生态环境局关于2026年森林花化景观林示范点 建设服务采/page.txt	done
zwgk/gsgg	平潭戎军通综合管理服务平台项目成交公告			平潭综合实验区社会事业局	https://www.pingtan.gov.cn/zwgk/gsgg/202604/t20260427_106426.htm	zwgk/gsgg/202604/106426_平潭戎军通综合管理服务平台项目成交公告/page.txt	done
zwgk/gsgg	平潭第一中学岚城校区物业委托社会化经营服务方案征集公告（第二次征集）			平潭综合实验区社会事业局	https://www.pingtan.gov.cn/zwgk/gsgg/202604/t20260427_106422.htm	zwgk/gsgg/202604/106422_平潭第一中学岚城校区物业委托社会化经营服务方案征集公告（第二次征集）/page.txt	done
zwgk/gsgg	《2026-2035年现代化国有防护林场发展 规划》编制服务项目第二次流标公示			平潭综合实验区自然资源与生态环境局	https://www.pingtan.gov.cn/zwgk/gsgg/202604/t20260427_106420.htm	zwgk/gsgg/202604/106420_《2026-2035年现代化国有防护林场发展 规划》编制服务项目第二次流标公示/page.txt	done
zwgk/gsgg	平潭综合实验区自然资源服务中心 关于三十六脚湖水库瑞林山流域 修复项目中标结果的公告			平潭综合实验区自然资源与生态环境局	https://www.pingtan.gov.cn/zwgk/gsgg/202604/t20260427_106419.htm	zwgk/gsgg/202604/106419_平潭综合实验区自然资源服务中心 关于三十六脚湖水库瑞林山流域 修复项目中标结果的/page.txt	done
zwgk/gsgg	平潭综合实验区自然资源服务中心关于  房屋结构安全鉴定服务费用市场调研的公告			平潭综合实验区自然资源与生态环境局	https://www.pingtan.gov.cn/zwgk/gsgg/202604/t20260427_106418.htm	zwgk/gsgg/202604/106418_平潭综合实验区自然资源服务中心关于 房屋结构安全鉴定服务费用市场调研的公告/page.txt	done
zwgk/gsgg	平潭综合实验区财政金融局关于换发《中华人民共和国融资担保业务经营许可证》的公告			平潭综合实验区财政金融局	https://www.pingtan.gov.cn/zwgk/gsgg/202604/t20260427_106412.htm	zwgk/gsgg/202604/106412_平潭综合实验区财政金融局关于换发《中华人民共和国融资担保业务经营许可证》的公告/page.txt	done
zwgk/gsgg	平潭综合实验区农业农村局关于2026年中央农业经营主体项目申报情况的公示			平潭综合实验区农业农村局	https://www.pingtan.gov.cn/zwgk/gsgg/202604/t20260424_106387.htm	zwgk/gsgg/202604/106387_平潭综合实验区农业农村局关于2026年中央农业经营主体项目申报情况的公示/page.txt	done
zwgk/gsgg	平潭县金井镇如意社区老年协会清算公告			平潭综合实验区金井片区管理局	https://www.pingtan.gov.cn/zwgk/gsgg/202604/t20260424_106382.htm	zwgk/gsgg/202604/106382_平潭县金井镇如意社区老年协会清算公告/page.txt	done
zwgk/gsgg	平潭综合实验区党工委农村工作领导小组办公室关于2026年度第五批衔接推进乡村振兴项目 （2个村扶持发展新型农村集体经济） 计划的公告			平潭综合实验区农业农村局	https://www.pingtan.gov.cn/zwgk/gsgg/202604/t20260423_106368.htm	zwgk/gsgg/202604/106368_平潭综合实验区党工委农村工作领导小组办公室关于2026年度第五批衔接推进乡村振兴/page.txt	done
zwgk/gsgg	平潭综合实验区市场监督管理局关于组织申报2026年度企业专利权质押贷款贴息项目的通知			平潭综合实验区市场监督管理局	https://www.pingtan.gov.cn/zwgk/gsgg/202604/t20260423_106363.htm	zwgk/gsgg/202604/106363_平潭综合实验区市场监督管理局关于组织申报2026年度企业专利权质押贷款贴息项目的/page.txt	done
zwgk/gsgg	平潭综合实验区自然资源与生态环境局关于龙凤公寓及配套设施项目资产评估服务费市场调研的公告			平潭综合实验区自然资源与生态环境局	https://www.pingtan.gov.cn/zwgk/gsgg/202604/t20260423_106357.htm	zwgk/gsgg/202604/106357_平潭综合实验区自然资源与生态环境局关于龙凤公寓及配套设施项目资产评估服务费市场调/page.txt	done
zwgk/gsgg	平潭综合实验区农业农村局关于2026年农业“五新”（农机新机具）示范推广项目实施单位的公示			平潭综合实验区农业农村局	https://www.pingtan.gov.cn/zwgk/gsgg/202604/t20260423_106348.htm	zwgk/gsgg/202604/106348_平潭综合实验区农业农村局关于2026年农业“五新”（农机新机具）示范推广项目实施/page.txt	done
zwgk/gsgg	平潭综合实验区农业农村局关于2026年基层农技推广体系改革与建设补助项目农业科技示范基地遴选结果的公示			平潭综合实验区农业农村局	https://www.pingtan.gov.cn/zwgk/gsgg/202604/t20260423_106347.htm	zwgk/gsgg/202604/106347_平潭综合实验区农业农村局关于2026年基层农技推广体系改革与建设补助项目农业科技/page.txt	done
zwgk/gsgg	平潭综合实验区农业农村局关于2026年农作物品种试验鉴定展示示范承担单位及补助资金的公示			平潭综合实验区农业农村局	https://www.pingtan.gov.cn/zwgk/gsgg/202604/t20260423_106346.htm	zwgk/gsgg/202604/106346_平潭综合实验区农业农村局关于2026年农作物品种试验鉴定展示示范承担单位及补助资/page.txt	done
zwgk/gsgg	社会团体登记证书遗失声明			平潭综合实验区工商业联合会	https://www.pingtan.gov.cn/zwgk/gsgg/202604/t20260422_106344.htm	zwgk/gsgg/202604/106344_社会团体登记证书遗失声明/page.txt	done
zwgk/gsgg	平潭综合实验区自然资源与生态环境局  自行采购项目采购成交结果公告			平潭综合实验区自然资源与生态环境局	https://www.pingtan.gov.cn/zwgk/gsgg/202604/t20260422_106341.htm	zwgk/gsgg/202604/106341_平潭综合实验区自然资源与生态环境局 自行采购项目采购成交结果公告/page.txt	done
zwgk/gsgg	平潭综合实验区行政审批局2026年涉企检查计划			区行政审批局	https://www.pingtan.gov.cn/zwgk/gsgg/202604/t20260422_106329.htm	zwgk/gsgg/202604/106329_平潭综合实验区行政审批局2026年涉企检查计划/page.txt	done
zwgk/gsgg	平潭综合实验区市场监督管理局转发关于征集2026年度国家标准化试点项目的通知			平潭综合实验区市场监督管理局	https://www.pingtan.gov.cn/zwgk/gsgg/202604/t20260421_106326.htm	zwgk/gsgg/202604/106326_平潭综合实验区市场监督管理局转发关于征集2026年度国家标准化试点项目的通知/page.txt	done
zwgk/gsgg	平潭综合实验区自然资源服务中心关于2026年平潭海岛国家森林公园物业  服务项目市场调研的公告			平潭综合实验区自然资源服务中心	https://www.pingtan.gov.cn/zwgk/gsgg/202604/t20260420_106300.htm	zwgk/gsgg/202604/106300_平潭综合实验区自然资源服务中心关于2026年平潭海岛国家森林公园物业 服务项目/page.txt	done
zwgk/gsgg	平潭综合实验区自然资源服务中心关于 三十六脚湖水库瑞林山流域修复工程  采购公告			平潭综合实验区自然资源与生态环境局	https://www.pingtan.gov.cn/zwgk/gsgg/202604/t20260420_106286.htm	zwgk/gsgg/202604/106286_平潭综合实验区自然资源服务中心关于 三十六脚湖水库瑞林山流域修复工程 采购公告/page.txt	done
zwgk/gsgg	2026年04月20日平潭电网检修信息			平潭电网	https://www.pingtan.gov.cn/zwgk/gsgg/202604/t20260418_106285.htm	zwgk/gsgg/202604/106285_2026年04月20日平潭电网检修信息/page.txt	done
zwgk/gsgg	平潭综合实验区农业农村局关于平潭坛南湾深远海养殖项目立项的公示			平潭综合实验区农业农村局	https://www.pingtan.gov.cn/zwgk/gsgg/202604/t20260417_106282.htm	zwgk/gsgg/202604/106282_平潭综合实验区农业农村局关于平潭坛南湾深远海养殖项目立项的公示/page.txt	done
zwgk/gsgg	平潭综合实验区关于福建省平潭雄鹰船厂技术改造工程环境影响评价报告书审批前公示			平潭综合实验区行政审批局	https://www.pingtan.gov.cn/zwgk/gsgg/202604/t20260417_106281.htm	zwgk/gsgg/202604/106281_平潭综合实验区关于福建省平潭雄鹰船厂技术改造工程环境影响评价报告书审批前公示/page.txt	done
zwgk/gsgg	平潭综合实验区市场监督管理局行政处罚文书送达公告（岚市监苏罚送告〔2026〕1号）			平潭综合实验区市场监督管理局	https://www.pingtan.gov.cn/zwgk/gsgg/202604/t20260417_106279.htm	zwgk/gsgg/202604/106279_平潭综合实验区市场监督管理局行政处罚文书送达公告（岚市监苏罚送告〔2026〕1号/page.txt	done
zwgk/gsgg	平潭综合实验区关于平潭钱便澳陆岛交通码头工程用海审批前公示			平潭综合实验区行政审批局	https://www.pingtan.gov.cn/zwgk/gsgg/202604/t20260417_106277.htm	zwgk/gsgg/202604/106277_平潭综合实验区关于平潭钱便澳陆岛交通码头工程用海审批前公示/page.txt	done
zwgk/gsgg	平潭综合实验区自然资源与生态环境局关于平潭两岸农渔产品批发贸易中心项目总平面图批前公示			平潭综合实验区自然资源与生态环境局	https://www.pingtan.gov.cn/zwgk/gsgg/202604/t20260417_106275.htm	zwgk/gsgg/202604/106275_平潭综合实验区自然资源与生态环境局关于平潭两岸农渔产品批发贸易中心项目总平面图批/page.txt	done
zwgk/gsgg	平潭综合实验区自然资源服务中心关于信息系统网络安全等级保护测评服务自行采购公告			平潭综合实验区自然资源服务中心	https://www.pingtan.gov.cn/zwgk/gsgg/202604/t20260417_106273.htm	zwgk/gsgg/202604/106273_平潭综合实验区自然资源服务中心关于信息系统网络安全等级保护测评服务自行采购公告/page.txt	done
zwgk/gsgg	新兴产业园区标准厂房（一期）项目竣工规划条件核实结果公布			平潭综合实验区自然资源与生态环境局	https://www.pingtan.gov.cn/zwgk/gsgg/202604/t20260417_106272.htm	zwgk/gsgg/202604/106272_新兴产业园区标准厂房（一期）项目竣工规划条件核实结果公布/page.txt	done
zwgk/gsgg	平潭县金童幼儿园清算公告			平潭综合实验区社会事业局	https://www.pingtan.gov.cn/zwgk/gsgg/202604/t20260417_106262.htm	zwgk/gsgg/202604/106262_平潭县金童幼儿园清算公告/page.txt	done
zwgk/gsgg	平潭综合实验区自然资源与生态环境局  自行采购项目采购成交结果公告			平潭综合实验区自然资源与生态环境局	https://www.pingtan.gov.cn/zwgk/gsgg/202604/t20260417_106259.htm	zwgk/gsgg/202604/106259_平潭综合实验区自然资源与生态环境局 自行采购项目采购成交结果公告/page.txt	done
zwgk/gsgg	平潭综合实验区自然资源与生态环境局 自行采购项目比选采购评审结果公告			平潭综合实验区自然资源与生态环境局	https://www.pingtan.gov.cn/zwgk/gsgg/202604/t20260416_106258.htm	zwgk/gsgg/202604/106258_平潭综合实验区自然资源与生态环境局 自行采购项目比选采购评审结果公告/page.txt	done
zwgk/gsgg	平潭综合实验区自然资源与生态环境局自行采购项目比选采购评审结果公告			平潭综合实验区自然资源与生态环境局	https://www.pingtan.gov.cn/zwgk/gsgg/202604/t20260416_106257.htm	zwgk/gsgg/202604/106257_平潭综合实验区自然资源与生态环境局自行采购项目比选采购评审结果公告/page.txt	done
zwgk/gsgg	​美涤科技项目（一期）竣工规划条件核实结果公布			平潭综合实验区自然资源与生态环境局	https://www.pingtan.gov.cn/zwgk/gsgg/202604/t20260416_106255.htm	zwgk/gsgg/202604/106255_​美涤科技项目（一期）竣工规划条件核实结果公布/page.txt	done
zwgk/gsgg	平潭综合实验区自然资源与生态环境局关于2026年森林花化景观林示范点项目询价公告			平潭综合实验区自然资源与生态环境局	https://www.pingtan.gov.cn/zwgk/gsgg/202604/t20260416_106254.htm	zwgk/gsgg/202604/106254_平潭综合实验区自然资源与生态环境局关于2026年森林花化景观林示范点项目询价公告/page.txt	done
zwgk/gsgg	平潭综合实验区市场监督管理局  平潭综合实验区党工委政法和社会工作部 平潭综合实验区人民法院 平潭综合实验区人民检察院 平潭综合实验区公安局关于优化营商环境建立投诉举报高效处置			平潭综合实验区市场监督管理局	https://www.pingtan.gov.cn/zwgk/gsgg/202604/t20260416_106250.htm	zwgk/gsgg/202604/106250_平潭综合实验区市场监督管理局 平潭综合实验区党工委政法和社会工作部 平潭综合实/page.txt	done
zwgk/gsgg	关于闽平渔65001渔船渔业捕捞许可证遗失的公告			平潭综合实验区农业农村局	https://www.pingtan.gov.cn/zwgk/gsgg/202604/t20260415_106240.htm	zwgk/gsgg/202604/106240_关于闽平渔65001渔船渔业捕捞许可证遗失的公告/page.txt	done
zwgk/gsgg	平潭综合实验区党工委党校桶装水采购项目结果公示			平潭党校	https://www.pingtan.gov.cn/zwgk/gsgg/202604/t20260415_106236.htm	zwgk/gsgg/202604/106236_平潭综合实验区党工委党校桶装水采购项目结果公示/page.txt	done
zwgk/gsgg	平潭综合实验区党工委党校印刷采购服务项目结果公示			平潭党校	https://www.pingtan.gov.cn/zwgk/gsgg/202604/t20260415_106235.htm	zwgk/gsgg/202604/106235_平潭综合实验区党工委党校印刷采购服务项目结果公示/page.txt	done
zwgk/gsgg	平潭综合实验区党工委党校日常广告制作服务项目结果公示			平潭党校	https://www.pingtan.gov.cn/zwgk/gsgg/202604/t20260415_106234.htm	zwgk/gsgg/202604/106234_平潭综合实验区党工委党校日常广告制作服务项目结果公示/page.txt	done
zwgk/gsgg	平潭综合实验区党工委党校办公用品、日用品采购服务项目结果公示			平潭党校	https://www.pingtan.gov.cn/zwgk/gsgg/202604/t20260415_106232.htm	zwgk/gsgg/202604/106232_平潭综合实验区党工委党校办公用品、日用品采购服务项目结果公示/page.txt	done
zwgk/gsgg	平潭综合实验区党工委党校办公设备耗材及配件采购服务项目结果公示			平潭党校	https://www.pingtan.gov.cn/zwgk/gsgg/202604/t20260415_106231.htm	zwgk/gsgg/202604/106231_平潭综合实验区党工委党校办公设备耗材及配件采购服务项目结果公示/page.txt	done
zwgk/gsgg	平潭综合实验区自然资源与生态环境局关于《平潭综合实验区潭城组团空间资源盘整与更新利用研究》询价公告			平潭综合实验区自然资源与生态环境局	https://www.pingtan.gov.cn/zwgk/gsgg/202604/t20260415_106227.htm	zwgk/gsgg/202604/106227_平潭综合实验区自然资源与生态环境局关于《平潭综合实验区潭城组团空间资源盘整与更新/page.txt	done
zwgk/gsgg	​《2026-2035年现代化国有防护林场发展规划》编制服务项目流标公示			平潭综合实验区自然资源服务中心	https://www.pingtan.gov.cn/zwgk/gsgg/202604/t20260415_106218.htm	zwgk/gsgg/202604/106218_​《2026-2035年现代化国有防护林场发展规划》编制服务项目流标公示/page.txt	done
zwgk/gsgg	平潭综合实验区自然资源服务中心关于《2026-2035年现代化国有防护林场发展规划》编制服务项目采购公告（第二次）			平潭综合实验区自然资源服务中心	https://www.pingtan.gov.cn/zwgk/gsgg/202604/t20260415_106217.htm	zwgk/gsgg/202604/106217_平潭综合实验区自然资源服务中心关于《2026-2035年现代化国有防护林场发展规/page.txt	done
zwgk/gsgg	平潭综合实验区苏平片区管理局关于2026年度第二批衔接推进乡村振兴项目（扶持发展新型农村集体经济项目）的公告			平潭综合实验区苏平片区管理局	https://www.pingtan.gov.cn/zwgk/gsgg/202604/t20260415_106214.htm	zwgk/gsgg/202604/106214_平潭综合实验区苏平片区管理局关于2026年度第二批衔接推进乡村振兴项目（扶持发展/page.txt	done
zwgk/gsgg	平潭综合实验区苏平片区管理局关于2026年度第二批衔接推进乡村振兴项目（扶持发展新型农村集体经济项目）的公示			平潭综合实验区苏平片区管理局	https://www.pingtan.gov.cn/zwgk/gsgg/202604/t20260415_106213.htm	zwgk/gsgg/202604/106213_平潭综合实验区苏平片区管理局关于2026年度第二批衔接推进乡村振兴项目（扶持发展/page.txt	done
zwgk/gsgg	平潭综合实验区农业农村局关于平潭综合实验区休闲渔船从事海上休闲垂钓渔业活动经营备案信息的公示			平潭综合实验区农业农村局	https://www.pingtan.gov.cn/zwgk/gsgg/202604/t20260414_106210.htm	zwgk/gsgg/202604/106210_平潭综合实验区农业农村局关于平潭综合实验区休闲渔船从事海上休闲垂钓渔业活动经营备/page.txt	done
zwgk/gsgg	平潭综合实验区金贝儿幼儿园清算公告			平潭综合实验区社会事业局	https://www.pingtan.gov.cn/zwgk/gsgg/202604/t20260414_106205.htm	zwgk/gsgg/202604/106205_平潭综合实验区金贝儿幼儿园清算公告/page.txt	done
zwgk/gsgg	平潭县黎明幼儿园清算公告			平潭综合实验区社会事业局	https://www.pingtan.gov.cn/zwgk/gsgg/202604/t20260414_106204.htm	zwgk/gsgg/202604/106204_平潭县黎明幼儿园清算公告/page.txt	done
zwgk/gsgg	海军平潭岸勤处营区办公楼和家属公寓修缮项目竞争性磋商采购公告			平潭综合实验社会事业局	https://www.pingtan.gov.cn/zwgk/gsgg/202604/t20260414_106203.htm	zwgk/gsgg/202604/106203_海军平潭岸勤处营区办公楼和家属公寓修缮项目竞争性磋商采购公告/page.txt	done
zwgk/gsgg	军休用房提升改造项目竞争性磋商			平潭综合实验社会事业局	https://www.pingtan.gov.cn/zwgk/gsgg/202604/t20260414_106200.htm	zwgk/gsgg/202604/106200_军休用房提升改造项目竞争性磋商/page.txt	done
zwgk/gsgg	平潭戎军通综合管理服务平台项目竞争性磋商公告			平潭综合实验社会事业局	https://www.pingtan.gov.cn/zwgk/gsgg/202604/t20260414_106199.htm	zwgk/gsgg/202604/106199_平潭戎军通综合管理服务平台项目竞争性磋商公告/page.txt	done
zwgk/gsgg	海上渔业设施生产基地项目联合竣工验收情况公示			平潭综合实验区行政审批局	https://www.pingtan.gov.cn/zwgk/gsgg/202604/t20260414_106182.htm	zwgk/gsgg/202604/106182_海上渔业设施生产基地项目联合竣工验收情况公示/page.txt	done
zwgk/gsgg	平潭综合实验区关于城市更新国有老旧资产-五交化家属区提升工程建设许可阶段审批前公示			平潭综合实验区行政审批局	https://www.pingtan.gov.cn/zwgk/gsgg/202604/t20260413_106181.htm	zwgk/gsgg/202604/106181_平潭综合实验区关于城市更新国有老旧资产-五交化家属区提升工程建设许可阶段审批前公/page.txt	done
zwgk/gsgg	平潭第一中学岚城校区物业委托社会化经营服务方案征集公告			平潭综合实验社会事业局	https://www.pingtan.gov.cn/zwgk/gsgg/202604/t20260413_106171.htm	zwgk/gsgg/202604/106171_平潭第一中学岚城校区物业委托社会化经营服务方案征集公告/page.txt	done
zwgk/gsgg	平潭综合实验区党工委农村工作领导小组办公室关于2026年度第四批衔接推进乡村振兴项目（7个村扶持发展新型农村集体经济）的公告			平潭综合实验区农业农村局	https://www.pingtan.gov.cn/zwgk/gsgg/202604/t20260413_106170.htm	zwgk/gsgg/202604/106170_平潭综合实验区党工委农村工作领导小组办公室关于2026年度第四批衔接推进乡村振兴/page.txt	done
zwgk/gsgg	平潭综合实验区农业农村局关于2025年度农业经营主体能力提升资金 (社会化服务项目)拨付明细的公示			平潭综合实验区农业农村局	https://www.pingtan.gov.cn/zwgk/gsgg/202604/t20260413_106168.htm	zwgk/gsgg/202604/106168_平潭综合实验区农业农村局关于2025年度农业经营主体能力提升资金 (社会化服务项/page.txt	done
zwgk/gsgg	平潭综合实验区行政审批局关于注销福建中联航运有限公司国内船舶管理业务经营许可的批复			潭综合实验区行政审批局	https://www.pingtan.gov.cn/zwgk/gsgg/202604/t20260413_106160.htm	zwgk/gsgg/202604/106160_平潭综合实验区行政审批局关于注销福建中联航运有限公司国内船舶管理业务经营许可的批/page.txt	done
zwgk/gsgg	平潭综合实验区市场监督管理局关于废止部分行政规范性文件的通知			平潭综合实验区市场监督管理局	https://www.pingtan.gov.cn/zwgk/gsgg/202604/t20260413_106146.htm	zwgk/gsgg/202604/106146_平潭综合实验区市场监督管理局关于废止部分行政规范性文件的通知/page.txt	done
zwgk/gsgg	平潭综合实验区农业农村局关于省级乡村工匠名师培育对象候选人推荐名单的公示			平潭综合实验区农业农村局	https://www.pingtan.gov.cn/zwgk/gsgg/202604/t20260410_106144.htm	zwgk/gsgg/202604/106144_平潭综合实验区农业农村局关于省级乡村工匠名师培育对象候选人推荐名单的公示/page.txt	done
zwgk/gsgg	平潭综合实验区市场监督管理局2026年涉企检查计划			平潭综合实验区市场监督管理局	https://www.pingtan.gov.cn/zwgk/gsgg/202604/t20260410_106138.htm	zwgk/gsgg/202604/106138_平潭综合实验区市场监督管理局2026年涉企检查计划/page.txt	done
zwgk/gsgg	平潭综合实验区关于平潭综合实验区海洋气象站（三期）基础设施建设项目工程建设许可阶段审批前公示			平潭综合实验区行政审批局	https://www.pingtan.gov.cn/zwgk/gsgg/202604/t20260410_106133.htm	zwgk/gsgg/202604/106133_平潭综合实验区关于平潭综合实验区海洋气象站（三期）基础设施建设项目工程建设许可阶/page.txt	done
zwgk/gsgg	平潭综合实验区自然资源与生态环境局平潭综合实验区财政金融局 关于2025年度中央财政林业及森林保险保费补贴专项资金绩效自评的报告			平潭综合实验区自然资源与生态环境局	https://www.pingtan.gov.cn/zwgk/gsgg/202604/t20260409_106113.htm	zwgk/gsgg/202604/106113_平潭综合实验区自然资源与生态环境局平潭综合实验区财政金融局 关于2025年度中央/page.txt	done
zwgk/gsgg	平潭综合实验区自然资源与生态环境局关于2025年度省级财政林业专项资金绩效评价的报告			平潭综合实验区自然资源与生态环境局	https://www.pingtan.gov.cn/zwgk/gsgg/202604/t20260409_106112.htm	zwgk/gsgg/202604/106112_平潭综合实验区自然资源与生态环境局关于2025年度省级财政林业专项资金绩效评价的/page.txt	done
zwgk/gsgg	​平潭综合实验区自然资源与生态环境局关于平潭岚城新区小学（二期）项目总平面图变更公示			平潭综合实验区自然资源与生态环境局	https://www.pingtan.gov.cn/zwgk/gsgg/202604/t20260409_106111.htm	zwgk/gsgg/202604/106111_​平潭综合实验区自然资源与生态环境局关于平潭岚城新区小学（二期）项目总平面图变更/page.txt	done
zwgk/gsgg	平潭综合实验区君山片区管理局关于2026年度中央和省级财政衔接推进乡村 振兴补助资金（支持发展新型农村集体经济）申报项目的公告			平潭综合实验区君山片区管理局	https://www.pingtan.gov.cn/zwgk/gsgg/202604/t20260409_106108.htm	zwgk/gsgg/202604/106108_平潭综合实验区君山片区管理局关于2026年度中央和省级财政衔接推进乡村 振兴补助/page.txt	done
zwgk/gsgg	平潭综合实验区重点优抚对象健康体检业务采购项目（二次）成交公告			平潭综合实验区社会事业局	https://www.pingtan.gov.cn/zwgk/gsgg/202604/t20260409_106105.htm	zwgk/gsgg/202604/106105_平潭综合实验区重点优抚对象健康体检业务采购项目（二次）成交公告/page.txt	done
zwgk/gsgg	平潭综合实验区市场监督管理局行政处罚文书送达公告（岚市监西罚送告〔2026〕1号）			平潭综合实验区市场监督管理局	https://www.pingtan.gov.cn/zwgk/gsgg/202604/t20260408_106077.htm	zwgk/gsgg/202604/106077_平潭综合实验区市场监督管理局行政处罚文书送达公告（岚市监西罚送告〔2026〕1号/page.txt	done
zwgk/gsgg	平潭综合实验区自然资源与生态环境局关于  蔻蒂桑(福建)生物科技有限公司香水工厂  建设生产项目竣工规划条件核实公示			平潭综合实验区自然资源与生态环境局	https://www.pingtan.gov.cn/zwgk/gsgg/202604/t20260408_106076.htm	zwgk/gsgg/202604/106076_平潭综合实验区自然资源与生态环境局关于 蔻蒂桑(福建)生物科技有限公司香水工厂/page.txt	done
zwgk/gsgg	平潭综合实验区农业农村局关于苏平镇梧凤等7个村2023年高标准农田改造提升项目初步验收情况公开			平潭综合实验区农业农村局	https://www.pingtan.gov.cn/zwgk/gsgg/202604/t20260408_106062.htm	zwgk/gsgg/202604/106062_平潭综合实验区农业农村局关于苏平镇梧凤等7个村2023年高标准农田改造提升项目初/page.txt	done
zwgk/gsgg	平潭综合实验区农业农村局关于2025年台湾农民创业园项目第二次验收情况的公开			平潭综合实验区农业农村局	https://www.pingtan.gov.cn/zwgk/gsgg/202604/t20260408_106061.htm	zwgk/gsgg/202604/106061_平潭综合实验区农业农村局关于2025年台湾农民创业园项目第二次验收情况的公开/page.txt	done
zwgk/gsgg	平潭综合实验区党工委党校桶装水采购项目询价公告（第二次）			平潭党校	https://www.pingtan.gov.cn/zwgk/gsgg/202604/t20260408_106056.htm	zwgk/gsgg/202604/106056_平潭综合实验区党工委党校桶装水采购项目询价公告（第二次）/page.txt	done
zwgk/gsgg	平潭综合实验区海坛片区管理局关于河长名单的公示			海坛片区	https://www.pingtan.gov.cn/zwgk/gsgg/202604/t20260407_106046.htm	zwgk/gsgg/202604/106046_平潭综合实验区海坛片区管理局关于河长名单的公示/page.txt	done
zwgk/gsgg	平潭综合实验区行政审批局关于撤销登记告知书的送达公告			平潭综合实验区行政审批局	https://www.pingtan.gov.cn/zwgk/gsgg/202604/t20260407_106044.htm	zwgk/gsgg/202604/106044_平潭综合实验区行政审批局关于撤销登记告知书的送达公告/page.txt	done
zwgk/gsgg	平潭综合实验区金井片区管理局河长制办公室关于河湖长名单的公示			平潭综合实验区金井片区管理局	https://www.pingtan.gov.cn/zwgk/gsgg/202604/t20260407_106043.htm	zwgk/gsgg/202604/106043_平潭综合实验区金井片区管理局河长制办公室关于河湖长名单的公示/page.txt	done
zwgk/gsgg	平潭综合实验区自然资源服务中心 关于三十六脚湖周边环境综合清理 项目中标结果的公告			平潭综合实验区自然资源与生态环境局	https://www.pingtan.gov.cn/zwgk/gsgg/202604/t20260407_106040.htm	zwgk/gsgg/202604/106040_平潭综合实验区自然资源服务中心 关于三十六脚湖周边环境综合清理 项目中标结果的公/page.txt	done
zwgk/gsgg	平潭综合实验区苏平片区管理局关于河长名单的公示			平潭综合实验区苏平片区管理局	https://www.pingtan.gov.cn/zwgk/gsgg/202604/t20260407_106039.htm	zwgk/gsgg/202604/106039_平潭综合实验区苏平片区管理局关于河长名单的公示/page.txt	done
zwgk/gsgg	平潭综合实验区党工委党校桶装水采购项目流标公告			平潭党校	https://www.pingtan.gov.cn/zwgk/gsgg/202604/t20260407_106026.htm	zwgk/gsgg/202604/106026_平潭综合实验区党工委党校桶装水采购项目流标公告/page.txt	done
zwgk/gsgg	平潭综合实验区自然资源服务中心关于2026-2035年现代化国有防护林场发展规划》编制服务项目采购公告			平潭综合实验区自然资源与生态环境局	https://www.pingtan.gov.cn/zwgk/gsgg/202604/t20260407_106024.htm	zwgk/gsgg/202604/106024_平潭综合实验区自然资源服务中心关于2026-2035年现代化国有防护林场发展规划/page.txt	done
zwgk/gsgg	平潭综合实验区行政审批局关于注销平潭福顺港口工程建设有限公司国内船舶管理业务经营许可的批复			平潭综合实验区行政审批局	https://www.pingtan.gov.cn/zwgk/gsgg/202604/t20260403_106015.htm	zwgk/gsgg/202604/106015_平潭综合实验区行政审批局关于注销平潭福顺港口工程建设有限公司国内船舶管理业务经营/page.txt	done
zwgk/gsgg	平潭帕卓风力发电水冷系统基地项目一期（1#厂房、3#厂房及配电房）项目竣工  规划条件核实结果公布			平潭综合实验区自然资源与生态环境局	https://www.pingtan.gov.cn/zwgk/gsgg/202604/t20260403_106003.htm	zwgk/gsgg/202604/106003_平潭帕卓风力发电水冷系统基地项目一期（1#厂房、3#厂房及配电房）项目竣工 规/page.txt	done
zwgk/gsgg	关于2026年第一季度第一类医疗器械产品备案情况的公示			平潭综合实验区行政审批局	https://www.pingtan.gov.cn/zwgk/gsgg/202604/t20260403_105996.htm	zwgk/gsgg/202604/105996_关于2026年第一季度第一类医疗器械产品备案情况的公示/page.txt	done
zwgk/gsgg	平潭综合实验区关于平潭阅读小镇彩票公益展示长廊项目（小型建设工程） 施工许可阶段审批前公示			平潭综合实验区行政审批局	https://www.pingtan.gov.cn/zwgk/gsgg/202604/t20260402_105987.htm	zwgk/gsgg/202604/105987_平潭综合实验区关于平潭阅读小镇彩票公益展示长廊项目（小型建设工程） 施工许可阶段/page.txt	done
zwgk/gsgg	​ 平潭综合实验区自然资源与生态环境局2026年档案整理及数字化服务项目采购公告			平潭综合实验区自然资源与生态环境局	https://www.pingtan.gov.cn/zwgk/gsgg/202604/t20260402_105986.htm	zwgk/gsgg/202604/105986_​ 平潭综合实验区自然资源与生态环境局2026年档案整理及数字化服务项目采购公告/page.txt	done
zwgk/gsgg	​平潭综合实验区自然资源与生态环境局  实验区耕地保护监测分析工作技术服务项目  自行采购公告			平潭综合实验区自然资源与生态环境局	https://www.pingtan.gov.cn/zwgk/gsgg/202604/t20260402_105985.htm	zwgk/gsgg/202604/105985_​平潭综合实验区自然资源与生态环境局 实验区耕地保护监测分析工作技术服务项目/page.txt	done
zwgk/gsgg	平潭综合实验区行政审批局关于拟撤销福建合利兴电子科技有限公司变更登记的送达公告			平潭综合实验区行政审批局	https://www.pingtan.gov.cn/zwgk/gsgg/202604/t20260402_105984.htm	zwgk/gsgg/202604/105984_平潭综合实验区行政审批局关于拟撤销福建合利兴电子科技有限公司变更登记的送达公告/page.txt	done
zwgk/gsgg	平潭综合实验区行政审批局关于拟撤销平潭爱顺达电子商务有限公司设立登记的送达公告			平潭综合实验区行政审批局	https://www.pingtan.gov.cn/zwgk/gsgg/202604/t20260402_105983.htm	zwgk/gsgg/202604/105983_平潭综合实验区行政审批局关于拟撤销平潭爱顺达电子商务有限公司设立登记的送达公告/page.txt	done
zwgk/gsgg	平潭综合实验区自然资源与生态环境局关于公开出让2026G002号宗地国有建设用地使用权的公告			平潭综合实验区自然资源与生态环境局	https://www.pingtan.gov.cn/zwgk/gsgg/202604/t20260401_105970.htm	zwgk/gsgg/202604/105970_平潭综合实验区自然资源与生态环境局关于公开出让2026G002号宗地国有建设用地/page.txt	done
zwgk/gsgg	平潭县龙翔幼儿园清算公告			平潭综合实验区社会事业局	https://www.pingtan.gov.cn/zwgk/gsgg/202604/t20260401_105969.htm	zwgk/gsgg/202604/105969_平潭县龙翔幼儿园清算公告/page.txt	done
zwgk/gsgg	平潭县乐苗幼儿园清算公告			平潭综合实验区社会事业局	https://www.pingtan.gov.cn/zwgk/gsgg/202604/t20260401_105968.htm	zwgk/gsgg/202604/105968_平潭县乐苗幼儿园清算公告/page.txt	done
zwgk/gsgg	平潭县哈佛幼儿园清算公告			平潭综合实验区社会事业局	https://www.pingtan.gov.cn/zwgk/gsgg/202604/t20260401_105967.htm	zwgk/gsgg/202604/105967_平潭县哈佛幼儿园清算公告/page.txt	done
zwgk/gsgg	平潭县笑笑幼儿园清算公告			平潭综合实验区社会事业局	https://www.pingtan.gov.cn/zwgk/gsgg/202604/t20260401_105963.htm	zwgk/gsgg/202604/105963_平潭县笑笑幼儿园清算公告/page.txt	done
zwgk/gsgg	平潭综合实验区自然资源与生态环境局关于  公开征询2026年平潭综合实验区地方  事权生态环境监测项目报价的公告			平潭综合实验区自然资源与生态环境局	https://www.pingtan.gov.cn/zwgk/gsgg/202604/t20260401_105962.htm	zwgk/gsgg/202604/105962_平潭综合实验区自然资源与生态环境局关于 公开征询2026年平潭综合实验区地方/page.txt	done
zwgk/gsgg	平潭综合实验区河长制办公室关于公布平潭综合实验区区级河长名单的公告			平潭综合实验区农业农村局	https://www.pingtan.gov.cn/zwgk/gsgg/202604/t20260401_105960.htm	zwgk/gsgg/202604/105960_平潭综合实验区河长制办公室关于公布平潭综合实验区区级河长名单的公告/page.txt	done
zwgk/gsgg	平潭综合实验区2026年农作物品种试验鉴定展示示范项目申报情况公开			平潭综合实验区农业农村局	https://www.pingtan.gov.cn/zwgk/gsgg/202604/t20260401_105958.htm	zwgk/gsgg/202604/105958_平潭综合实验区2026年农作物品种试验鉴定展示示范项目申报情况公开/page.txt	done
zwgk/gsgg	平潭综合实验区君山片区管理局关于河长名单的公示			平潭综合实验区君山片区管理局	https://www.pingtan.gov.cn/zwgk/gsgg/202604/t20260401_105954.htm	zwgk/gsgg/202604/105954_平潭综合实验区君山片区管理局关于河长名单的公示/page.txt	done
zwgk/gsgg	平潭综合实验区自然资源与生态环境局关于实验区幸福洋区域土地整治典型案例宣传服务费询价公告			平潭综合实验区自然资源与生态环境局	https://www.pingtan.gov.cn/zwgk/gsgg/202604/t20260401_105947.htm	zwgk/gsgg/202604/105947_平潭综合实验区自然资源与生态环境局关于实验区幸福洋区域土地整治典型案例宣传服务费/page.txt	done
zwgk/gsgg	《平潭综合实验区社会事业局行政处罚决定书》《通知书》送达公告  (平潭县育英中学等2家民办非企业单位)			平潭综合实验区社会事业局	https://www.pingtan.gov.cn/zwgk/gsgg/202603/t20260331_105939.htm	zwgk/gsgg/202603/105939_《平潭综合实验区社会事业局行政处罚决定书》《通知书》送达公告 (平潭县育英中学/page.txt	done
zwgk/gsgg	《平潭综合实验区社会事业局行政处罚决定书》《通知书》送达公告  (平潭宏大生物科技研究所等2家民办非企业单位)			平潭综合实验区社会事业局	https://www.pingtan.gov.cn/zwgk/gsgg/202603/t20260331_105937.htm	zwgk/gsgg/202603/105937_《平潭综合实验区社会事业局行政处罚决定书》《通知书》送达公告 (平潭宏大生物科/page.txt	done
zwgk/gsgg	《平潭综合实验区社会事业局行政处罚决定书》《通知书》送达公告  (平潭风能行业协会)			平潭综合实验区社会事业局	https://www.pingtan.gov.cn/zwgk/gsgg/202603/t20260331_105936.htm	zwgk/gsgg/202603/105936_《平潭综合实验区社会事业局行政处罚决定书》《通知书》送达公告 (平潭风能行业协/page.txt	done
zwgk/gsgg	《平潭综合实验区社会事业局行政处罚决定书》《通知书》送达公告  (平潭综合实验区美业发展协会等6家社会团体)			平潭综合实验区社会事业局	https://www.pingtan.gov.cn/zwgk/gsgg/202603/t20260331_105935.htm	zwgk/gsgg/202603/105935_《平潭综合实验区社会事业局行政处罚决定书》《通知书》送达公告 (平潭综合实验区/page.txt	done
zwgk/gsgg	平潭综合实验区自然资源与生态环境局关于华盛材料科技项目总平面图批前公示			平潭综合实验区自然资源与生态环境局	https://www.pingtan.gov.cn/zwgk/gsgg/202603/t20260331_105934.htm	zwgk/gsgg/202603/105934_平潭综合实验区自然资源与生态环境局关于华盛材料科技项目总平面图批前公示/page.txt	done
zwgk/gsgg	平潭综合实验区自然资源与生态环境局关于发布2026年度平潭综合实验区环境监管重点单位名录的通知			平潭综合实验区自然资源与生态环境局	https://www.pingtan.gov.cn/zwgk/gsgg/202603/t20260331_105933.htm	zwgk/gsgg/202603/105933_平潭综合实验区自然资源与生态环境局关于发布2026年度平潭综合实验区环境监管重点/page.txt	done
zwgk/gsgg	平潭综合实验区2026年农业“五新” （农机新机具）示范推广项目申报情况公开			平潭综合实验区农业农村局	https://www.pingtan.gov.cn/zwgk/gsgg/202603/t20260331_105921.htm	zwgk/gsgg/202603/105921_平潭综合实验区2026年农业“五新” （农机新机具）示范推广项目申报情况公开/page.txt	done
zwgk/gsgg	平潭综合实验区2026年基层农技推广体系改革与建设补助项目农业科技示范基地 申报情况公开			平潭综合实验区农业农村局	https://www.pingtan.gov.cn/zwgk/gsgg/202603/t20260331_105919.htm	zwgk/gsgg/202603/105919_平潭综合实验区2026年基层农技推广体系改革与建设补助项目农业科技示范基地 申报/page.txt	done
zwgk/gsgg	平潭综合实验区自然资源服务中心  自行采购项目采购成交结果公告			平潭综合实验区自然资源与生态环境局	https://www.pingtan.gov.cn/zwgk/gsgg/202603/t20260331_105917.htm	zwgk/gsgg/202603/105917_平潭综合实验区自然资源服务中心 自行采购项目采购成交结果公告/page.txt	done
zwgk/gsgg	平潭综合实验区关于平潭高品质旅游厕所（南松村）（小型建设工程）施工许可阶段审批前公示			平潭综合实验区行政审批局	https://www.pingtan.gov.cn/zwgk/gsgg/202603/t20260330_105905.htm	zwgk/gsgg/202603/105905_平潭综合实验区关于平潭高品质旅游厕所（南松村）（小型建设工程）施工许可阶段审批前/page.txt	done
zwgk/gsgg	君山镇北港村旅游品质提升项目（中标通知书）			平潭综合实验区君山片区管理局	https://www.pingtan.gov.cn/zwgk/gsgg/202603/t20260330_105895.htm	zwgk/gsgg/202603/105895_君山镇北港村旅游品质提升项目（中标通知书）/page.txt	done
zwgk/gsgg	平潭综合实验区君山片区管理局关于君山片区2026年生态屏障建设营造林项目公开询价结果的公示			平潭综合实验区君山片区管理局	https://www.pingtan.gov.cn/zwgk/gsgg/202603/t20260330_105894.htm	zwgk/gsgg/202603/105894_平潭综合实验区君山片区管理局关于君山片区2026年生态屏障建设营造林项目公开询价/page.txt	done
zwgk/gsgg	平潭综合实验区自然资源与生态环境局关于实验区耕地保护监测分析工作技术服务采购项目流标公示			平潭综合实验区自然资源与生态环境局	https://www.pingtan.gov.cn/zwgk/gsgg/202603/t20260330_105889.htm	zwgk/gsgg/202603/105889_平潭综合实验区自然资源与生态环境局关于实验区耕地保护监测分析工作技术服务采购项目/page.txt	done
zwgk/gsgg	平潭综合实验区自然资源服务中心关于2026年三十六脚湖周边环境综合清理项目自行采购公告			平潭综合实验区自然资源与生态环境局	https://www.pingtan.gov.cn/zwgk/gsgg/202603/t20260330_105887.htm	zwgk/gsgg/202603/105887_平潭综合实验区自然资源服务中心关于2026年三十六脚湖周边环境综合清理项目自行采/page.txt	done
zwgk/gsgg	平潭综合实验区自然资源与生态环境局关于2026年排污许可第三方技术评估服务项目采购招标公告			平潭综合实验区自然资源与生态环境局	https://www.pingtan.gov.cn/zwgk/gsgg/202603/t20260327_105871.htm	zwgk/gsgg/202603/105871_平潭综合实验区自然资源与生态环境局关于2026年排污许可第三方技术评估服务项目采/page.txt	done
zwgk/gsgg	​平潭综合实验区自然资源与生态环境局 关于美涤科技项目竣工规划条件核实公示			平潭综合实验区自然资源与生态环境局	https://www.pingtan.gov.cn/zwgk/gsgg/202603/t20260327_105870.htm	zwgk/gsgg/202603/105870_​平潭综合实验区自然资源与生态环境局 关于美涤科技项目竣工规划条件核实公示/page.txt	done
zwgk/gsgg	​2026年04月09日平潭电网检修信息			平潭电网	https://www.pingtan.gov.cn/zwgk/gsgg/202603/t20260327_105869.htm	zwgk/gsgg/202603/105869_​2026年04月09日平潭电网检修信息/page.txt	done
zwgk/gsgg	海坛片区村（社区）干部和农村集体经济组织负责人任期和离任经济责任审计服务项目中标结果更正公示			海坛片区	https://www.pingtan.gov.cn/zwgk/gsgg/202603/t20260327_105866.htm	zwgk/gsgg/202603/105866_海坛片区村（社区）干部和农村集体经济组织负责人任期和离任经济责任审计服务项目中标/page.txt	done
zwgk/gsgg	平潭综合实验区党工委党校日常广告制作服务项目询价公告			平潭党校	https://www.pingtan.gov.cn/zwgk/gsgg/202603/t20260326_105846.htm	zwgk/gsgg/202603/105846_平潭综合实验区党工委党校日常广告制作服务项目询价公告/page.txt	done
zwgk/gsgg	平潭综合实验区重点优抚对象健康体检业务采购项目（二次）采购公告			平潭综合实验区社会事业局	https://www.pingtan.gov.cn/zwgk/gsgg/202603/t20260326_105845.htm	zwgk/gsgg/202603/105845_平潭综合实验区重点优抚对象健康体检业务采购项目（二次）采购公告/page.txt	done
zwgk/gsgg	平潭综合实验区市场监督管理局关于拟强制注销公司登记的公告			平潭综合实验区市场监督管理局	https://www.pingtan.gov.cn/zwgk/gsgg/202603/t20260326_105844.htm	zwgk/gsgg/202603/105844_平潭综合实验区市场监督管理局关于拟强制注销公司登记的公告/page.txt	done
zwgk/gsgg	平潭综合实验区汉服文化交流协会清算公告			平潭综合实验区社会事业局	https://www.pingtan.gov.cn/zwgk/gsgg/202603/t20260326_105843.htm	zwgk/gsgg/202603/105843_平潭综合实验区汉服文化交流协会清算公告/page.txt	done
zwgk/gsgg	海坛片区村（社区）干部和农村集体经济组织负责人任期和离任经济责任审计服务项目中标结果公示			海坛片区	https://www.pingtan.gov.cn/zwgk/gsgg/202603/t20260325_105827.htm	zwgk/gsgg/202603/105827_海坛片区村（社区）干部和农村集体经济组织负责人任期和离任经济责任审计服务项目中标/page.txt	done
zwgk/gsgg	平潭综合实验区重点优抚对象健康体检业务采购项目废标公告			平潭综合实验区社会事业局	https://www.pingtan.gov.cn/zwgk/gsgg/202603/t20260325_105824.htm	zwgk/gsgg/202603/105824_平潭综合实验区重点优抚对象健康体检业务采购项目废标公告/page.txt	done
zwgk/gsgg	平潭综合实验区党工委党校印刷采购服务项目询价公告			平潭党校	https://www.pingtan.gov.cn/zwgk/gsgg/202603/t20260325_105821.htm	zwgk/gsgg/202603/105821_平潭综合实验区党工委党校印刷采购服务项目询价公告/page.txt	done
zwgk/gsgg	平潭综合实验区自然资源服务中心关于2026-2027年度自然资源与空间信息时空云平台运维服务市场调研公告			平潭综合实验区自然资源与生态环境局	https://www.pingtan.gov.cn/zwgk/gsgg/202603/t20260325_105819.htm	zwgk/gsgg/202603/105819_平潭综合实验区自然资源服务中心关于2026-2027年度自然资源与空间信息时空云/page.txt	done
zwgk/gsgg	平潭综合实验区党工委党校桶装水采购项目询价公告			平潭党校	https://www.pingtan.gov.cn/zwgk/gsgg/202603/t20260325_105818.htm	zwgk/gsgg/202603/105818_平潭综合实验区党工委党校桶装水采购项目询价公告/page.txt	done
zwgk/gsgg	平潭综合实验区党工委党校办公用品、日用品采购服务项目询价公告			平潭党校	https://www.pingtan.gov.cn/zwgk/gsgg/202603/t20260325_105817.htm	zwgk/gsgg/202603/105817_平潭综合实验区党工委党校办公用品、日用品采购服务项目询价公告/page.txt	done
zwgk/gsgg	平潭综合实验区党工委党校办公设备耗材及配件采购服务项目询价公告			平潭党校	https://www.pingtan.gov.cn/zwgk/gsgg/202603/t20260325_105810.htm	zwgk/gsgg/202603/105810_平潭综合实验区党工委党校办公设备耗材及配件采购服务项目询价公告/page.txt	done
zwgk/gsgg	平潭综合实验区农业农村局关于2026年第一批农机购置补贴申请情况的公示			平潭综合实验区农业农村局	https://www.pingtan.gov.cn/zwgk/gsgg/202603/t20260324_105805.htm	zwgk/gsgg/202603/105805_平潭综合实验区农业农村局关于2026年第一批农机购置补贴申请情况的公示/page.txt	done
zwgk/gsgg	平潭综合实验区君山片区管理局关于2026年度中央和省级财政衔接推进乡村 振兴补助资金（支持发展新型 农村集体经济）申报项目的公示			平潭综合实验区君山片区管理局	https://www.pingtan.gov.cn/zwgk/gsgg/202603/t20260324_105803.htm	zwgk/gsgg/202603/105803_平潭综合实验区君山片区管理局关于2026年度中央和省级财政衔接推进乡村 振兴补助/page.txt	done
zwgk/gsgg	平潭综合实验区自然资源与生态环境局关于  新兴产业园区标准化厂房项目(一期)  竣工规划条件核实公示			平潭综合实验区自然资源与生态环境局	https://www.pingtan.gov.cn/zwgk/gsgg/202603/t20260323_105786.htm	zwgk/gsgg/202603/105786_平潭综合实验区自然资源与生态环境局关于 新兴产业园区标准化厂房项目(一期)/page.txt	done
zwgk/gsgg	平潭综合实验区自然资源与生态环境局关于  平潭北港村至长江澳风景旅游带交通  优化与旅游功能提升方案编制  工作询价公告			平潭综合实验区自然资源与生态环境局	https://www.pingtan.gov.cn/zwgk/gsgg/202603/t20260323_105785.htm	zwgk/gsgg/202603/105785_平潭综合实验区自然资源与生态环境局关于 平潭北港村至长江澳风景旅游带交通 优/page.txt	done
zwgk/gsgg	平潭综合实验区海坛片区管理局关于申报2025年省级财政衔接推进乡村振兴补助资金（示范奖补）项目的公告			海坛片区	https://www.pingtan.gov.cn/zwgk/gsgg/202603/t20260323_105784.htm	zwgk/gsgg/202603/105784_平潭综合实验区海坛片区管理局关于申报2025年省级财政衔接推进乡村振兴补助资金（/page.txt	done
zwgk/gsgg	用地预审与选址意见书公示			平潭综合实验区自然资源与生态环境局	https://www.pingtan.gov.cn/zwgk/gsgg/202603/t20260323_105783.htm	zwgk/gsgg/202603/105783_用地预审与选址意见书公示/page.txt	done
zwgk/gsgg	建设用地规划许可证			平潭综合实验区自然资源与生态环境局	https://www.pingtan.gov.cn/zwgk/gsgg/202603/t20260323_105782.htm	zwgk/gsgg/202603/105782_建设用地规划许可证/page.txt	done
zwgk/gsgg	用地预审与选址意见书公示			平潭综合实验区自然资源与生态环境局	https://www.pingtan.gov.cn/zwgk/gsgg/202603/t20260323_105781.htm	zwgk/gsgg/202603/105781_用地预审与选址意见书公示/page.txt	done
zwgk/gsgg	建设用地规划许可证			平潭综合实验区自然资源与生态环境局	https://www.pingtan.gov.cn/zwgk/gsgg/202603/t20260323_105780.htm	zwgk/gsgg/202603/105780_建设用地规划许可证/page.txt	done
zwgk/gsgg	平潭综合实验区自然资源服务中心  自行采购项目采购公告			平潭综合实验区自然资源与生态环境局	https://www.pingtan.gov.cn/zwgk/gsgg/202603/t20260323_105779.htm	zwgk/gsgg/202603/105779_平潭综合实验区自然资源服务中心 自行采购项目采购公告/page.txt	done
zwgk/gsgg	68台湾小镇下沉式广场及崖壁提升项目建设工程规划许可证批后公布			平潭综合实验区自然资源与生态环境局	https://www.pingtan.gov.cn/zwgk/gsgg/202603/t20260323_105770.htm	zwgk/gsgg/202603/105770_68台湾小镇下沉式广场及崖壁提升项目建设工程规划许可证批后公布/page.txt	done
zwgk/gsgg	平潭综合实验区海坛片区管理局关于开展村（社区）干部和农村集体经济组织负责人 任期和离任经济责任审计服务比选公告			海坛片区	https://www.pingtan.gov.cn/zwgk/gsgg/202603/t20260320_105753.htm	zwgk/gsgg/202603/105753_平潭综合实验区海坛片区管理局关于开展村（社区）干部和农村集体经济组织负责人 任期/page.txt	done
zwgk/gsgg	平潭综合实验区关于平潭A区海上风电项目用海审批前公示			平潭综合实验区行政审批局	https://www.pingtan.gov.cn/zwgk/gsgg/202603/t20260320_105750.htm	zwgk/gsgg/202603/105750_平潭综合实验区关于平潭A区海上风电项目用海审批前公示/page.txt	done
zwgk/gsgg	平潭综合实验区君山片区2026年生态屏障建设营造林项目公开询价方案			平潭综合实验区君山片区管理局	https://www.pingtan.gov.cn/zwgk/gsgg/202603/t20260320_105749.htm	zwgk/gsgg/202603/105749_平潭综合实验区君山片区2026年生态屏障建设营造林项目公开询价方案/page.txt	done
zwgk/gsgg	平潭综合实验区关于苏平片区龙头村林守忠等屋后滑坡隐患点工程治理项目（小型建设工程）施工许可阶段审批前公示			平潭综合实验区行政审批局	https://www.pingtan.gov.cn/zwgk/gsgg/202603/t20260320_105743.htm	zwgk/gsgg/202603/105743_平潭综合实验区关于苏平片区龙头村林守忠等屋后滑坡隐患点工程治理项目（小型建设工程/page.txt	done
zwgk/gsgg	平潭综合实验区关于平潭农村污水治理项目工程（二期）施工许可阶段审批前公示			平潭综合实验区行政审批局	https://www.pingtan.gov.cn/zwgk/gsgg/202603/t20260320_105740.htm	zwgk/gsgg/202603/105740_平潭综合实验区关于平潭农村污水治理项目工程（二期）施工许可阶段审批前公示/page.txt	done
zwgk/gsgg	平潭综合实验区农业农村局关于拨付2024-2025年台资农业企业贷款贴息补助资金的公示			平潭综合实验区农业农村局	https://www.pingtan.gov.cn/zwgk/gsgg/202603/t20260320_105735.htm	zwgk/gsgg/202603/105735_平潭综合实验区农业农村局关于拨付2024-2025年台资农业企业贷款贴息补助资金/page.txt	done
zwgk/gsgg	​平潭综合实验区自然资源与生态环境局关于公开征询耕地保护和国土绿化空间专项规划技术服务项目市场价格的公告			平潭综合实验区自然资源与生态环境局	https://www.pingtan.gov.cn/zwgk/gsgg/202603/t20260320_105729.htm	zwgk/gsgg/202603/105729_​平潭综合实验区自然资源与生态环境局关于公开征询耕地保护和国土绿化空间专项规划技/page.txt	done
zwgk/gsgg	​平潭综合实验区自然资源与生态环境局  实验区耕地保护监测分析工作技术服务项目  自行采购公告			平潭综合实验区自然资源与生态环境局	https://www.pingtan.gov.cn/zwgk/gsgg/202603/t20260320_105728.htm	zwgk/gsgg/202603/105728_​平潭综合实验区自然资源与生态环境局 实验区耕地保护监测分析工作技术服务项目/page.txt	done
zwgk/gsgg	平潭综合实验区关于江楼溪小流域2025年度省级水土流失综合治理项目（小型建设 工程）施工许可阶段审批前公示			平潭综合实验区行政审批局	https://www.pingtan.gov.cn/zwgk/gsgg/202603/t20260319_105725.htm	zwgk/gsgg/202603/105725_平潭综合实验区关于江楼溪小流域2025年度省级水土流失综合治理项目（小型建设 工/page.txt	done
zwgk/gsgg	君山镇北港村旅游品质提升项目			平潭综合实验区君山片区管理局	https://www.pingtan.gov.cn/zwgk/gsgg/202603/t20260319_105717.htm	zwgk/gsgg/202603/105717_君山镇北港村旅游品质提升项目/page.txt	done
zwgk/gsgg	平潭综合实验区市场监督管理局行政处罚决定书（岚市监处罚〔2026〕35号）			平潭综合实验区市场监督管理局	https://www.pingtan.gov.cn/zwgk/gsgg/202603/t20260318_105709.htm	zwgk/gsgg/202603/105709_平潭综合实验区市场监督管理局行政处罚决定书（岚市监处罚〔2026〕35号）/page.txt	done
zwgk/gsgg	平潭综合实验区市场监督管理局关于征集旅游行业虚假宣传、商业贿赂等违法问题线索的公告			平潭综合实验区市场监督管理局	https://www.pingtan.gov.cn/zwgk/gsgg/202603/t20260317_105685.htm	zwgk/gsgg/202603/105685_平潭综合实验区市场监督管理局关于征集旅游行业虚假宣传、商业贿赂等违法问题线索的公/page.txt	done
zwgk/gsgg	平潭综合实验区市场监督管理局行政处罚决定书（岚市监处罚〔2026〕31号）			平潭综合实验区市场监督管理局	https://www.pingtan.gov.cn/zwgk/gsgg/202603/t20260317_105683.htm	zwgk/gsgg/202603/105683_平潭综合实验区市场监督管理局行政处罚决定书（岚市监处罚〔2026〕31号）/page.txt	done
zwgk/gsgg	平潭综合实验区市场监督管理局行政处罚决定书（岚市监处罚〔2026〕32号）			平潭综合实验区市场监督管理局	https://www.pingtan.gov.cn/zwgk/gsgg/202603/t20260317_105682.htm	zwgk/gsgg/202603/105682_平潭综合实验区市场监督管理局行政处罚决定书（岚市监处罚〔2026〕32号）/page.txt	done
zwgk/gsgg	平潭综合实验区市场监督管理局行政处罚决定书（岚市监处罚〔2026〕33号）			平潭综合实验区市场监督管理局	https://www.pingtan.gov.cn/zwgk/gsgg/202603/t20260317_105681.htm	zwgk/gsgg/202603/105681_平潭综合实验区市场监督管理局行政处罚决定书（岚市监处罚〔2026〕33号）/page.txt	done
zwgk/gsgg	平潭综合实验区市场监督管理局关于公开征求2026年度福建省知识产权发展保护专项资金使用管理意见的通告			平潭综合实验区市场监督管理局	https://www.pingtan.gov.cn/zwgk/gsgg/202603/t20260317_105680.htm	zwgk/gsgg/202603/105680_平潭综合实验区市场监督管理局关于公开征求2026年度福建省知识产权发展保护专项资/page.txt	done
zwgk/gsgg	平潭综合实验区海坛片区管理局关于东澳村村庄规划的公示			海坛片区	https://www.pingtan.gov.cn/zwgk/gsgg/202603/t20260316_105604.htm	zwgk/gsgg/202603/105604_平潭综合实验区海坛片区管理局关于东澳村村庄规划的公示/page.txt	done
zwgk/gsgg	平潭综合实验区党工委党校关于档案规范化整理及数字化服务项目采购询价公告			平潭党校	https://www.pingtan.gov.cn/zwgk/gsgg/202603/t20260316_105602.htm	zwgk/gsgg/202603/105602_平潭综合实验区党工委党校关于档案规范化整理及数字化服务项目采购询价公告/page.txt	done
zwgk/gsgg	平潭综合实验区农业农村局关于做好2026年农作物品种试验鉴定展示示范项目申报工作的函			平潭综合实验区农业农村局	https://www.pingtan.gov.cn/zwgk/gsgg/202603/t20260316_105601.htm	zwgk/gsgg/202603/105601_平潭综合实验区农业农村局关于做好2026年农作物品种试验鉴定展示示范项目申报工作/page.txt	done
zwgk/gsgg	平潭综合实验区重点优抚对象健康体检业务采购项目采购公告			平潭综合实验区社会事业局	https://www.pingtan.gov.cn/zwgk/gsgg/202603/t20260316_105599.htm	zwgk/gsgg/202603/105599_平潭综合实验区重点优抚对象健康体检业务采购项目采购公告/page.txt	done
zwgk/gsgg	平潭综合实验区自然资源与生态环境局  关于征求《2026年度平潭综合实验区  环境监管重点单位名录》意见的公告			平潭综合实验区自然资源与生态环境局	https://www.pingtan.gov.cn/zwgk/gsgg/202603/t20260313_105580.htm	zwgk/gsgg/202603/105580_平潭综合实验区自然资源与生态环境局 关于征求《2026年度平潭综合实验区 环/page.txt	done
zwgk/gsgg	关于平潭戎军通综合管理服务平台项目方案征集结果的公示			退役军人事务处	https://www.pingtan.gov.cn/zwgk/gsgg/202603/t20260313_105573.htm	zwgk/gsgg/202603/105573_关于平潭戎军通综合管理服务平台项目方案征集结果的公示/page.txt	done
zwgk/gsgg	平潭综合实验区苏平片区管理局关于2026年度第一批衔接推进乡村振兴项目（扶持发展新型农村集体经济项目）的公告			平潭综合实验区苏平片区管理局	https://www.pingtan.gov.cn/zwgk/gsgg/202603/t20260313_105570.htm	zwgk/gsgg/202603/105570_平潭综合实验区苏平片区管理局关于2026年度第一批衔接推进乡村振兴项目（扶持发展/page.txt	done
zwgk/gsgg	平潭综合实验区苏平片区管理局关于2026年度第一批衔接推进乡村振兴项目（扶持发展新型农村集体经济项目）的公示			平潭综合实验区苏平片区管理局	https://www.pingtan.gov.cn/zwgk/gsgg/202603/t20260313_105569.htm	zwgk/gsgg/202603/105569_平潭综合实验区苏平片区管理局关于2026年度第一批衔接推进乡村振兴项目（扶持发展/page.txt	done
zwgk/gsgg	平潭综合实验区海坛片区管理局关于申报2025年省级财政衔接推进乡村振兴 补助资金（示范奖补）项目的公示			海坛片区	https://www.pingtan.gov.cn/zwgk/gsgg/202603/t20260312_105562.htm	zwgk/gsgg/202603/105562_平潭综合实验区海坛片区管理局关于申报2025年省级财政衔接推进乡村振兴 补助资金/page.txt	done
zwgk/gsgg	平潭综合实验区自然资源与生态环境局关于平潭帕卓风力发电水冷系统基地(一期)变更项目(3#楼及配电房)竣工规划条件核实公示			平潭综合实验区自然资源与生态环境局	https://www.pingtan.gov.cn/zwgk/gsgg/202603/t20260311_105548.htm	zwgk/gsgg/202603/105548_平潭综合实验区自然资源与生态环境局关于平潭帕卓风力发电水冷系统基地(一期)变更项/page.txt	done
zwgk/gsgg	平潭综合实验区行政审批局关于人力资源服务许可证信息的公示			平潭综合实验区行政审批局	https://www.pingtan.gov.cn/zwgk/gsgg/202603/t20260311_105546.htm	zwgk/gsgg/202603/105546_平潭综合实验区行政审批局关于人力资源服务许可证信息的公示/page.txt	done
zwgk/gsgg	​海上渔业设施生产基地项目竣工规划条件核实结果公布			平潭综合实验区自然资源与生态环境局	https://www.pingtan.gov.cn/zwgk/gsgg/202603/t20260311_105544.htm	zwgk/gsgg/202603/105544_​海上渔业设施生产基地项目竣工规划条件核实结果公布/page.txt	done
zwgk/gsgg	苏平片区法治政府建设工作自查报告			平潭综合实验区苏平片区管理局	https://www.pingtan.gov.cn/zwgk/gsgg/202603/t20260311_105543.htm	zwgk/gsgg/202603/105543_苏平片区法治政府建设工作自查报告/page.txt	done
zwgk/gsgg	平潭综合实验区行政审批局关于注销平潭裕隆丰海运有限公司国内水路运输经营许可的批复			平潭综合实验区行政审批局	https://www.pingtan.gov.cn/zwgk/gsgg/202603/t20260311_105537.htm	zwgk/gsgg/202603/105537_平潭综合实验区行政审批局关于注销平潭裕隆丰海运有限公司国内水路运输经营许可的批复/page.txt	done
zwgk/gsgg	​平潭综合实验区自然资源与生态环境局关于2026年第一次公开出让国有建设用地使用权的公告			平潭综合实验区自然资源与生态环境局	https://www.pingtan.gov.cn/zwgk/gsgg/202603/t20260310_105532.htm	zwgk/gsgg/202603/105532_​平潭综合实验区自然资源与生态环境局关于2026年第一次公开出让国有建设用地使用/page.txt	done
zwgk/gsgg	平潭综合实验区海坛片区管理局关于申报2026年中央、省级及区级财政衔接推进 乡村振兴补助资金的公告			海坛片区	https://www.pingtan.gov.cn/zwgk/gsgg/202603/t20260310_105528.htm	zwgk/gsgg/202603/105528_平潭综合实验区海坛片区管理局关于申报2026年中央、省级及区级财政衔接推进 乡村/page.txt	done
zwgk/gsgg	平潭综合实验区自然资源与生态环境局关于公开征求《平潭综合实验区无居民海岛开发利用管理规定（征求意见稿）》意见的公告			平潭综合实验区自然资源与生态环境局	https://www.pingtan.gov.cn/zwgk/gsgg/202603/t20260310_105525.htm	zwgk/gsgg/202603/105525_平潭综合实验区自然资源与生态环境局关于公开征求《平潭综合实验区无居民海岛开发利用/page.txt	done
zwgk/gsgg	君山片区2025年法治政府建设工作报告			平潭综合实验区君山片区管理局	https://www.pingtan.gov.cn/zwgk/gsgg/202603/t20260310_105523.htm	zwgk/gsgg/202603/105523_君山片区2025年法治政府建设工作报告/page.txt	done
zwgk/gsgg	君山片区2024年法治政府建设工作报告			平潭综合实验区君山片区管理局	https://www.pingtan.gov.cn/zwgk/gsgg/202603/t20260310_105522.htm	zwgk/gsgg/202603/105522_君山片区2024年法治政府建设工作报告/page.txt	done
zwgk/gsgg	君山片区2023年法治政府建设工作报告			平潭综合实验区君山片区管理局	https://www.pingtan.gov.cn/zwgk/gsgg/202603/t20260310_105521.htm	zwgk/gsgg/202603/105521_君山片区2023年法治政府建设工作报告/page.txt	done
zwgk/gsgg	平潭综合实验区社会事业局关于公布平潭综合实验区未列入革命文物红色文化遗存名录的函			平潭综合实验区社会事业局	https://www.pingtan.gov.cn/zwgk/gsgg/202603/t20260310_105520.htm	zwgk/gsgg/202603/105520_平潭综合实验区社会事业局关于公布平潭综合实验区未列入革命文物红色文化遗存名录的函/page.txt	done
zwgk/gsgg	平潭综合实验区关于平潭海峡公铁两用大桥照明工程分散式风电项目用海审批前公示			平潭综合实验区行政审批局	https://www.pingtan.gov.cn/zwgk/gsgg/202603/t20260310_105519.htm	zwgk/gsgg/202603/105519_平潭综合实验区关于平潭海峡公铁两用大桥照明工程分散式风电项目用海审批前公示/page.txt	done
zwgk/gsgg	平潭综合实验区市场监督管理局关于征集养老服务领域虚假宣传、价格欺诈等违法问题线索的公告			平潭综合实验区市场监督管理局	https://www.pingtan.gov.cn/zwgk/gsgg/202603/t20260310_105518.htm	zwgk/gsgg/202603/105518_平潭综合实验区市场监督管理局关于征集养老服务领域虚假宣传、价格欺诈等违法问题线索/page.txt	done
zwgk/gsgg	平潭综合实验区农业农村局关于2025年度社会服务项目资金分配明细的公示			平潭综合实验区农业农村局	https://www.pingtan.gov.cn/zwgk/gsgg/202603/t20260310_105499.htm	zwgk/gsgg/202603/105499_平潭综合实验区农业农村局关于2025年度社会服务项目资金分配明细的公示/page.txt	done
zwgk/gsgg	平潭综合实验区关于华东村渔港码头路段防护堤项目用海审批前公示			平潭综合实验区行政审批局	https://www.pingtan.gov.cn/zwgk/gsgg/202603/t20260309_105493.htm	zwgk/gsgg/202603/105493_平潭综合实验区关于华东村渔港码头路段防护堤项目用海审批前公示/page.txt	done
zwgk/gsgg	关于闽平渔油69899渔船渔业捕捞许可证遗失的公告			平潭综合实验区农业农村局	https://www.pingtan.gov.cn/zwgk/gsgg/202603/t20260309_105489.htm	zwgk/gsgg/202603/105489_关于闽平渔油69899渔船渔业捕捞许可证遗失的公告/page.txt	done
zwgk/gsgg	关于闽平渔运65199渔船渔业捕捞许可证遗失的公告			平潭综合实验区农业农村局	https://www.pingtan.gov.cn/zwgk/gsgg/202603/t20260309_105488.htm	zwgk/gsgg/202603/105488_关于闽平渔运65199渔船渔业捕捞许可证遗失的公告/page.txt	done
zwgk/gsgg	平潭综合实验区市场监督管理局关于2025年度电梯维保单位信用等级评定情况的通报			平潭综合实验区市场监督管理局	https://www.pingtan.gov.cn/zwgk/gsgg/202603/t20260309_105485.htm	zwgk/gsgg/202603/105485_平潭综合实验区市场监督管理局关于2025年度电梯维保单位信用等级评定情况的通报/page.txt	done
zwgk/gsgg	平潭综合实验区关于福建省平潭雄鹰船厂技术改造工程环境影响评价报告书审批前公示			平潭综合实验区行政审批局	https://www.pingtan.gov.cn/zwgk/gsgg/202603/t20260306_105467.htm	zwgk/gsgg/202603/105467_平潭综合实验区关于福建省平潭雄鹰船厂技术改造工程环境影响评价报告书审批前公示/page.txt	done
zwgk/gsgg	平潭综合实验区自然资源与生态环境局关于平潭综合实验区“一张图”地理底图数据生产建库服务项目自行采购结果公告			平潭综合实验区自然资源与生态环境局	https://www.pingtan.gov.cn/zwgk/gsgg/202603/t20260306_105451.htm	zwgk/gsgg/202603/105451_平潭综合实验区自然资源与生态环境局关于平潭综合实验区“一张图”地理底图数据生产建/page.txt	done
zwgk/gsgg	平潭综合实验区关于110kV北厝变10kV南海海缆第二通道工程用海审批前公示			平潭综合实验区行政审批局	https://www.pingtan.gov.cn/zwgk/gsgg/202603/t20260306_105448.htm	zwgk/gsgg/202603/105448_平潭综合实验区关于110kV北厝变10kV南海海缆第二通道工程用海审批前公示/page.txt	done
zwgk/gsgg	平潭综合实验区党工委农村工作领导小组办公室关于2026年度第三批衔接推进乡村振兴项目（少数民族补助资金）的公告			平潭综合实验区农业农村局	https://www.pingtan.gov.cn/zwgk/gsgg/202603/t20260304_105427.htm	zwgk/gsgg/202603/105427_平潭综合实验区党工委农村工作领导小组办公室关于2026年度第三批衔接推进乡村振兴/page.txt	done
zwgk/gsgg	​魏立功个人自建房历史已建项目竣工核实结果公布			平潭综合实验区自然资源与生态环境局	https://www.pingtan.gov.cn/zwgk/gsgg/202603/t20260303_105393.htm	zwgk/gsgg/202603/105393_​魏立功个人自建房历史已建项目竣工核实结果公布/page.txt	done
zwgk/gsgg	​平潭综合实验区自然资源与生态环境局关于平潭综合实验区2026-2027年地质灾害  防治技术支撑服务单位采购结果的公告			平潭综合实验区自然资源与生态环境局	https://www.pingtan.gov.cn/zwgk/gsgg/202603/t20260302_105370.htm	zwgk/gsgg/202603/105370_​平潭综合实验区自然资源与生态环境局关于平潭综合实验区2026-2027年地质灾/page.txt	done
zwgk/gsgg	平潭综合实验区自然资源与生态环境局关于开展实验区耕地保护监测分析工作市场调研的公告			平潭综合实验区自然资源与生态环境局	https://www.pingtan.gov.cn/zwgk/gsgg/202602/t20260228_105356.htm	zwgk/gsgg/202602/105356_平潭综合实验区自然资源与生态环境局关于开展实验区耕地保护监测分析工作市场调研的公/page.txt	done
zwgk/gsgg	平潭综合实验区农业农村局关于2024年省级以上水利专项资金项目实施情况的公开			平潭综合实验区农业农村局	https://www.pingtan.gov.cn/zwgk/gsgg/202602/t20260228_105353.htm	zwgk/gsgg/202602/105353_平潭综合实验区农业农村局关于2024年省级以上水利专项资金项目实施情况的公开/page.txt	done
zwgk/gsgg	平潭综合实验区关于平潭长江澳海上风电场工程用海审批前公示			平潭综合实验区行政审批局	https://www.pingtan.gov.cn/zwgk/gsgg/202602/t20260227_105346.htm	zwgk/gsgg/202602/105346_平潭综合实验区关于平潭长江澳海上风电场工程用海审批前公示/page.txt	done
zwgk/gsgg	​平潭综合实验区自然资源服务中心  关于2026年三十六脚湖周边  环境综合整治项目咨询公告			平潭综合实验区自然资源与生态环境局	https://www.pingtan.gov.cn/zwgk/gsgg/202602/t20260227_105322.htm	zwgk/gsgg/202602/105322_​平潭综合实验区自然资源服务中心 关于2026年三十六脚湖周边 环境综合整治/page.txt	done
zwgk/gsgg	平潭综合实验区海坛片区管理局关于申报2026年中央、省级及区级财政衔接推进乡村振兴补助资金的公示			海坛片区	https://www.pingtan.gov.cn/zwgk/gsgg/202602/t20260226_105317.htm	zwgk/gsgg/202602/105317_平潭综合实验区海坛片区管理局关于申报2026年中央、省级及区级财政衔接推进乡村振/page.txt	done
zwgk/gsgg	平潭综合实验区自然资源与生态环境局关于咨询2026年排污许可第三方技术评估服务项目采购控制价的公告(第二次)			平潭综合实验区自然资源与生态环境局	https://www.pingtan.gov.cn/zwgk/gsgg/202602/t20260225_105293.htm	zwgk/gsgg/202602/105293_平潭综合实验区自然资源与生态环境局关于咨询2026年排污许可第三方技术评估服务项/page.txt	done
zwgk/gsgg	​平潭综合实验区自然资源与生态环境局关于68台湾小镇下沉式广场及崖壁提升项目总平面图批前公示			平潭综合实验区自然资源与生态环境局	https://www.pingtan.gov.cn/zwgk/gsgg/202602/t20260225_105284.htm	zwgk/gsgg/202602/105284_​平潭综合实验区自然资源与生态环境局关于68台湾小镇下沉式广场及崖壁提升项目总平/page.txt	done
zwgk/gsgg	平潭综合实验区自然资源与生态环境局关于《中国平潭环竹屿湾区域城市设计》的批前公示			平潭综合实验区自然资源与生态环境局	https://www.pingtan.gov.cn/zwgk/gsgg/202602/t20260224_105269.htm	zwgk/gsgg/202602/105269_平潭综合实验区自然资源与生态环境局关于《中国平潭环竹屿湾区域城市设计》的批前公示/page.txt	done
zwgk/gsgg	平潭综合实验区农业农村局关于调整2025年度农业社会化服务补助标准的公示			平潭综合实验区农业农村局	https://www.pingtan.gov.cn/zwgk/gsgg/202602/t20260224_105266.htm	zwgk/gsgg/202602/105266_平潭综合实验区农业农村局关于调整2025年度农业社会化服务补助标准的公示/page.txt	done
zwgk/gsgg	​许国强（许凡）等3人个人自建房已建项目竣工核实结果公布			平潭综合实验区自然资源与生态环境局	https://www.pingtan.gov.cn/zwgk/gsgg/202602/t20260224_105265.htm	zwgk/gsgg/202602/105265_​许国强（许凡）等3人个人自建房已建项目竣工核实结果公布/page.txt	done
zwgk/gsgg	平潭综合实验区关于平潭大练风电场二期海上测风塔项目用海审批前公示			平潭综合实验区行政审批局	https://www.pingtan.gov.cn/zwgk/gsgg/202602/t20260214_105244.htm	zwgk/gsgg/202602/105244_平潭综合实验区关于平潭大练风电场二期海上测风塔项目用海审批前公示/page.txt	done
zwgk/gsgg	平潭综合实验区关于长江澳、屿头岛海岸带生态保护修复工程（二期）立项用地许可阶段审批前公示			平潭综合实验区行政审批局	https://www.pingtan.gov.cn/zwgk/gsgg/202602/t20260214_105243.htm	zwgk/gsgg/202602/105243_平潭综合实验区关于长江澳、屿头岛海岸带生态保护修复工程（二期）立项用地许可阶段审/page.txt	done
zwgk/gsgg	关于平潭县君山镇新湖村海滩地 的中标公示			君山片区管理局	https://www.pingtan.gov.cn/zwgk/gsgg/202602/t20260213_105236.htm	zwgk/gsgg/202602/105236_关于平潭县君山镇新湖村海滩地 的中标公示/page.txt	done
zwgk/gsgg	平潭综合实验区行政审批局关于注销平潭综合实验区东启海运有限公司国内水路运输经营许可的批复			平潭综合实验区行政审批局	https://www.pingtan.gov.cn/zwgk/gsgg/202602/t20260212_105208.htm	zwgk/gsgg/202602/105208_平潭综合实验区行政审批局关于注销平潭综合实验区东启海运有限公司国内水路运输经营许/page.txt	done
zwgk/gsgg	岚台青年创业中心项目可行性研究报告、设计服务中标结果公示			海坛片区	https://www.pingtan.gov.cn/zwgk/gsgg/202602/t20260212_105205.htm	zwgk/gsgg/202602/105205_岚台青年创业中心项目可行性研究报告、设计服务中标结果公示/page.txt	done
zwgk/gsgg	平潭综合实验区关于110kV北厝变10kV南海海缆线路更换改造工程用海审批前公示			平潭综合实验区行政审批局	https://www.pingtan.gov.cn/zwgk/gsgg/202602/t20260212_105202.htm	zwgk/gsgg/202602/105202_平潭综合实验区关于110kV北厝变10kV南海海缆线路更换改造工程用海审批前公示/page.txt	done
zwgk/gsgg	平潭综合实验区关于35kV平原变10kV大练海缆线路更换改造工程用海审批前公示			平潭综合实验区行政审批局	https://www.pingtan.gov.cn/zwgk/gsgg/202602/t20260212_105201.htm	zwgk/gsgg/202602/105201_平潭综合实验区关于35kV平原变10kV大练海缆线路更换改造工程用海审批前公示/page.txt	done
zwgk/gsgg	平潭综合实验区关于35KV流水变10KV东庠海缆更换改造工程用海审批前公示			平潭综合实验区行政审批局	https://www.pingtan.gov.cn/zwgk/gsgg/202602/t20260212_105200.htm	zwgk/gsgg/202602/105200_平潭综合实验区关于35KV流水变10KV东庠海缆更换改造工程用海审批前公示/page.txt	done
zwgk/gsgg	平潭综合实验区农业农村局关于2025年商品有机肥示范推广项目补助对象及资金的公示			平潭综合实验区农业农村局	https://www.pingtan.gov.cn/zwgk/gsgg/202602/t20260212_105188.htm	zwgk/gsgg/202602/105188_平潭综合实验区农业农村局关于2025年商品有机肥示范推广项目补助对象及资金的公示/page.txt	done
zwgk/gsgg	政府采购项目前期市场价格调查			平潭综合实验区行政审批局	https://www.pingtan.gov.cn/zwgk/gsgg/202602/t20260212_105185.htm	zwgk/gsgg/202602/105185_政府采购项目前期市场价格调查/page.txt	done
zwgk/gsgg	平潭综合实验区行政审批局关于平潭A区海上风电场项目环境影响报告书的公示			平潭综合实验区行政审批局	https://www.pingtan.gov.cn/zwgk/gsgg/202602/t20260211_105177.htm	zwgk/gsgg/202602/105177_平潭综合实验区行政审批局关于平潭A区海上风电场项目环境影响报告书的公示/page.txt	done
zwgk/gsgg	平潭综合实验区关于龙海村体育馆建设项目施工许可阶段审批前公示			平潭综合实验区行政审批局	https://www.pingtan.gov.cn/zwgk/gsgg/202602/t20260211_105176.htm	zwgk/gsgg/202602/105176_平潭综合实验区关于龙海村体育馆建设项目施工许可阶段审批前公示/page.txt	done
zwgk/gsgg	平潭综合实验区君山片区管理局非煤矿山有关情况公示清单			平潭综合实验区君山片区管理局	https://www.pingtan.gov.cn/zwgk/gsgg/202602/t20260211_105173.htm	zwgk/gsgg/202602/105173_平潭综合实验区君山片区管理局非煤矿山有关情况公示清单/page.txt	done
zwgk/gsgg	平潭综合实验区苏平片区管理局关于开展村干部和农村集体经济组织负责人任期和离任经济责任审计业务委托的中标公告			平潭综合实验区苏平片区管理局	https://www.pingtan.gov.cn/zwgk/gsgg/202602/t20260211_105172.htm	zwgk/gsgg/202602/105172_平潭综合实验区苏平片区管理局关于开展村干部和农村集体经济组织负责人任期和离任经济/page.txt	done
zwgk/gsgg	平潭综合实验区君山片区管理局关于认领海上船舶的公告			平潭综合实验区君山片区管理局	https://www.pingtan.gov.cn/zwgk/gsgg/202602/t20260211_105171.htm	zwgk/gsgg/202602/105171_平潭综合实验区君山片区管理局关于认领海上船舶的公告/page.txt	done
zwgk/gsgg	平潭县君山片区流水村659号房产（原计生服务楼）招租			平潭综合实验区君山片区管理局	https://www.pingtan.gov.cn/zwgk/gsgg/202602/t20260211_105165.htm	zwgk/gsgg/202602/105165_平潭县君山片区流水村659号房产（原计生服务楼）招租/page.txt	done
zwgk/gsgg	洁大师汽车薄膜生产基地（一期）工程联合竣工验收情况公示			平潭综合实验区行政审批局	https://www.pingtan.gov.cn/zwgk/gsgg/202602/t20260211_105164.htm	zwgk/gsgg/202602/105164_洁大师汽车薄膜生产基地（一期）工程联合竣工验收情况公示/page.txt	done
zwgk/gsgg	平潭综合实验区海峡沥青拌合站项目联合竣工验收情况公示			平潭综合实验区行政审批局	https://www.pingtan.gov.cn/zwgk/gsgg/202602/t20260211_105163.htm	zwgk/gsgg/202602/105163_平潭综合实验区海峡沥青拌合站项目联合竣工验收情况公示/page.txt	done
zwgk/gsgg	平潭县上游工业区209号厂房及办公楼北侧1-4层招租			平潭综合实验区君山片区管理局	https://www.pingtan.gov.cn/zwgk/gsgg/202602/t20260211_105160.htm	zwgk/gsgg/202602/105160_平潭县上游工业区209号厂房及办公楼北侧1-4层招租/page.txt	done
zwgk/gsgg	平潭综合实验区关于平潭环将军山交通及基础设施提升工程（景区内基础设施提升）（小型建设工程）施工许可阶段审批前公示			平潭综合实验区行政审批局	https://www.pingtan.gov.cn/zwgk/gsgg/202602/t20260210_105154.htm	zwgk/gsgg/202602/105154_平潭综合实验区关于平潭环将军山交通及基础设施提升工程（景区内基础设施提升）（小型/page.txt	done
zwgk/gsgg	平潭综合实验区关于白青岱峰三级渔港工程用海审批前公示			平潭综合实验区行政审批局	https://www.pingtan.gov.cn/zwgk/gsgg/202602/t20260210_105153.htm	zwgk/gsgg/202602/105153_平潭综合实验区关于白青岱峰三级渔港工程用海审批前公示/page.txt	done
zwgk/gsgg	福建平潭吾悦广场一期(变更)建设工程规划许可证批后公布			平潭综合实验区自然资源与生态环境局	https://www.pingtan.gov.cn/zwgk/gsgg/202602/t20260210_105145.htm	zwgk/gsgg/202602/105145_福建平潭吾悦广场一期(变更)建设工程规划许可证批后公布/page.txt	done
zwgk/gsgg	《平潭综合实验区351001-10-A-01地块控制性详细规划（含选址论证专章）》公示内容			平潭综合实验区自然资源与生态环境局	https://www.pingtan.gov.cn/zwgk/gsgg/202602/t20260210_105144.htm	zwgk/gsgg/202602/105144_《平潭综合实验区351001-10-A-01地块控制性详细规划（含选址论证专章）/page.txt	done
zwgk/gsgg	平潭综合实验区关于屿头乡东贵村三级渔港项目用海审批前公示			平潭综合实验区行政审批局	https://www.pingtan.gov.cn/zwgk/gsgg/202602/t20260209_105143.htm	zwgk/gsgg/202602/105143_平潭综合实验区关于屿头乡东贵村三级渔港项目用海审批前公示/page.txt	done
zwgk/gsgg	平潭综合实验区关于江尾村闽台文旅配套设施建设项目（小型建设工程）施工许可阶段审批前公示			平潭综合实验区行政审批局	https://www.pingtan.gov.cn/zwgk/gsgg/202602/t20260209_105140.htm	zwgk/gsgg/202602/105140_平潭综合实验区关于江尾村闽台文旅配套设施建设项目（小型建设工程）施工许可阶段审批/page.txt	done
zwgk/gsgg	平潭综合实验区党工委农村工作领导小组办公室关于2026年度第二批衔接推进乡村振兴项目计划的公告			平潭综合实验区农业农村局	https://www.pingtan.gov.cn/zwgk/gsgg/202602/t20260209_105135.htm	zwgk/gsgg/202602/105135_平潭综合实验区党工委农村工作领导小组办公室关于2026年度第二批衔接推进乡村振兴/page.txt	done
zwgk/gsgg	岚台青年创业中心项目可行性研究报告、设计服务邀请招标公告			海坛片区	https://www.pingtan.gov.cn/zwgk/gsgg/202602/t20260209_105134.htm	zwgk/gsgg/202602/105134_岚台青年创业中心项目可行性研究报告、设计服务邀请招标公告/page.txt	done
zwgk/gsgg	平潭综合实验区市场监督管理局转发关于组织报名参加第六期省政府质量奖评审员培训班的通知			平潭综合实验区市场监督管理局	https://www.pingtan.gov.cn/zwgk/gsgg/202602/t20260209_105132.htm	zwgk/gsgg/202602/105132_平潭综合实验区市场监督管理局转发关于组织报名参加第六期省政府质量奖评审员培训班的/page.txt	done
zwgk/gsgg	平潭县屿头乡人民政府关于取消2026年第二批乡镇船舶管理识别号的通告			平潭综合实验区苏平片区管理局	https://www.pingtan.gov.cn/zwgk/gsgg/202602/t20260209_105125.htm	zwgk/gsgg/202602/105125_平潭县屿头乡人民政府关于取消2026年第二批乡镇船舶管理识别号的通告/page.txt	done
zwgk/gsgg	平潭县苏平镇人民政府关于取消2026年第二批乡镇船舶管理识别号的通告			平潭综合实验区苏平片区管理局	https://www.pingtan.gov.cn/zwgk/gsgg/202602/t20260209_105124.htm	zwgk/gsgg/202602/105124_平潭县苏平镇人民政府关于取消2026年第二批乡镇船舶管理识别号的通告/page.txt	done
zwgk/gsgg	​2026年02月9日平潭电网检修信息			平潭电网	https://www.pingtan.gov.cn/zwgk/gsgg/202602/t20260206_105113.htm	zwgk/gsgg/202602/105113_​2026年02月9日平潭电网检修信息/page.txt	done
zwgk/gsgg	平潭综合实验区自然资源服务中心关于现代化国有林场发展规划编制及森林经营方案修编服务市场调研的公告			平潭综合实验区自然资源与生态环境局	https://www.pingtan.gov.cn/zwgk/gsgg/202602/t20260206_105112.htm	zwgk/gsgg/202602/105112_平潭综合实验区自然资源服务中心关于现代化国有林场发展规划编制及森林经营方案修编服/page.txt	done
zwgk/gsgg	2019G067地块联合竣工验收情况公示			平潭综合实验区行政审批局	https://www.pingtan.gov.cn/zwgk/gsgg/202602/t20260206_105105.htm	zwgk/gsgg/202602/105105_2019G067地块联合竣工验收情况公示/page.txt	done
zwgk/gsgg	关于平潭县君山镇新湖村海滩地公开招租的公告			平潭综合实验区君山片区管理局	https://www.pingtan.gov.cn/zwgk/gsgg/202602/t20260206_105100.htm	zwgk/gsgg/202602/105100_关于平潭县君山镇新湖村海滩地公开招租的公告/page.txt	done
zwgk/gsgg	平潭综合实验区市场监督管理局关于全区经营主体报送2025年度报告的通告			平潭综合实验区市场监督管理局	https://www.pingtan.gov.cn/zwgk/gsgg/202602/t20260206_105099.htm	zwgk/gsgg/202602/105099_平潭综合实验区市场监督管理局关于全区经营主体报送2025年度报告的通告/page.txt	done
zwgk/gsgg	关于平潭县君山镇新湖村海滩地招租项目的废标公示			平潭综合实验区君山片区管理局	https://www.pingtan.gov.cn/zwgk/gsgg/202602/t20260206_105088.htm	zwgk/gsgg/202602/105088_关于平潭县君山镇新湖村海滩地招租项目的废标公示/page.txt	done
zwgk/gsgg	平潭综合实验区市场监督管理局行政处罚文书送达公告（岚市监东罚送告〔2026〕1号）			平潭综合实验区市场监督管理局	https://www.pingtan.gov.cn/zwgk/gsgg/202602/t20260205_105087.htm	zwgk/gsgg/202602/105087_平潭综合实验区市场监督管理局行政处罚文书送达公告（岚市监东罚送告〔2026〕1号/page.txt	done
zwgk/gsgg	平潭综合实验区市场监督管理局行政处罚告知书（岚市监金罚告〔2026〕3号）			平潭综合实验区市场监督管理局	https://www.pingtan.gov.cn/zwgk/gsgg/202602/t20260205_105078.htm	zwgk/gsgg/202602/105078_平潭综合实验区市场监督管理局行政处罚告知书（岚市监金罚告〔2026〕3号）/page.txt	done
zwgk/gsgg	平潭综合实验区市场监督管理局行政处罚告知书（岚市监金罚告〔2026〕2号）			平潭综合实验区市场监督管理局	https://www.pingtan.gov.cn/zwgk/gsgg/202602/t20260205_105077.htm	zwgk/gsgg/202602/105077_平潭综合实验区市场监督管理局行政处罚告知书（岚市监金罚告〔2026〕2号）/page.txt	done
zwgk/gsgg	平潭综合实验区市场监督管理局行政处罚告知书（岚市监金罚告〔2026〕1号）			平潭综合实验区市场监督管理局	https://www.pingtan.gov.cn/zwgk/gsgg/202602/t20260205_105076.htm	zwgk/gsgg/202602/105076_平潭综合实验区市场监督管理局行政处罚告知书（岚市监金罚告〔2026〕1号）/page.txt	done
zwgk/gsgg	​平潭综合实验区自然资源与生态环境局关于平潭综合实验区“一张图”地理  底图数据生产建库服务项目自行采购公告			平潭综合实验区自然资源与生态环境局	https://www.pingtan.gov.cn/zwgk/gsgg/202602/t20260205_105058.htm	zwgk/gsgg/202602/105058_​平潭综合实验区自然资源与生态环境局关于平潭综合实验区“一张图”地理 底图数据/page.txt	done
zwgk/gsgg	用地预审与选址意见书公示			平潭综合实验区自然资源与生态环境局	https://www.pingtan.gov.cn/zwgk/gsgg/202602/t20260205_105056.htm	zwgk/gsgg/202602/105056_用地预审与选址意见书公示/page.txt	done
zwgk/gsgg	用地预审与选址意见书公示			平潭综合实验区自然资源与生态环境局	https://www.pingtan.gov.cn/zwgk/gsgg/202602/t20260205_105054.htm	zwgk/gsgg/202602/105054_用地预审与选址意见书公示/page.txt	done
zwgk/gsgg	建设用地规划许可证公示			平潭综合实验区自然资源与生态环境局	https://www.pingtan.gov.cn/zwgk/gsgg/202602/t20260205_105053.htm	zwgk/gsgg/202602/105053_建设用地规划许可证公示/page.txt	done
zwgk/gsgg	平潭中楼中心幼儿园项目竣工规划条件核实结果公布			平潭综合实验区自然资源与生态环境局	https://www.pingtan.gov.cn/zwgk/gsgg/202602/t20260205_105049.htm	zwgk/gsgg/202602/105049_平潭中楼中心幼儿园项目竣工规划条件核实结果公布/page.txt	done
zwgk/gsgg	平潭综合实验区关于110kV北厝变10kV东庠海缆第二通道工程用海审批前公示			平潭综合实验区行政审批局	https://www.pingtan.gov.cn/zwgk/gsgg/202602/t20260204_105045.htm	zwgk/gsgg/202602/105045_平潭综合实验区关于110kV北厝变10kV东庠海缆第二通道工程用海审批前公示/page.txt	done
zwgk/gsgg	平潭综合实验区苏平片区管理局关于开展村干部和农村集体经济组织负责人任期和离任经济责任审计业务委托的公告			平潭综合实验区苏平片区管理局	https://www.pingtan.gov.cn/zwgk/gsgg/202602/t20260204_105044.htm	zwgk/gsgg/202602/105044_平潭综合实验区苏平片区管理局关于开展村干部和农村集体经济组织负责人任期和离任经济/page.txt	done
zwgk/gsgg	《行政处罚决定履行催告书》（岚执法应急专催〔2025〕13号）更正通知			平潭综合实验区综合执法与应急管理局	https://www.pingtan.gov.cn/zwgk/gsgg/202602/t20260204_105039.htm	zwgk/gsgg/202602/105039_《行政处罚决定履行催告书》（岚执法应急专催〔2025〕13号）更正通知/page.txt	done
zwgk/gsgg	对福建云鼎建设有限公司《行政处罚决定履行催告书》送达公告			平潭综合实验区综合执法与应急管理局	https://www.pingtan.gov.cn/zwgk/gsgg/202602/t20260204_105037.htm	zwgk/gsgg/202602/105037_对福建云鼎建设有限公司《行政处罚决定履行催告书》送达公告/page.txt	done
zwgk/gsgg	平潭综合实验区自然资源与生态环境局  关于平潭综合实验区2026-2027年  地质灾害防治技术支撑服务  自行采购的公告			平潭综合实验区自然资源与生态环境局	https://www.pingtan.gov.cn/zwgk/gsgg/202602/t20260204_105026.htm	zwgk/gsgg/202602/105026_平潭综合实验区自然资源与生态环境局 关于平潭综合实验区2026-2027年/page.txt	done
zwgk/gsgg	平潭综合实验区自然资源与生态环境局关于2026年自然保护地林权所有者补偿资金分配情况的公示			平潭综合实验区自然资源与生态环境局	https://www.pingtan.gov.cn/zwgk/gsgg/202602/t20260204_105025.htm	zwgk/gsgg/202602/105025_平潭综合实验区自然资源与生态环境局关于2026年自然保护地林权所有者补偿资金分配/page.txt	done
zwgk/gsgg	平潭综合实验区自然资源与生态环境局关于2026年省级财政国土绿化专项资金分配情况的公示			平潭综合实验区自然资源与生态环境局	https://www.pingtan.gov.cn/zwgk/gsgg/202602/t20260204_105024.htm	zwgk/gsgg/202602/105024_平潭综合实验区自然资源与生态环境局关于2026年省级财政国土绿化专项资金分配情况/page.txt	done
zwgk/gsgg	平潭综合实验区自然资源与生态环境局关于2026年省级以上生态公益林补偿补助资金分配情况的公示			平潭综合实验区自然资源与生态环境局	https://www.pingtan.gov.cn/zwgk/gsgg/202602/t20260204_105023.htm	zwgk/gsgg/202602/105023_平潭综合实验区自然资源与生态环境局关于2026年省级以上生态公益林补偿补助资金分/page.txt	done
zwgk/gsgg	平潭戎军通综合管理服务平台项目方案征集公告			平潭综合实验社会事业局	https://www.pingtan.gov.cn/zwgk/gsgg/202602/t20260203_105013.htm	zwgk/gsgg/202602/105013_平潭戎军通综合管理服务平台项目方案征集公告/page.txt	done
zwgk/gsgg	平潭综合实验区农业农村局关于2026年台湾农民创业园项目申报情况公开			平潭综合实验区农业农村局	https://www.pingtan.gov.cn/zwgk/gsgg/202602/t20260203_105010.htm	zwgk/gsgg/202602/105010_平潭综合实验区农业农村局关于2026年台湾农民创业园项目申报情况公开/page.txt	done
zwgk/gsgg	2026年02月4日平潭电网检修信息			平潭电网	https://www.pingtan.gov.cn/zwgk/gsgg/202602/t20260203_105007.htm	zwgk/gsgg/202602/105007_2026年02月4日平潭电网检修信息/page.txt	done
zwgk/gsgg	平潭综合实验区市场监督管理局行政检查通知书（岚市监行检通〔2026〕2号）			平潭综合实验区市场监督管理局	https://www.pingtan.gov.cn/zwgk/gsgg/202602/t20260203_105006.htm	zwgk/gsgg/202602/105006_平潭综合实验区市场监督管理局行政检查通知书（岚市监行检通〔2026〕2号）/page.txt	done
zwgk/gsgg	平潭县屿头乡人民政府关于取消2026年第一批乡镇船舶管理识别号的通告			平潭综合实验区苏平片区管理局	https://www.pingtan.gov.cn/zwgk/gsgg/202602/t20260202_104965.htm	zwgk/gsgg/202602/104965_平潭县屿头乡人民政府关于取消2026年第一批乡镇船舶管理识别号的通告/page.txt	done
zwgk/gsgg	2019G067地块（二期）及整体项目竣工规划条件核实结果公布			平潭综合实验区自然资源与生态环境局	https://www.pingtan.gov.cn/zwgk/gsgg/202602/t20260202_104941.htm	zwgk/gsgg/202602/104941_2019G067地块（二期）及整体项目竣工规划条件核实结果公布/page.txt	done
zwgk/gsgg	平潭县苏平镇人民政府关于取消2026年第一批乡镇船舶管理识别号的通告			平潭综合实验区苏平片区管理局	https://www.pingtan.gov.cn/zwgk/gsgg/202602/t20260202_104939.htm	zwgk/gsgg/202602/104939_平潭县苏平镇人民政府关于取消2026年第一批乡镇船舶管理识别号的通告/page.txt	done
zwgk/gsgg	关于平潭县君山镇新湖村海滩地公开招租的公告			平潭综合实验区君山片区管理局	https://www.pingtan.gov.cn/zwgk/gsgg/202601/t20260130_104873.htm	zwgk/gsgg/202601/104873_关于平潭县君山镇新湖村海滩地公开招租的公告/page.txt	done
zwgk/gsgg	平潭综合实验区自然资源与生态环境局 关于苏平片区丰田村级组织活动场所改扩建工程乡村建设规划许可证变更公示			平潭综合实验区自然资源与生态环境局	https://www.pingtan.gov.cn/zwgk/gsgg/202601/t20260130_104871.htm	zwgk/gsgg/202601/104871_平潭综合实验区自然资源与生态环境局 关于苏平片区丰田村级组织活动场所改扩建工程乡/page.txt	done
zwgk/gsgg	北楼村村级组织活动场所  乡村建设规划许可证批后公布			平潭综合实验区自然资源与生态环境局	https://www.pingtan.gov.cn/zwgk/gsgg/202601/t20260129_104868.htm	zwgk/gsgg/202601/104868_北楼村村级组织活动场所 乡村建设规划许可证批后公布/page.txt	done
zwgk/gsgg	平潭综合实验区党工委农村工作领导小组办公室关于2026年度整村推进资金拟实施项目联合审核情况的公开			平潭综合实验区农业农村局	https://www.pingtan.gov.cn/zwgk/gsgg/202601/t20260129_104867.htm	zwgk/gsgg/202601/104867_平潭综合实验区党工委农村工作领导小组办公室关于2026年度整村推进资金拟实施项目/page.txt	done
zwgk/gsgg	2025年度平潭综合实验区突发环境事件应急预案备案企业清单			平潭综合实验区自然资源与生态环境局	https://www.pingtan.gov.cn/zwgk/gsgg/202601/t20260129_104866.htm	zwgk/gsgg/202601/104866_2025年度平潭综合实验区突发环境事件应急预案备案企业清单/page.txt	done
zwgk/gsgg	平潭综合实验区养老消费补贴项目咨询热线			平潭综合实验区社会事业局	https://www.pingtan.gov.cn/zwgk/gsgg/202601/t20260129_104861.htm	zwgk/gsgg/202601/104861_平潭综合实验区养老消费补贴项目咨询热线/page.txt	done
zwgk/gsgg	君山镇马腿村码头市集项目（中标通知书）			平潭综合实验区君山片区管理局	https://www.pingtan.gov.cn/zwgk/gsgg/202601/t20260129_104857.htm	zwgk/gsgg/202601/104857_君山镇马腿村码头市集项目（中标通知书）/page.txt	done
zwgk/gsgg	平潭综合实验区小吃服务行业协会清算公告			平潭综合实验区社会事业局	https://www.pingtan.gov.cn/zwgk/gsgg/202601/t20260129_104849.htm	zwgk/gsgg/202601/104849_平潭综合实验区小吃服务行业协会清算公告/page.txt	done
zwgk/gsgg	平潭综合实验区自然资源与生态环境局自行采购项目采购成交结果公告			平潭综合实验区自然资源与生态环境局	https://www.pingtan.gov.cn/zwgk/gsgg/202601/t20260128_104844.htm	zwgk/gsgg/202601/104844_平潭综合实验区自然资源与生态环境局自行采购项目采购成交结果公告/page.txt	done
zwgk/gsgg	平潭综合实验区关于平潭城乡供水一体化巩固提升工程施工许可阶段审批前公示			平潭综合实验区行政审批局	https://www.pingtan.gov.cn/zwgk/gsgg/202601/t20260128_104835.htm	zwgk/gsgg/202601/104835_平潭综合实验区关于平潭城乡供水一体化巩固提升工程施工许可阶段审批前公示/page.txt	done
zwgk/gsgg	平潭综合实验区关于平潭县金井镇娘宫村道路亮化及景观亮化工程（小型建设工程）施工许可阶段审批前公示			平潭综合实验区行政审批局	https://www.pingtan.gov.cn/zwgk/gsgg/202601/t20260127_104828.htm	zwgk/gsgg/202601/104828_平潭综合实验区关于平潭县金井镇娘宫村道路亮化及景观亮化工程（小型建设工程）施工许/page.txt	done
zwgk/gsgg	平潭综合实验区自然资源与生态环境局  关于《平潭综合实验区芦南组团  351001-07-Ｂ-01、02及周边地块  控制性详细规划》的批前公示			平潭综合实验区自然资源与生态环境局	https://www.pingtan.gov.cn/zwgk/gsgg/202601/t20260126_104818.htm	zwgk/gsgg/202601/104818_平潭综合实验区自然资源与生态环境局 关于《平潭综合实验区芦南组团 35100/page.txt	done
zwgk/gsgg	平潭综合实验区自然资源与生态环境局关于咨询2026年排污许可第三方技术评估服务项目采购控制价的公告			平潭综合实验区自然资源与生态环境局	https://www.pingtan.gov.cn/zwgk/gsgg/202601/t20260123_104793.htm	zwgk/gsgg/202601/104793_平潭综合实验区自然资源与生态环境局关于咨询2026年排污许可第三方技术评估服务项/page.txt	done
zwgk/gsgg	中共平潭综合实验区海坛片区管理局委员会关于巡察整改进展情况的通报			海坛片区	https://www.pingtan.gov.cn/zwgk/gsgg/202601/t20260123_104785.htm	zwgk/gsgg/202601/104785_中共平潭综合实验区海坛片区管理局委员会关于巡察整改进展情况的通报/page.txt	done
zwgk/gsgg	中共平潭综合实验区君山片区管理局委员会关于巡察整改进展情况的通报			平潭综合实验区君山片区管理局	https://www.pingtan.gov.cn/zwgk/gsgg/202601/t20260123_104784.htm	zwgk/gsgg/202601/104784_中共平潭综合实验区君山片区管理局委员会关于巡察整改进展情况的通报/page.txt	done
zwgk/gsgg	公告			平潭综合实验区金井片区管理局	https://www.pingtan.gov.cn/zwgk/gsgg/202601/t20260122_104783.htm	zwgk/gsgg/202601/104783_公告/page.txt	done
zwgk/gsgg	平潭综合实验区关于东占村石头厝活化利用项目（小型建设工程）施工许可阶段审批前公示			平潭综合实验区行政审批局	https://www.pingtan.gov.cn/zwgk/gsgg/202601/t20260122_104779.htm	zwgk/gsgg/202601/104779_平潭综合实验区关于东占村石头厝活化利用项目（小型建设工程）施工许可阶段审批前公示/page.txt	done
zwgk/gsgg	中共平潭综合实验区金井片区管理局委员会关于巡察整改进展情况的通报			平潭综合实验区金井片区管理局	https://www.pingtan.gov.cn/zwgk/gsgg/202601/t20260122_104765.htm	zwgk/gsgg/202601/104765_中共平潭综合实验区金井片区管理局委员会关于巡察整改进展情况的通报/page.txt	done
zwgk/gsgg	平潭综合实验区自然资源与生态环境局关于梧峰村老人活动中心建设项目总平面图批前公示			平潭综合实验区自然资源与生态环境局	https://www.pingtan.gov.cn/zwgk/gsgg/202601/t20260121_104743.htm	zwgk/gsgg/202601/104743_平潭综合实验区自然资源与生态环境局关于梧峰村老人活动中心建设项目总平面图批前公示/page.txt	done
zwgk/gsgg	平潭综合实验区金井片区管理局关于2026年乡村振兴示范创建对象项目(含财政衔接资金)的公告			平潭综合实验区金井片区管理局	https://www.pingtan.gov.cn/zwgk/gsgg/202601/t20260121_104742.htm	zwgk/gsgg/202601/104742_平潭综合实验区金井片区管理局关于2026年乡村振兴示范创建对象项目(含财政衔接资/page.txt	done
zwgk/gsgg	平潭综合实验区自然资源与生态环境局关于权责清单（2026版）的公示			平潭综合实验区自然资源与生态环境局	https://www.pingtan.gov.cn/zwgk/gsgg/202601/t20260121_104741.htm	zwgk/gsgg/202601/104741_平潭综合实验区自然资源与生态环境局关于权责清单（2026版）的公示/page.txt	done
zwgk/gsgg	平潭综合实验区关于全区标志标牌(二期)项目施工许可阶段审批前公示			平潭综合实验区行政审批局	https://www.pingtan.gov.cn/zwgk/gsgg/202601/t20260121_104739.htm	zwgk/gsgg/202601/104739_平潭综合实验区关于全区标志标牌(二期)项目施工许可阶段审批前公示/page.txt	done
zwgk/gsgg	平潭综合实验区关于草屿岛孝文化公园项目工程建设许可阶段审批前公示			平潭综合实验区行政审批局	https://www.pingtan.gov.cn/zwgk/gsgg/202601/t20260120_104722.htm	zwgk/gsgg/202601/104722_平潭综合实验区关于草屿岛孝文化公园项目工程建设许可阶段审批前公示/page.txt	done
zwgk/gsgg	平潭综合实验区关于台创园提升改造工程（金井码头附属园区仓库周边配套提升项目）施工许可阶段审批前公示			平潭综合实验区行政审批局	https://www.pingtan.gov.cn/zwgk/gsgg/202601/t20260120_104721.htm	zwgk/gsgg/202601/104721_平潭综合实验区关于台创园提升改造工程（金井码头附属园区仓库周边配套提升项目）施工/page.txt	done
zwgk/gsgg	平潭综合实验区自然资源与生态环境局关于平潭综合实验区31个地块生态环境 损害鉴定评估服务单位采购结果的公告			平潭综合实验区自然资源与生态环境局	https://www.pingtan.gov.cn/zwgk/gsgg/202601/t20260120_104720.htm	zwgk/gsgg/202601/104720_平潭综合实验区自然资源与生态环境局关于平潭综合实验区31个地块生态环境 损害鉴定/page.txt	done
zwgk/gsgg	君山镇马腿村码头市集项目			平潭综合实验区君山片区管理局	https://www.pingtan.gov.cn/zwgk/gsgg/202601/t20260120_104719.htm	zwgk/gsgg/202601/104719_君山镇马腿村码头市集项目/page.txt	done
zwgk/gsgg	平潭综合实验区社会事业局关于公开遴选老年人能力评估机构的公告			平潭综合实验区社会事业局	https://www.pingtan.gov.cn/zwgk/gsgg/202601/t20260120_104718.htm	zwgk/gsgg/202601/104718_平潭综合实验区社会事业局关于公开遴选老年人能力评估机构的公告/page.txt	done
zwgk/gsgg	​2025年福建平潭海洋生态保护修复工程项目跟踪监测及成效评估采购预公告			平潭综合实验区自然资源与生态环境局	https://www.pingtan.gov.cn/zwgk/gsgg/202601/t20260119_104698.htm	zwgk/gsgg/202601/104698_​2025年福建平潭海洋生态保护修复工程项目跟踪监测及成效评估采购预公告/page.txt	done
zwgk/gsgg	平潭综合实验区农业农村局关于2025年社会化服务主体的公示			平潭综合实验区农业农村局	https://www.pingtan.gov.cn/zwgk/gsgg/202601/t20260119_104694.htm	zwgk/gsgg/202601/104694_平潭综合实验区农业农村局关于2025年社会化服务主体的公示/page.txt	done
zwgk/gsgg	2026年01月23日平潭电网检修信息			平潭电网	https://www.pingtan.gov.cn/zwgk/gsgg/202601/t20260118_104676.htm	zwgk/gsgg/202601/104676_2026年01月23日平潭电网检修信息/page.txt	done
zwgk/gsgg	平潭综合实验区自然资源与生态环境局自行采购项目比选采购评审结果公告			平潭综合实验区自然资源与生态环境局	https://www.pingtan.gov.cn/zwgk/gsgg/202601/t20260117_104672.htm	zwgk/gsgg/202601/104672_平潭综合实验区自然资源与生态环境局自行采购项目比选采购评审结果公告/page.txt	done
zwgk/gsgg	平潭综合实验区关于裕藩村停车场建设项目（小型建设工程）施工许可阶段审批前公示			平潭综合实验区行政审批局	https://www.pingtan.gov.cn/zwgk/gsgg/202601/t20260116_104670.htm	zwgk/gsgg/202601/104670_平潭综合实验区关于裕藩村停车场建设项目（小型建设工程）施工许可阶段审批前公示/page.txt	done
zwgk/gsgg	平潭综合实验区关于区东澳中心渔港提升改造和整治维护项目施工许可阶段审批前公示			平潭综合实验区行政审批局	https://www.pingtan.gov.cn/zwgk/gsgg/202601/t20260116_104666.htm	zwgk/gsgg/202601/104666_平潭综合实验区关于区东澳中心渔港提升改造和整治维护项目施工许可阶段审批前公示/page.txt	done
zwgk/gsgg	平潭综合实验区关于师大平潭附中（高中部）创建一级达标校品质提升工程立项用地许可阶段审批前公示			平潭综合实验区行政审批局	https://www.pingtan.gov.cn/zwgk/gsgg/202601/t20260116_104655.htm	zwgk/gsgg/202601/104655_平潭综合实验区关于师大平潭附中（高中部）创建一级达标校品质提升工程立项用地许可阶/page.txt	done
zwgk/gsgg	关于2026年度区领导义务植树活动后勤保障有关事宜市场调研公告			平潭综合实验区自然资源与生态环境局	https://www.pingtan.gov.cn/zwgk/gsgg/202601/t20260116_104639.htm	zwgk/gsgg/202601/104639_关于2026年度区领导义务植树活动后勤保障有关事宜市场调研公告/page.txt	done
zwgk/gsgg	​平潭综合实验区自然资源与生态环境局关于福建平潭吾悦广场一期（二分区）建设工程规划许可证变更批前公示			平潭综合实验区自然资源与生态环境局	https://www.pingtan.gov.cn/zwgk/gsgg/202601/t20260116_104626.htm	zwgk/gsgg/202601/104626_​平潭综合实验区自然资源与生态环境局关于福建平潭吾悦广场一期（二分区）建设工程规/page.txt	done
zwgk/gsgg	平潭县私立屿头众心幼儿园清算公告			平潭综合实验区社会事业局	https://www.pingtan.gov.cn/zwgk/gsgg/202601/t20260115_104620.htm	zwgk/gsgg/202601/104620_平潭县私立屿头众心幼儿园清算公告/page.txt	done
zwgk/gsgg	平潭综合实验区君山片区管理局机械租赁服务询价采购中标公示			平潭综合实验区君山片区管理局	https://www.pingtan.gov.cn/zwgk/gsgg/202601/t20260115_104618.htm	zwgk/gsgg/202601/104618_平潭综合实验区君山片区管理局机械租赁服务询价采购中标公示/page.txt	done
zwgk/gsgg	平潭综合实验区关于幸福洋4#排洪渠临时工程施工许可阶段审批前公示			平潭综合实验区行政审批局	https://www.pingtan.gov.cn/zwgk/gsgg/202601/t20260115_104607.htm	zwgk/gsgg/202601/104607_平潭综合实验区关于幸福洋4#排洪渠临时工程施工许可阶段审批前公示/page.txt	done
zwgk/gsgg	平潭综合实验区关于重点区域市政管网提质增效工程施工许可阶段审批前公示			平潭综合实验区行政审批局	https://www.pingtan.gov.cn/zwgk/gsgg/202601/t20260114_104602.htm	zwgk/gsgg/202601/104602_平潭综合实验区关于重点区域市政管网提质增效工程施工许可阶段审批前公示/page.txt	done
zwgk/gsgg	平潭综合实验区自然资源与生态环境局关于风电项目建设影响综合评估服务费市场询价的公告			平潭综合实验区自然资源与生态环境局	https://www.pingtan.gov.cn/zwgk/gsgg/202601/t20260114_104599.htm	zwgk/gsgg/202601/104599_平潭综合实验区自然资源与生态环境局关于风电项目建设影响综合评估服务费市场询价的公/page.txt	done
zwgk/gsgg	陈金娘个人自建房历史已建项目竣工核实结果公布			平潭综合实验区自然资源与生态环境局	https://www.pingtan.gov.cn/zwgk/gsgg/202601/t20260114_104598.htm	zwgk/gsgg/202601/104598_陈金娘个人自建房历史已建项目竣工核实结果公布/page.txt	done
zwgk/gsgg	​平潭综合实验区自然资源与生态环境局关于平潭看澳码头区域环境影响和盘活利用综合评估论证服务费市场询价的公告			平潭综合实验区自然资源与生态环境局	https://www.pingtan.gov.cn/zwgk/gsgg/202601/t20260114_104562.htm	zwgk/gsgg/202601/104562_​平潭综合实验区自然资源与生态环境局关于平潭看澳码头区域环境影响和盘活利用综合评/page.txt	done
zwgk/gsgg	公示			平潭综合实验区金井片区管理局	https://www.pingtan.gov.cn/zwgk/gsgg/202601/t20260113_104561.htm	zwgk/gsgg/202601/104561_公示/page.txt	done
zwgk/gsgg	平潭野外观测研究站少雄山基地（场地平整）项目（小型建设工程）施工许可阶段审批前公示			平潭综合实验区行政审批局	https://www.pingtan.gov.cn/zwgk/gsgg/202601/t20260113_104555.htm	zwgk/gsgg/202601/104555_平潭野外观测研究站少雄山基地（场地平整）项目（小型建设工程）施工许可阶段审批前公/page.txt	done
zwgk/gsgg	2026年01月15日平潭电网检修信息			平潭电网	https://www.pingtan.gov.cn/zwgk/gsgg/202601/t20260112_104538.htm	zwgk/gsgg/202601/104538_2026年01月15日平潭电网检修信息/page.txt	done
zwgk/gsgg	君山镇磹水村渔港防浪堤倒塌修复工程项目二次招标(中标公告)			平潭综合实验区君山片区管理局	https://www.pingtan.gov.cn/zwgk/gsgg/202601/t20260112_104532.htm	zwgk/gsgg/202601/104532_君山镇磹水村渔港防浪堤倒塌修复工程项目二次招标(中标公告)/page.txt	done
zwgk/gsgg	平潭综合实验区关于思源学校提升改造工程施工许可阶段审批前公示			平潭综合实验区行政审批局	https://www.pingtan.gov.cn/zwgk/gsgg/202601/t20260109_104488.htm	zwgk/gsgg/202601/104488_平潭综合实验区关于思源学校提升改造工程施工许可阶段审批前公示/page.txt	done
zwgk/gsgg	平潭综合实验区农业农村局关于平潭县绿绿鑫蔬果农民专业合作社新型农业经营主体培育资金补助项目验收及拟拨付补助资金情况的公示			平潭综合实验区农业农村局	https://www.pingtan.gov.cn/zwgk/gsgg/202601/t20260108_104486.htm	zwgk/gsgg/202601/104486_平潭综合实验区农业农村局关于平潭县绿绿鑫蔬果农民专业合作社新型农业经营主体培育资/page.txt	done
zwgk/gsgg	平潭综合实验区金井片区管理局关于2026年乡村振兴示范创建对象项目(含财政衔接资金)的公示			平潭综合实验区金井片区管理局	https://www.pingtan.gov.cn/zwgk/gsgg/202601/t20260108_104482.htm	zwgk/gsgg/202601/104482_平潭综合实验区金井片区管理局关于2026年乡村振兴示范创建对象项目(含财政衔接资/page.txt	done
zwgk/gsgg	平潭综合实验区君山片区管理局机械租赁服务询价采购方案			平潭综合实验区君山片区管理局	https://www.pingtan.gov.cn/zwgk/gsgg/202601/t20260108_104481.htm	zwgk/gsgg/202601/104481_平潭综合实验区君山片区管理局机械租赁服务询价采购方案/page.txt	done
zwgk/gsgg	平潭综合实验区君山片区管理局关于《韩厝村村庄规划（2023-205）动态维护）的公示			平潭综合实验区君山片区管理局	https://www.pingtan.gov.cn/zwgk/gsgg/202601/t20260108_104480.htm	zwgk/gsgg/202601/104480_平潭综合实验区君山片区管理局关于《韩厝村村庄规划（2023-205）动态维护）的/page.txt	done
zwgk/gsgg	平潭综合实验区自然资源与生态环境局关于 召开《平潭综合实验区旧城关规划区个人住宅 违法建设历史遗留分类处置办法》征求 意见听证会有关事项的公告			平潭综合实验区自然资源与生态环境局	https://www.pingtan.gov.cn/zwgk/gsgg/202601/t20260108_104479.htm	zwgk/gsgg/202601/104479_平潭综合实验区自然资源与生态环境局关于 召开《平潭综合实验区旧城关规划区个人住宅/page.txt	done
zwgk/gsgg	​平潭综合实验区自然资源与生态环境局关于平潭“一张图”地理底图数据生产  建库项目价格调查公告			平潭综合实验区自然资源与生态环境局	https://www.pingtan.gov.cn/zwgk/gsgg/202601/t20260108_104477.htm	zwgk/gsgg/202601/104477_​平潭综合实验区自然资源与生态环境局关于平潭“一张图”地理底图数据生产 建库项/page.txt	done
zwgk/gsgg	平潭综合实验区苏平片区管理局关于河长名单的公示			平潭综合实验区苏平片区管理局	https://www.pingtan.gov.cn/zwgk/gsgg/202601/t20260107_104459.htm	zwgk/gsgg/202601/104459_平潭综合实验区苏平片区管理局关于河长名单的公示/page.txt	done
zwgk/gsgg	平潭综合实验区自然资源与生态环境局关于《平潭综合实验区苏澳管理单元苏平酒博物馆地块控制性详细规划（含选址论证专章）》的批前公示			平潭综合实验区自然资源与生态环境局	https://www.pingtan.gov.cn/zwgk/gsgg/202601/t20260107_104456.htm	zwgk/gsgg/202601/104456_平潭综合实验区自然资源与生态环境局关于《平潭综合实验区苏澳管理单元苏平酒博物馆地/page.txt	done
zwgk/gsgg	平潭综合实验区关于福鑫大厦工程建设许可阶段公示			平潭综合实验区行政审批局	https://www.pingtan.gov.cn/zwgk/gsgg/202601/t20260107_104447.htm	zwgk/gsgg/202601/104447_平潭综合实验区关于福鑫大厦工程建设许可阶段公示/page.txt	done
zwgk/gsgg	区行政审批局及下属单位综合性涉企收费目录清单			财务处	https://www.pingtan.gov.cn/zwgk/gsgg/202601/t20260106_104436.htm	zwgk/gsgg/202601/104436_区行政审批局及下属单位综合性涉企收费目录清单/page.txt	done
zwgk/gsgg	平潭综合实验区自然资源与生态环境局及下属单位综合性涉企收费目录清单			平潭综合实验区自然资源与生态环境局	https://www.pingtan.gov.cn/zwgk/gsgg/202601/t20260105_104426.htm	zwgk/gsgg/202601/104426_平潭综合实验区自然资源与生态环境局及下属单位综合性涉企收费目录清单/page.txt	done
zwgk/gsgg	关于第二轮中央生态环境保护督察反馈 “水产养殖管理问题”整改完成情况的公示			平潭综合实验区农业农村局	https://www.pingtan.gov.cn/zwgk/gsgg/202601/t20260105_104424.htm	zwgk/gsgg/202601/104424_关于第二轮中央生态环境保护督察反馈 “水产养殖管理问题”整改完成情况的公示/page.txt	done
zwgk/gsgg	平潭综合实验区农业农村局涉企收费目录清单			平潭综合实验区农业农村局	https://www.pingtan.gov.cn/zwgk/gsgg/202601/t20260105_104423.htm	zwgk/gsgg/202601/104423_平潭综合实验区农业农村局涉企收费目录清单/page.txt	done
zwgk/gsgg	平潭综合实验区壳丘头遗址博物馆、石牌洋景区门票价格制定听证会参加人意见采纳情况			平潭综合实验区市场监督管理局	https://www.pingtan.gov.cn/zwgk/gsgg/202601/t20260105_104419.htm	zwgk/gsgg/202601/104419_平潭综合实验区壳丘头遗址博物馆、石牌洋景区门票价格制定听证会参加人意见采纳情况/page.txt	done
zwgk/gsgg	平潭综合实验区管委会办公室关于绿植及暖装供应服务项目采购结果公示			xzc	https://www.pingtan.gov.cn/zwgk/gsgg/202601/t20260105_104418.htm	zwgk/gsgg/202601/104418_平潭综合实验区管委会办公室关于绿植及暖装供应服务项目采购结果公示/page.txt	done
zwgk/gsgg	平潭综合实验区管委会办公室关于办公耗材供应及办公设备维护服务项目采购结果公示			xzc	https://www.pingtan.gov.cn/zwgk/gsgg/202601/t20260105_104417.htm	zwgk/gsgg/202601/104417_平潭综合实验区管委会办公室关于办公耗材供应及办公设备维护服务项目采购结果公示/page.txt	done
zwgk/gsgg	平潭综合实验区管委会办公室关于饮用矿泉水供应服务项目采购结果公示			xzc	https://www.pingtan.gov.cn/zwgk/gsgg/202601/t20260105_104416.htm	zwgk/gsgg/202601/104416_平潭综合实验区管委会办公室关于饮用矿泉水供应服务项目采购结果公示/page.txt	done
zwgk/gsgg	平潭综合实验区社会事业局涉企收费清单公示			平潭综合实验区社会事业局	https://www.pingtan.gov.cn/zwgk/gsgg/202601/t20260105_104415.htm	zwgk/gsgg/202601/104415_平潭综合实验区社会事业局涉企收费清单公示/page.txt	done
zwgk/gsgg	平潭综合实验区管委会办公室关于办公用品及日用品供应服务项目采购结果公示			xzc	https://www.pingtan.gov.cn/zwgk/gsgg/202601/t20260105_104414.htm	zwgk/gsgg/202601/104414_平潭综合实验区管委会办公室关于办公用品及日用品供应服务项目采购结果公示/page.txt	done
zwgk/gsgg	政府采购项目前期市场价格调查			平潭综合实验区行政审批局	https://www.pingtan.gov.cn/zwgk/gsgg/202601/t20260105_104413.htm	zwgk/gsgg/202601/104413_政府采购项目前期市场价格调查/page.txt	done
zwgk/gsgg	平潭综合实验区管委会办公室关于床上用品供应服务项目采购结果公示			xzc	https://www.pingtan.gov.cn/zwgk/gsgg/202601/t20260105_104411.htm	zwgk/gsgg/202601/104411_平潭综合实验区管委会办公室关于床上用品供应服务项目采购结果公示/page.txt	done
zwgk/gsgg	平潭综合实验区河长制办公室关于公布平潭综合实验区区级河长名单的公告			平潭综合实验区农业农村局	https://www.pingtan.gov.cn/zwgk/gsgg/202601/t20260105_104407.htm	zwgk/gsgg/202601/104407_平潭综合实验区河长制办公室关于公布平潭综合实验区区级河长名单的公告/page.txt	done
zwgk/gsgg	平潭综合实验区金井片区管理局河长制办公室关于河湖长名单的公示			平潭综合实验区金井片区管理局	https://www.pingtan.gov.cn/zwgk/gsgg/202601/t20260105_104405.htm	zwgk/gsgg/202601/104405_平潭综合实验区金井片区管理局河长制办公室关于河湖长名单的公示/page.txt	done
zwgk/gsgg	公告			平潭综合实验区金井片区管理局	https://www.pingtan.gov.cn/zwgk/gsgg/202601/t20260105_104404.htm	zwgk/gsgg/202601/104404_公告/page.txt	done
zwgk/gsgg	君山镇磹水村渔港防浪堤倒塌修复工程项目二次招标			平潭综合实验区君山片区管理局	https://www.pingtan.gov.cn/zwgk/gsgg/202601/t20260105_104403.htm	zwgk/gsgg/202601/104403_君山镇磹水村渔港防浪堤倒塌修复工程项目二次招标/page.txt	done
zwgk/gsgg	平潭综合实验区自然资源与生态环境局关于原青少年宫地块绿化树木移植服务项目成交公告			平潭综合实验区自然资源与生态环境局	https://www.pingtan.gov.cn/zwgk/gsgg/202601/t20260105_104401.htm	zwgk/gsgg/202601/104401_平潭综合实验区自然资源与生态环境局关于原青少年宫地块绿化树木移植服务项目成交公告/page.txt	done
zwgk/gsgg	育达岚台交流培训中心暨附设幼儿园项目竣工规划条件核实结果公布			平潭综合实验区自然资源与生态环境局	https://www.pingtan.gov.cn/zwgk/gsgg/202601/t20260105_104400.htm	zwgk/gsgg/202601/104400_育达岚台交流培训中心暨附设幼儿园项目竣工规划条件核实结果公布/page.txt	done
zwgk/gsgg	平潭综合实验区2026年度养老机构综合责任险询价结果公示			平潭综合实验区社会事业局	https://www.pingtan.gov.cn/zwgk/gsgg/202601/t20260105_104385.htm	zwgk/gsgg/202601/104385_平潭综合实验区2026年度养老机构综合责任险询价结果公示/page.txt	done
zwgk/gsgg	平潭综合实验区关于马腿村缆线整治及全村乡村治理数字化体系建设项目（小型建设工程）施工许可阶段审批前公示			平潭综合实验区行政审批局	https://www.pingtan.gov.cn/zwgk/gsgg/202601/t20260104_104383.htm	zwgk/gsgg/202601/104383_平潭综合实验区关于马腿村缆线整治及全村乡村治理数字化体系建设项目（小型建设工程）/page.txt	done
zwgk/gsgg	关于公开征求 《平潭综合实验区政府投资基金管理实施细则（征求意见稿）》意见的公告			平潭综合实验区财政金融局	https://www.pingtan.gov.cn/zwgk/gsgg/202601/t20260104_104382.htm	zwgk/gsgg/202601/104382_关于公开征求 《平潭综合实验区政府投资基金管理实施细则（征求意见稿）》意见的公告/page.txt	done
zwgk/gsgg	平潭综合实验区君山片区管理局关于河长名单的公示			平潭综合实验区君山片区管理局	https://www.pingtan.gov.cn/zwgk/gsgg/202601/t20260104_104379.htm	zwgk/gsgg/202601/104379_平潭综合实验区君山片区管理局关于河长名单的公示/page.txt	done
zwgk/gsgg	平潭综合实验区海坛片区管理局关于河长名单的公示			海坛片区	https://www.pingtan.gov.cn/zwgk/gsgg/202601/t20260104_104376.htm	zwgk/gsgg/202601/104376_平潭综合实验区海坛片区管理局关于河长名单的公示/page.txt	done
zwgk/gsgg	关于国家管网集团西南管道有限责任公司地质灾害多源监测综合时序数据集申请材料审查情况的公示			区行政审批局大数据处	https://www.pingtan.gov.cn/zwgk/gsgg/202601/t20260104_104371.htm	zwgk/gsgg/202601/104371_关于国家管网集团西南管道有限责任公司地质灾害多源监测综合时序数据集申请材料审查情/page.txt	done
zwgk/gsgg	2025年度平潭综合实验区党工委管委会政府门户网站工作年度报表			平潭综合实验区管委会办公室	https://www.pingtan.gov.cn/zwgk/gsgg/202601/t20260104_104370.htm	zwgk/gsgg/202601/104370_2025年度平潭综合实验区党工委管委会政府门户网站工作年度报表/page.txt	done
zwgk/gsgg	平潭综合实验区党工委农村工作领导小组办公室关于2026年度全省乡村振兴示范村创建对象推荐名单的公示			平潭综合实验区农业农村局	https://www.pingtan.gov.cn/zwgk/gsgg/202512/t20251231_104341.htm	zwgk/gsgg/202512/104341_平潭综合实验区党工委农村工作领导小组办公室关于2026年度全省乡村振兴示范村创建/page.txt	done
zwgk/gsgg	平潭综合实验区自然资源与生态环境局关于2019G067 地块(二期) 竣工规划条件核实公示			平潭综合实验区自然资源与生态环境局	https://www.pingtan.gov.cn/zwgk/gsgg/202512/t20251231_104339.htm	zwgk/gsgg/202512/104339_平潭综合实验区自然资源与生态环境局关于2019G067 地块(二期) 竣工规划条/page.txt	done
zwgk/gsgg	平潭综合实验区农业农村局关于2025年台湾农民创业园项目第一次验收情况的公开			平潭综合实验区农业农村局	https://www.pingtan.gov.cn/zwgk/gsgg/202512/t20251231_104337.htm	zwgk/gsgg/202512/104337_平潭综合实验区农业农村局关于2025年台湾农民创业园项目第一次验收情况的公开/page.txt	done
zwgk/gsgg	平潭综合实验区关于北部生态廊道提升完善工程钟门村整治提升（水毁修复） 项目（小型建设工程）施工许可阶段审批前公示			平潭综合实验区行政审批局	https://www.pingtan.gov.cn/zwgk/gsgg/202512/t20251231_104335.htm	zwgk/gsgg/202512/104335_平潭综合实验区关于北部生态廊道提升完善工程钟门村整治提升（水毁修复） 项目（小型/page.txt	done
zwgk/gsgg	《平潭综合实验区社会事业局行政处罚事先告知书》送达公告 (平潭县永春艺术文化培训中心)			平潭综合实验区社会事业局	https://www.pingtan.gov.cn/zwgk/gsgg/202512/t20251231_104331.htm	zwgk/gsgg/202512/104331_《平潭综合实验区社会事业局行政处罚事先告知书》送达公告 (平潭县永春艺术文化培训/page.txt	done
zwgk/gsgg	《平潭综合实验区社会事业局行政处罚事先告知书》送达公告 (平潭健身健美协会)			平潭综合实验区社会事业局	https://www.pingtan.gov.cn/zwgk/gsgg/202512/t20251231_104330.htm	zwgk/gsgg/202512/104330_《平潭综合实验区社会事业局行政处罚事先告知书》送达公告 (平潭健身健美协会)/page.txt	done
zwgk/gsgg	平潭综合实验区收藏家协会清算公告			平潭综合实验区社会事业局	https://www.pingtan.gov.cn/zwgk/gsgg/202512/t20251231_104318.htm	zwgk/gsgg/202512/104318_平潭综合实验区收藏家协会清算公告/page.txt	done
zwgk/gsgg	平潭县人民政府关于禁止开垦陡地范围划定的公告			平潭综合实验区农业农村局	https://www.pingtan.gov.cn/zwgk/gsgg/202512/t20251230_104317.htm	zwgk/gsgg/202512/104317_平潭县人民政府关于禁止开垦陡地范围划定的公告/page.txt	done
zwgk/gsgg	平潭综合实验区农业农村局关于 2025年农业“五新”（农机新机具)示范推广项目验收情况的公开			平潭综合实验区农业农村局	https://www.pingtan.gov.cn/zwgk/gsgg/202512/t20251230_104316.htm	zwgk/gsgg/202512/104316_平潭综合实验区农业农村局关于 2025年农业“五新”（农机新机具)示范推广项目验/page.txt	done
zwgk/gsgg	平潭综合实验区农业农村局关于2025年中央农业经营主体能力提升资金补助项目验收及拟拨付补助资金情况的公示			平潭综合实验区农业农村局	https://www.pingtan.gov.cn/zwgk/gsgg/202512/t20251230_104315.htm	zwgk/gsgg/202512/104315_平潭综合实验区农业农村局关于2025年中央农业经营主体能力提升资金补助项目验收及/page.txt	done
zwgk/gsgg	2025年福建平潭综合实验区海洋生态保护修复项目跟踪监测及成效评估采购需求论证公示			平潭综合实验区自然资源与生态环境局	https://www.pingtan.gov.cn/zwgk/gsgg/202512/t20251230_104314.htm	zwgk/gsgg/202512/104314_2025年福建平潭综合实验区海洋生态保护修复项目跟踪监测及成效评估采购需求论证公/page.txt	done
zwgk/gsgg	​平潭综合实验区自然资源与生态环境局关于平潭综合实验区31个地块生态环境损害  鉴定评估服务自行采购公告（第三次）			平潭综合实验区自然资源与生态环境局	https://www.pingtan.gov.cn/zwgk/gsgg/202512/t20251230_104313.htm	zwgk/gsgg/202512/104313_​平潭综合实验区自然资源与生态环境局关于平潭综合实验区31个地块生态环境损害/page.txt	done
zwgk/gsgg	金井镇湖南村崎沙澳停车场招租公告			平潭综合实验区金井片区管理局	https://www.pingtan.gov.cn/zwgk/gsgg/202512/t20251230_104311.htm	zwgk/gsgg/202512/104311_金井镇湖南村崎沙澳停车场招租公告/page.txt	done
zwgk/gsgg	金井镇湖南村文旅融合配套闲置地块招租公告			平潭综合实验区金井片区管理局	https://www.pingtan.gov.cn/zwgk/gsgg/202512/t20251230_104310.htm	zwgk/gsgg/202512/104310_金井镇湖南村文旅融合配套闲置地块招租公告/page.txt	done
zwgk/gsgg	平潭县东南风文化艺术传播中心清算公告			平潭综合实验区社会事业局	https://www.pingtan.gov.cn/zwgk/gsgg/202512/t20251230_104302.htm	zwgk/gsgg/202512/104302_平潭县东南风文化艺术传播中心清算公告/page.txt	done
zwgk/gsgg	社会团体登记证书遗失声明			平潭综合实验区社会事业局	https://www.pingtan.gov.cn/zwgk/gsgg/202512/t20251230_104299.htm	zwgk/gsgg/202512/104299_社会团体登记证书遗失声明/page.txt	done
zwgk/gsgg	社会团体法人登记证书遗失声明				https://www.pingtan.gov.cn/zwgk/gsgg/202512/t20251230_104298.htm	zwgk/gsgg/202512/104298_社会团体法人登记证书遗失声明/page.txt	done
zwgk/gsgg	平潭综合实验区自然资源服务中心关于平潭综合实验区2025年10宗土壤污染状况调查第一阶段调查工作技术服务自行采购成交结果公告			平潭综合实验区自然资源与生态环境局	https://www.pingtan.gov.cn/zwgk/gsgg/202512/t20251229_104289.htm	zwgk/gsgg/202512/104289_平潭综合实验区自然资源服务中心关于平潭综合实验区2025年10宗土壤污染状况调查/page.txt	done
zwgk/gsgg	平潭综合实验区自然资源服务中心关于2026年平潭综合实验区自然资源生态环境一张图应用平台及智能办公系统维护项目采购结果公告			平潭综合实验区自然资源与生态环境局	https://www.pingtan.gov.cn/zwgk/gsgg/202512/t20251229_104288.htm	zwgk/gsgg/202512/104288_平潭综合实验区自然资源服务中心关于2026年平潭综合实验区自然资源生态环境一张图/page.txt	done
zwgk/gsgg	平潭综合实验区党工委农村工作领导小组办公室关于2026年度第一批衔接推进乡村振兴项目（少数民族补助资金）的公告			平潭综合实验区农业农村局	https://www.pingtan.gov.cn/zwgk/gsgg/202512/t20251229_104280.htm	zwgk/gsgg/202512/104280_平潭综合实验区党工委农村工作领导小组办公室关于2026年度第一批衔接推进乡村振兴/page.txt	done
zwgk/gsgg	关于龙山小学新校区项目竣工规划条件核实结果公布			平潭综合实验区自然资源与生态环境局	https://www.pingtan.gov.cn/zwgk/gsgg/202512/t20251227_104258.htm	zwgk/gsgg/202512/104258_关于龙山小学新校区项目竣工规划条件核实结果公布/page.txt	done
zwgk/gsgg	平潭综合实验区关于万嘉社区安防监控系统项目施工许可阶段审批前公示			平潭综合实验区行政审批局	https://www.pingtan.gov.cn/zwgk/gsgg/202512/t20251226_104252.htm	zwgk/gsgg/202512/104252_平潭综合实验区关于万嘉社区安防监控系统项目施工许可阶段审批前公示/page.txt	done
zwgk/gsgg	平潭综合实验区市场监督管理局行政处罚文书送达公告（岚市监信罚送告〔2025〕6号）			平潭综合实验区市场监督管理局	https://www.pingtan.gov.cn/zwgk/gsgg/202512/t20251226_104244.htm	zwgk/gsgg/202512/104244_平潭综合实验区市场监督管理局行政处罚文书送达公告（岚市监信罚送告〔2025〕6号/page.txt	done
zwgk/gsgg	平潭综合实验区关于正旺村精品客栈配套设施建设项目（小型建设工程）施工许可阶段审批前公示			平潭综合实验区行政审批局	https://www.pingtan.gov.cn/zwgk/gsgg/202512/t20251226_104241.htm	zwgk/gsgg/202512/104241_平潭综合实验区关于正旺村精品客栈配套设施建设项目（小型建设工程）施工许可阶段审批/page.txt	done
zwgk/gsgg	平潭综合实验区行政审批局纠正不符合规定企业名称决定书			平潭综合实验区行政审批局	https://www.pingtan.gov.cn/zwgk/gsgg/202512/t20251225_104221.htm	zwgk/gsgg/202512/104221_平潭综合实验区行政审批局纠正不符合规定企业名称决定书/page.txt	done
zwgk/gsgg	平潭综合实验区管委会办公室办公耗材供应及办公设备维护服务询价公告			xzc	https://www.pingtan.gov.cn/zwgk/gsgg/202512/t20251225_104220.htm	zwgk/gsgg/202512/104220_平潭综合实验区管委会办公室办公耗材供应及办公设备维护服务询价公告/page.txt	done
zwgk/gsgg	平潭综合实验区管委会办公室办公用品及日用品供应服务询价公告			xzc	https://www.pingtan.gov.cn/zwgk/gsgg/202512/t20251225_104219.htm	zwgk/gsgg/202512/104219_平潭综合实验区管委会办公室办公用品及日用品供应服务询价公告/page.txt	done
zwgk/gsgg	平潭综合实验区管委会办公室饮用矿泉水供应服务询价公告			xzc	https://www.pingtan.gov.cn/zwgk/gsgg/202512/t20251225_104218.htm	zwgk/gsgg/202512/104218_平潭综合实验区管委会办公室饮用矿泉水供应服务询价公告/page.txt	done
zwgk/gsgg	平潭综合实验区农业农村局关于2024年度海洋与渔业高质量发展专项资金（海洋与渔业产业园区）项目验收情况的公示			平潭综合实验区农业农村局	https://www.pingtan.gov.cn/zwgk/gsgg/202512/t20251225_104216.htm	zwgk/gsgg/202512/104216_平潭综合实验区农业农村局关于2024年度海洋与渔业高质量发展专项资金（海洋与渔业/page.txt	done
zwgk/gsgg	平潭综合实验区农业农村局关于“新建冷藏保鲜设施设备项目”和“海马初加工设施设备项目”验收的公示			平潭综合实验区农业农村局	https://www.pingtan.gov.cn/zwgk/gsgg/202512/t20251225_104215.htm	zwgk/gsgg/202512/104215_平潭综合实验区农业农村局关于“新建冷藏保鲜设施设备项目”和“海马初加工设施设备项/page.txt	done
zwgk/gsgg	福鑫大厦项目建设工程规划许可证批后公示			平潭综合实验区自然资源与生态环境局	https://www.pingtan.gov.cn/zwgk/gsgg/202512/t20251225_104214.htm	zwgk/gsgg/202512/104214_福鑫大厦项目建设工程规划许可证批后公示/page.txt	done
zwgk/gsgg	平潭综合实验区管委会办公室床上用品供应服务询价公告			xzc	https://www.pingtan.gov.cn/zwgk/gsgg/202512/t20251225_104213.htm	zwgk/gsgg/202512/104213_平潭综合实验区管委会办公室床上用品供应服务询价公告/page.txt	done
zwgk/gsgg	君山镇流金华府一期C区3b#楼11商铺项目			平潭综合实验区君山片区管理局	https://www.pingtan.gov.cn/zwgk/gsgg/202512/t20251225_104207.htm	zwgk/gsgg/202512/104207_君山镇流金华府一期C区3b#楼11商铺项目/page.txt	done
zwgk/gsgg	君山镇磹水村渔港防浪堤倒塌修复工程项目			平潭综合实验区君山片区管理局	https://www.pingtan.gov.cn/zwgk/gsgg/202512/t20251225_104206.htm	zwgk/gsgg/202512/104206_君山镇磹水村渔港防浪堤倒塌修复工程项目/page.txt	done
zwgk/gsgg	平潭综合实验区管委会办公室关于绿植及暖装供应服务询价公告			xzc	https://www.pingtan.gov.cn/zwgk/gsgg/202512/t20251225_104205.htm	zwgk/gsgg/202512/104205_平潭综合实验区管委会办公室关于绿植及暖装供应服务询价公告/page.txt	done
zwgk/gsgg	​城市更新国有老旧资产-五交化家属区提升工程建设工程规划许可证批后公布			平潭综合实验区自然资源与生态环境局	https://www.pingtan.gov.cn/zwgk/gsgg/202512/t20251224_104178.htm	zwgk/gsgg/202512/104178_​城市更新国有老旧资产-五交化家属区提升工程建设工程规划许可证批后公布/page.txt	done
zwgk/gsgg	平潭综合实验区农业农村局关于2025年基层水产技术推广体系改革与建设项目相关情况的公示			平潭综合实验区农业农村局	https://www.pingtan.gov.cn/zwgk/gsgg/202512/t20251223_104177.htm	zwgk/gsgg/202512/104177_平潭综合实验区农业农村局关于2025年基层水产技术推广体系改革与建设项目相关情况/page.txt	done
zwgk/gsgg	平潭综合实验区党工委管委会办公室关于实验区改革创新和自贸区建设先进集体和先进个人拟表彰名单的公示			平潭综合实验区管委会办公室	https://www.pingtan.gov.cn/zwgk/gsgg/202512/t20251223_104173.htm	zwgk/gsgg/202512/104173_平潭综合实验区党工委管委会办公室关于实验区改革创新和自贸区建设先进集体和先进个人/page.txt	done
zwgk/gsgg	用地预审与选址意见书公示			平潭综合实验区自然资源服务中心	https://www.pingtan.gov.cn/zwgk/gsgg/202512/t20251223_104169.htm	zwgk/gsgg/202512/104169_用地预审与选址意见书公示/page.txt	done
zwgk/gsgg	公示			平潭综合实验区金井片区管理局	https://www.pingtan.gov.cn/zwgk/gsgg/202512/t20251223_104168.htm	zwgk/gsgg/202512/104168_公示/page.txt	done
zwgk/gsgg	平潭综合实验区自然资源与生态环境局关于原青少年宫地块绿化树木移植服务单位自行采购的公告			平潭综合实验区自然资源与生态环境局	https://www.pingtan.gov.cn/zwgk/gsgg/202512/t20251223_104163.htm	zwgk/gsgg/202512/104163_平潭综合实验区自然资源与生态环境局关于原青少年宫地块绿化树木移植服务单位自行采购/page.txt	done
zwgk/gsgg	松南村关于后池路东段（翠园北路至038乡道段）水泥路面浇筑沥青路面项目施工招标废标事项说明			平潭综合实验区君山片区管理局	https://www.pingtan.gov.cn/zwgk/gsgg/202512/t20251222_104155.htm	zwgk/gsgg/202512/104155_松南村关于后池路东段（翠园北路至038乡道段）水泥路面浇筑沥青路面项目施工招标废/page.txt	done
zwgk/gsgg	平潭综合实验区农业农村局关于高标准农田建设项目实施情况的公开			平潭综合实验区农业农村局	https://www.pingtan.gov.cn/zwgk/gsgg/202512/t20251219_104136.htm	zwgk/gsgg/202512/104136_平潭综合实验区农业农村局关于高标准农田建设项目实施情况的公开/page.txt	done
zwgk/gsgg	​平潭综合实验区自然资源与生态环境局关于征集2025年福建平潭海洋生态保护修复工程项目跟踪监测及成效评估采购需求方案的公告			平潭综合实验区自然资源服务中心	https://www.pingtan.gov.cn/zwgk/gsgg/202512/t20251219_104133.htm	zwgk/gsgg/202512/104133_​平潭综合实验区自然资源与生态环境局关于征集2025年福建平潭海洋生态保护修复工/page.txt	done
zwgk/gsgg	平潭综合实验区自然资源与生态环境局关于2026年营造林项目设计服务单位市场调研的公告			平潭综合实验区自然资源与生态环境局	https://www.pingtan.gov.cn/zwgk/gsgg/202512/t20251219_104131.htm	zwgk/gsgg/202512/104131_平潭综合实验区自然资源与生态环境局关于2026年营造林项目设计服务单位市场调研的/page.txt	done
zwgk/gsgg	平潭综合实验区自然资源与生态环境局自行采购项目采购公告			平潭综合实验区自然资源服务中心	https://www.pingtan.gov.cn/zwgk/gsgg/202512/t20251219_104130.htm	zwgk/gsgg/202512/104130_平潭综合实验区自然资源与生态环境局自行采购项目采购公告/page.txt	done
zwgk/gsgg	社会团体法人登记证书遗失声明			平潭综合实验区社会事业局	https://www.pingtan.gov.cn/zwgk/gsgg/202512/t20251219_104127.htm	zwgk/gsgg/202512/104127_社会团体法人登记证书遗失声明/page.txt	done
zwgk/gsgg	平潭综合实验区自然资源与生态环境局关于平潭综合实验区31个地块生态环境损害鉴定评估服务采购（第二次）流标结果公示			平潭综合实验区自然资源与生态环境局	https://www.pingtan.gov.cn/zwgk/gsgg/202512/t20251218_104099.htm	zwgk/gsgg/202512/104099_平潭综合实验区自然资源与生态环境局关于平潭综合实验区31个地块生态环境损害鉴定评/page.txt	done
zwgk/gsgg	平潭综合实验区君山片区管理局关于2026年乡村振兴示范创建对象项目 (含财政衔接资金)的公告			平潭综合实验区君山片区管理局	https://www.pingtan.gov.cn/zwgk/gsgg/202512/t20251218_104090.htm	zwgk/gsgg/202512/104090_平潭综合实验区君山片区管理局关于2026年乡村振兴示范创建对象项目 (含财政衔接/page.txt	done
zwgk/gsgg	平潭综合实验区关于公交首末站提升改造工程施工许可阶段审批前公示			平潭综合实验区行政审批局	https://www.pingtan.gov.cn/zwgk/gsgg/202512/t20251217_104075.htm	zwgk/gsgg/202512/104075_平潭综合实验区关于公交首末站提升改造工程施工许可阶段审批前公示/page.txt	done
zwgk/gsgg	平潭综合实验区城乡环境发展有限公司申请《危险废物经营许可证》的公示			平潭综合实验区自然资源与生态环境局	https://www.pingtan.gov.cn/zwgk/gsgg/202512/t20251217_104068.htm	zwgk/gsgg/202512/104068_平潭综合实验区城乡环境发展有限公司申请《危险废物经营许可证》的公示/page.txt	done
zwgk/gsgg	平潭综合实验区农业农村局关于2025年第九批农机购置补贴申请情况的公示			平潭综合实验区农业农村局	https://www.pingtan.gov.cn/zwgk/gsgg/202512/t20251216_104058.htm	zwgk/gsgg/202512/104058_平潭综合实验区农业农村局关于2025年第九批农机购置补贴申请情况的公示/page.txt	done
zwgk/gsgg	​平潭综合实验区自然资源与生态环境局自行采购项目采购公告			平潭综合实验区自然资源与生态环境局	https://www.pingtan.gov.cn/zwgk/gsgg/202512/t20251216_104052.htm	zwgk/gsgg/202512/104052_​平潭综合实验区自然资源与生态环境局自行采购项目采购公告/page.txt	done
zwgk/gsgg	平潭综合实验区君山片区管理局关于采购红火蚁防治药剂询价结果的公示			平潭综合实验区君山片区管理局	https://www.pingtan.gov.cn/zwgk/gsgg/202512/t20251216_104050.htm	zwgk/gsgg/202512/104050_平潭综合实验区君山片区管理局关于采购红火蚁防治药剂询价结果的公示/page.txt	done
zwgk/gsgg	平潭综合实验区行政审批局关于纠正不适宜企业名称告知书			平潭综合实验区行政审批局	https://www.pingtan.gov.cn/zwgk/gsgg/202512/t20251215_104039.htm	zwgk/gsgg/202512/104039_平潭综合实验区行政审批局关于纠正不适宜企业名称告知书/page.txt	done
zwgk/gsgg	平潭综合实验区农业农村局关于2024年近海渔船更新改造项目验收情况的公示			平潭综合实验区农业农村局	https://www.pingtan.gov.cn/zwgk/gsgg/202512/t20251215_104031.htm	zwgk/gsgg/202512/104031_平潭综合实验区农业农村局关于2024年近海渔船更新改造项目验收情况的公示/page.txt	done
zwgk/gsgg	用地预审与选址意见书公示			平潭综合实验区自然资源与生态环境局	https://www.pingtan.gov.cn/zwgk/gsgg/202512/t20251215_104030.htm	zwgk/gsgg/202512/104030_用地预审与选址意见书公示/page.txt	done
zwgk/gsgg	​平潭综合实验区自然资源与生态环境局自行采购项目比价采购评审结果公告			平潭综合实验区自然资源与生态环境局	https://www.pingtan.gov.cn/zwgk/gsgg/202512/t20251215_104029.htm	zwgk/gsgg/202512/104029_​平潭综合实验区自然资源与生态环境局自行采购项目比价采购评审结果公告/page.txt	done
zwgk/gsgg	限山岛游客应急避难场所建设工程规划许可证批后公布			平潭综合实验区自然资源与生态环境局	https://www.pingtan.gov.cn/zwgk/gsgg/202512/t20251215_104027.htm	zwgk/gsgg/202512/104027_限山岛游客应急避难场所建设工程规划许可证批后公布/page.txt	done
zwgk/gsgg	平潭综合实验区关于重点区域市政管网提质增效工程建设许可阶段审批前公示			平潭综合实验区行政审批局	https://www.pingtan.gov.cn/zwgk/gsgg/202512/t20251212_103983.htm	zwgk/gsgg/202512/103983_平潭综合实验区关于重点区域市政管网提质增效工程建设许可阶段审批前公示/page.txt	done
zwgk/gsgg	平潭综合实验区关于平潭竹屿湖五星级酒店工程建设许可阶段审批前公示			平潭综合实验区行政审批局	https://www.pingtan.gov.cn/zwgk/gsgg/202512/t20251212_103981.htm	zwgk/gsgg/202512/103981_平潭综合实验区关于平潭竹屿湖五星级酒店工程建设许可阶段审批前公示/page.txt	done
zwgk/gsgg	平潭综合实验区关于屿头乡饮用水工程立项用地许可阶段审批前公示			平潭综合实验区行政审批局	https://www.pingtan.gov.cn/zwgk/gsgg/202512/t20251212_103980.htm	zwgk/gsgg/202512/103980_平潭综合实验区关于屿头乡饮用水工程立项用地许可阶段审批前公示/page.txt	done
zwgk/gsgg	平潭综合实验区关于南海乡饮用水工程立项用地许可阶段审批前公示			平潭综合实验区行政审批局	https://www.pingtan.gov.cn/zwgk/gsgg/202512/t20251212_103979.htm	zwgk/gsgg/202512/103979_平潭综合实验区关于南海乡饮用水工程立项用地许可阶段审批前公示/page.txt	done
zwgk/gsgg	龙海村体育馆建设项目乡村建设规划许可证批后公布			平潭综合实验区自然资源与生态环境局	https://www.pingtan.gov.cn/zwgk/gsgg/202512/t20251212_103978.htm	zwgk/gsgg/202512/103978_龙海村体育馆建设项目乡村建设规划许可证批后公布/page.txt	done
zwgk/gsgg	平潭综合实验区关于平潭北部海洋生态保护修复工程环境影响评价报告书审批前公示			平潭综合实验区行政审批局	https://www.pingtan.gov.cn/zwgk/gsgg/202512/t20251212_103977.htm	zwgk/gsgg/202512/103977_平潭综合实验区关于平潭北部海洋生态保护修复工程环境影响评价报告书审批前公示/page.txt	done
zwgk/gsgg	平潭综合实验区2025年度危险废物利用处置能力建设引导性公告			平潭综合实验区自然资源与生态环境局	https://www.pingtan.gov.cn/zwgk/gsgg/202512/t20251212_103976.htm	zwgk/gsgg/202512/103976_平潭综合实验区2025年度危险废物利用处置能力建设引导性公告/page.txt	done
zwgk/gsgg	《平潭综合实验区社会事业局行政处罚事先告知书》送达公告 (平潭县城东中学)			平潭综合实验区社会事业局	https://www.pingtan.gov.cn/zwgk/gsgg/202512/t20251212_103957.htm	zwgk/gsgg/202512/103957_《平潭综合实验区社会事业局行政处罚事先告知书》送达公告 (平潭县城东中学)/page.txt	done
zwgk/gsgg	《平潭综合实验区社会事业局行政处罚事先告知书》送达公告 (平潭综合实验区海之星幼儿园)			平潭综合实验区社会事业局	https://www.pingtan.gov.cn/zwgk/gsgg/202512/t20251212_103956.htm	zwgk/gsgg/202512/103956_《平潭综合实验区社会事业局行政处罚事先告知书》送达公告 (平潭综合实验区海之星幼/page.txt	done
zwgk/gsgg	《平潭综合实验区社会事业局行政处罚事先告知书》送达公告 (平潭风能行业协会)			平潭综合实验区社会事业局	https://www.pingtan.gov.cn/zwgk/gsgg/202512/t20251212_103955.htm	zwgk/gsgg/202512/103955_《平潭综合实验区社会事业局行政处罚事先告知书》送达公告 (平潭风能行业协会)/page.txt	done
zwgk/gsgg	《平潭综合实验区社会事业局行政处罚事先告知书》送达公告 (平潭互联网金融协会)			平潭综合实验区社会事业局	https://www.pingtan.gov.cn/zwgk/gsgg/202512/t20251212_103954.htm	zwgk/gsgg/202512/103954_《平潭综合实验区社会事业局行政处罚事先告知书》送达公告 (平潭互联网金融协会)/page.txt	done
zwgk/gsgg	《平潭综合实验区社会事业局行政处罚事先告知书》送达公告 (平潭县建材行业协会)			平潭综合实验区社会事业局	https://www.pingtan.gov.cn/zwgk/gsgg/202512/t20251212_103953.htm	zwgk/gsgg/202512/103953_《平潭综合实验区社会事业局行政处罚事先告知书》送达公告 (平潭县建材行业协会)/page.txt	done
zwgk/gsgg	《平潭综合实验区社会事业局行政处罚事先告知书》送达公告 (平潭县育英中学)			平潭综合实验区社会事业局	https://www.pingtan.gov.cn/zwgk/gsgg/202512/t20251212_103952.htm	zwgk/gsgg/202512/103952_《平潭综合实验区社会事业局行政处罚事先告知书》送达公告 (平潭县育英中学)/page.txt	done
zwgk/gsgg	《平潭综合实验区社会事业局行政处罚事先告知书》送达公告 (平潭县海运学会)			平潭综合实验区社会事业局	https://www.pingtan.gov.cn/zwgk/gsgg/202512/t20251212_103950.htm	zwgk/gsgg/202512/103950_《平潭综合实验区社会事业局行政处罚事先告知书》送达公告 (平潭县海运学会)/page.txt	done
zwgk/gsgg	《平潭综合实验区社会事业局行政处罚事先告知书》送达公告 (平潭宏大生物科技研究所)			平潭综合实验区社会事业局	https://www.pingtan.gov.cn/zwgk/gsgg/202512/t20251212_103949.htm	zwgk/gsgg/202512/103949_《平潭综合实验区社会事业局行政处罚事先告知书》送达公告 (平潭宏大生物科技研究所/page.txt	done
zwgk/gsgg	《平潭综合实验区社会事业局行政处罚事先告知书》送达公告 (平潭综合实验区爱国拥军促进会)			平潭综合实验区社会事业局	https://www.pingtan.gov.cn/zwgk/gsgg/202512/t20251212_103948.htm	zwgk/gsgg/202512/103948_《平潭综合实验区社会事业局行政处罚事先告知书》送达公告 (平潭综合实验区爱国拥军/page.txt	done
zwgk/gsgg	《平潭综合实验区社会事业局行政处罚事先告知书》送达公告 (平潭县流水航运协会)			平潭综合实验区社会事业局	https://www.pingtan.gov.cn/zwgk/gsgg/202512/t20251212_103947.htm	zwgk/gsgg/202512/103947_《平潭综合实验区社会事业局行政处罚事先告知书》送达公告 (平潭县流水航运协会)/page.txt	done
zwgk/gsgg	《平潭综合实验区社会事业局行政处罚事先告知书》送达公告 (平潭综合实验区美业发展协会)			平潭综合实验区社会事业局	https://www.pingtan.gov.cn/zwgk/gsgg/202512/t20251212_103946.htm	zwgk/gsgg/202512/103946_《平潭综合实验区社会事业局行政处罚事先告知书》送达公告 (平潭综合实验区美业发展/page.txt	done
zwgk/gsgg	社会团体法人登记证书遗失声明			平潭综合实验区社会事业局	https://www.pingtan.gov.cn/zwgk/gsgg/202512/t20251211_103944.htm	zwgk/gsgg/202512/103944_社会团体法人登记证书遗失声明/page.txt	done
zwgk/gsgg	社会团体法人登记证书遗失声明			平潭综合实验区社会事业局	https://www.pingtan.gov.cn/zwgk/gsgg/202512/t20251211_103942.htm	zwgk/gsgg/202512/103942_社会团体法人登记证书遗失声明/page.txt	done
zwgk/gsgg	公告			平潭综合实验区金井片区管理局	https://www.pingtan.gov.cn/zwgk/gsgg/202512/t20251210_103929.htm	zwgk/gsgg/202512/103929_公告/page.txt	done
zwgk/gsgg	平潭综合实验区关于龙海村体育馆建设项目工程建设许可阶段审批前公示			平潭综合实验区行政审批局	https://www.pingtan.gov.cn/zwgk/gsgg/202512/t20251210_103928.htm	zwgk/gsgg/202512/103928_平潭综合实验区关于龙海村体育馆建设项目工程建设许可阶段审批前公示/page.txt	done
zwgk/gsgg	平潭综合实验区2025年社会组织列入活动异常名录公告			平潭综合实验区社会事业局	https://www.pingtan.gov.cn/zwgk/gsgg/202512/t20251210_103924.htm	zwgk/gsgg/202512/103924_平潭综合实验区2025年社会组织列入活动异常名录公告/page.txt	done
zwgk/gsgg	平潭综合实验区关于苏平片区入海沟渠“除黑消劣”工程（二期）（小型建设工程）施工许可阶段审批前公示			平潭综合实验区行政审批局	https://www.pingtan.gov.cn/zwgk/gsgg/202512/t20251210_103922.htm	zwgk/gsgg/202512/103922_平潭综合实验区关于苏平片区入海沟渠“除黑消劣”工程（二期）（小型建设工程）施工许/page.txt	done
zwgk/gsgg	平潭综合实验区关于东占村东占学堂项目（小型建设工程）施工许可阶段审批前公示			平潭综合实验区行政审批局	https://www.pingtan.gov.cn/zwgk/gsgg/202512/t20251210_103921.htm	zwgk/gsgg/202512/103921_平潭综合实验区关于东占村东占学堂项目（小型建设工程）施工许可阶段审批前公示/page.txt	done
zwgk/gsgg	平潭综合实验区自然资源服务中心关于2026年平潭综合实验区自然资源生态环境一张图综合应用平台及智能办公系统维护项目的自行采购公告			平潭综合实验区自然资源服务中心	https://www.pingtan.gov.cn/zwgk/gsgg/202512/t20251210_103920.htm	zwgk/gsgg/202512/103920_平潭综合实验区自然资源服务中心关于2026年平潭综合实验区自然资源生态环境一张图/page.txt	done
zwgk/gsgg	平潭综合实验区关于福建福州平潭娘宫220kV变电站110kV送出工程立项用地规划许可审批前公示			平潭综合实验区行政审批局	https://www.pingtan.gov.cn/zwgk/gsgg/202512/t20251210_103919.htm	zwgk/gsgg/202512/103919_平潭综合实验区关于福建福州平潭娘宫220kV变电站110kV送出工程立项用地规划/page.txt	done
zwgk/gsgg	平潭综合实验区君山片区管理局关于2026年乡村振兴示范创建对象项目 (含财政衔接资金)的公示			平潭综合实验区君山片区管理局	https://www.pingtan.gov.cn/zwgk/gsgg/202512/t20251210_103918.htm	zwgk/gsgg/202512/103918_平潭综合实验区君山片区管理局关于2026年乡村振兴示范创建对象项目 (含财政衔接/page.txt	done
zwgk/gsgg	平潭综合实验区君山养老服务中心“扶老”设备采购项目采购需求征求意见公告			平潭综合实验区社会事业局	https://www.pingtan.gov.cn/zwgk/gsgg/202512/t20251210_103904.htm	zwgk/gsgg/202512/103904_平潭综合实验区君山养老服务中心“扶老”设备采购项目采购需求征求意见公告/page.txt	done
zwgk/gsgg	​平潭综合实验区自然资源与生态环境局关于平潭综合实验区31个地块生态环境损害鉴定评估服务自行采购公告（第二次）			平潭综合实验区自然资源与生态环境局	https://www.pingtan.gov.cn/zwgk/gsgg/202512/t20251210_103902.htm	zwgk/gsgg/202512/103902_​平潭综合实验区自然资源与生态环境局关于平潭综合实验区31个地块生态环境损害鉴定/page.txt	done
zwgk/gsgg	平潭综合实验区海洋气象站（三期）基础  设施建设项目建设工程规划许可证批后公布			平潭综合实验区自然资源与生态环境局	https://www.pingtan.gov.cn/zwgk/gsgg/202512/t20251210_103901.htm	zwgk/gsgg/202512/103901_平潭综合实验区海洋气象站（三期）基础 设施建设项目建设工程规划许可证批后公布/page.txt	done
zwgk/gsgg	北楼村村级组织活动场所项目总平面图批前公示			平潭综合实验区自然资源与生态环境局	https://www.pingtan.gov.cn/zwgk/gsgg/202512/t20251209_103899.htm	zwgk/gsgg/202512/103899_北楼村村级组织活动场所项目总平面图批前公示/page.txt	done
zwgk/gsgg	平潭综合实验区2025年高素质 农民培育项目(中央资金)验收情况公开			平潭综合实验区农业农村局	https://www.pingtan.gov.cn/zwgk/gsgg/202512/t20251209_103898.htm	zwgk/gsgg/202512/103898_平潭综合实验区2025年高素质 农民培育项目(中央资金)验收情况公开/page.txt	done
zwgk/gsgg	平潭综合实验区自然资源服与生态环境局关于平潭综合实验区“十五五”林业发展专项规划购买社会服务招标结果公示			平潭综合实验区自然资源与生态环境局	https://www.pingtan.gov.cn/zwgk/gsgg/202512/t20251209_103896.htm	zwgk/gsgg/202512/103896_平潭综合实验区自然资源服与生态环境局关于平潭综合实验区“十五五”林业发展专项规划/page.txt	done
zwgk/gsgg	平潭综合实验区社会事业局关于暂停2025年我区居家适老化以旧换新补贴活动的公告			平潭综合实验区社会事业局	https://www.pingtan.gov.cn/zwgk/gsgg/202512/t20251209_103895.htm	zwgk/gsgg/202512/103895_平潭综合实验区社会事业局关于暂停2025年我区居家适老化以旧换新补贴活动的公告/page.txt	done
zwgk/gsgg	君山镇五星村“三八桔场”中标结果公示			平潭综合实验区君山片区管理局	https://www.pingtan.gov.cn/zwgk/gsgg/202512/t20251209_103893.htm	zwgk/gsgg/202512/103893_君山镇五星村“三八桔场”中标结果公示/page.txt	done
zwgk/gsgg	平潭综合实验区自然资源与生态环境局关于平潭综合实验区31个地块生态环境损害鉴定评估服务采购流标结果公示			平潭综合实验区自然资源与生态环境局	https://www.pingtan.gov.cn/zwgk/gsgg/202512/t20251209_103892.htm	zwgk/gsgg/202512/103892_平潭综合实验区自然资源与生态环境局关于平潭综合实验区31个地块生态环境损害鉴定评/page.txt	done
zwgk/gsgg	平潭综合实验区自然资源服务中心  关于自然生态教育基地土地  租赁的公示			平潭综合实验区自然资源服务中心	https://www.pingtan.gov.cn/zwgk/gsgg/202512/t20251208_103867.htm	zwgk/gsgg/202512/103867_平潭综合实验区自然资源服务中心 关于自然生态教育基地土地 租赁的公示/page.txt	done
zwgk/gsgg	平潭综合实验区自然资源服务中心自行采购项目采购中标结果公告			平潭综合实验区自然资源服务中心	https://www.pingtan.gov.cn/zwgk/gsgg/202512/t20251208_103866.htm	zwgk/gsgg/202512/103866_平潭综合实验区自然资源服务中心自行采购项目采购中标结果公告/page.txt	done
zwgk/gsgg	关于福建平潭吾悦广场一期（二分区）建设工程规划许可证变更批前公示			平潭综合实验区自然资源与生态环境局	https://www.pingtan.gov.cn/zwgk/gsgg/202512/t20251208_103854.htm	zwgk/gsgg/202512/103854_关于福建平潭吾悦广场一期（二分区）建设工程规划许可证变更批前公示/page.txt	done
zwgk/gsgg	平潭综合实验区自然资源与生态环境局关于拆除清理屿头东金村违法填海及相关构筑物设施的通告			平潭综合实验区自然资源与生态环境局	https://www.pingtan.gov.cn/zwgk/gsgg/202512/t20251205_103810.htm	zwgk/gsgg/202512/103810_平潭综合实验区自然资源与生态环境局关于拆除清理屿头东金村违法填海及相关构筑物设施/page.txt	done
zwgk/gsgg	民办非企业登记证书遗失声明			平潭综合实验区社会事业局	https://www.pingtan.gov.cn/zwgk/gsgg/202512/t20251205_103791.htm	zwgk/gsgg/202512/103791_民办非企业登记证书遗失声明/page.txt	done
zwgk/gsgg	报废资产处置公告			平潭综合实验区自然资源与生态环境局	https://www.pingtan.gov.cn/zwgk/gsgg/202512/t20251204_103768.htm	zwgk/gsgg/202512/103768_报废资产处置公告/page.txt	done
zwgk/gsgg	关于雍锦湾三期（18#楼）项目竣工规划条件核实结果公布			平潭综合实验区自然资源与生态环境局	https://www.pingtan.gov.cn/zwgk/gsgg/202512/t20251204_103767.htm	zwgk/gsgg/202512/103767_关于雍锦湾三期（18#楼）项目竣工规划条件核实结果公布/page.txt	done
zwgk/gsgg	平潭综合实验区自然资源服务中心关于兴港东路和吉祥南路交叉口东北侧地块林木采伐服务自行采购成交结果公告			平潭综合实验区自然资源服务中心	https://www.pingtan.gov.cn/zwgk/gsgg/202512/t20251204_103766.htm	zwgk/gsgg/202512/103766_平潭综合实验区自然资源服务中心关于兴港东路和吉祥南路交叉口东北侧地块林木采伐服务/page.txt	done
zwgk/gsgg	​平潭综合实验区自然资源服务中心关于平潭综合实验区2025年10宗土壤污染状况调查第一阶段调查工作技术服务单位采购公告			平潭综合实验区自然资源服务中心	https://www.pingtan.gov.cn/zwgk/gsgg/202512/t20251204_103765.htm	zwgk/gsgg/202512/103765_​平潭综合实验区自然资源服务中心关于平潭综合实验区2025年10宗土壤污染状况调/page.txt	done
zwgk/gsgg	平潭综合实验区自然资源与生态环境局关于原青少年宫地块绿化树木移植服务费市场调研的公告			平潭综合实验区自然资源与生态环境局	https://www.pingtan.gov.cn/zwgk/gsgg/202512/t20251204_103764.htm	zwgk/gsgg/202512/103764_平潭综合实验区自然资源与生态环境局关于原青少年宫地块绿化树木移植服务费市场调研的/page.txt	done
zwgk/gsgg	平潭综合实验区君山片区管理局关于2025年红火蚁防治药剂采购询价公告			平潭综合实验区君山片区管理局	https://www.pingtan.gov.cn/zwgk/gsgg/202512/t20251203_103751.htm	zwgk/gsgg/202512/103751_平潭综合实验区君山片区管理局关于2025年红火蚁防治药剂采购询价公告/page.txt	done
zwgk/gsgg	平潭综合实验区自然资源服务中心自行采购项目采购成交结果公告			平潭综合实验区自然资源服务中心	https://www.pingtan.gov.cn/zwgk/gsgg/202512/t20251203_103748.htm	zwgk/gsgg/202512/103748_平潭综合实验区自然资源服务中心自行采购项目采购成交结果公告/page.txt	done
zwgk/gsgg	平潭综合实验区农业农村局关于2025年第八批报废更新补贴申请情况的公示			平潭综合实验区农业农村局	https://www.pingtan.gov.cn/zwgk/gsgg/202512/t20251203_103747.htm	zwgk/gsgg/202512/103747_平潭综合实验区农业农村局关于2025年第八批报废更新补贴申请情况的公示/page.txt	done
zwgk/gsgg	平潭综合实验区关于孝北村基础设施建设项目（小型建设工程）施工许可阶段审批前公示			平潭综合实验区行政审批局	https://www.pingtan.gov.cn/zwgk/gsgg/202512/t20251203_103746.htm	zwgk/gsgg/202512/103746_平潭综合实验区关于孝北村基础设施建设项目（小型建设工程）施工许可阶段审批前公示/page.txt	done
zwgk/gsgg	平潭综合实验区自然资源服务中心关于开展生态环境信息化项目和时空信息云平台安全测评技术服务市场调研公告			平潭综合实验区自然资源服务中心	https://www.pingtan.gov.cn/zwgk/gsgg/202512/t20251203_103745.htm	zwgk/gsgg/202512/103745_平潭综合实验区自然资源服务中心关于开展生态环境信息化项目和时空信息云平台安全测评/page.txt	done
zwgk/gsgg	平潭综合实验区自然资源与生态环境局关于龙山小学新校区项目竣工规划条件核实公示			平潭综合实验区自然资源与生态环境局	https://www.pingtan.gov.cn/zwgk/gsgg/202512/t20251203_103744.htm	zwgk/gsgg/202512/103744_平潭综合实验区自然资源与生态环境局关于龙山小学新校区项目竣工规划条件核实公示/page.txt	done
zwgk/gsgg	平潭综合实验区农业农村局关于拨付2025年度部分养殖环节病死猪无害化处理财政补贴资金的公示			平潭综合实验区农业农村局	https://www.pingtan.gov.cn/zwgk/gsgg/202512/t20251202_103726.htm	zwgk/gsgg/202512/103726_平潭综合实验区农业农村局关于拨付2025年度部分养殖环节病死猪无害化处理财政补贴/page.txt	done
zwgk/gsgg	君山镇五星村三八桔场农用地公开招租			平潭综合实验区君山片区管理局	https://www.pingtan.gov.cn/zwgk/gsgg/202512/t20251202_103722.htm	zwgk/gsgg/202512/103722_君山镇五星村三八桔场农用地公开招租/page.txt	done
zwgk/gsgg	东大街西段-城市活动中心项目建设工程规划许可证批后公布			平潭综合实验区自然资源与生态环境局	https://www.pingtan.gov.cn/zwgk/gsgg/202512/t20251202_103719.htm	zwgk/gsgg/202512/103719_东大街西段-城市活动中心项目建设工程规划许可证批后公布/page.txt	done
zwgk/gsgg	2025年12月04日平潭电网检修信息			2025年10月30日平潭电网检修信息	https://www.pingtan.gov.cn/zwgk/gsgg/202512/t20251201_103693.htm	zwgk/gsgg/202512/103693_2025年12月04日平潭电网检修信息/page.txt	done
zwgk/gsgg	平潭综合实验区自然资源服务中心 关于三十六脚湖仿木栏杆拆除 更换项目中标结果的公告			平潭综合实验区自然资源服务中心	https://www.pingtan.gov.cn/zwgk/gsgg/202512/t20251201_103692.htm	zwgk/gsgg/202512/103692_平潭综合实验区自然资源服务中心 关于三十六脚湖仿木栏杆拆除 更换项目中标结果的公/page.txt	done
zwgk/gsgg	社会团体法人登记证书遗失声明			平潭综合实验区社会事业局	https://www.pingtan.gov.cn/zwgk/gsgg/202512/t20251201_103691.htm	zwgk/gsgg/202512/103691_社会团体法人登记证书遗失声明/page.txt	done
zwgk/gsgg	平潭综合实验区关于烈士陵园集中安葬墓区项目（小型建设工程）施工许可阶段审批前公示			平潭综合实验区行政审批局	https://www.pingtan.gov.cn/zwgk/gsgg/202512/t20251201_103690.htm	zwgk/gsgg/202512/103690_平潭综合实验区关于烈士陵园集中安葬墓区项目（小型建设工程）施工许可阶段审批前公示/page.txt	done
zwgk/gsgg	君山镇松南村后池路东段（翠园北路至038乡道段）水泥路面浇筑沥青路面项目（中标通知书）			平潭综合实验区君山片区管理局	https://www.pingtan.gov.cn/zwgk/gsgg/202511/t20251128_103662.htm	zwgk/gsgg/202511/103662_君山镇松南村后池路东段（翠园北路至038乡道段）水泥路面浇筑沥青路面项目（中标通/page.txt	done
zwgk/gsgg	​  平潭综合实验区自然资源服务中心关于  《平潭海岛国家森林公园电缆及配件材料》 项目自行采购公告			平潭综合实验区自然资源服务中心	https://www.pingtan.gov.cn/zwgk/gsgg/202511/t20251128_103659.htm	zwgk/gsgg/202511/103659_​ 平潭综合实验区自然资源服务中心关于 《平潭海岛国家森林公园电缆及配件材料/page.txt	done
zwgk/gsgg	​平潭综合实验区自然资源与生态环境局关于  平潭综合实验区31个地块生态环境损害  鉴定评估服务自行采购公告			平潭综合实验区自然资源与生态环境局	https://www.pingtan.gov.cn/zwgk/gsgg/202511/t20251128_103653.htm	zwgk/gsgg/202511/103653_​平潭综合实验区自然资源与生态环境局关于 平潭综合实验区31个地块生态环境损害/page.txt	done
zwgk/gsgg	回民文化活动中心联合竣工验收情况公示			平潭综合实验区行政审批局	https://www.pingtan.gov.cn/zwgk/gsgg/202511/t20251128_103642.htm	zwgk/gsgg/202511/103642_回民文化活动中心联合竣工验收情况公示/page.txt	done
zwgk/gsgg	平潭综合实验区关于年产1.0万吨单壁碳纳米管导电浆料项目环境影响评价报告表审批前公示			平潭综合实验区行政审批局	https://www.pingtan.gov.cn/zwgk/gsgg/202511/t20251127_103632.htm	zwgk/gsgg/202511/103632_平潭综合实验区关于年产1.0万吨单壁碳纳米管导电浆料项目环境影响评价报告表审批前/page.txt	done
zwgk/gsgg	平潭金属制品协会清算公告			平潭综合实验区社会事业局	https://www.pingtan.gov.cn/zwgk/gsgg/202511/t20251127_103633.htm	zwgk/gsgg/202511/103633_平潭金属制品协会清算公告/page.txt	done
zwgk/gsgg	草屿岛孝文化公园项目乡村规划  许可证批后公布			平潭综合实验区自然资源与生态环境局	https://www.pingtan.gov.cn/zwgk/gsgg/202511/t20251127_103630.htm	zwgk/gsgg/202511/103630_草屿岛孝文化公园项目乡村规划 许可证批后公布/page.txt	done
zwgk/gsgg	关于宗仁科技（平潭）股份有限公司MES生产管理系统芯片工艺数据集申请材料审查情况的公示			区审批局大数据处	https://www.pingtan.gov.cn/zwgk/gsgg/202511/t20251127_103629.htm	zwgk/gsgg/202511/103629_关于宗仁科技（平潭）股份有限公司MES生产管理系统芯片工艺数据集申请材料审查情况/page.txt	done
zwgk/gsgg	平潭综合实验区关于正旺村人居环境整治提升项目（小型建设工程）施工许可阶段审批前公示			平潭综合实验区行政审批局	https://www.pingtan.gov.cn/zwgk/gsgg/202511/t20251127_103628.htm	zwgk/gsgg/202511/103628_平潭综合实验区关于正旺村人居环境整治提升项目（小型建设工程）施工许可阶段审批前公/page.txt	done
zwgk/gsgg	关于《平潭综合实验区营造林项目管理办法  （征求意见稿）》公开征求意见的公告			平潭综合实验区自然资源与生态环境局	https://www.pingtan.gov.cn/zwgk/gsgg/202511/t20251127_103627.htm	zwgk/gsgg/202511/103627_关于《平潭综合实验区营造林项目管理办法 （征求意见稿）》公开征求意见的公告/page.txt	done
zwgk/gsgg	平潭综合实验区党工委党群工作部关于提前下达2026年省级少数民族补助资金的通知（君山片区）			区党工委党群工作部	https://www.pingtan.gov.cn/zwgk/gsgg/202511/t20251127_103626.htm	zwgk/gsgg/202511/103626_平潭综合实验区党工委党群工作部关于提前下达2026年省级少数民族补助资金的通知（/page.txt	done
zwgk/gsgg	平潭综合实验区党工委党群工作部关于提前下达2026年省级少数民族补助资金的通知（海坛片区）			区党工委党群工作部	https://www.pingtan.gov.cn/zwgk/gsgg/202511/t20251127_103625.htm	zwgk/gsgg/202511/103625_平潭综合实验区党工委党群工作部关于提前下达2026年省级少数民族补助资金的通知（/page.txt	done
zwgk/gsgg	平潭综合实验区财政金融局关于疑似“失联”“空壳”融资租赁企业名单的公告			平潭综合实验区财政金融局	https://www.pingtan.gov.cn/zwgk/gsgg/202511/t20251127_103623.htm	zwgk/gsgg/202511/103623_平潭综合实验区财政金融局关于疑似“失联”“空壳”融资租赁企业名单的公告/page.txt	done
zwgk/gsgg	关于平潭综合实验区旅游与文化体育局网站关停下线的公告			平潭综合实验区管委会办公室	https://www.pingtan.gov.cn/zwgk/gsgg/202511/t20251127_103618.htm	zwgk/gsgg/202511/103618_关于平潭综合实验区旅游与文化体育局网站关停下线的公告/page.txt	done
zwgk/gsgg	平潭综合实验区关于龙海村体育馆建设项目立项用地许可阶段审批前公示			平潭综合实验区行政审批局	https://www.pingtan.gov.cn/zwgk/gsgg/202511/t20251126_103609.htm	zwgk/gsgg/202511/103609_平潭综合实验区关于龙海村体育馆建设项目立项用地许可阶段审批前公示/page.txt	done
zwgk/gsgg	关于龙南初中（改扩建）工程项目竣工  规划条件核实结果公布			平潭综合实验区自然资源与生态环境局	https://www.pingtan.gov.cn/zwgk/gsgg/202511/t20251126_103608.htm	zwgk/gsgg/202511/103608_关于龙南初中（改扩建）工程项目竣工 规划条件核实结果公布/page.txt	done
zwgk/gsgg	平潭综合实验区自然资源与生态环境局关于公布2025年版测绘成果目录的公告			平潭综合实验区自然资源与生态环境局	https://www.pingtan.gov.cn/zwgk/gsgg/202511/t20251126_103607.htm	zwgk/gsgg/202511/103607_平潭综合实验区自然资源与生态环境局关于公布2025年版测绘成果目录的公告/page.txt	done
zwgk/gsgg	平潭西岸宝贝幼儿园清算公告			平潭综合实验区社会事业局	https://www.pingtan.gov.cn/zwgk/gsgg/202511/t20251126_103606.htm	zwgk/gsgg/202511/103606_平潭西岸宝贝幼儿园清算公告/page.txt	done
zwgk/gsgg	​平潭综合实验区自然资源与生态环境局关于城市更新国有老旧资产-五交化家属区提升工程总平面图批前公示			平潭综合实验区自然资源与生态环境局	https://www.pingtan.gov.cn/zwgk/gsgg/202511/t20251126_103605.htm	zwgk/gsgg/202511/103605_​平潭综合实验区自然资源与生态环境局关于城市更新国有老旧资产-五交化家属区提升工/page.txt	done
zwgk/gsgg	平潭综合实验区自然资源与生态环境局关于地质灾害防治技术支撑服务咨询公告			平潭综合实验区自然资源与生态环境局	https://www.pingtan.gov.cn/zwgk/gsgg/202511/t20251126_103604.htm	zwgk/gsgg/202511/103604_平潭综合实验区自然资源与生态环境局关于地质灾害防治技术支撑服务咨询公告/page.txt	done
zwgk/gsgg	平潭竹屿湖五星级酒店（变更）项目建设工程规划许可证批后公布			平潭综合实验区自然资源服务中心	https://www.pingtan.gov.cn/zwgk/gsgg/202511/t20251126_103603.htm	zwgk/gsgg/202511/103603_平潭竹屿湖五星级酒店（变更）项目建设工程规划许可证批后公布/page.txt	done
zwgk/gsgg	平潭综合实验区市场监督管理局关于督促补报市场主体年报的通告			平潭综合实验区市场监督管理局	https://www.pingtan.gov.cn/zwgk/gsgg/202511/t20251126_103602.htm	zwgk/gsgg/202511/103602_平潭综合实验区市场监督管理局关于督促补报市场主体年报的通告/page.txt	done
zwgk/gsgg	平潭综合实验区君山片区管理局关于2026年衔接推进乡村振兴项目（整村推进资金）项目的公示			平潭综合实验区君山片区管理局	https://www.pingtan.gov.cn/zwgk/gsgg/202511/t20251126_103601.htm	zwgk/gsgg/202511/103601_平潭综合实验区君山片区管理局关于2026年衔接推进乡村振兴项目（整村推进资金）项/page.txt	done
zwgk/gsgg	平潭综合实验区自然资源与生态环境局关于公布2025年实验区环境信用  强制评价企业环境信用评价  等级结果的公告			平潭综合实验区自然资源服务中心	https://www.pingtan.gov.cn/zwgk/gsgg/202511/t20251125_103592.htm	zwgk/gsgg/202511/103592_平潭综合实验区自然资源与生态环境局关于公布2025年实验区环境信用 强制评价企/page.txt	done
zwgk/gsgg	平潭综合实验区关于屿头岛海岸带生态保护修复工程用海审批前公示			平潭综合实验区行政审批局	https://www.pingtan.gov.cn/zwgk/gsgg/202511/t20251125_103591.htm	zwgk/gsgg/202511/103591_平潭综合实验区关于屿头岛海岸带生态保护修复工程用海审批前公示/page.txt	done
zwgk/gsgg	​平潭综合实验区自然资源服务中心关于《平潭综合实验区森林防火智能卡口》 项目自行采购公告			平潭综合实验区自然资源服务中心	https://www.pingtan.gov.cn/zwgk/gsgg/202511/t20251125_103585.htm	zwgk/gsgg/202511/103585_​平潭综合实验区自然资源服务中心关于《平潭综合实验区森林防火智能卡口》 项目自行/page.txt	done
zwgk/gsgg	公示			平潭综合实验区金井片区管理局	https://www.pingtan.gov.cn/zwgk/gsgg/202511/t20251125_103582.htm	zwgk/gsgg/202511/103582_公示/page.txt	done
zwgk/gsgg	用地预审与选址意见书公示			平潭综合实验区自然资源服务中心	https://www.pingtan.gov.cn/zwgk/gsgg/202511/t20251124_103548.htm	zwgk/gsgg/202511/103548_用地预审与选址意见书公示/page.txt	done
zwgk/gsgg	​平潭综合实验区自然资源服务中心关于 三十六脚湖仿木栏杆拆除更换项目 自行采购公告			平潭综合实验区自然资源服务中心	https://www.pingtan.gov.cn/zwgk/gsgg/202511/t20251124_103539.htm	zwgk/gsgg/202511/103539_​平潭综合实验区自然资源服务中心关于 三十六脚湖仿木栏杆拆除更换项目 自行采购公/page.txt	done
zwgk/gsgg	平潭综合实验区自然资源与生态环境局关于2025年福建省平潭综合实验区海洋生态保护修复项目跟踪监测与成效评估服务市场询价的公告			平潭综合实验区自然资源服务中心	https://www.pingtan.gov.cn/zwgk/gsgg/202511/t20251124_103538.htm	zwgk/gsgg/202511/103538_平潭综合实验区自然资源与生态环境局关于2025年福建省平潭综合实验区海洋生态保护/page.txt	done
zwgk/gsgg	关于公布《平潭综合实验区综合执法与应急管理局权责清单（2025年版）》的通知			行政科	https://www.pingtan.gov.cn/zwgk/gsgg/202511/t20251124_103527.htm	zwgk/gsgg/202511/103527_关于公布《平潭综合实验区综合执法与应急管理局权责清单（2025年版）》的通知/page.txt	done
zwgk/gsgg	2025年12月02日平潭电网检修信息			2025年10月30日平潭电网检修信息	https://www.pingtan.gov.cn/zwgk/gsgg/202511/t20251121_103500.htm	zwgk/gsgg/202511/103500_2025年12月02日平潭电网检修信息/page.txt	done
zwgk/gsgg	平潭综合实验区自然资源与生态环境局关于福鑫大厦项目总平面图批前公示			平潭综合实验区自然资源服务中心	https://www.pingtan.gov.cn/zwgk/gsgg/202511/t20251121_103493.htm	zwgk/gsgg/202511/103493_平潭综合实验区自然资源与生态环境局关于福鑫大厦项目总平面图批前公示/page.txt	done
zwgk/gsgg	平潭综合实验区自然资源与生态环境局关于福鑫大厦项目总平面图批前公示			平潭综合实验区自然资源服务中心	https://www.pingtan.gov.cn/zwgk/gsgg/202511/t20251121_103491.htm	zwgk/gsgg/202511/103491_平潭综合实验区自然资源与生态环境局关于福鑫大厦项目总平面图批前公示/page.txt	done
zwgk/gsgg	君山镇松南村后池路东段（翠园北路至038乡道段）水泥路面浇筑沥青路面项目			平潭综合实验区君山片区管理局	https://www.pingtan.gov.cn/zwgk/gsgg/202511/t20251121_103490.htm	zwgk/gsgg/202511/103490_君山镇松南村后池路东段（翠园北路至038乡道段）水泥路面浇筑沥青路面项目/page.txt	done
zwgk/gsgg	君山镇西楼村幸福院修复改造项目			平潭综合实验区君山片区管理局	https://www.pingtan.gov.cn/zwgk/gsgg/202511/t20251121_103484.htm	zwgk/gsgg/202511/103484_君山镇西楼村幸福院修复改造项目/page.txt	done
zwgk/gsgg	平潭综合实验区市场监督管理局关于转发申报第九届福建省政府质量奖的通知			平潭综合实验区市场监督管理局	https://www.pingtan.gov.cn/zwgk/gsgg/202511/t20251121_103473.htm	zwgk/gsgg/202511/103473_平潭综合实验区市场监督管理局关于转发申报第九届福建省政府质量奖的通知/page.txt	done
zwgk/gsgg	平潭综合实验区农业农村局关于2024年近海渔船更新改造项目评审结果情况的公示			平潭综合实验区农业农村局	https://www.pingtan.gov.cn/zwgk/gsgg/202511/t20251120_103471.htm	zwgk/gsgg/202511/103471_平潭综合实验区农业农村局关于2024年近海渔船更新改造项目评审结果情况的公示/page.txt	done
zwgk/gsgg	平潭综合实验区机关食堂燃气蒸柜采购需求结果公示			平潭综合实验区管委会办公室	https://www.pingtan.gov.cn/zwgk/gsgg/202511/t20251120_103456.htm	zwgk/gsgg/202511/103456_平潭综合实验区机关食堂燃气蒸柜采购需求结果公示/page.txt	done
zwgk/gsgg	平潭综合实验区自然资源与生态环境局关于2025年第六次公开出让国有建设用地使用权的更正公告			平潭综合实验区自然资源服务中心	https://www.pingtan.gov.cn/zwgk/gsgg/202511/t20251120_103453.htm	zwgk/gsgg/202511/103453_平潭综合实验区自然资源与生态环境局关于2025年第六次公开出让国有建设用地使用权/page.txt	done
zwgk/gsgg	平潭综合实验区自然资源与生态环境局关于2025年公开出让一宗国有建设用地使用权的补充公告			平潭综合实验区自然资源服务中心	https://www.pingtan.gov.cn/zwgk/gsgg/202511/t20251120_103452.htm	zwgk/gsgg/202511/103452_平潭综合实验区自然资源与生态环境局关于2025年公开出让一宗国有建设用地使用权的/page.txt	done
zwgk/gsgg	平潭综合实验区苏平片区管理局关于临时租车项目询价结果公示			平潭综合实验区苏平片区管理局	https://www.pingtan.gov.cn/zwgk/gsgg/202511/t20251120_103444.htm	zwgk/gsgg/202511/103444_平潭综合实验区苏平片区管理局关于临时租车项目询价结果公示/page.txt	done
zwgk/gsgg	​关于岚城组团351001-03单元控制性详细规划调整的公告			平潭综合实验区自然资源服务中心	https://www.pingtan.gov.cn/zwgk/gsgg/202511/t20251120_103441.htm	zwgk/gsgg/202511/103441_​关于岚城组团351001-03单元控制性详细规划调整的公告/page.txt	done
zwgk/gsgg	平潭垒球运动协会清算公告			平潭综合实验区社会事业局	https://www.pingtan.gov.cn/zwgk/gsgg/202511/t20251119_103431.htm	zwgk/gsgg/202511/103431_平潭垒球运动协会清算公告/page.txt	done
zwgk/gsgg	平潭两岸禅学交流体验中心清算公告			平潭综合实验区社会事业局	https://www.pingtan.gov.cn/zwgk/gsgg/202511/t20251119_103430.htm	zwgk/gsgg/202511/103430_平潭两岸禅学交流体验中心清算公告/page.txt	done
zwgk/gsgg	平潭三逸堂书法篆刻交流中心清算公告			平潭综合实验区社会事业局	https://www.pingtan.gov.cn/zwgk/gsgg/202511/t20251119_103429.htm	zwgk/gsgg/202511/103429_平潭三逸堂书法篆刻交流中心清算公告/page.txt	done
zwgk/gsgg	平潭县农学会清算公告			平潭综合实验区社会事业局	https://www.pingtan.gov.cn/zwgk/gsgg/202511/t20251119_103428.htm	zwgk/gsgg/202511/103428_平潭县农学会清算公告/page.txt	done
zwgk/gsgg	平潭垂钓运动协会清算公告			平潭综合实验区社会事业局	https://www.pingtan.gov.cn/zwgk/gsgg/202511/t20251119_103427.htm	zwgk/gsgg/202511/103427_平潭垂钓运动协会清算公告/page.txt	done
zwgk/gsgg	报废资产处置公告			平潭综合实验区自然资源服务中心	https://www.pingtan.gov.cn/zwgk/gsgg/202511/t20251119_103426.htm	zwgk/gsgg/202511/103426_报废资产处置公告/page.txt	done
zwgk/gsgg	2025年11月20日平潭电网检修信息			2025年10月30日平潭电网检修信息	https://www.pingtan.gov.cn/zwgk/gsgg/202511/t20251118_103419.htm	zwgk/gsgg/202511/103419_2025年11月20日平潭电网检修信息/page.txt	done
zwgk/gsgg	平潭综合实验区市场监督管理局行政处罚文书送达公告（​岚市监信罚送告〔2025〕5号）			平潭综合实验区市场监督管理局	https://www.pingtan.gov.cn/zwgk/gsgg/202511/t20251118_103418.htm	zwgk/gsgg/202511/103418_平潭综合实验区市场监督管理局行政处罚文书送达公告（​岚市监信罚送告〔2025〕5/page.txt	done
zwgk/gsgg	平潭综合实验区自然资源与生态环境局关于2025年第六次公开出让国有建设用地使用权的公告			平潭综合实验区自然资源服务中心	https://www.pingtan.gov.cn/zwgk/gsgg/202511/t20251118_103349.htm	zwgk/gsgg/202511/103349_平潭综合实验区自然资源与生态环境局关于2025年第六次公开出让国有建设用地使用权/page.txt	done
zwgk/gsgg	对福建天嘉建设开发有限公司《行政处罚决定履行催告书》送达公告			平潭综合实验区综合执法与应急管理局	https://www.pingtan.gov.cn/zwgk/gsgg/202511/t20251118_103338.htm	zwgk/gsgg/202511/103338_对福建天嘉建设开发有限公司《行政处罚决定履行催告书》送达公告/page.txt	done
zwgk/gsgg	平潭综合实验区社会事业局关于2025年公开征集项目定点采购供应商的公告			福建学生资助	https://www.pingtan.gov.cn/zwgk/gsgg/202511/t20251118_103337.htm	zwgk/gsgg/202511/103337_平潭综合实验区社会事业局关于2025年公开征集项目定点采购供应商的公告/page.txt	done
zwgk/gsgg	关于龙海村体育馆建设项目总平面图批前公示			平潭综合实验区自然资源服务中心	https://www.pingtan.gov.cn/zwgk/gsgg/202511/t20251118_103336.htm	zwgk/gsgg/202511/103336_关于龙海村体育馆建设项目总平面图批前公示/page.txt	done
zwgk/gsgg	平潭综合实验区市场监督管理局关于召开壳丘头遗址博物馆、石牌洋景区门票价格制定听证会的公告			平潭综合实验区市场监督管理局	https://www.pingtan.gov.cn/zwgk/gsgg/202511/t20251117_103328.htm	zwgk/gsgg/202511/103328_平潭综合实验区市场监督管理局关于召开壳丘头遗址博物馆、石牌洋景区门票价格制定听证/page.txt	done
zwgk/gsgg	平潭综合实验区关于屿头田下二级渔港用海审批前公示			平潭综合实验区行政审批局	https://www.pingtan.gov.cn/zwgk/gsgg/202511/t20251117_103327.htm	zwgk/gsgg/202511/103327_平潭综合实验区关于屿头田下二级渔港用海审批前公示/page.txt	done
zwgk/gsgg	平潭综合实验区关于白青青峰二级渔港提升改造项目用海审批前公示			平潭综合实验区行政审批局	https://www.pingtan.gov.cn/zwgk/gsgg/202511/t20251117_103326.htm	zwgk/gsgg/202511/103326_平潭综合实验区关于白青青峰二级渔港提升改造项目用海审批前公示/page.txt	done
zwgk/gsgg	平潭综合实验区关于白青丰田三级渔港提升改造工程用海审批前公示			平潭综合实验区行政审批局	https://www.pingtan.gov.cn/zwgk/gsgg/202511/t20251117_103325.htm	zwgk/gsgg/202511/103325_平潭综合实验区关于白青丰田三级渔港提升改造工程用海审批前公示/page.txt	done
zwgk/gsgg	关于福建省安全生产先进集体和先进个人拟推荐对象的公示			行政科	https://www.pingtan.gov.cn/zwgk/gsgg/202511/t20251117_103324.htm	zwgk/gsgg/202511/103324_关于福建省安全生产先进集体和先进个人拟推荐对象的公示/page.txt	done
zwgk/gsgg	平潭综合实验区市场监督管理局承接相对集中行政处罚权事项清单公布报告			平潭综合实验区市场监督管理局	https://www.pingtan.gov.cn/zwgk/gsgg/202511/t20251117_103323.htm	zwgk/gsgg/202511/103323_平潭综合实验区市场监督管理局承接相对集中行政处罚权事项清单公布报告/page.txt	done
zwgk/gsgg	平潭综合实验区自然资源与生态环境局关于2025年公开出让一宗国有建设用地使用权的公告			平潭综合实验区自然资源与生态环境局	https://www.pingtan.gov.cn/zwgk/gsgg/202511/t20251115_103290.htm	zwgk/gsgg/202511/103290_平潭综合实验区自然资源与生态环境局关于2025年公开出让一宗国有建设用地使用权的/page.txt	done
zwgk/gsgg	平潭综合实验区海坛片区管理局关于申报2025年中央、省级及区级财政衔接推进乡村振兴补助资金的公告			平潭综合实验区海坛片区管理局	https://www.pingtan.gov.cn/zwgk/gsgg/202511/t20251114_103286.htm	zwgk/gsgg/202511/103286_平潭综合实验区海坛片区管理局关于申报2025年中央、省级及区级财政衔接推进乡村振/page.txt	done
zwgk/gsgg	平潭综合实验区自然资源与生态局关于平潭综合实验区“森林防火规划”  采购项目流标公示			平潭综合实验区自然资源服务中心	https://www.pingtan.gov.cn/zwgk/gsgg/202511/t20251114_103269.htm	zwgk/gsgg/202511/103269_平潭综合实验区自然资源与生态局关于平潭综合实验区“森林防火规划” 采购项目流标/page.txt	done
zwgk/gsgg	平潭综合实验区自然资源服务中心关于平潭海岛国家森林公园电缆及配件材料采购项目的咨询公告			平潭综合实验区自然资源服务中心	https://www.pingtan.gov.cn/zwgk/gsgg/202511/t20251114_103267.htm	zwgk/gsgg/202511/103267_平潭综合实验区自然资源服务中心关于平潭海岛国家森林公园电缆及配件材料采购项目的咨/page.txt	done
zwgk/gsgg	平潭综合实验区市场监督管理局行政处罚文书送达公告			平潭综合实验区市场监督管理局	https://www.pingtan.gov.cn/zwgk/gsgg/202511/t20251113_103240.htm	zwgk/gsgg/202511/103240_平潭综合实验区市场监督管理局行政处罚文书送达公告/page.txt	done
zwgk/gsgg	平潭综合实验区海坛片区管理局关于申报2026年省级少数民族补助资金的公告			海坛片区	https://www.pingtan.gov.cn/zwgk/gsgg/202511/t20251113_103239.htm	zwgk/gsgg/202511/103239_平潭综合实验区海坛片区管理局关于申报2026年省级少数民族补助资金的公告/page.txt	done
zwgk/gsgg	平潭综合实验区社会事业局关于开展社会组织注销财务清算专项审计服务询价结果公示			平潭综合实验区社会事业局	https://www.pingtan.gov.cn/zwgk/gsgg/202511/t20251113_103238.htm	zwgk/gsgg/202511/103238_平潭综合实验区社会事业局关于开展社会组织注销财务清算专项审计服务询价结果公示/page.txt	done
zwgk/gsgg	平潭综合实验区农业农村局关于苏平镇梧凤等7个村2023年高标准农田改造提升项目设计变更评审情况的公开			平潭综合实验区农业农村局	https://www.pingtan.gov.cn/zwgk/gsgg/202511/t20251113_103232.htm	zwgk/gsgg/202511/103232_平潭综合实验区农业农村局关于苏平镇梧凤等7个村2023年高标准农田改造提升项目设/page.txt	done
zwgk/gsgg	平潭综合实验区关于平潭县君山镇开放式养殖用海项目用海审批前公示			平潭综合实验区行政审批局	https://www.pingtan.gov.cn/zwgk/gsgg/202511/t20251113_103222.htm	zwgk/gsgg/202511/103222_平潭综合实验区关于平潭县君山镇开放式养殖用海项目用海审批前公示/page.txt	done
zwgk/gsgg	平潭综合实验区关于平潭县屿头乡屿南村羊角底围海养殖项目用海审批前公示			平潭综合实验区行政审批局	https://www.pingtan.gov.cn/zwgk/gsgg/202511/t20251112_103212.htm	zwgk/gsgg/202511/103212_平潭综合实验区关于平潭县屿头乡屿南村羊角底围海养殖项目用海审批前公示/page.txt	done
zwgk/gsgg	平潭综合实验区关于平潭县南海乡开放式养殖用海项目用海审批前公示			平潭综合实验区行政审批局	https://www.pingtan.gov.cn/zwgk/gsgg/202511/t20251112_103205.htm	zwgk/gsgg/202511/103205_平潭综合实验区关于平潭县南海乡开放式养殖用海项目用海审批前公示/page.txt	done
zwgk/gsgg	2025年11月13日平潭电网检修信息			2025年10月30日平潭电网检修信息	https://www.pingtan.gov.cn/zwgk/gsgg/202511/t20251111_103197.htm	zwgk/gsgg/202511/103197_2025年11月13日平潭电网检修信息/page.txt	done
zwgk/gsgg	平潭综合实验区农业农村局关于2025年第七批农机购置补贴（报废更新）申请情况的公示			平潭综合实验区农业农村局	https://www.pingtan.gov.cn/zwgk/gsgg/202511/t20251111_103196.htm	zwgk/gsgg/202511/103196_平潭综合实验区农业农村局关于2025年第七批农机购置补贴（报废更新）申请情况的公/page.txt	done
zwgk/gsgg	平潭综合实验区农业农村局关于2024年度海洋与渔业高质量发展专项资金（海洋与渔业产业园区）项目立项情况的公示			平潭综合实验区农业农村局	https://www.pingtan.gov.cn/zwgk/gsgg/202511/t20251111_103195.htm	zwgk/gsgg/202511/103195_平潭综合实验区农业农村局关于2024年度海洋与渔业高质量发展专项资金（海洋与渔业/page.txt	done
zwgk/gsgg	平潭综合实验区农业农村局关于小型海洋渔船标准船型评审结果的公示			平潭综合实验区农业农村局	https://www.pingtan.gov.cn/zwgk/gsgg/202511/t20251111_103194.htm	zwgk/gsgg/202511/103194_平潭综合实验区农业农村局关于小型海洋渔船标准船型评审结果的公示/page.txt	done
zwgk/gsgg	​平潭综合实验区自然资源与生态环境局关于2025年公开出让一宗国有建设用地使用权的公告			平潭综合实验区自然资源与生态环境局	https://www.pingtan.gov.cn/zwgk/gsgg/202511/t20251111_103193.htm	zwgk/gsgg/202511/103193_​平潭综合实验区自然资源与生态环境局关于2025年公开出让一宗国有建设用地使用权/page.txt	done
zwgk/gsgg	​平潭综合实验区自然资源与生态环境局关于2025年公开出让一宗国有建设用地使用权的公告			平潭综合实验区自然资源与生态环境局	https://www.pingtan.gov.cn/zwgk/gsgg/202511/t20251111_103192.htm	zwgk/gsgg/202511/103192_​平潭综合实验区自然资源与生态环境局关于2025年公开出让一宗国有建设用地使用权/page.txt	done
zwgk/gsgg	平潭综合实验区自然资源服务中心2025年1-10月三公经费统计表​			平潭综合实验区自然资源与生态环境局	https://www.pingtan.gov.cn/zwgk/gsgg/202511/t20251111_103188.htm	zwgk/gsgg/202511/103188_平潭综合实验区自然资源服务中心2025年1-10月三公经费统计表​/page.txt	done
zwgk/gsgg	平潭综合实验区自然资源与生态环境局关于开展2025年度永久基本农田调整补划  方案编制工作市场调研的公告			平潭综合实验区自然资源与生态环境局	https://www.pingtan.gov.cn/zwgk/gsgg/202511/t20251111_103182.htm	zwgk/gsgg/202511/103182_平潭综合实验区自然资源与生态环境局关于开展2025年度永久基本农田调整补划 方/page.txt	done
zwgk/gsgg	平潭综合实验区管委会机关食堂燃气蒸柜询价公告			平潭综合实验区管委会办公室	https://www.pingtan.gov.cn/zwgk/gsgg/202511/t20251111_103162.htm	zwgk/gsgg/202511/103162_平潭综合实验区管委会机关食堂燃气蒸柜询价公告/page.txt	done
zwgk/gsgg	建设用地规划许可证			平潭综合实验区自然资源与生态环境局	https://www.pingtan.gov.cn/zwgk/gsgg/202511/t20251110_103142.htm	zwgk/gsgg/202511/103142_建设用地规划许可证/page.txt	done
zwgk/gsgg	用地预审与选址意见书公示			平潭综合实验区自然资源与生态环境局	https://www.pingtan.gov.cn/zwgk/gsgg/202511/t20251110_103141.htm	zwgk/gsgg/202511/103141_用地预审与选址意见书公示/page.txt	done
zwgk/gsgg	​平潭综合实验区自然资源与生态环境局  关于采矿损毁土地状况调查咨询公告			平潭综合实验区自然资源与生态环境局	https://www.pingtan.gov.cn/zwgk/gsgg/202511/t20251110_103135.htm	zwgk/gsgg/202511/103135_​平潭综合实验区自然资源与生态环境局 关于采矿损毁土地状况调查咨询公告/page.txt	done
zwgk/gsgg	平潭综合实验区关于流通领域2025年平潭工业产品质量监督抽检实施细则公示			平潭综合实验区市场监督管理局	https://www.pingtan.gov.cn/zwgk/gsgg/202511/t20251110_103132.htm	zwgk/gsgg/202511/103132_平潭综合实验区关于流通领域2025年平潭工业产品质量监督抽检实施细则公示/page.txt	done
zwgk/gsgg	平潭综合实验区自然资源与生态环境局  关于2025年实验区环境信用强制评价  企业环境信用评价等级结果的公示			平潭综合实验区自然资源与生态环境局	https://www.pingtan.gov.cn/zwgk/gsgg/202511/t20251110_103131.htm	zwgk/gsgg/202511/103131_平潭综合实验区自然资源与生态环境局 关于2025年实验区环境信用强制评价 企/page.txt	done
zwgk/gsgg	​平潭综合实验区自然资源与生态环境局关于生态环境损害赔偿司法鉴定服务费用市场调研的公告			平潭综合实验区自然资源与生态环境局	https://www.pingtan.gov.cn/zwgk/gsgg/202511/t20251110_103130.htm	zwgk/gsgg/202511/103130_​平潭综合实验区自然资源与生态环境局关于生态环境损害赔偿司法鉴定服务费用市场调研/page.txt	done
zwgk/gsgg	平潭综合实验区农业农村局关于2024年度第二批、2022年度第五批海洋渔业资源养护补贴发放的公示			平潭综合实验区农业农村局	https://www.pingtan.gov.cn/zwgk/gsgg/202511/t20251107_103054.htm	zwgk/gsgg/202511/103054_平潭综合实验区农业农村局关于2024年度第二批、2022年度第五批海洋渔业资源养/page.txt	done
zwgk/gsgg	消防执法公示公开			平潭支队	https://www.pingtan.gov.cn/zwgk/gsgg/202511/t20251107_103053.htm	zwgk/gsgg/202511/103053_消防执法公示公开/page.txt	done
zwgk/gsgg	平潭综合实验区君山养老服务中心“扶老”设备采购项目方案征集结果公告			平台综合实验区社会事业局	https://www.pingtan.gov.cn/zwgk/gsgg/202511/t20251106_102985.htm	zwgk/gsgg/202511/102985_平潭综合实验区君山养老服务中心“扶老”设备采购项目方案征集结果公告/page.txt	done
zwgk/gsgg	平潭综合实验区交谊舞协会清算公告			平潭综合实验区社会事业局	https://www.pingtan.gov.cn/zwgk/gsgg/202511/t20251106_102984.htm	zwgk/gsgg/202511/102984_平潭综合实验区交谊舞协会清算公告/page.txt	done
zwgk/gsgg	平潭综合实验区房地产中介服务行业协会清算公告			平潭综合实验区社会事业局	https://www.pingtan.gov.cn/zwgk/gsgg/202511/t20251106_102983.htm	zwgk/gsgg/202511/102983_平潭综合实验区房地产中介服务行业协会清算公告/page.txt	done
zwgk/gsgg	平潭综合实验区道路交通安全协会清算公告			平潭综合实验区社会事业局	https://www.pingtan.gov.cn/zwgk/gsgg/202511/t20251106_102982.htm	zwgk/gsgg/202511/102982_平潭综合实验区道路交通安全协会清算公告/page.txt	done
zwgk/gsgg	平潭义工协会清算公告			平潭综合实验区社会事业局	https://www.pingtan.gov.cn/zwgk/gsgg/202511/t20251106_102981.htm	zwgk/gsgg/202511/102981_平潭义工协会清算公告/page.txt	done
zwgk/gsgg	平潭心禾社工服务中心清算公告			平潭综合实验区社会事业局	https://www.pingtan.gov.cn/zwgk/gsgg/202511/t20251106_102980.htm	zwgk/gsgg/202511/102980_平潭心禾社工服务中心清算公告/page.txt	done
zwgk/gsgg	平潭县岚湖幼儿园清算公告			平潭综合实验区社会事业局	https://www.pingtan.gov.cn/zwgk/gsgg/202511/t20251106_102979.htm	zwgk/gsgg/202511/102979_平潭县岚湖幼儿园清算公告/page.txt	done
zwgk/gsgg	红山社区居家养老服务站清算公告			平潭综合实验区社会事业局	https://www.pingtan.gov.cn/zwgk/gsgg/202511/t20251106_102978.htm	zwgk/gsgg/202511/102978_红山社区居家养老服务站清算公告/page.txt	done
zwgk/gsgg	平潭综合实验区农业农村局关于平潭澳前村休闲渔业基地项目验收情况的公示			平潭综合实验区农业农村局	https://www.pingtan.gov.cn/zwgk/gsgg/202511/t20251106_102974.htm	zwgk/gsgg/202511/102974_平潭综合实验区农业农村局关于平潭澳前村休闲渔业基地项目验收情况的公示/page.txt	done
zwgk/gsgg	平潭综合实验区社会事业局关于开展社会组织注销财务清算专项审计服务的询价函			平潭综合实验区社会事业局	https://www.pingtan.gov.cn/zwgk/gsgg/202511/t20251106_102970.htm	zwgk/gsgg/202511/102970_平潭综合实验区社会事业局关于开展社会组织注销财务清算专项审计服务的询价函/page.txt	done
zwgk/gsgg	平潭综合实验区城市配电网供电能力提升 —共享储能电站项目(一期)竣工规划  条件核实结果公布			平潭综合实验区自然资源与生态环境局	https://www.pingtan.gov.cn/zwgk/gsgg/202511/t20251106_102954.htm	zwgk/gsgg/202511/102954_平潭综合实验区城市配电网供电能力提升 —共享储能电站项目(一期)竣工规划 条件/page.txt	done
zwgk/gsgg	平潭综合实验区自然资源与生态环境局关于万宝酒店项目总平面图批前公示			平潭综合实验区自然资源与生态环境局	https://www.pingtan.gov.cn/zwgk/gsgg/202511/t20251106_102953.htm	zwgk/gsgg/202511/102953_平潭综合实验区自然资源与生态环境局关于万宝酒店项目总平面图批前公示/page.txt	done
zwgk/gsgg	​平潭综合实验区自然资源服务中心关于2026年度平潭综合实验区自然资源生态环境 一张图综合应用平台及智能办公系统运维项目市场调研公告			平潭综合实验区自然资源与生态环境局	https://www.pingtan.gov.cn/zwgk/gsgg/202511/t20251106_102942.htm	zwgk/gsgg/202511/102942_​平潭综合实验区自然资源服务中心关于2026年度平潭综合实验区自然资源生态环境/page.txt	done
zwgk/gsgg	关于平潭综合实验区金井湾社区卫生服务中心项目竣工规划条件核实结果公布			平潭综合实验区自然资源与生态环境局	https://www.pingtan.gov.cn/zwgk/gsgg/202511/t20251105_102938.htm	zwgk/gsgg/202511/102938_关于平潭综合实验区金井湾社区卫生服务中心项目竣工规划条件核实结果公布/page.txt	done
zwgk/gsgg	平潭综合实验区自然资源与生态环境局关于公开聘请政府法律顾问的询价函			平潭综合实验区自然资源与生态环境局	https://www.pingtan.gov.cn/zwgk/gsgg/202511/t20251105_102918.htm	zwgk/gsgg/202511/102918_平潭综合实验区自然资源与生态环境局关于公开聘请政府法律顾问的询价函/page.txt	done
zwgk/gsgg	平潭综合实验区科学技术协会关于党建活动室建设采购询价结果公示				https://www.pingtan.gov.cn/zwgk/gsgg/202511/t20251105_102913.htm	zwgk/gsgg/202511/102913_平潭综合实验区科学技术协会关于党建活动室建设采购询价结果公示/page.txt	done
zwgk/gsgg	北洋村闲置房屋招租公告			平潭综合实验区金井片区管理局	https://www.pingtan.gov.cn/zwgk/gsgg/202511/t20251105_102898.htm	zwgk/gsgg/202511/102898_北洋村闲置房屋招租公告/page.txt	done
zwgk/gsgg	俞其香个人自建房历史已建项目竣工核实结果公布			平潭综合实验区自然资源与生态环境局	https://www.pingtan.gov.cn/zwgk/gsgg/202511/t20251105_102872.htm	zwgk/gsgg/202511/102872_俞其香个人自建房历史已建项目竣工核实结果公布/page.txt	done
zwgk/gsgg	平潭综合实验区自然资源与生态环境局自行采购项目评审结果公示			平潭综合实验区自然资源与生态环境局	https://www.pingtan.gov.cn/zwgk/gsgg/202511/t20251105_102868.htm	zwgk/gsgg/202511/102868_平潭综合实验区自然资源与生态环境局自行采购项目评审结果公示/page.txt	done
zwgk/gsgg	平潭综合实验区关于中医院门诊综合楼部分内设科室及污水处理系统提升改造工程（小型建设工程）施工许可阶段审批前公示			平潭综合实验区行政审批局	https://www.pingtan.gov.cn/zwgk/gsgg/202511/t20251104_102863.htm	zwgk/gsgg/202511/102863_平潭综合实验区关于中医院门诊综合楼部分内设科室及污水处理系统提升改造工程（小型建/page.txt	done
zwgk/gsgg	平潭综合实验区海坛片区管理局关于申报2025年中央、省级及区级财政衔接推进乡村振兴补助资金的公示			海坛片区	https://www.pingtan.gov.cn/zwgk/gsgg/202511/t20251104_102839.htm	zwgk/gsgg/202511/102839_平潭综合实验区海坛片区管理局关于申报2025年中央、省级及区级财政衔接推进乡村振/page.txt	done
zwgk/gsgg	​2025年10月及1-10月平潭环境空气质量			平潭综合实验区自然资源与生态环境局	https://www.pingtan.gov.cn/zwgk/gsgg/202511/t20251104_102794.htm	zwgk/gsgg/202511/102794_​2025年10月及1-10月平潭环境空气质量/page.txt	done
zwgk/gsgg	建设用地规划许可证			平潭综合实验区自然资源与生态环境局	https://www.pingtan.gov.cn/zwgk/gsgg/202511/t20251103_102739.htm	zwgk/gsgg/202511/102739_建设用地规划许可证/page.txt	done
zwgk/gsgg	平潭综合实验区农业农村局关于2025年省级甘薯新品种展示示范项目验收结果暨资金拨付情况公示			平潭综合实验区农业农村局	https://www.pingtan.gov.cn/zwgk/gsgg/202511/t20251103_102737.htm	zwgk/gsgg/202511/102737_平潭综合实验区农业农村局关于2025年省级甘薯新品种展示示范项目验收结果暨资金拨/page.txt	done
zwgk/gsgg	平潭综合实验区关于裕藩村旅游宜居宜业环境提升工程（小型建设工程）施工许可阶段审批前公示			平潭综合实验区行政审批局	https://www.pingtan.gov.cn/zwgk/gsgg/202511/t20251103_102722.htm	zwgk/gsgg/202511/102722_平潭综合实验区关于裕藩村旅游宜居宜业环境提升工程（小型建设工程）施工许可阶段审批/page.txt	done
zwgk/gsgg	​平潭综合实验区自然资源与生态环境局  自行采购项目采购公告			平潭综合实验区自然资源与生态环境局	https://www.pingtan.gov.cn/zwgk/gsgg/202511/t20251103_102709.htm	zwgk/gsgg/202511/102709_​平潭综合实验区自然资源与生态环境局 自行采购项目采购公告/page.txt	done
zwgk/gsgg	平潭综合实验区金井片区管理局关于《平潭综合实验区金井片区新垄村村庄规划（2023-2035年）》动态维护成果的公示			平潭综合实验区金井片区管理局	https://www.pingtan.gov.cn/zwgk/gsgg/202511/t20251103_102687.htm	zwgk/gsgg/202511/102687_平潭综合实验区金井片区管理局关于《平潭综合实验区金井片区新垄村村庄规划（2023/page.txt	done
zwgk/gsgg	福建省平潭县烟草专卖局关于调整烟草制品零售点规划调控数量的公告			福建省平潭县烟草专卖局	https://www.pingtan.gov.cn/zwgk/gsgg/202511/t20251103_102686.htm	zwgk/gsgg/202511/102686_福建省平潭县烟草专卖局关于调整烟草制品零售点规划调控数量的公告/page.txt	done
zwgk/gsgg	平潭综合实验区海坛片区管理局关于申报2026年省级少数民族补助资金的公示			海坛片区	https://www.pingtan.gov.cn/zwgk/gsgg/202510/t20251031_102640.htm	zwgk/gsgg/202510/102640_平潭综合实验区海坛片区管理局关于申报2026年省级少数民族补助资金的公示/page.txt	done
zwgk/gsgg	关于平潭竹屿湖五星级酒店建设工程规划许可变更批前公示			平潭综合实验区自然资源与生态环境局	https://www.pingtan.gov.cn/zwgk/gsgg/202510/t20251031_102588.htm	zwgk/gsgg/202510/102588_关于平潭竹屿湖五星级酒店建设工程规划许可变更批前公示/page.txt	done
zwgk/gsgg	平潭综合实验区财政金融局关于开展2025年会计监督检查结果公告			平潭综合实验区财政金融局	https://www.pingtan.gov.cn/zwgk/gsgg/202510/t20251030_102578.htm	zwgk/gsgg/202510/102578_平潭综合实验区财政金融局关于开展2025年会计监督检查结果公告/page.txt	done
zwgk/gsgg	平潭综合实验区党工委政法和社会工作部关于2025年度第一批社会工作专业人才一次性奖励（补贴）名单公示			平潭综合实验区党工委政法和社会工作部	https://www.pingtan.gov.cn/zwgk/gsgg/202510/t20251030_102510.htm	zwgk/gsgg/202510/102510_平潭综合实验区党工委政法和社会工作部关于2025年度第一批社会工作专业人才一次性/page.txt	done
zwgk/gsgg	关于全省机关事务系统先进集体和先进工作者推荐名单的公示			平潭综合实验区管委会办公室	https://www.pingtan.gov.cn/zwgk/gsgg/202510/t20251029_102445.htm	zwgk/gsgg/202510/102445_关于全省机关事务系统先进集体和先进工作者推荐名单的公示/page.txt	done
zwgk/gsgg	平潭国际赛车场（变更）建设工程规划 许可证批后公布			平潭综合实验区自然资源与生态环境局	https://www.pingtan.gov.cn/zwgk/gsgg/202510/t20251029_102444.htm	zwgk/gsgg/202510/102444_平潭国际赛车场（变更）建设工程规划 许可证批后公布/page.txt	done
zwgk/gsgg	平潭六八海景国际酒店项目建设  工程规划许可证批后公布			平潭综合实验区自然资源与生态环境局	https://www.pingtan.gov.cn/zwgk/gsgg/202510/t20251029_102435.htm	zwgk/gsgg/202510/102435_平潭六八海景国际酒店项目建设 工程规划许可证批后公布/page.txt	done
zwgk/gsgg	福建省平潭县烟草专卖局关于调整实施烟草制品零售点合理布局规划的公告（岚烟〔2025〕1号）			福建省平潭县烟草专卖局	https://www.pingtan.gov.cn/zwgk/gsgg/202510/t20251029_102425.htm	zwgk/gsgg/202510/102425_福建省平潭县烟草专卖局关于调整实施烟草制品零售点合理布局规划的公告（岚烟〔202/page.txt	done
zwgk/gsgg	关于平潭综合实验区2024年城镇基准地价和标定地价更新成果听证会的公告			平潭综合实验区自然资源与生态环境局	https://www.pingtan.gov.cn/zwgk/gsgg/202510/t20251029_102351.htm	zwgk/gsgg/202510/102351_关于平潭综合实验区2024年城镇基准地价和标定地价更新成果听证会的公告/page.txt	done
zwgk/gsgg	平潭综合实验区自然资源服务中心关于垃圾清理服务费用市场调研的公告			平潭综合实验区自然资源与生态环境局	https://www.pingtan.gov.cn/zwgk/gsgg/202510/t20251029_102349.htm	zwgk/gsgg/202510/102349_平潭综合实验区自然资源服务中心关于垃圾清理服务费用市场调研的公告/page.txt	done
zwgk/gsgg	平潭综合实验区自然资源服务中心关于  10宗地块土壤污染状况调查第一阶段  调查工作服务费用市场调研的公告			平潭综合实验区自然资源与生态环境局	https://www.pingtan.gov.cn/zwgk/gsgg/202510/t20251029_102348.htm	zwgk/gsgg/202510/102348_平潭综合实验区自然资源服务中心关于 10宗地块土壤污染状况调查第一阶段 调查/page.txt	done
zwgk/gsgg	平潭综合实验区关于平潭县海坛街道开放式养殖用海项目用海审批前公示			平潭综合实验区行政审批局	https://www.pingtan.gov.cn/zwgk/gsgg/202510/t20251029_102347.htm	zwgk/gsgg/202510/102347_平潭综合实验区关于平潭县海坛街道开放式养殖用海项目用海审批前公示/page.txt	done
zwgk/gsgg	平潭综合实验区关于玉堂村新质生产力投资项目（小型建设工程）施工许可阶段审批前公示			平潭综合实验区行政审批局	https://www.pingtan.gov.cn/zwgk/gsgg/202510/t20251029_102338.htm	zwgk/gsgg/202510/102338_平潭综合实验区关于玉堂村新质生产力投资项目（小型建设工程）施工许可阶段审批前公示/page.txt	done
zwgk/gsgg	平潭综合实验区关于正旺村小头自然村道路硬化项目（小型建设工程）施工许可阶段审批前公示			平潭综合实验区行政审批局	https://www.pingtan.gov.cn/zwgk/gsgg/202510/t20251029_102337.htm	zwgk/gsgg/202510/102337_平潭综合实验区关于正旺村小头自然村道路硬化项目（小型建设工程）施工许可阶段审批前/page.txt	done
zwgk/gsgg	平潭综合实验区关于正旺村井孟垄、一埠 路灯建设（小型建设工程）施工许可阶段审批前公示			平潭综合实验区行政审批局	https://www.pingtan.gov.cn/zwgk/gsgg/202510/t20251029_102336.htm	zwgk/gsgg/202510/102336_平潭综合实验区关于正旺村井孟垄、一埠 路灯建设（小型建设工程）施工许可阶段审批前/page.txt	done
zwgk/gsgg	平潭综合实验区科学技术协会关于党建活动室建设采购询价的公告				https://www.pingtan.gov.cn/zwgk/gsgg/202510/t20251028_102294.htm	zwgk/gsgg/202510/102294_平潭综合实验区科学技术协会关于党建活动室建设采购询价的公告/page.txt	done
zwgk/gsgg	平潭综合实验区关于台创园提升改造工程（金井码头附属园区仓库周边配套提升 项目）工程建设许可阶段审批前公示			平潭综合实验区行政审批局	https://www.pingtan.gov.cn/zwgk/gsgg/202510/t20251028_102287.htm	zwgk/gsgg/202510/102287_平潭综合实验区关于台创园提升改造工程（金井码头附属园区仓库周边配套提升 项目）工/page.txt	done
zwgk/gsgg	平潭综合实验区君山片区管理局关于武装部规范化建设采购询价结果公示			平潭综合实验区君山片区管理局	https://www.pingtan.gov.cn/zwgk/gsgg/202510/t20251027_102232.htm	zwgk/gsgg/202510/102232_平潭综合实验区君山片区管理局关于武装部规范化建设采购询价结果公示/page.txt	done
zwgk/gsgg	君山镇山门村马丹溪护岸水毁修复工程			平潭综合实验区君山片区管理局	https://www.pingtan.gov.cn/zwgk/gsgg/202510/t20251027_102224.htm	zwgk/gsgg/202510/102224_君山镇山门村马丹溪护岸水毁修复工程/page.txt	done
zwgk/gsgg	​平潭综合实验区自然资源与生态局关于平潭综合实验区“十五五”林业发展专项规划采购项目流标公示			平潭综合实验区自然资源与生态环境局	https://www.pingtan.gov.cn/zwgk/gsgg/202510/t20251027_102209.htm	zwgk/gsgg/202510/102209_​平潭综合实验区自然资源与生态局关于平潭综合实验区“十五五”林业发展专项规划采购/page.txt	done
zwgk/gsgg	平潭综合实验区旅游与文化体育局关于第十六届海峡两岸（厦门）文化产业博览交易会、2025福建旅游交易会“平潭馆”布展及 活动执行的采购公告			平潭文旅	https://www.pingtan.gov.cn/zwgk/gsgg/202510/t20251024_102205.htm	zwgk/gsgg/202510/102205_平潭综合实验区旅游与文化体育局关于第十六届海峡两岸（厦门）文化产业博览交易会、2/page.txt	done
zwgk/gsgg	平潭综合实验区关于平潭水下考古基地项目施工许可阶段审批前公示			平潭综合实验区行政审批局	https://www.pingtan.gov.cn/zwgk/gsgg/202510/t20251024_102200.htm	zwgk/gsgg/202510/102200_平潭综合实验区关于平潭水下考古基地项目施工许可阶段审批前公示/page.txt	done
zwgk/gsgg	平潭综合实验区自然资源与生态环境局关于2处海砂矿区块地质勘查服务咨询公告			平潭综合实验区自然资源与生态环境局	https://www.pingtan.gov.cn/zwgk/gsgg/202510/t20251024_102199.htm	zwgk/gsgg/202510/102199_平潭综合实验区自然资源与生态环境局关于2处海砂矿区块地质勘查服务咨询公告/page.txt	done
zwgk/gsgg	平潭综合实验区农业农村局关于“鱼丸精深加工生产线设施设备建设项目”立项的公示			平潭综合实验区农业农村局	https://www.pingtan.gov.cn/zwgk/gsgg/202510/t20251024_102197.htm	zwgk/gsgg/202510/102197_平潭综合实验区农业农村局关于“鱼丸精深加工生产线设施设备建设项目”立项的公示/page.txt	done
zwgk/gsgg	平潭综合实验区农业农村局关于“新建冷藏保鲜设施设备项目”和“海马初加工设施设备项目”的公示			平潭综合实验区农业农村局	https://www.pingtan.gov.cn/zwgk/gsgg/202510/t20251024_102195.htm	zwgk/gsgg/202510/102195_平潭综合实验区农业农村局关于“新建冷藏保鲜设施设备项目”和“海马初加工设施设备项/page.txt	done
zwgk/gsgg	平潭综合实验区财政金融局关于2024年度财政支出项目重点绩效评价结果的公示			平潭综合实验区财政金融局	https://www.pingtan.gov.cn/zwgk/gsgg/202510/t20251024_102192.htm	zwgk/gsgg/202510/102192_平潭综合实验区财政金融局关于2024年度财政支出项目重点绩效评价结果的公示/page.txt	done
zwgk/gsgg	平潭综合实验区君山片区管理局关于裕藩村宜居宜业环境提升项目入库的公告			平潭综合实验区君山片区管理局	https://www.pingtan.gov.cn/zwgk/gsgg/202510/t20251023_102166.htm	zwgk/gsgg/202510/102166_平潭综合实验区君山片区管理局关于裕藩村宜居宜业环境提升项目入库的公告/page.txt	done
zwgk/gsgg	2025年10月30日平潭电网检修信息			2025年10月30日平潭电网检修信息	https://www.pingtan.gov.cn/zwgk/gsgg/202510/t20251022_102141.htm	zwgk/gsgg/202510/102141_2025年10月30日平潭电网检修信息/page.txt	done
zwgk/gsgg	平潭综合实验区农业农村局关于高标准农田建设项目实施情况的公开			平潭综合实验区农业农村局	https://www.pingtan.gov.cn/zwgk/gsgg/202510/t20251021_102134.htm	zwgk/gsgg/202510/102134_平潭综合实验区农业农村局关于高标准农田建设项目实施情况的公开/page.txt	done
zwgk/gsgg	平潭综合实验区农业农村局关于拨付2025年温室大棚保险区级保费补贴资金的公示			平潭综合实验区农业农村局	https://www.pingtan.gov.cn/zwgk/gsgg/202510/t20251021_102133.htm	zwgk/gsgg/202510/102133_平潭综合实验区农业农村局关于拨付2025年温室大棚保险区级保费补贴资金的公示/page.txt	done
zwgk/gsgg	关于草屿岛孝文化公园项目总平面图批前公示			平潭综合实验区自然资源与生态环境局	https://www.pingtan.gov.cn/zwgk/gsgg/202510/t20251020_102117.htm	zwgk/gsgg/202510/102117_关于草屿岛孝文化公园项目总平面图批前公示/page.txt	done
zwgk/gsgg	​关于平潭山门湾滩涂围垦区域环境影响评估及整治修复方案编制服务比选公告			平潭综合实验区自然资源与生态环境局	https://www.pingtan.gov.cn/zwgk/gsgg/202510/t20251020_102116.htm	zwgk/gsgg/202510/102116_​关于平潭山门湾滩涂围垦区域环境影响评估及整治修复方案编制服务比选公告/page.txt	done
zwgk/gsgg	平潭综合实验区自然资源与生态环境局  关于更新2025年度在岚注册及分支  机构备案测绘资质单位名单的公告			平潭综合实验区自然资源与生态环境局	https://www.pingtan.gov.cn/zwgk/gsgg/202510/t20251020_102115.htm	zwgk/gsgg/202510/102115_平潭综合实验区自然资源与生态环境局 关于更新2025年度在岚注册及分支 机构/page.txt	done
zwgk/gsgg	2025年10月27日平潭电网检修信息			2025年9月28日平潭电网检修信息	https://www.pingtan.gov.cn/zwgk/gsgg/202510/t20251020_102100.htm	zwgk/gsgg/202510/102100_2025年10月27日平潭电网检修信息/page.txt	done
zwgk/gsgg	金井片区闲置校舍招租公告			平潭综合实验区金井片区管理局	https://www.pingtan.gov.cn/zwgk/gsgg/202510/t20251020_102090.htm	zwgk/gsgg/202510/102090_金井片区闲置校舍招租公告/page.txt	done
zwgk/gsgg	陈明腾等人自建房历史项目竣工核实结果公布			海坛片区	https://www.pingtan.gov.cn/zwgk/gsgg/202510/t20251020_102087.htm	zwgk/gsgg/202510/102087_陈明腾等人自建房历史项目竣工核实结果公布/page.txt	done
zwgk/gsgg	平潭综合实验区自然资源与生态环境局关于平潭钱便澳陆岛交通码头工程项目用海公示			平潭综合实验区自然资源与生态环境局	https://www.pingtan.gov.cn/zwgk/gsgg/202510/t20251017_102067.htm	zwgk/gsgg/202510/102067_平潭综合实验区自然资源与生态环境局关于平潭钱便澳陆岛交通码头工程项目用海公示/page.txt	done
zwgk/gsgg	中福海峡建材城（中福广场、恒大名都）——5-1#、5-2#，6#，7-1#、7-2#，10-1#、10-2#，S1#，S2#楼及局部地下室项目竣工规划条件核实结果公布			平潭综合实验区自然资源与生态环境局	https://www.pingtan.gov.cn/zwgk/gsgg/202510/t20251017_102066.htm	zwgk/gsgg/202510/102066_中福海峡建材城（中福广场、恒大名都）——5-1#、5-2#，6#，7-1#、7-/page.txt	done
zwgk/gsgg	平潭综合实验区君山片区管理局关于武装部规范化建设采购询价的公告			平潭综合实验区君山片区管理局	https://www.pingtan.gov.cn/zwgk/gsgg/202510/t20251016_102047.htm	zwgk/gsgg/202510/102047_平潭综合实验区君山片区管理局关于武装部规范化建设采购询价的公告/page.txt	done
zwgk/gsgg	平潭综合实验区自然资源与生态环境局自行采购项目采购成交结果公告			平潭综合实验区自然资源与生态环境局	https://www.pingtan.gov.cn/zwgk/gsgg/202510/t20251015_102035.htm	zwgk/gsgg/202510/102035_平潭综合实验区自然资源与生态环境局自行采购项目采购成交结果公告/page.txt	done
zwgk/gsgg	平潭综合实验区关于壳丘头考古遗址公园文化广场及配套工程施工许可阶段审批前公示			平潭综合实验区行政审批局	https://www.pingtan.gov.cn/zwgk/gsgg/202510/t20251015_102033.htm	zwgk/gsgg/202510/102033_平潭综合实验区关于壳丘头考古遗址公园文化广场及配套工程施工许可阶段审批前公示/page.txt	done
zwgk/gsgg	下厝场村渔耕文化中心项目总平面图批前公示			平潭综合实验区自然资源与生态环境局	https://www.pingtan.gov.cn/zwgk/gsgg/202510/t20251015_102028.htm	zwgk/gsgg/202510/102028_下厝场村渔耕文化中心项目总平面图批前公示/page.txt	done
zwgk/gsgg	平潭综合实验区自然资源与生态环境局关于平潭综合实验区四个地块土地征收成片开发方案编制服务项目比价采购评审结果公告			平潭综合实验区自然资源与生态环境局	https://www.pingtan.gov.cn/zwgk/gsgg/202510/t20251015_102027.htm	zwgk/gsgg/202510/102027_平潭综合实验区自然资源与生态环境局关于平潭综合实验区四个地块土地征收成片开发方案/page.txt	done
zwgk/gsgg	关于金井湾社区卫生服务中心项目竣工规划条件核实公示			平潭综合实验区自然资源与生态环境局	https://www.pingtan.gov.cn/zwgk/gsgg/202510/t20251015_102026.htm	zwgk/gsgg/202510/102026_关于金井湾社区卫生服务中心项目竣工规划条件核实公示/page.txt	done
zwgk/gsgg	关于龙南初中（改扩建）工程项目竣工规划条件核实公示			平潭综合实验区自然资源与生态环境局	https://www.pingtan.gov.cn/zwgk/gsgg/202510/t20251015_102025.htm	zwgk/gsgg/202510/102025_关于龙南初中（改扩建）工程项目竣工规划条件核实公示/page.txt	done
zwgk/gsgg	平潭综合实验区市场监督管理局关于限期提供正常经营状态佐证材料提示性公告			平潭综合实验区市场监督管理局	https://www.pingtan.gov.cn/zwgk/gsgg/202510/t20251014_102015.htm	zwgk/gsgg/202510/102015_平潭综合实验区市场监督管理局关于限期提供正常经营状态佐证材料提示性公告/page.txt	done
zwgk/gsgg	平潭综合实验区君山片区管理局关于裕藩村宜居宜业环境提升项目入库的公示			平潭综合实验区君山片区管理局	https://www.pingtan.gov.cn/zwgk/gsgg/202510/t20251014_102013.htm	zwgk/gsgg/202510/102013_平潭综合实验区君山片区管理局关于裕藩村宜居宜业环境提升项目入库的公示/page.txt	done
zwgk/gsgg	平潭综合实验区关于平潭县金井镇开放式养殖用海项目用海审批前公示			平潭综合实验区行政审批局	https://www.pingtan.gov.cn/zwgk/gsgg/202510/t20251014_102010.htm	zwgk/gsgg/202510/102010_平潭综合实验区关于平潭县金井镇开放式养殖用海项目用海审批前公示/page.txt	done
zwgk/gsgg	平潭综合实验区关于平潭县金井片区开放式养殖用海项目用海审批前公示			平潭综合实验区行政审批局	https://www.pingtan.gov.cn/zwgk/gsgg/202510/t20251014_102009.htm	zwgk/gsgg/202510/102009_平潭综合实验区关于平潭县金井片区开放式养殖用海项目用海审批前公示/page.txt	done
zwgk/gsgg	平潭综合实验区关于平潭华宏农业禽蛋养殖加工工程建设许可阶段审批前公示			平潭综合实验区行政审批局	https://www.pingtan.gov.cn/zwgk/gsgg/202510/t20251014_102008.htm	zwgk/gsgg/202510/102008_平潭综合实验区关于平潭华宏农业禽蛋养殖加工工程建设许可阶段审批前公示/page.txt	done
zwgk/gsgg	平潭综合实验区行政审批局关于受理年产1.0万吨单壁碳纳米管导电浆料项目环境影响报告表的公示			平潭综合实验区行政审批局	https://www.pingtan.gov.cn/zwgk/gsgg/202510/t20251014_102007.htm	zwgk/gsgg/202510/102007_平潭综合实验区行政审批局关于受理年产1.0万吨单壁碳纳米管导电浆料项目环境影响报/page.txt	done
zwgk/gsgg	《行政处罚决定履行催告书》送达公告			平潭综合实验区综合执法与应急管理局	https://www.pingtan.gov.cn/zwgk/gsgg/202510/t20251014_101999.htm	zwgk/gsgg/202510/101999_《行政处罚决定履行催告书》送达公告/page.txt	done
zwgk/gsgg	平潭综合实验区自然资源服务中心2025年1-9月三公经费统计表			平潭综合实验区自然资源与生态环境局	https://www.pingtan.gov.cn/zwgk/gsgg/202510/t20251014_101998.htm	zwgk/gsgg/202510/101998_平潭综合实验区自然资源服务中心2025年1-9月三公经费统计表/page.txt	done
zwgk/gsgg	平潭综合实验区君山养老服务中心“扶老”设备采购项目方案征集公告			平台综合实验区社会事业局	https://www.pingtan.gov.cn/zwgk/gsgg/202510/t20251013_101996.htm	zwgk/gsgg/202510/101996_平潭综合实验区君山养老服务中心“扶老”设备采购项目方案征集公告/page.txt	done
zwgk/gsgg	平潭综合实验区关于平潭县屿头乡开放式养殖用海项目用海审批前公示			平潭综合实验区行政审批局	https://www.pingtan.gov.cn/zwgk/gsgg/202510/t20251013_101982.htm	zwgk/gsgg/202510/101982_平潭综合实验区关于平潭县屿头乡开放式养殖用海项目用海审批前公示/page.txt	done
zwgk/gsgg	平潭综合实验区农业农村局2025年基层农技推广体系改革与建设物化补助发放审核情况公开			平潭综合实验区农业农村局	https://www.pingtan.gov.cn/zwgk/gsgg/202510/t20251013_101976.htm	zwgk/gsgg/202510/101976_平潭综合实验区农业农村局2025年基层农技推广体系改革与建设物化补助发放审核情况/page.txt	done
zwgk/gsgg	王孙龙个人自建房历史项目竣工核实结果公布			平潭综合实验区自然资源与生态环境局	https://www.pingtan.gov.cn/zwgk/gsgg/202510/t20251013_101973.htm	zwgk/gsgg/202510/101973_王孙龙个人自建房历史项目竣工核实结果公布/page.txt	done
zwgk/gsgg	平潭综合实验区关于平潭县苏平镇开放式养殖用海项目用海审批前公示			平潭综合实验区行政审批局	https://www.pingtan.gov.cn/zwgk/gsgg/202510/t20251011_101961.htm	zwgk/gsgg/202510/101961_平潭综合实验区关于平潭县苏平镇开放式养殖用海项目用海审批前公示/page.txt	done
zwgk/gsgg	平潭综合实验区自然资源与生态环境局自行采购项目采购公告			平潭综合实验区自然资源与生态环境局	https://www.pingtan.gov.cn/zwgk/gsgg/202510/t20251011_101959.htm	zwgk/gsgg/202510/101959_平潭综合实验区自然资源与生态环境局自行采购项目采购公告/page.txt	done
zwgk/gsgg	平潭综合实验区党工委党校 （区行政学院、区社会主义学院） 图书馆提升改造项目（第二次）流标公告			平潭党校	https://www.pingtan.gov.cn/zwgk/gsgg/202510/t20251011_101950.htm	zwgk/gsgg/202510/101950_平潭综合实验区党工委党校 （区行政学院、区社会主义学院） 图书馆提升改造项目（第/page.txt	done
zwgk/gsgg	平潭综合实验区市场监督管理局拟列入严重违法失信名单告知书送达公告			平潭综合实验区市场监督管理局	https://www.pingtan.gov.cn/zwgk/gsgg/202510/t20251011_101949.htm	zwgk/gsgg/202510/101949_平潭综合实验区市场监督管理局拟列入严重违法失信名单告知书送达公告/page.txt	done
zwgk/gsgg	严重失信主体认定决定书-鹏展（平潭）旅行社有限公司法定代表人何嘉仁-平潭文旅信决〔2025〕00104号			平潭综合实验区旅游与文化体育局	https://www.pingtan.gov.cn/zwgk/gsgg/202510/t20251011_101948.htm	zwgk/gsgg/202510/101948_严重失信主体认定决定书-鹏展（平潭）旅行社有限公司法定代表人何嘉仁-平潭文旅信决/page.txt	done
zwgk/gsgg	严重失信主体认定决定书-鹏展（平潭）旅行社有限公司-平潭文旅信决〔2025〕00103号			平潭综合实验区旅游与文化体育局	https://www.pingtan.gov.cn/zwgk/gsgg/202510/t20251011_101947.htm	zwgk/gsgg/202510/101947_严重失信主体认定决定书-鹏展（平潭）旅行社有限公司-平潭文旅信决〔2025〕00/page.txt	done
zwgk/gsgg	平潭综合实验区市场监督管理局行政处罚文书送达公告			平潭综合实验区市场监督管理局	https://www.pingtan.gov.cn/zwgk/gsgg/202510/t20251011_101946.htm	zwgk/gsgg/202510/101946_平潭综合实验区市场监督管理局行政处罚文书送达公告/page.txt	done
zwgk/gsgg	平潭综合实验区市场监督管理局关于2025年平潭综合实验区电梯维护保养与运行质量监督抽查项目中标结果公示			平潭综合实验区市场监督管理局	https://www.pingtan.gov.cn/zwgk/gsgg/202510/t20251011_101945.htm	zwgk/gsgg/202510/101945_平潭综合实验区市场监督管理局关于2025年平潭综合实验区电梯维护保养与运行质量监/page.txt	done
zwgk/gsgg	苏平片区资产白胜房屋招租招标流标公示			平潭综合实验区苏平片区管理局	https://www.pingtan.gov.cn/zwgk/gsgg/202510/t20251011_101943.htm	zwgk/gsgg/202510/101943_苏平片区资产白胜房屋招租招标流标公示/page.txt	done
zwgk/gsgg	平潭综合实验区苏平片区管理局关于临时租车项目询价公告			平潭综合实验区苏平片区管理局	https://www.pingtan.gov.cn/zwgk/gsgg/202510/t20251011_101942.htm	zwgk/gsgg/202510/101942_平潭综合实验区苏平片区管理局关于临时租车项目询价公告/page.txt	done
zwgk/gsgg	2025年9月及1-9月平潭环境空气质量			平潭综合实验区自然资源与生态环境局	https://www.pingtan.gov.cn/zwgk/gsgg/202510/t20251010_101932.htm	zwgk/gsgg/202510/101932_2025年9月及1-9月平潭环境空气质量/page.txt	done
zwgk/gsgg	​平潭综合实验区自然资源与生态环境局自行采购项目比选评审结果公告			平潭综合实验区自然资源与生态环境局	https://www.pingtan.gov.cn/zwgk/gsgg/202510/t20251010_101929.htm	zwgk/gsgg/202510/101929_​平潭综合实验区自然资源与生态环境局自行采购项目比选评审结果公告/page.txt	done
zwgk/gsgg	平潭综合实验区自然资源服务中心关于 平潭综合实验区森林防火智能卡口 采购项目市场调研公告			平潭综合实验区自然资源与生态环境局	https://www.pingtan.gov.cn/zwgk/gsgg/202510/t20251010_101925.htm	zwgk/gsgg/202510/101925_平潭综合实验区自然资源服务中心关于 平潭综合实验区森林防火智能卡口 采购项目市场/page.txt	done
zwgk/gsgg	平潭综合实验区关于平潭智能制造产业园区项目（一期）工程建设许可阶段审批前公示			平潭综合实验区行政审批局	https://www.pingtan.gov.cn/zwgk/gsgg/202510/t20251010_101910.htm	zwgk/gsgg/202510/101910_平潭综合实验区关于平潭智能制造产业园区项目（一期）工程建设许可阶段审批前公示/page.txt	done
zwgk/gsgg	平潭综合实验区关于裕藩村旅游产业基础设施配套提升工程（小型建设工程） 施工许可阶段审批前公示			平潭综合实验区行政审批局	https://www.pingtan.gov.cn/zwgk/gsgg/202510/t20251010_101909.htm	zwgk/gsgg/202510/101909_平潭综合实验区关于裕藩村旅游产业基础设施配套提升工程（小型建设工程） 施工许可阶/page.txt	done
zwgk/gsgg	​平潭综合实验区自然资源与生态环境局关于平潭综合实验区城市配电网供电能力提升—  共享储能电站项目(一期)竣工规划条件核实公示			平潭综合实验区自然资源与生态环境局	https://www.pingtan.gov.cn/zwgk/gsgg/202510/t20251010_101907.htm	zwgk/gsgg/202510/101907_​平潭综合实验区自然资源与生态环境局关于平潭综合实验区城市配电网供电能力提升—/page.txt	done
zwgk/gsgg	平潭综合实验区关于北部生态廊道整治提升工程施工许可阶段审批前公示			平潭综合实验区行政审批局	https://www.pingtan.gov.cn/zwgk/gsgg/202510/t20251010_101906.htm	zwgk/gsgg/202510/101906_平潭综合实验区关于北部生态廊道整治提升工程施工许可阶段审批前公示/page.txt	done
zwgk/gsgg	平潭综合实验区海坛片区管理局关于河长名单的公示			海坛片区	https://www.pingtan.gov.cn/zwgk/gsgg/202510/t20251009_101904.htm	zwgk/gsgg/202510/101904_平潭综合实验区海坛片区管理局关于河长名单的公示/page.txt	done
zwgk/gsgg	平潭县君山镇昆湖村内原昆湖村小学闲置资产（中标公告）			平潭综合实验区君山片区管理局	https://www.pingtan.gov.cn/zwgk/gsgg/202510/t20251009_101902.htm	zwgk/gsgg/202510/101902_平潭县君山镇昆湖村内原昆湖村小学闲置资产（中标公告）/page.txt	done
zwgk/gsgg	平潭综合实验区河长制办公室关于公布平潭综合实验区区级河长名单的公告			平潭综合实验区农业农村局	https://www.pingtan.gov.cn/zwgk/gsgg/202510/t20251009_101895.htm	zwgk/gsgg/202510/101895_平潭综合实验区河长制办公室关于公布平潭综合实验区区级河长名单的公告/page.txt	done
zwgk/gsgg	平潭综合实验区农业农村局关于2025年中央农业经营主体能力提升资金拟补助项目的公示			平潭综合实验区农业农村局	https://www.pingtan.gov.cn/zwgk/gsgg/202510/t20251009_101894.htm	zwgk/gsgg/202510/101894_平潭综合实验区农业农村局关于2025年中央农业经营主体能力提升资金拟补助项目的公/page.txt	done
zwgk/gsgg	平潭综合实验区苏平片区管理局关于河长名单的公示			平潭综合实验区苏平片区管理局	https://www.pingtan.gov.cn/zwgk/gsgg/202510/t20251009_101893.htm	zwgk/gsgg/202510/101893_平潭综合实验区苏平片区管理局关于河长名单的公示/page.txt	done
zwgk/gsgg	两岸融合赛车赛事训练场建设工程规划许可证批后公布			平潭综合实验区自然资源与生态环境局	https://www.pingtan.gov.cn/zwgk/gsgg/202510/t20251009_101892.htm	zwgk/gsgg/202510/101892_两岸融合赛车赛事训练场建设工程规划许可证批后公布/page.txt	done
zwgk/gsgg	平潭综合实验区苏平片区资产运营有限公司2025年公开招聘工作人员拟聘用人员名单公告			平潭综合实验区苏平片区管理局	https://www.pingtan.gov.cn/zwgk/gsgg/202510/t20251009_101890.htm	zwgk/gsgg/202510/101890_平潭综合实验区苏平片区资产运营有限公司2025年公开招聘工作人员拟聘用人员名单公/page.txt	done
zwgk/gsgg	平潭综合实验区金井片区管理局河长制办公室关于河湖长名单的公示			平潭综合实验区金井片区管理局	https://www.pingtan.gov.cn/zwgk/gsgg/202510/t20251009_101878.htm	zwgk/gsgg/202510/101878_平潭综合实验区金井片区管理局河长制办公室关于河湖长名单的公示/page.txt	done
zwgk/gsgg	平潭综合实验区君山片区管理局关于河长名单的公示			平潭综合实验区君山片区管理局	https://www.pingtan.gov.cn/zwgk/gsgg/202509/t20250930_101825.htm	zwgk/gsgg/202509/101825_平潭综合实验区君山片区管理局关于河长名单的公示/page.txt	done
zwgk/gsgg	平潭综合实验区关于东占村亮化工程（小型建设工程）施工许可阶段审批前公示			平潭综合实验区行政审批局	https://www.pingtan.gov.cn/zwgk/gsgg/202509/t20250930_101819.htm	zwgk/gsgg/202509/101819_平潭综合实验区关于东占村亮化工程（小型建设工程）施工许可阶段审批前公示/page.txt	done
zwgk/gsgg	关于金井镇闽台乡建乡创陪护式服务的询价结果公示			平潭综合实验区金井片区管理局	https://www.pingtan.gov.cn/zwgk/gsgg/202509/t20250930_101815.htm	zwgk/gsgg/202509/101815_关于金井镇闽台乡建乡创陪护式服务的询价结果公示/page.txt	done
zwgk/gsgg	平潭综合实验区苏平片区管理局关于《平潭综合实验区苏平片区白沙村村庄规划（修编）》的公示			平潭综合实验区苏平片区管理局	https://www.pingtan.gov.cn/zwgk/gsgg/202509/t20250930_101793.htm	zwgk/gsgg/202509/101793_平潭综合实验区苏平片区管理局关于《平潭综合实验区苏平片区白沙村村庄规划（修编）》/page.txt	done
zwgk/gsgg	平潭综合实验区行政审批局关于北部海洋生态保护修复工程环境影响报告书的公示			平潭综合实验区行政审批局	https://www.pingtan.gov.cn/zwgk/gsgg/202509/t20250929_101784.htm	zwgk/gsgg/202509/101784_平潭综合实验区行政审批局关于北部海洋生态保护修复工程环境影响报告书的公示/page.txt	done
zwgk/gsgg	平潭综合实验区关于平潭第三中学操场改造项目（小型建设工程）施工许可阶段审批前公示			平潭综合实验区行政审批局	https://www.pingtan.gov.cn/zwgk/gsgg/202509/t20250929_101783.htm	zwgk/gsgg/202509/101783_平潭综合实验区关于平潭第三中学操场改造项目（小型建设工程）施工许可阶段审批前公示/page.txt	done
zwgk/gsgg	平潭综合实验区关于大坪红色阵地运营中心餐饮配套工程（小型建设工程）施工许可阶段审批前公示			平潭综合实验区行政审批局	https://www.pingtan.gov.cn/zwgk/gsgg/202509/t20250929_101782.htm	zwgk/gsgg/202509/101782_平潭综合实验区关于大坪红色阵地运营中心餐饮配套工程（小型建设工程）施工许可阶段审/page.txt	done
zwgk/gsgg	中国平潭环竹屿湾区域城市设计国际方案征集优化方案评审结果公告			平潭综合实验区自然资源与生态环境局	https://www.pingtan.gov.cn/zwgk/gsgg/202509/t20250929_101781.htm	zwgk/gsgg/202509/101781_中国平潭环竹屿湾区域城市设计国际方案征集优化方案评审结果公告/page.txt	done
zwgk/gsgg	平潭综合实验区党工委党校（区行政学院、区社会主义学院）关于图书馆提升改造项目采购询价公告(第二次）			平潭党校	https://www.pingtan.gov.cn/zwgk/gsgg/202509/t20250929_101779.htm	zwgk/gsgg/202509/101779_平潭综合实验区党工委党校（区行政学院、区社会主义学院）关于图书馆提升改造项目采购/page.txt	done
zwgk/gsgg	平潭全区配套泵站（二期）联合竣工验收情况公示			平潭综合实验区行政审批局	https://www.pingtan.gov.cn/zwgk/gsgg/202509/t20250929_101775.htm	zwgk/gsgg/202509/101775_平潭全区配套泵站（二期）联合竣工验收情况公示/page.txt	done
zwgk/gsgg	平潭综合实验区自然资源与生态环境局自行采购项目比选采购评审结果公告			平潭综合实验区自然资源与生态环境局	https://www.pingtan.gov.cn/zwgk/gsgg/202509/t20250929_101764.htm	zwgk/gsgg/202509/101764_平潭综合实验区自然资源与生态环境局自行采购项目比选采购评审结果公告/page.txt	done
zwgk/gsgg	平潭综合实验区自然资源服务中心关于兴港东路和吉祥南路交叉口东北侧地块林木采伐服务单位网上采购公告			平潭综合实验区自然资源与生态环境局	https://www.pingtan.gov.cn/zwgk/gsgg/202509/t20250928_101757.htm	zwgk/gsgg/202509/101757_平潭综合实验区自然资源服务中心关于兴港东路和吉祥南路交叉口东北侧地块林木采伐服务/page.txt	done
zwgk/gsgg	平潭综合实验区自然资源与生态环境局关于拟确定2025年实验区环境信用强制评价企业名单的公示			平潭综合实验区自然资源与生态环境局	https://www.pingtan.gov.cn/zwgk/gsgg/202509/t20250928_101756.htm	zwgk/gsgg/202509/101756_平潭综合实验区自然资源与生态环境局关于拟确定2025年实验区环境信用强制评价企业/page.txt	done
zwgk/gsgg	壳丘头考古遗址公园文化广场及配套工程建设工程规划许可证批后公布			平潭综合实验区自然资源与生态环境局	https://www.pingtan.gov.cn/zwgk/gsgg/202509/t20250928_101755.htm	zwgk/gsgg/202509/101755_壳丘头考古遗址公园文化广场及配套工程建设工程规划许可证批后公布/page.txt	done
zwgk/gsgg	平潭综合实验区党工委党校 （区行政学院、区社会主义学院） 图书馆提升改造项目流标公告			平潭党校	https://www.pingtan.gov.cn/zwgk/gsgg/202509/t20250928_101753.htm	zwgk/gsgg/202509/101753_平潭综合实验区党工委党校 （区行政学院、区社会主义学院） 图书馆提升改造项目流标/page.txt	done
zwgk/gsgg	平潭综合实验区农业农村局关于开展水产苗种增殖放流情况的公示			平潭综合实验区农业农村局	https://www.pingtan.gov.cn/zwgk/gsgg/202509/t20250926_101732.htm	zwgk/gsgg/202509/101732_平潭综合实验区农业农村局关于开展水产苗种增殖放流情况的公示/page.txt	done
zwgk/gsgg	平潭综合实验区金井片区管理局关于金井镇闽台乡建乡创陪护式服务的询价公告			平潭综合实验区金井片区管理局	https://www.pingtan.gov.cn/zwgk/gsgg/202509/t20250926_101730.htm	zwgk/gsgg/202509/101730_平潭综合实验区金井片区管理局关于金井镇闽台乡建乡创陪护式服务的询价公告/page.txt	done
zwgk/gsgg	平潭综合实验区关于东庠葫芦澳避风锚地项目用海审批前公示			平潭综合实验区行政审批局	https://www.pingtan.gov.cn/zwgk/gsgg/202509/t20250926_101729.htm	zwgk/gsgg/202509/101729_平潭综合实验区关于东庠葫芦澳避风锚地项目用海审批前公示/page.txt	done
zwgk/gsgg	平潭综合实验区自然资源与生态环境局关于平潭六八海景酒店项目总平面图批前公示			平潭综合实验区自然资源与生态环境局	https://www.pingtan.gov.cn/zwgk/gsgg/202509/t20250926_101727.htm	zwgk/gsgg/202509/101727_平潭综合实验区自然资源与生态环境局关于平潭六八海景酒店项目总平面图批前公示/page.txt	done
zwgk/gsgg	平潭综合实验区海洋气象站（三期）基础设施项目总平面图变更批前公示			平潭综合实验区自然资源与生态环境局	https://www.pingtan.gov.cn/zwgk/gsgg/202509/t20250926_101726.htm	zwgk/gsgg/202509/101726_平潭综合实验区海洋气象站（三期）基础设施项目总平面图变更批前公示/page.txt	done
zwgk/gsgg	平潭职业技术学校产学研一体化工程(平潭职业技术学校)建设工程规划许可证  批后公布			平潭综合实验区自然资源与生态环境局	https://www.pingtan.gov.cn/zwgk/gsgg/202509/t20250926_101725.htm	zwgk/gsgg/202509/101725_平潭职业技术学校产学研一体化工程(平潭职业技术学校)建设工程规划许可证 批后公/page.txt	done
zwgk/gsgg	​建设工程规划许可证批后公布			平潭综合实验区自然资源与生态环境局	https://www.pingtan.gov.cn/zwgk/gsgg/202509/t20250926_101724.htm	zwgk/gsgg/202509/101724_​建设工程规划许可证批后公布/page.txt	done
zwgk/gsgg	平潭综合实验区自然资源与生态环境局关于平潭综合实验区2025年生态样地监测服务项目第二次流标的结果公示			平潭综合实验区自然资源与生态环境局	https://www.pingtan.gov.cn/zwgk/gsgg/202509/t20250926_101708.htm	zwgk/gsgg/202509/101708_平潭综合实验区自然资源与生态环境局关于平潭综合实验区2025年生态样地监测服务项/page.txt	done
zwgk/gsgg	平潭综合实验区自然资源与生态环境局关于平潭屿头田下二级渔港工程用海公示			平潭综合实验区自然资源与生态环境局	https://www.pingtan.gov.cn/zwgk/gsgg/202509/t20250926_101707.htm	zwgk/gsgg/202509/101707_平潭综合实验区自然资源与生态环境局关于平潭屿头田下二级渔港工程用海公示/page.txt	done
zwgk/gsgg	平潭综合实验区农业农村局关于2025年中央农业经营主体项目评审结果的公示			平潭综合实验区农业农村局	https://www.pingtan.gov.cn/zwgk/gsgg/202509/t20250925_101706.htm	zwgk/gsgg/202509/101706_平潭综合实验区农业农村局关于2025年中央农业经营主体项目评审结果的公示/page.txt	done
zwgk/gsgg	平潭综合实验区自然资源与生态环境局关于农村黑臭水体排查结果的公示			平潭综合实验区自然资源与生态环境局	https://www.pingtan.gov.cn/zwgk/gsgg/202509/t20250925_101688.htm	zwgk/gsgg/202509/101688_平潭综合实验区自然资源与生态环境局关于农村黑臭水体排查结果的公示/page.txt	done
zwgk/gsgg	平潭综合实验区农业农村局关于2024年度第一批海洋渔业资源养护补贴发放的公示			平潭综合实验区农业农村局	https://www.pingtan.gov.cn/zwgk/gsgg/202509/t20250924_101687.htm	zwgk/gsgg/202509/101687_平潭综合实验区农业农村局关于2024年度第一批海洋渔业资源养护补贴发放的公示/page.txt	done
zwgk/gsgg	君山镇昆湖村昆湖小学公开招租公告			平潭综合实验区君山片区管理局	https://www.pingtan.gov.cn/zwgk/gsgg/202509/t20250924_101673.htm	zwgk/gsgg/202509/101673_君山镇昆湖村昆湖小学公开招租公告/page.txt	done
zwgk/gsgg	关于平潭国际赛车场建设工程规划许可证变更批前公示			平潭综合实验区自然资源与生态环境局	https://www.pingtan.gov.cn/zwgk/gsgg/202509/t20250924_101666.htm	zwgk/gsgg/202509/101666_关于平潭国际赛车场建设工程规划许可证变更批前公示/page.txt	done
zwgk/gsgg	平潭综合实验区农业农村局关于2025年第六批农机购置补贴申请情况的公示			平潭综合实验区农业农村局	https://www.pingtan.gov.cn/zwgk/gsgg/202509/t20250923_101650.htm	zwgk/gsgg/202509/101650_平潭综合实验区农业农村局关于2025年第六批农机购置补贴申请情况的公示/page.txt	done
zwgk/gsgg	平潭综合实验区关于平潭岚城新区小学（二期）项目立项用地许可阶段审批前公示			平潭综合实验区行政审批局	https://www.pingtan.gov.cn/zwgk/gsgg/202509/t20250923_101646.htm	zwgk/gsgg/202509/101646_平潭综合实验区关于平潭岚城新区小学（二期）项目立项用地许可阶段审批前公示/page.txt	done
zwgk/gsgg	台胞社区联合竣工验收情况公示			平潭综合实验区行政审批局	https://www.pingtan.gov.cn/zwgk/gsgg/202509/t20250923_101645.htm	zwgk/gsgg/202509/101645_台胞社区联合竣工验收情况公示/page.txt	done
zwgk/gsgg	​平潭综合实验区自然资源与生态环境局关于平潭综合实验区四个地块土地征收成片开发方案编制服务项目采购公告（第三次）			平潭综合实验区自然资源与生态环境局	https://www.pingtan.gov.cn/zwgk/gsgg/202509/t20250922_101630.htm	zwgk/gsgg/202509/101630_​平潭综合实验区自然资源与生态环境局关于平潭综合实验区四个地块土地征收成片开发方/page.txt	done
zwgk/gsgg	平潭综合实验区自然资源与生态环境局关于《2025年度耕地保护日常相关工作技术服务采购》的公告			平潭综合实验区自然资源与生态环境局	https://www.pingtan.gov.cn/zwgk/gsgg/202509/t20250922_101629.htm	zwgk/gsgg/202509/101629_平潭综合实验区自然资源与生态环境局关于《2025年度耕地保护日常相关工作技术服务/page.txt	done
zwgk/gsgg	平潭综合实验区金井片区管理局关于金井片区建筑垃圾临时消纳场物资采购（第二次）公告			平潭综合实验区金井片区管理局	https://www.pingtan.gov.cn/zwgk/gsgg/202509/t20250922_101626.htm	zwgk/gsgg/202509/101626_平潭综合实验区金井片区管理局关于金井片区建筑垃圾临时消纳场物资采购（第二次）公告/page.txt	done
zwgk/gsgg	平潭综合实验区自然资源与生态环境局关于2025年第三季度平潭综合实验区突发环境事件有关情况的公示			平潭综合实验区自然资源与生态环境局	https://www.pingtan.gov.cn/zwgk/gsgg/202509/t20250922_101623.htm	zwgk/gsgg/202509/101623_平潭综合实验区自然资源与生态环境局关于2025年第三季度平潭综合实验区突发环境事/page.txt	done
zwgk/gsgg	​平潭综合实验区自然资源服务中心关于三十六脚湖新建排水涵洞工程项目中标结果的公告			平潭综合实验区自然资源与生态环境局	https://www.pingtan.gov.cn/zwgk/gsgg/202509/t20250922_101613.htm	zwgk/gsgg/202509/101613_​平潭综合实验区自然资源服务中心关于三十六脚湖新建排水涵洞工程项目中标结果的公告/page.txt	done
zwgk/gsgg	平潭综合实验区自然资源与生态环境局自行采购项目采购成交结果公告			平潭综合实验区自然资源与生态环境局	https://www.pingtan.gov.cn/zwgk/gsgg/202509/t20250922_101611.htm	zwgk/gsgg/202509/101611_平潭综合实验区自然资源与生态环境局自行采购项目采购成交结果公告/page.txt	done
zwgk/gsgg	平潭综合实验区关于平潭第一中学（北街校区）翰英楼、启思楼、围墙等修缮工程（小型建设工程）施工许可阶段审批前公示			平潭综合实验区行政审批局	https://www.pingtan.gov.cn/zwgk/gsgg/202509/t20250922_101596.htm	zwgk/gsgg/202509/101596_平潭综合实验区关于平潭第一中学（北街校区）翰英楼、启思楼、围墙等修缮工程（小型建/page.txt	done
zwgk/gsgg	大厝基村秋葵基地一产、二产配套设施建设项目（三次）成交公告			平潭综合实验区金井片区管理局	https://www.pingtan.gov.cn/zwgk/gsgg/202509/t20250922_101590.htm	zwgk/gsgg/202509/101590_大厝基村秋葵基地一产、二产配套设施建设项目（三次）成交公告/page.txt	done
zwgk/gsgg	2025年9月28日平潭电网检修信息			2025年9月28日平潭电网检修信息	https://www.pingtan.gov.cn/zwgk/gsgg/202509/t20250919_101568.htm	zwgk/gsgg/202509/101568_2025年9月28日平潭电网检修信息/page.txt	done
zwgk/gsgg	对福建中天星宇建设工程有限公司《行政处罚决定履行催告书》送达公告			平潭综合实验区综合执法与应急管理局	https://www.pingtan.gov.cn/zwgk/gsgg/202509/t20250919_101565.htm	zwgk/gsgg/202509/101565_对福建中天星宇建设工程有限公司《行政处罚决定履行催告书》送达公告/page.txt	done
zwgk/gsgg	平潭帕卓风力发电水冷系统基地（一期）变更项目（3#楼及配电房）建设工程规划许可证批后公布			平潭综合实验区自然资源与生态环境局	https://www.pingtan.gov.cn/zwgk/gsgg/202509/t20250919_101564.htm	zwgk/gsgg/202509/101564_平潭帕卓风力发电水冷系统基地（一期）变更项目（3#楼及配电房）建设工程规划许可证/page.txt	done
zwgk/gsgg	平潭综合实验区农业农村局 关于2024年平潭综合实验区“稻香飘千里  两岸情更浓”中国农民丰收节活动和“岚台共织金穗毯 山海同酿丰收情”岚台各民族 丰收交流活动资金拨付的公示			平潭综合实验区农业农村局	https://www.pingtan.gov.cn/zwgk/gsgg/202509/t20250919_101546.htm	zwgk/gsgg/202509/101546_平潭综合实验区农业农村局 关于2024年平潭综合实验区“稻香飘千里 两岸情更浓/page.txt	done
zwgk/gsgg	平潭综合实验区君山片区管理局关于新湖村2026年省级财政衔接推进乡村振兴补助资金项目库储备项目的公告			平潭综合实验区君山片区管理局	https://www.pingtan.gov.cn/zwgk/gsgg/202509/t20250918_101541.htm	zwgk/gsgg/202509/101541_平潭综合实验区君山片区管理局关于新湖村2026年省级财政衔接推进乡村振兴补助资金/page.txt	done
zwgk/gsgg	白胜房屋招租招标公告			平潭综合实验区苏平片区管理局	https://www.pingtan.gov.cn/zwgk/gsgg/202509/t20250918_101535.htm	zwgk/gsgg/202509/101535_白胜房屋招租招标公告/page.txt	done
zwgk/gsgg	关于两岸融合赛车赛事训练场项目总平面图批前公示			平潭综合实验区自然资源与生态环境局	https://www.pingtan.gov.cn/zwgk/gsgg/202509/t20250918_101534.htm	zwgk/gsgg/202509/101534_关于两岸融合赛车赛事训练场项目总平面图批前公示/page.txt	done
zwgk/gsgg	​平潭综合实验区自然资源与生态环境局关于平潭综合实验区森林防火规划编制服务项目采购询价的公告			平潭综合实验区自然资源与生态环境局	https://www.pingtan.gov.cn/zwgk/gsgg/202509/t20250918_101533.htm	zwgk/gsgg/202509/101533_​平潭综合实验区自然资源与生态环境局关于平潭综合实验区森林防火规划编制服务项目采/page.txt	done
zwgk/gsgg	平潭综合实验区市场监督管理局关于2025年平潭综合实验区电梯维护保养与运行质量监督抽查项目比价公告			平潭综合实验区市场监督管理局	https://www.pingtan.gov.cn/zwgk/gsgg/202509/t20250918_101516.htm	zwgk/gsgg/202509/101516_平潭综合实验区市场监督管理局关于2025年平潭综合实验区电梯维护保养与运行质量监/page.txt	done
zwgk/gsgg	平潭综合实验区2025年高素质 农民培训项目(省级资金)验收情况公开			平潭综合实验区农业农村局	https://www.pingtan.gov.cn/zwgk/gsgg/202509/t20250918_101513.htm	zwgk/gsgg/202509/101513_平潭综合实验区2025年高素质 农民培训项目(省级资金)验收情况公开/page.txt	done
zwgk/gsgg	平潭综合实验区苏平片区资产运营有限公司2025年公开招聘工作人员公告			平潭综合实验区苏平片区管理局	https://www.pingtan.gov.cn/zwgk/gsgg/202509/t20250917_101512.htm	zwgk/gsgg/202509/101512_平潭综合实验区苏平片区资产运营有限公司2025年公开招聘工作人员公告/page.txt	done
zwgk/gsgg	平潭综合实验区党工委党校（区行政学院、区社会主义学院）关于图书馆提升改造项目采购询价公告			平潭党校	https://www.pingtan.gov.cn/zwgk/gsgg/202509/t20250917_101511.htm	zwgk/gsgg/202509/101511_平潭综合实验区党工委党校（区行政学院、区社会主义学院）关于图书馆提升改造项目采购/page.txt	done
zwgk/gsgg	平潭综合实验区自然资源与生态环境局关于平潭综合实验区四个地块土地征收成片开发方案编制服务项目比价采购（第二次）流标结果公示			平潭综合实验区自然资源与生态环境局	https://www.pingtan.gov.cn/zwgk/gsgg/202509/t20250917_101508.htm	zwgk/gsgg/202509/101508_平潭综合实验区自然资源与生态环境局关于平潭综合实验区四个地块土地征收成片开发方案/page.txt	done
zwgk/gsgg	​苏平片区东金村文化活动中心项目乡村建设规划许可证批后公布			平潭综合实验区自然资源与生态环境局	https://www.pingtan.gov.cn/zwgk/gsgg/202509/t20250917_101503.htm	zwgk/gsgg/202509/101503_​苏平片区东金村文化活动中心项目乡村建设规划许可证批后公布/page.txt	done
zwgk/gsgg	​平潭综合实验区自然资源与生态环境局自行采购项目采购公告（第二次）			平潭综合实验区自然资源与生态环境局	https://www.pingtan.gov.cn/zwgk/gsgg/202509/t20250917_101502.htm	zwgk/gsgg/202509/101502_​平潭综合实验区自然资源与生态环境局自行采购项目采购公告（第二次）/page.txt	done
zwgk/gsgg	对高仁旺《行政处罚决定履行催告书》送达公告			平潭综合实验区综合执法与应急管理局	https://www.pingtan.gov.cn/zwgk/gsgg/202509/t20250917_101495.htm	zwgk/gsgg/202509/101495_对高仁旺《行政处罚决定履行催告书》送达公告/page.txt	done
zwgk/gsgg	​平潭综合实验区自然资源与生态环境局关于青少年宫地块地上建构筑物拆除服务项目成交公告			平潭综合实验区自然资源与生态环境局	https://www.pingtan.gov.cn/zwgk/gsgg/202509/t20250917_101493.htm	zwgk/gsgg/202509/101493_​平潭综合实验区自然资源与生态环境局关于青少年宫地块地上建构筑物拆除服务项目成交/page.txt	done
zwgk/gsgg	平潭综合实验区自然资源与生态环境局关于澳前片区品质提升规划编制工作询价公告			平潭综合实验区自然资源与生态环境局	https://www.pingtan.gov.cn/zwgk/gsgg/202509/t20250917_101492.htm	zwgk/gsgg/202509/101492_平潭综合实验区自然资源与生态环境局关于澳前片区品质提升规划编制工作询价公告/page.txt	done
zwgk/gsgg	平潭综合实验区关于思源学校提升改造工程立项用地许可阶段审批前公示			平潭综合实验区行政审批局	https://www.pingtan.gov.cn/zwgk/gsgg/202509/t20250916_101484.htm	zwgk/gsgg/202509/101484_平潭综合实验区关于思源学校提升改造工程立项用地许可阶段审批前公示/page.txt	done
zwgk/gsgg	平潭综合实验区关于裕藩湾旅游服务中心项目（小型建设工程）施工许可阶段审批前公示			平潭综合实验区行政审批局	https://www.pingtan.gov.cn/zwgk/gsgg/202509/t20250916_101482.htm	zwgk/gsgg/202509/101482_平潭综合实验区关于裕藩湾旅游服务中心项目（小型建设工程）施工许可阶段审批前公示/page.txt	done
zwgk/gsgg	平潭综合实验区农业农村局关于 拨付2025年水稻种植补贴资金的公示			平潭综合实验区农业农村局	https://www.pingtan.gov.cn/zwgk/gsgg/202509/t20250916_101481.htm	zwgk/gsgg/202509/101481_平潭综合实验区农业农村局关于 拨付2025年水稻种植补贴资金的公示/page.txt	done
zwgk/gsgg	关于回民文化活动中心项目竣工规划条件核实结果公布			平潭综合实验区自然资源与生态环境局	https://www.pingtan.gov.cn/zwgk/gsgg/202509/t20250916_101480.htm	zwgk/gsgg/202509/101480_关于回民文化活动中心项目竣工规划条件核实结果公布/page.txt	done
zwgk/gsgg	​关于平潭综合实验区2025年生态样地监测服务项目第二次公开招标的公告			平潭综合实验区自然资源与生态环境局	https://www.pingtan.gov.cn/zwgk/gsgg/202509/t20250916_101475.htm	zwgk/gsgg/202509/101475_​关于平潭综合实验区2025年生态样地监测服务项目第二次公开招标的公告/page.txt	done
zwgk/gsgg	平潭综合实验区市场监督管理局关于2025年度企业专利权质押贷款贴息项目拟补助名单的公示			平潭综合实验区市场监督管理局	https://www.pingtan.gov.cn/zwgk/gsgg/202509/t20250915_101457.htm	zwgk/gsgg/202509/101457_平潭综合实验区市场监督管理局关于2025年度企业专利权质押贷款贴息项目拟补助名单/page.txt	done
zwgk/gsgg	平潭综合实验区关于幸福洋海堤防护提升工程立项用地规划许可阶段审批前公示			平潭综合实验区行政审批局	https://www.pingtan.gov.cn/zwgk/gsgg/202509/t20250915_101449.htm	zwgk/gsgg/202509/101449_平潭综合实验区关于幸福洋海堤防护提升工程立项用地规划许可阶段审批前公示/page.txt	done
zwgk/gsgg	平潭综合实验区苏平片区管理局关于临时租车项目询价结果公示			平潭综合实验区苏平片区管理局	https://www.pingtan.gov.cn/zwgk/gsgg/202509/t20250915_101443.htm	zwgk/gsgg/202509/101443_平潭综合实验区苏平片区管理局关于临时租车项目询价结果公示/page.txt	done
zwgk/gsgg	平潭综合实验区社会事业局关于2025年度社会组织评估等级的公示			区社会事业局	https://www.pingtan.gov.cn/zwgk/gsgg/202509/t20250915_101425.htm	zwgk/gsgg/202509/101425_平潭综合实验区社会事业局关于2025年度社会组织评估等级的公示/page.txt	done
zwgk/gsgg	平潭综合实验区自然资源与生态环境局关于平潭县屿头乡屿南村羊角底（东侧）围海养殖项目海域使用论证报告的公示			平潭综合实验区自然资源与生态环境局	https://www.pingtan.gov.cn/zwgk/gsgg/202509/t20250915_101412.htm	zwgk/gsgg/202509/101412_平潭综合实验区自然资源与生态环境局关于平潭县屿头乡屿南村羊角底（东侧）围海养殖项/page.txt	done
zwgk/gsgg	平潭综合实验区自然资源服务中心关于三十六脚湖水库新建排水涵洞工程采购公告			平潭综合实验区自然资源与生态环境局	https://www.pingtan.gov.cn/zwgk/gsgg/202509/t20250915_101407.htm	zwgk/gsgg/202509/101407_平潭综合实验区自然资源服务中心关于三十六脚湖水库新建排水涵洞工程采购公告/page.txt	done
zwgk/gsgg	平潭综合实验区自然资源与生态环境局关于2025年“地块控规”编制服务比价采购流标结果公示			平潭综合实验区自然资源与生态环境局	https://www.pingtan.gov.cn/zwgk/gsgg/202509/t20250915_101404.htm	zwgk/gsgg/202509/101404_平潭综合实验区自然资源与生态环境局关于2025年“地块控规”编制服务比价采购流标/page.txt	done
zwgk/gsgg	大厝基村秋葵基地一产、二产配套设施建设项目（三次）竞争性谈判采购公告			平潭综合实验区金井片区管理局	https://www.pingtan.gov.cn/zwgk/gsgg/202509/t20250912_101401.htm	zwgk/gsgg/202509/101401_大厝基村秋葵基地一产、二产配套设施建设项目（三次）竞争性谈判采购公告/page.txt	done
zwgk/gsgg	平潭综合实验区行政审批局关于征求《关于推行插手干预工程建设招投标登记报告机制》（征求意见稿）意见的公告			公共资源交易监管处	https://www.pingtan.gov.cn/zwgk/gsgg/202509/t20250912_101399.htm	zwgk/gsgg/202509/101399_平潭综合实验区行政审批局关于征求《关于推行插手干预工程建设招投标登记报告机制》（/page.txt	done
zwgk/gsgg	平潭综合实验区关于中医院北院区建设项目施工许可阶段审批前公示			平潭综合实验区行政审批局	https://www.pingtan.gov.cn/zwgk/gsgg/202509/t20250912_101395.htm	zwgk/gsgg/202509/101395_平潭综合实验区关于中医院北院区建设项目施工许可阶段审批前公示/page.txt	done
zwgk/gsgg	平潭综合实验区关于东大街西段-城市活动中心项目施工许可阶段审批前公示			平潭综合实验区行政审批局	https://www.pingtan.gov.cn/zwgk/gsgg/202509/t20250912_101394.htm	zwgk/gsgg/202509/101394_平潭综合实验区关于东大街西段-城市活动中心项目施工许可阶段审批前公示/page.txt	done
zwgk/gsgg	平潭综合实验区党工委党校关于2025年公开招聘事业单位工作人员拟聘用人选的公示			平潭党校	https://www.pingtan.gov.cn/zwgk/gsgg/202509/t20250912_101393.htm	zwgk/gsgg/202509/101393_平潭综合实验区党工委党校关于2025年公开招聘事业单位工作人员拟聘用人选的公示/page.txt	done
zwgk/gsgg	​平潭综合实验区自然资源服务中心关于 平潭综合实验区生态环境信息化项目 运维服务市场调研公告			平潭综合实验区自然资源服务中心	https://www.pingtan.gov.cn/zwgk/gsgg/202509/t20250912_101391.htm	zwgk/gsgg/202509/101391_​平潭综合实验区自然资源服务中心关于 平潭综合实验区生态环境信息化项目 运维服务/page.txt	done
zwgk/gsgg	平潭综合实验区自然资源与生态环境局关于 壳丘头考古遗址公园文化广场及配套设施工程项目总平面图批前公示			平潭综合实验区自然资源与生态环境局	https://www.pingtan.gov.cn/zwgk/gsgg/202509/t20250912_101389.htm	zwgk/gsgg/202509/101389_平潭综合实验区自然资源与生态环境局关于 壳丘头考古遗址公园文化广场及配套设施工程/page.txt	done
zwgk/gsgg	福建平潭吾悦广场三期一区（B3#楼、B5#楼、B8#楼、S8#楼）及地下室项目竣工规划条件核实结果公布			平潭综合实验区自然资源与生态环境局	https://www.pingtan.gov.cn/zwgk/gsgg/202509/t20250912_101388.htm	zwgk/gsgg/202509/101388_福建平潭吾悦广场三期一区（B3#楼、B5#楼、B8#楼、S8#楼）及地下室项目竣/page.txt	done
zwgk/gsgg	平潭综合实验区农业农村局关于2023年度第三批海洋渔业资源养护补贴发放的公示			平潭综合实验区农业农村局	https://www.pingtan.gov.cn/zwgk/gsgg/202509/t20250911_101384.htm	zwgk/gsgg/202509/101384_平潭综合实验区农业农村局关于2023年度第三批海洋渔业资源养护补贴发放的公示/page.txt	done
zwgk/gsgg	君山镇港东村林木采伐转让权（中标通知书）			平潭综合实验区君山片区管理局	https://www.pingtan.gov.cn/zwgk/gsgg/202509/t20250911_101380.htm	zwgk/gsgg/202509/101380_君山镇港东村林木采伐转让权（中标通知书）/page.txt	done
zwgk/gsgg	2025年09月11日平潭电网检修信息			2025年09月11日平潭电网检修信息	https://www.pingtan.gov.cn/zwgk/gsgg/202509/t20250910_101367.htm	zwgk/gsgg/202509/101367_2025年09月11日平潭电网检修信息/page.txt	done
zwgk/gsgg	2025年8月及1-8月平潭环境空气质量			平潭综合实验区自然资源与生态环境局	https://www.pingtan.gov.cn/zwgk/gsgg/202509/t20250910_101366.htm	zwgk/gsgg/202509/101366_2025年8月及1-8月平潭环境空气质量/page.txt	done
zwgk/gsgg	平潭综合实验区金井片区管理局关于金井片区建筑垃圾临时消纳场物资采购公告			平潭综合实验区金井片区管理局	https://www.pingtan.gov.cn/zwgk/gsgg/202509/t20250910_101365.htm	zwgk/gsgg/202509/101365_平潭综合实验区金井片区管理局关于金井片区建筑垃圾临时消纳场物资采购公告/page.txt	done
zwgk/gsgg	平潭综合实验区金井片区管理局关于娘宫村游客服务中心（应急避难场所）项目乡村建设规划许可证批后公布			平潭综合实验区金井片区管理局	https://www.pingtan.gov.cn/zwgk/gsgg/202509/t20250910_101362.htm	zwgk/gsgg/202509/101362_平潭综合实验区金井片区管理局关于娘宫村游客服务中心（应急避难场所）项目乡村建设规/page.txt	done
zwgk/gsgg	建设用地规划许可证			平潭综合实验区自然资源与生态环境局	https://www.pingtan.gov.cn/zwgk/gsgg/202509/t20250910_101358.htm	zwgk/gsgg/202509/101358_建设用地规划许可证/page.txt	done
zwgk/gsgg	平潭综合实验区党工委宣传与影视发展部关于采购平潭综合实验区应急广播体系建设项目监理服务项目中标结果公示			平潭综合实验区党工委宣传与影视发展部	https://www.pingtan.gov.cn/zwgk/gsgg/202509/t20250910_101354.htm	zwgk/gsgg/202509/101354_平潭综合实验区党工委宣传与影视发展部关于采购平潭综合实验区应急广播体系建设项目监/page.txt	done
zwgk/gsgg	平潭综合实验区自然资源与生态环境局关于平潭综合实验区2025年生态样地监测服务项目流标的结果公示			平潭综合实验区自然资源与生态环境局	https://www.pingtan.gov.cn/zwgk/gsgg/202509/t20250910_101339.htm	zwgk/gsgg/202509/101339_平潭综合实验区自然资源与生态环境局关于平潭综合实验区2025年生态样地监测服务项/page.txt	done
zwgk/gsgg	​平潭综合实验区自然资源与生态环境局关于2025年第四次公开出让国有建设用地使用权的公告			平潭综合实验区自然资源与生态环境局	https://www.pingtan.gov.cn/zwgk/gsgg/202509/t20250910_101338.htm	zwgk/gsgg/202509/101338_​平潭综合实验区自然资源与生态环境局关于2025年第四次公开出让国有建设用地使用/page.txt	done
zwgk/gsgg	平潭综合实验区自然资源与生态环境局关于《红柴瓮礁保护和利用规划》的公示			平潭综合实验区自然资源与生态环境局	https://www.pingtan.gov.cn/zwgk/gsgg/202509/t20250909_101335.htm	zwgk/gsgg/202509/101335_平潭综合实验区自然资源与生态环境局关于《红柴瓮礁保护和利用规划》的公示/page.txt	done
zwgk/gsgg	平潭综合实验区关于吉馨园（吉钓安置 小区）外围边坡生态修复工程（小型建设工程）施工许可阶段审批前公示			平潭综合实验区行政审批局	https://www.pingtan.gov.cn/zwgk/gsgg/202509/t20250908_101318.htm	zwgk/gsgg/202509/101318_平潭综合实验区关于吉馨园（吉钓安置 小区）外围边坡生态修复工程（小型建设工程）施/page.txt	done
zwgk/gsgg	​平潭综合实验区岚城组团351001-03单元控规局部调整方案的公示			平潭综合实验区自然资源与生态环境局	https://www.pingtan.gov.cn/zwgk/gsgg/202509/t20250908_101316.htm	zwgk/gsgg/202509/101316_​平潭综合实验区岚城组团351001-03单元控规局部调整方案的公示/page.txt	done
zwgk/gsgg	平潭综合实验区苏平片区管理局关于临时租车项目询价公告			平潭综合实验区苏平片区管理局	https://www.pingtan.gov.cn/zwgk/gsgg/202509/t20250908_101310.htm	zwgk/gsgg/202509/101310_平潭综合实验区苏平片区管理局关于临时租车项目询价公告/page.txt	done
zwgk/gsgg	平潭综合实验区自然资源与生态环境局关于平潭综合实验区2025年度国土变更调查与森林草原湿地荒漠化调查监测工作经费市场调研的公告			平潭综合实验区自然资源与生态环境局	https://www.pingtan.gov.cn/zwgk/gsgg/202509/t20250905_101294.htm	zwgk/gsgg/202509/101294_平潭综合实验区自然资源与生态环境局关于平潭综合实验区2025年度国土变更调查与森/page.txt	done
zwgk/gsgg	平潭综合实验区自然资源服务中心2025年1-8月三公经费统计表			平潭综合实验区自然资源服务中心	https://www.pingtan.gov.cn/zwgk/gsgg/202509/t20250905_101291.htm	zwgk/gsgg/202509/101291_平潭综合实验区自然资源服务中心2025年1-8月三公经费统计表/page.txt	done
zwgk/gsgg	关于大厝基村秋葵基地一产、二产配套设施建设项目（三次）技术参数的公示			平潭综合实验区金井片区管理局	https://www.pingtan.gov.cn/zwgk/gsgg/202509/t20250905_101287.htm	zwgk/gsgg/202509/101287_关于大厝基村秋葵基地一产、二产配套设施建设项目（三次）技术参数的公示/page.txt	done
zwgk/gsgg	君山镇港东村林木采伐权转让招标公告			平潭综合实验区君山片区管理局	https://www.pingtan.gov.cn/zwgk/gsgg/202509/t20250905_101282.htm	zwgk/gsgg/202509/101282_君山镇港东村林木采伐权转让招标公告/page.txt	done
zwgk/gsgg	​平潭综合实验区自然资源与生态环境局关于青少年宫地块地上建构筑物拆除作业服务项目网上采购公告			平潭综合实验区自然资源与生态环境局	https://www.pingtan.gov.cn/zwgk/gsgg/202509/t20250904_101274.htm	zwgk/gsgg/202509/101274_​平潭综合实验区自然资源与生态环境局关于青少年宫地块地上建构筑物拆除作业服务项目/page.txt	done
zwgk/gsgg	​平潭综合实验区自然资源与生态环境局关于  平潭综合实验区四个地块土地征收成片开发  方案编制服务项目采购公告（第二次）			平潭综合实验区自然资源服务中心	https://www.pingtan.gov.cn/zwgk/gsgg/202509/t20250904_101273.htm	zwgk/gsgg/202509/101273_​平潭综合实验区自然资源与生态环境局关于 平潭综合实验区四个地块土地征收成片开/page.txt	done
zwgk/gsgg	​建设工程规划许可证批后公布			平潭综合实验区自然资源服务中心	https://www.pingtan.gov.cn/zwgk/gsgg/202509/t20250904_101271.htm	zwgk/gsgg/202509/101271_​建设工程规划许可证批后公布/page.txt	done
zwgk/gsgg	建设工程规划许可证批后公布			平潭综合实验区自然资源服务中心	https://www.pingtan.gov.cn/zwgk/gsgg/202509/t20250904_101270.htm	zwgk/gsgg/202509/101270_建设工程规划许可证批后公布/page.txt	done
zwgk/gsgg	平潭综合实验区关于北部生态廊道整治提升工程立项用地许可阶段审批前公示			平潭综合实验区行政审批局	https://www.pingtan.gov.cn/zwgk/gsgg/202509/t20250904_101267.htm	zwgk/gsgg/202509/101267_平潭综合实验区关于北部生态廊道整治提升工程立项用地许可阶段审批前公示/page.txt	done
zwgk/gsgg	​平潭综合实验区自然资源与生态环境局关于《平潭综合实验区环岛南路与将军山路交叉口周边地块控制性详细规划》的批前公示			平潭综合实验区自然资源与生态环境局	https://www.pingtan.gov.cn/zwgk/gsgg/202509/t20250904_101265.htm	zwgk/gsgg/202509/101265_​平潭综合实验区自然资源与生态环境局关于《平潭综合实验区环岛南路与将军山路交叉口/page.txt	done
zwgk/gsgg	​平潭综合实验区自然资源与生态环境局关于平潭综合实验区森林防火规划编制服务项目采购询价的公告			平潭综合实验区自然资源与生态环境局	https://www.pingtan.gov.cn/zwgk/gsgg/202509/t20250904_101259.htm	zwgk/gsgg/202509/101259_​平潭综合实验区自然资源与生态环境局关于平潭综合实验区森林防火规划编制服务项目采/page.txt	done
zwgk/gsgg	平潭综合实验区行政审批局工会委员会2025年职工中秋节慰问品采购公告			区行政审批局	https://www.pingtan.gov.cn/zwgk/gsgg/202509/t20250903_101257.htm	zwgk/gsgg/202509/101257_平潭综合实验区行政审批局工会委员会2025年职工中秋节慰问品采购公告/page.txt	done
zwgk/gsgg	平潭综合实验区关于西楼村产业发展基础设施配套提升项目（小型建设工程）施工许可阶段审批前公示			平潭综合实验区行政审批局	https://www.pingtan.gov.cn/zwgk/gsgg/202509/t20250903_101256.htm	zwgk/gsgg/202509/101256_平潭综合实验区关于西楼村产业发展基础设施配套提升项目（小型建设工程）施工许可阶段/page.txt	done
zwgk/gsgg	平潭综合实验区关于全区景区交通动线及临时停车场改造提升项目（小型建设工程）施工许可阶段审批前公示			平潭综合实验区行政审批局	https://www.pingtan.gov.cn/zwgk/gsgg/202509/t20250903_101255.htm	zwgk/gsgg/202509/101255_平潭综合实验区关于全区景区交通动线及临时停车场改造提升项目（小型建设工程）施工许/page.txt	done
zwgk/gsgg	平潭综合实验区关于美涤科技项目环境影响评价报告表审批前公示			平潭综合实验区行政审批局	https://www.pingtan.gov.cn/zwgk/gsgg/202509/t20250903_101254.htm	zwgk/gsgg/202509/101254_平潭综合实验区关于美涤科技项目环境影响评价报告表审批前公示/page.txt	done
zwgk/gsgg	平潭综合实验区关于平潭跨境电商园保税加工仓库项目工程建设许可阶段审批前公示			平潭综合实验区行政审批局	https://www.pingtan.gov.cn/zwgk/gsgg/202509/t20250903_101244.htm	zwgk/gsgg/202509/101244_平潭综合实验区关于平潭跨境电商园保税加工仓库项目工程建设许可阶段审批前公示/page.txt	done
zwgk/gsgg	建新村东限洋海滩摊位项目招商公告			平潭综合实验区金井片区管理局	https://www.pingtan.gov.cn/zwgk/gsgg/202509/t20250903_101243.htm	zwgk/gsgg/202509/101243_建新村东限洋海滩摊位项目招商公告/page.txt	done
zwgk/gsgg	建新村东限洋海滩库房及沙地招商公告			平潭综合实验区金井片区管理局	https://www.pingtan.gov.cn/zwgk/gsgg/202509/t20250903_101241.htm	zwgk/gsgg/202509/101241_建新村东限洋海滩库房及沙地招商公告/page.txt	done
zwgk/gsgg	平潭综合实验区自然资源与生态环境局自行采购项目采购公告			平潭综合实验区自然资源与生态环境局	https://www.pingtan.gov.cn/zwgk/gsgg/202509/t20250903_101239.htm	zwgk/gsgg/202509/101239_平潭综合实验区自然资源与生态环境局自行采购项目采购公告/page.txt	done
zwgk/gsgg	苏平片区林长名单及责任区域情况表			平潭综合实验区苏平片区管理局	https://www.pingtan.gov.cn/zwgk/gsgg/202509/t20250903_101238.htm	zwgk/gsgg/202509/101238_苏平片区林长名单及责任区域情况表/page.txt	done
zwgk/gsgg	平潭综合实验区君山片区管理局关于调整副河长名单的公示			平潭综合实验区君山片区管理局	https://www.pingtan.gov.cn/zwgk/gsgg/202509/t20250902_101230.htm	zwgk/gsgg/202509/101230_平潭综合实验区君山片区管理局关于调整副河长名单的公示/page.txt	done
zwgk/gsgg	平潭综合实验区君山片区管理局关于新湖村2026年省级财政衔接推进乡村振兴补助资金项目库储备项目的公示			平潭综合实验区君山片区管理局	https://www.pingtan.gov.cn/zwgk/gsgg/202509/t20250902_101229.htm	zwgk/gsgg/202509/101229_平潭综合实验区君山片区管理局关于新湖村2026年省级财政衔接推进乡村振兴补助资金/page.txt	done
zwgk/gsgg	平潭综合实验区党工委宣传与影视发展部区级应急广播体系建设项目监理服务采购询价公告（第三次）			平潭综合实验区党工委宣传与影视发展部	https://www.pingtan.gov.cn/zwgk/gsgg/202509/t20250902_101228.htm	zwgk/gsgg/202509/101228_平潭综合实验区党工委宣传与影视发展部区级应急广播体系建设项目监理服务采购询价公告/page.txt	done
zwgk/gsgg	平潭综合实验区关于平潭综合实验区新兴产业园及周边水系排洪减灾工程立项用地许可阶段审批前公示			平潭综合实验区行政审批局	https://www.pingtan.gov.cn/zwgk/gsgg/202509/t20250902_101224.htm	zwgk/gsgg/202509/101224_平潭综合实验区关于平潭综合实验区新兴产业园及周边水系排洪减灾工程立项用地许可阶段/page.txt	done
zwgk/gsgg	​平潭综合实验区自然资源与生态环境局关于平潭综合实验区四个地块土地征收示成片开发方案编制服务项目比价采购流标结果公			平潭综合实验区自然资源与生态环境局	https://www.pingtan.gov.cn/zwgk/gsgg/202509/t20250902_101213.htm	zwgk/gsgg/202509/101213_​平潭综合实验区自然资源与生态环境局关于平潭综合实验区四个地块土地征收示成片开发/page.txt	done
zwgk/gsgg	用地预审与选址意见书公示			平潭综合实验区自然资源与生态环境局	https://www.pingtan.gov.cn/zwgk/gsgg/202509/t20250902_101210.htm	zwgk/gsgg/202509/101210_用地预审与选址意见书公示/page.txt	done
zwgk/gsgg	建设用地规划许可证			平潭综合实验区自然资源与生态环境局	https://www.pingtan.gov.cn/zwgk/gsgg/202509/t20250902_101209.htm	zwgk/gsgg/202509/101209_建设用地规划许可证/page.txt	done
zwgk/gsgg	关于平潭综合实验区商标代理信用评价结果的公示			平潭综合实验区市场监督管理局	https://www.pingtan.gov.cn/zwgk/gsgg/202509/t20250901_101207.htm	zwgk/gsgg/202509/101207_关于平潭综合实验区商标代理信用评价结果的公示/page.txt	done
zwgk/gsgg	平潭综合实验区党工委农村工作领导小组办公室关于第二批省级乡村振兴示范村及重点示范乡镇推荐名单的公示			平潭综合实验区农业农村局	https://www.pingtan.gov.cn/zwgk/gsgg/202509/t20250901_101206.htm	zwgk/gsgg/202509/101206_平潭综合实验区党工委农村工作领导小组办公室关于第二批省级乡村振兴示范村及重点示范/page.txt	done
zwgk/gsgg	​平潭综合实验区自然资源服务中心自行采购项目采购成交结果公告			平潭综合实验区自然资源服务中心	https://www.pingtan.gov.cn/zwgk/gsgg/202509/t20250901_101205.htm	zwgk/gsgg/202509/101205_​平潭综合实验区自然资源服务中心自行采购项目采购成交结果公告/page.txt	done
zwgk/gsgg	平潭职业技术学校产学研一体化工程(平潭职业技术学校）总平面图批前公示			平潭综合实验区自然资源与生态环境局	https://www.pingtan.gov.cn/zwgk/gsgg/202509/t20250901_101202.htm	zwgk/gsgg/202509/101202_平潭职业技术学校产学研一体化工程(平潭职业技术学校）总平面图批前公示/page.txt	done
zwgk/gsgg	平潭综合实验区农业农村局关于拨付平潭富达农业发展有限公司2023年冬种马铃薯种植补助资金相关情况的公示			平潭综合实验区农业农村局	https://www.pingtan.gov.cn/zwgk/gsgg/202508/t20250829_101176.htm	zwgk/gsgg/202508/101176_平潭综合实验区农业农村局关于拨付平潭富达农业发展有限公司2023年冬种马铃薯种植/page.txt	done
zwgk/gsgg	​平潭综合实验区自然资源与生态环境局关于耕地保护日常相关工作技术服务工作询价公告			平潭综合实验区自然资源与生态环境局	https://www.pingtan.gov.cn/zwgk/gsgg/202508/t20250829_101175.htm	zwgk/gsgg/202508/101175_​平潭综合实验区自然资源与生态环境局关于耕地保护日常相关工作技术服务工作询价公告/page.txt	done
zwgk/gsgg	大厝基村秋葵基地一产、二产配套设施建设项目（二次） 结果公告			平潭综合实验区金井片区管理局	https://www.pingtan.gov.cn/zwgk/gsgg/202508/t20250829_101167.htm	zwgk/gsgg/202508/101167_大厝基村秋葵基地一产、二产配套设施建设项目（二次） 结果公告/page.txt	done
zwgk/gsgg	关于平潭综合实验区2025年生态样地监测服务项目公开招标的公告			平潭综合实验区自然资源与生态环境局	https://www.pingtan.gov.cn/zwgk/gsgg/202508/t20250829_101166.htm	zwgk/gsgg/202508/101166_关于平潭综合实验区2025年生态样地监测服务项目公开招标的公告/page.txt	done
zwgk/gsgg	关于《平潭综合实验区“十五五”生态环境保护规划》编制项目公开招标的公告			平潭综合实验区自然资源与生态环境局	https://www.pingtan.gov.cn/zwgk/gsgg/202508/t20250829_101165.htm	zwgk/gsgg/202508/101165_关于《平潭综合实验区“十五五”生态环境保护规划》编制项目公开招标的公告/page.txt	done
zwgk/gsgg	平潭综合实验区自然资源服务中心关于福建信息职业技术学院北侧地块围挡制作及安装费用市场调研的公告			平潭综合实验区自然资源服务中心	https://www.pingtan.gov.cn/zwgk/gsgg/202508/t20250829_101164.htm	zwgk/gsgg/202508/101164_平潭综合实验区自然资源服务中心关于福建信息职业技术学院北侧地块围挡制作及安装费用/page.txt	done
zwgk/gsgg	用地预审与选址意见书公示			平潭综合实验区自然资源与生态环境局	https://www.pingtan.gov.cn/zwgk/gsgg/202508/t20250829_101149.htm	zwgk/gsgg/202508/101149_用地预审与选址意见书公示/page.txt	done
zwgk/gsgg	​建设用地规划许可证			平潭综合实验区自然资源与生态环境局	https://www.pingtan.gov.cn/zwgk/gsgg/202508/t20250829_101148.htm	zwgk/gsgg/202508/101148_​建设用地规划许可证/page.txt	done
zwgk/gsgg	平潭综合实验区自然资源与生态环境局关于平潭蓝海数智管护（一期）项目中标结果的公示			平潭综合实验区自然资源与生态环境局	https://www.pingtan.gov.cn/zwgk/gsgg/202508/t20250828_101145.htm	zwgk/gsgg/202508/101145_平潭综合实验区自然资源与生态环境局关于平潭蓝海数智管护（一期）项目中标结果的公示/page.txt	done
zwgk/gsgg	平潭县君山镇人民政府关于取消两艘乡镇船舶管理识别号的通告			平潭综合实验区君山片区管理局	https://www.pingtan.gov.cn/zwgk/gsgg/202508/t20250828_101144.htm	zwgk/gsgg/202508/101144_平潭县君山镇人民政府关于取消两艘乡镇船舶管理识别号的通告/page.txt	done
zwgk/gsgg	英鑫国际联合竣工验收情况公示			平潭综合实验区行政审批局	https://www.pingtan.gov.cn/zwgk/gsgg/202508/t20250828_101143.htm	zwgk/gsgg/202508/101143_英鑫国际联合竣工验收情况公示/page.txt	done
zwgk/gsgg	平潭综合实验区关于草屿岛孝文化公园项目施工许可阶段审批前公示			平潭综合实验区行政审批局	https://www.pingtan.gov.cn/zwgk/gsgg/202508/t20250828_101140.htm	zwgk/gsgg/202508/101140_平潭综合实验区关于草屿岛孝文化公园项目施工许可阶段审批前公示/page.txt	done
zwgk/gsgg	平潭综合实验区行政服务中心关于办公耗材供应商报价的公示			区行政审批局	https://www.pingtan.gov.cn/zwgk/gsgg/202508/t20250828_101139.htm	zwgk/gsgg/202508/101139_平潭综合实验区行政服务中心关于办公耗材供应商报价的公示/page.txt	done
zwgk/gsgg	平潭综合实验区自然资源与生态环境局关于平潭山门湾滩涂围垦拆除工程环境影响评估报告编制服务费市场询价的公告			平潭综合实验区自然资源与生态环境局	https://www.pingtan.gov.cn/zwgk/gsgg/202508/t20250827_101110.htm	zwgk/gsgg/202508/101110_平潭综合实验区自然资源与生态环境局关于平潭山门湾滩涂围垦拆除工程环境影响评估报告/page.txt	done
zwgk/gsgg	​平潭综合实验区自然资源服务中心关于平潭综合实验区森林防火智能卡口采购项目市场调研公告			平潭综合实验区自然资源服务中心	https://www.pingtan.gov.cn/zwgk/gsgg/202508/t20250826_101106.htm	zwgk/gsgg/202508/101106_​平潭综合实验区自然资源服务中心关于平潭综合实验区森林防火智能卡口采购项目市场调/page.txt	done
zwgk/gsgg	关于国家石油天然气管网集团有限公司福建分公司漳州-泉州管道光纤预警数据集申请材料审查情况的公示			区行政审批局大数据处与“智慧岛”建设处	https://www.pingtan.gov.cn/zwgk/gsgg/202508/t20250826_101105.htm	zwgk/gsgg/202508/101105_关于国家石油天然气管网集团有限公司福建分公司漳州-泉州管道光纤预警数据集申请材料/page.txt	done
zwgk/gsgg	福建岚悦酒店(变更)项目建设工程规划  许可证批后公布			平潭综合实验区自然资源与生态环境局	https://www.pingtan.gov.cn/zwgk/gsgg/202508/t20250826_101087.htm	zwgk/gsgg/202508/101087_福建岚悦酒店(变更)项目建设工程规划 许可证批后公布/page.txt	done
zwgk/gsgg	关于福建平潭吾悦广场三期一区核实公示			平潭综合实验区自然资源与生态环境局	https://www.pingtan.gov.cn/zwgk/gsgg/202508/t20250826_101086.htm	zwgk/gsgg/202508/101086_关于福建平潭吾悦广场三期一区核实公示/page.txt	done
zwgk/gsgg	平潭综合实验区关于平潭龙山小学新校区周边路网工程（小型建设工程）施工许可阶段公示			平潭综合实验区行政审批局	https://www.pingtan.gov.cn/zwgk/gsgg/202508/t20250825_101083.htm	zwgk/gsgg/202508/101083_平潭综合实验区关于平潭龙山小学新校区周边路网工程（小型建设工程）施工许可阶段公示/page.txt	done
zwgk/gsgg	行政处罚案件公示			平潭综合实验区自然资源与生态环境局	https://www.pingtan.gov.cn/zwgk/gsgg/202508/t20250825_101082.htm	zwgk/gsgg/202508/101082_行政处罚案件公示/page.txt	done
zwgk/gsgg	平潭综合实验区金井片区管理局河长制办公室关于河湖长名单的公示			平潭综合实验区金井片区管理局	https://www.pingtan.gov.cn/zwgk/gsgg/202508/t20250825_101079.htm	zwgk/gsgg/202508/101079_平潭综合实验区金井片区管理局河长制办公室关于河湖长名单的公示/page.txt	done
zwgk/gsgg	行政处罚案件公示			平潭综合实验区自然资源与生态环境局	https://www.pingtan.gov.cn/zwgk/gsgg/202508/t20250825_101065.htm	zwgk/gsgg/202508/101065_行政处罚案件公示/page.txt	done
zwgk/gsgg	​平潭综合实验区自然资源与生态环境局自行采购项目采购公告			平潭综合实验区自然资源与生态环境局	https://www.pingtan.gov.cn/zwgk/gsgg/202508/t20250822_101060.htm	zwgk/gsgg/202508/101060_​平潭综合实验区自然资源与生态环境局自行采购项目采购公告/page.txt	done
zwgk/gsgg	苏平片区东金村文化活动中心总平面图批前公示			平潭综合实验区自然资源与生态环境局	https://www.pingtan.gov.cn/zwgk/gsgg/202508/t20250822_101059.htm	zwgk/gsgg/202508/101059_苏平片区东金村文化活动中心总平面图批前公示/page.txt	done
zwgk/gsgg	​平潭综合实验区自然资源与生态环境局自行采购项目采购公告			平潭综合实验区自然资源与生态环境局	https://www.pingtan.gov.cn/zwgk/gsgg/202508/t20250822_101052.htm	zwgk/gsgg/202508/101052_​平潭综合实验区自然资源与生态环境局自行采购项目采购公告/page.txt	done
zwgk/gsgg	平潭综合实验区自然资源与生态环境局自行采购项目采购公告			平潭综合实验区自然资源与生态环境局	https://www.pingtan.gov.cn/zwgk/gsgg/202508/t20250822_101051.htm	zwgk/gsgg/202508/101051_平潭综合实验区自然资源与生态环境局自行采购项目采购公告/page.txt	done
zwgk/gsgg	​平潭国际赛车场周边基础设施配套工程-盛业路（中山大道-开拓北路）、幸福洋北路（开拓北路-君山路）项目建设工程规划许可证批后公布			平潭综合实验区自然资源与生态环境局	https://www.pingtan.gov.cn/zwgk/gsgg/202508/t20250822_101048.htm	zwgk/gsgg/202508/101048_​平潭国际赛车场周边基础设施配套工程-盛业路（中山大道-开拓北路）、幸福洋北路（/page.txt	done
zwgk/gsgg	平潭综合实验区海坛片区管理局关于 玉井村、白山村村庄规划的公示			海坛片区	https://www.pingtan.gov.cn/zwgk/gsgg/202508/t20250822_101047.htm	zwgk/gsgg/202508/101047_平潭综合实验区海坛片区管理局关于 玉井村、白山村村庄规划的公示/page.txt	done
zwgk/gsgg	大厝基村秋葵基地一产、二产配套设施建设项目（二次）竞争性谈判采购公告			平潭综合实验区金井片区管理局	https://www.pingtan.gov.cn/zwgk/gsgg/202508/t20250822_101046.htm	zwgk/gsgg/202508/101046_大厝基村秋葵基地一产、二产配套设施建设项目（二次）竞争性谈判采购公告/page.txt	done
zwgk/gsgg	大厝基村秋葵基地一产、二产配套设施建设项目结果公告			平潭综合实验区金井片区管理局	https://www.pingtan.gov.cn/zwgk/gsgg/202508/t20250822_101045.htm	zwgk/gsgg/202508/101045_大厝基村秋葵基地一产、二产配套设施建设项目结果公告/page.txt	done
zwgk/gsgg	​平潭综合实验区自然资源服务中心关于森林公园除草清杂项目二次自行采购公告			平潭综合实验区自然资源与生态环境局	https://www.pingtan.gov.cn/zwgk/gsgg/202508/t20250822_101035.htm	zwgk/gsgg/202508/101035_​平潭综合实验区自然资源服务中心关于森林公园除草清杂项目二次自行采购公告/page.txt	done
zwgk/gsgg	​2025年7月及1-7月平潭环境空气质量			平潭综合实验区自然资源与生态环境局	https://www.pingtan.gov.cn/zwgk/gsgg/202508/t20250821_101031.htm	zwgk/gsgg/202508/101031_​2025年7月及1-7月平潭环境空气质量/page.txt	done
zwgk/gsgg	森林公园除草清杂项目流标公示			平潭综合实验区自然资源与生态环境局	https://www.pingtan.gov.cn/zwgk/gsgg/202508/t20250821_101029.htm	zwgk/gsgg/202508/101029_森林公园除草清杂项目流标公示/page.txt	done
zwgk/gsgg	平潭综合实验区自然资源与生态环境局关于历史流失耕地分类处置工作询价公告			平潭综合实验区自然资源与生态环境局	https://www.pingtan.gov.cn/zwgk/gsgg/202508/t20250821_101026.htm	zwgk/gsgg/202508/101026_平潭综合实验区自然资源与生态环境局关于历史流失耕地分类处置工作询价公告/page.txt	done
zwgk/gsgg	平潭综合实验区自然资源服务中心关于 青少年宫地块地上建构筑物拆除 作业服务费市场调研的公告			平潭综合实验区自然资源服务中心	https://www.pingtan.gov.cn/zwgk/gsgg/202508/t20250820_101025.htm	zwgk/gsgg/202508/101025_平潭综合实验区自然资源服务中心关于 青少年宫地块地上建构筑物拆除 作业服务费市场/page.txt	done
zwgk/gsgg	平潭智能制造产业园区项目（一期） 建设工程规划许可证批后公布			平潭综合实验区自然资源与生态环境局	https://www.pingtan.gov.cn/zwgk/gsgg/202508/t20250820_101024.htm	zwgk/gsgg/202508/101024_平潭智能制造产业园区项目（一期） 建设工程规划许可证批后公布/page.txt	done
zwgk/gsgg	公告			平潭综合实验区金井片区管理局	https://www.pingtan.gov.cn/zwgk/gsgg/202508/t20250820_101023.htm	zwgk/gsgg/202508/101023_公告/page.txt	done
zwgk/gsgg	平潭综合实验区市场监督管理局关于发布平潭综合实验区第二批知识产权质押融资企业“白名单”的公示			平潭综合实验区市场监督管理局	https://www.pingtan.gov.cn/zwgk/gsgg/202508/t20250820_101022.htm	zwgk/gsgg/202508/101022_平潭综合实验区市场监督管理局关于发布平潭综合实验区第二批知识产权质押融资企业“白/page.txt	done
zwgk/gsgg	平潭综合实验区关于调整东大街西段-城市活动中心项目立项用地规划许可阶段审批前公示			平潭综合实验区行政审批局	https://www.pingtan.gov.cn/zwgk/gsgg/202508/t20250820_101021.htm	zwgk/gsgg/202508/101021_平潭综合实验区关于调整东大街西段-城市活动中心项目立项用地规划许可阶段审批前公示/page.txt	done
zwgk/gsgg	平潭综合实验区金井片区管理局关于娘宫村游客服务中心（应急避难场所）项目总平面图批前公示			平潭综合实验区金井片区管理局	https://www.pingtan.gov.cn/zwgk/gsgg/202508/t20250820_101010.htm	zwgk/gsgg/202508/101010_平潭综合实验区金井片区管理局关于娘宫村游客服务中心（应急避难场所）项目总平面图批/page.txt	done
zwgk/gsgg	平潭县君山镇磹水村长江澳第28-34号流动摊位对外公开招租的公告			平潭综合实验区君山片区管理局	https://www.pingtan.gov.cn/zwgk/gsgg/202508/t20250819_101008.htm	zwgk/gsgg/202508/101008_平潭县君山镇磹水村长江澳第28-34号流动摊位对外公开招租的公告/page.txt	done
zwgk/gsgg	君山镇磹水村排洪沟改造提升工程（中标通知书）			平潭综合实验区君山片区管理局	https://www.pingtan.gov.cn/zwgk/gsgg/202508/t20250819_101007.htm	zwgk/gsgg/202508/101007_君山镇磹水村排洪沟改造提升工程（中标通知书）/page.txt	done
zwgk/gsgg	关于平潭帕卓风力发电水冷系统基地项目（一期）建设工程规划许可证变更批前公示			平潭综合实验区自然资源与生态环境局	https://www.pingtan.gov.cn/zwgk/gsgg/202508/t20250819_101003.htm	zwgk/gsgg/202508/101003_关于平潭帕卓风力发电水冷系统基地项目（一期）建设工程规划许可证变更批前公示/page.txt	done
zwgk/gsgg	君山镇中楼村162县道至底井盂段村道水泥硬化（中标通知书）			平潭综合实验区君山片区管理局	https://www.pingtan.gov.cn/zwgk/gsgg/202508/t20250818_100990.htm	zwgk/gsgg/202508/100990_君山镇中楼村162县道至底井盂段村道水泥硬化（中标通知书）/page.txt	done
zwgk/gsgg	平潭综合实验区关于平潭综合实验区交通服务基础设施信息化提升项目施工许可阶段审批前公示			平潭综合实验区行政审批局	https://www.pingtan.gov.cn/zwgk/gsgg/202508/t20250818_100988.htm	zwgk/gsgg/202508/100988_平潭综合实验区关于平潭综合实验区交通服务基础设施信息化提升项目施工许可阶段审批前/page.txt	done
zwgk/gsgg	​用地预审与选址意见书公示			平潭综合实验区自然资源与生态环境局	https://www.pingtan.gov.cn/zwgk/gsgg/202508/t20250818_100978.htm	zwgk/gsgg/202508/100978_​用地预审与选址意见书公示/page.txt	done
zwgk/gsgg	平潭综合实验区自然资源与生态环境局自行采购项目采购成交结果公告			平潭综合实验区自然资源与生态环境局	https://www.pingtan.gov.cn/zwgk/gsgg/202508/t20250818_100976.htm	zwgk/gsgg/202508/100976_平潭综合实验区自然资源与生态环境局自行采购项目采购成交结果公告/page.txt	done
zwgk/gsgg	关于闽平渔冷67333渔船渔业捕捞许可证遗失的公告			平潭综合实验区农业农村局	https://www.pingtan.gov.cn/zwgk/gsgg/202508/t20250818_100967.htm	zwgk/gsgg/202508/100967_关于闽平渔冷67333渔船渔业捕捞许可证遗失的公告/page.txt	done
zwgk/gsgg	平潭综合实验区关于东庠乡饮用水项目工程建设许可阶段审批前公示			平潭综合实验区行政审批局	https://www.pingtan.gov.cn/zwgk/gsgg/202508/t20250815_100951.htm	zwgk/gsgg/202508/100951_平潭综合实验区关于东庠乡饮用水项目工程建设许可阶段审批前公示/page.txt	done
zwgk/gsgg	平潭综合实验区2025年基层农技人员区级培训班完成情况公开			平潭综合实验区农业农村局	https://www.pingtan.gov.cn/zwgk/gsgg/202508/t20250815_100949.htm	zwgk/gsgg/202508/100949_平潭综合实验区2025年基层农技人员区级培训班完成情况公开/page.txt	done
zwgk/gsgg	中共平潭综合实验区公安局委员会关于巡察整改进展情况的通报			区公安局	https://www.pingtan.gov.cn/zwgk/gsgg/202508/t20250815_100948.htm	zwgk/gsgg/202508/100948_中共平潭综合实验区公安局委员会关于巡察整改进展情况的通报/page.txt	done
zwgk/gsgg	平潭综合实验区自然资源与生态环境局关于《平潭综合实验区351001-21-C-02地块控制性详细规划》的批前公示			平潭综合实验区自然资源与生态环境局	https://www.pingtan.gov.cn/zwgk/gsgg/202508/t20250815_100947.htm	zwgk/gsgg/202508/100947_平潭综合实验区自然资源与生态环境局关于《平潭综合实验区351001-21-C-0/page.txt	done
zwgk/gsgg	关于开展工程建设项目前期咨询专家第二批征集工作的通知			平潭综合实验区行政审批局	https://www.pingtan.gov.cn/zwgk/gsgg/202508/t20250815_100945.htm	zwgk/gsgg/202508/100945_关于开展工程建设项目前期咨询专家第二批征集工作的通知/page.txt	done
zwgk/gsgg	平潭综合实验区党工委宣传与影视发展部区级应急广播体系建设监理服务项目二次流标公告			平潭综合实验区党工委宣传与影视发展部	https://www.pingtan.gov.cn/zwgk/gsgg/202508/t20250815_100928.htm	zwgk/gsgg/202508/100928_平潭综合实验区党工委宣传与影视发展部区级应急广播体系建设监理服务项目二次流标公告/page.txt	done
zwgk/gsgg	平潭综合实验区党工委农村工作领导小组办公室关于2025年度衔接推进乡村振兴项目的公告			平潭综合实验区农业农村局	https://www.pingtan.gov.cn/zwgk/gsgg/202508/t20250814_100926.htm	zwgk/gsgg/202508/100926_平潭综合实验区党工委农村工作领导小组办公室关于2025年度衔接推进乡村振兴项目的/page.txt	done
zwgk/gsgg	平潭综合实验区农业农村局关于2025年省级花生新品种展示示范项目验收结果暨资金拨付情况的公示			平潭综合实验区农业农村局	https://www.pingtan.gov.cn/zwgk/gsgg/202508/t20250814_100925.htm	zwgk/gsgg/202508/100925_平潭综合实验区农业农村局关于2025年省级花生新品种展示示范项目验收结果暨资金拨/page.txt	done
zwgk/gsgg	平潭综合实验区农业农村局关于拨付2025年促进粮食生产补助资金的公示			平潭综合实验区农业农村局	https://www.pingtan.gov.cn/zwgk/gsgg/202508/t20250814_100924.htm	zwgk/gsgg/202508/100924_平潭综合实验区农业农村局关于拨付2025年促进粮食生产补助资金的公示/page.txt	done
zwgk/gsgg	平潭综合实验区农业农村局关于2025年中央农业经营主体项目申报情况的公示			平潭综合实验区农业农村局	https://www.pingtan.gov.cn/zwgk/gsgg/202508/t20250814_100923.htm	zwgk/gsgg/202508/100923_平潭综合实验区农业农村局关于2025年中央农业经营主体项目申报情况的公示/page.txt	done
zwgk/gsgg	大厝基村秋葵基地一产、二产配套设施建设项目竞争性谈判采购公告			平潭综合实验区金井片区管理局	https://www.pingtan.gov.cn/zwgk/gsgg/202508/t20250814_100922.htm	zwgk/gsgg/202508/100922_大厝基村秋葵基地一产、二产配套设施建设项目竞争性谈判采购公告/page.txt	done
zwgk/gsgg	​平潭综合实验区自然资源与生态环境局关于《平潭综合实验区地质灾害防治  “十五五”规划》编制服务咨询公告			平潭综合实验区自然资源与生态环境局	https://www.pingtan.gov.cn/zwgk/gsgg/202508/t20250814_100916.htm	zwgk/gsgg/202508/100916_​平潭综合实验区自然资源与生态环境局关于《平潭综合实验区地质灾害防治 “十五五/page.txt	done
zwgk/gsgg	​平潭综合实验区自然资源与生态环境局关于公开采购平潭蓝海数智管护（一期）项目服务的公告			平潭综合实验区自然资源与生态环境局	https://www.pingtan.gov.cn/zwgk/gsgg/202508/t20250814_100915.htm	zwgk/gsgg/202508/100915_​平潭综合实验区自然资源与生态环境局关于公开采购平潭蓝海数智管护（一期）项目服务/page.txt	done
zwgk/gsgg	平潭综合实验区自然资源服务中心关于森林公园除草清杂项目自行采购公告			平潭综合实验区自然资源与生态环境局	https://www.pingtan.gov.cn/zwgk/gsgg/202508/t20250814_100914.htm	zwgk/gsgg/202508/100914_平潭综合实验区自然资源服务中心关于森林公园除草清杂项目自行采购公告/page.txt	done
zwgk/gsgg	平潭综合实验区农业农村局关于2025年远洋渔船履约养护国际渔业资源补助资金发放的公示			平潭综合实验区农业农村局	https://www.pingtan.gov.cn/zwgk/gsgg/202508/t20250814_100902.htm	zwgk/gsgg/202508/100902_平潭综合实验区农业农村局关于2025年远洋渔船履约养护国际渔业资源补助资金发放的/page.txt	done
zwgk/gsgg	平潭综合实验区市场监督管理局关于公开征求2025年度企业专利权质押贷款贴息项目申报工作意见的通告			平潭综合实验区市场监督管理局	https://www.pingtan.gov.cn/zwgk/gsgg/202508/t20250813_100899.htm	zwgk/gsgg/202508/100899_平潭综合实验区市场监督管理局关于公开征求2025年度企业专利权质押贷款贴息项目申/page.txt	done
zwgk/gsgg	平潭综合实验区机关第一食堂餐厅地面修缮采购需求结果公示			平潭综合实验区管委会办公室	https://www.pingtan.gov.cn/zwgk/gsgg/202508/t20250813_100897.htm	zwgk/gsgg/202508/100897_平潭综合实验区机关第一食堂餐厅地面修缮采购需求结果公示/page.txt	done
zwgk/gsgg	平潭综合实验区君山片区管理局关于疗养家具采购询价结果公示			平潭综合实验区君山片区管理局	https://www.pingtan.gov.cn/zwgk/gsgg/202508/t20250813_100893.htm	zwgk/gsgg/202508/100893_平潭综合实验区君山片区管理局关于疗养家具采购询价结果公示/page.txt	done
zwgk/gsgg	平潭综合实验区关于澳前官姜二级渔港提升改造工程施工许可阶段审批前公示			平潭综合实验区行政审批局	https://www.pingtan.gov.cn/zwgk/gsgg/202508/t20250813_100890.htm	zwgk/gsgg/202508/100890_平潭综合实验区关于澳前官姜二级渔港提升改造工程施工许可阶段审批前公示/page.txt	done
zwgk/gsgg	平潭综合实验区农业农村局关于规范引导社会水生生物增殖放流活动的公告			平潭综合实验区农业农村局	https://www.pingtan.gov.cn/zwgk/gsgg/202508/t20250813_100877.htm	zwgk/gsgg/202508/100877_平潭综合实验区农业农村局关于规范引导社会水生生物增殖放流活动的公告/page.txt	done
zwgk/gsgg	平潭综合实验区2025年社会组织等级评估费用询价结果公示			区社会事业局	https://www.pingtan.gov.cn/zwgk/gsgg/202508/t20250812_100869.htm	zwgk/gsgg/202508/100869_平潭综合实验区2025年社会组织等级评估费用询价结果公示/page.txt	done
zwgk/gsgg	君山镇大坪村党群服务中心（村史馆）建设项目（中标通知书）			平潭综合实验区君山片区管理局	https://www.pingtan.gov.cn/zwgk/gsgg/202508/t20250812_100868.htm	zwgk/gsgg/202508/100868_君山镇大坪村党群服务中心（村史馆）建设项目（中标通知书）/page.txt	done
zwgk/gsgg	平潭综合实验区农业农村局关于2025年台湾农民创业园拟补助项目情况的公示			平潭综合实验区农业农村局	https://www.pingtan.gov.cn/zwgk/gsgg/202508/t20250812_100867.htm	zwgk/gsgg/202508/100867_平潭综合实验区农业农村局关于2025年台湾农民创业园拟补助项目情况的公示/page.txt	done
zwgk/gsgg	平潭综合实验区党工委宣传与影视发展部区级应急广播体系建设项目监理服务采购询价公告（第二次）			平潭综合实验区党工委宣传与影视发展部	https://www.pingtan.gov.cn/zwgk/gsgg/202508/t20250812_100854.htm	zwgk/gsgg/202508/100854_平潭综合实验区党工委宣传与影视发展部区级应急广播体系建设项目监理服务采购询价公告/page.txt	done
zwgk/gsgg	君山镇磹水村排洪沟改造提升工程			平潭综合实验区君山片区管理局	https://www.pingtan.gov.cn/zwgk/gsgg/202508/t20250812_100853.htm	zwgk/gsgg/202508/100853_君山镇磹水村排洪沟改造提升工程/page.txt	done
zwgk/gsgg	平潭综合实验区市场监督管理局关于涉案没收不合格电动自行车销毁处置项目比价公示			平潭综合实验区市场监督管理局	https://www.pingtan.gov.cn/zwgk/gsgg/202508/t20250811_100848.htm	zwgk/gsgg/202508/100848_平潭综合实验区市场监督管理局关于涉案没收不合格电动自行车销毁处置项目比价公示/page.txt	done
zwgk/gsgg	​关于潭城组团351001-02-C-001、351001-02-C-007地块控制性详细规划调整的公告			平潭综合实验区自然资源与生态环境局	https://www.pingtan.gov.cn/zwgk/gsgg/202508/t20250811_100845.htm	zwgk/gsgg/202508/100845_​关于潭城组团351001-02-C-001、351001-02-C-007地块/page.txt	done
zwgk/gsgg	关于中楼组团351001-04-C-16、351001-04-C-17地块控制性详细规划调整的公告			平潭综合实验区自然资源与生态环境局	https://www.pingtan.gov.cn/zwgk/gsgg/202508/t20250811_100844.htm	zwgk/gsgg/202508/100844_关于中楼组团351001-04-C-16、351001-04-C-17地块控制性/page.txt	done
zwgk/gsgg	平潭综合实验区党工委宣传与影视发展部区级应急广播体系建设监理服务项目流标公告			平潭综合实验区党工委宣传与影视发展部	https://www.pingtan.gov.cn/zwgk/gsgg/202508/t20250811_100840.htm	zwgk/gsgg/202508/100840_平潭综合实验区党工委宣传与影视发展部区级应急广播体系建设监理服务项目流标公告/page.txt	done
zwgk/gsgg	平潭综合实验区自然资源服务中心2025年1-7月三公经费统计表			平潭综合实验区自然资源服务中心	https://www.pingtan.gov.cn/zwgk/gsgg/202508/t20250811_100833.htm	zwgk/gsgg/202508/100833_平潭综合实验区自然资源服务中心2025年1-7月三公经费统计表/page.txt	done
zwgk/gsgg	平潭综合实验区关于红卫村旅游道路提升项目（小型建设工程）施工许可阶段审批前公示			平潭综合实验区行政审批局	https://www.pingtan.gov.cn/zwgk/gsgg/202508/t20250811_100822.htm	zwgk/gsgg/202508/100822_平潭综合实验区关于红卫村旅游道路提升项目（小型建设工程）施工许可阶段审批前公示/page.txt	done
zwgk/gsgg	平潭综合实验区自然资源与生态环境局关于开展2025年度国有建设用地供应中涉及耕作层核查技术服务工作市场调研的公告			平潭综合实验区自然资源与生态环境局	https://www.pingtan.gov.cn/zwgk/gsgg/202508/t20250811_100812.htm	zwgk/gsgg/202508/100812_平潭综合实验区自然资源与生态环境局关于开展2025年度国有建设用地供应中涉及耕作/page.txt	done
zwgk/gsgg	​平潭综合实验区自然资源与生态环境局关于《平潭综合实验区351001-27-A-01地块  控制性详细规划》的批前公示			平潭综合实验区自然资源与生态环境局	https://www.pingtan.gov.cn/zwgk/gsgg/202508/t20250811_100811.htm	zwgk/gsgg/202508/100811_​平潭综合实验区自然资源与生态环境局关于《平潭综合实验区351001-27-A-/page.txt	done
zwgk/gsgg	平潭综合实验区党工委党校关于2025年公开招聘高层次人才面试成绩的公示			平潭党校	https://www.pingtan.gov.cn/zwgk/gsgg/202508/t20250810_100809.htm	zwgk/gsgg/202508/100809_平潭综合实验区党工委党校关于2025年公开招聘高层次人才面试成绩的公示/page.txt	done
zwgk/gsgg	2025年08月14日平潭电网检修信息			国网平潭供电公司	https://www.pingtan.gov.cn/zwgk/gsgg/202508/t20250808_100804.htm	zwgk/gsgg/202508/100804_2025年08月14日平潭电网检修信息/page.txt	done
zwgk/gsgg	平潭综合实验区关于平潭北部海洋生态保护修复工程建设许可阶段审批前公示			平潭综合实验区行政审批局	https://www.pingtan.gov.cn/zwgk/gsgg/202508/t20250808_100803.htm	zwgk/gsgg/202508/100803_平潭综合实验区关于平潭北部海洋生态保护修复工程建设许可阶段审批前公示/page.txt	done
zwgk/gsgg	平潭综合实验区行政审批局关于受理美涤科技项目环境影响报告表的公示			平潭综合实验区行政审批局	https://www.pingtan.gov.cn/zwgk/gsgg/202508/t20250808_100802.htm	zwgk/gsgg/202508/100802_平潭综合实验区行政审批局关于受理美涤科技项目环境影响报告表的公示/page.txt	done
zwgk/gsgg	平潭综合实验区行政审批局关于注销清福远洋运输（福建）有限公司国内水路运输经营许可的批复			平潭综合实验区行政审批局	https://www.pingtan.gov.cn/zwgk/gsgg/202508/t20250808_100799.htm	zwgk/gsgg/202508/100799_平潭综合实验区行政审批局关于注销清福远洋运输（福建）有限公司国内水路运输经营许可/page.txt	done
zwgk/gsgg	公示			平潭综合实验区金井片区管理局	https://www.pingtan.gov.cn/zwgk/gsgg/202508/t20250808_100788.htm	zwgk/gsgg/202508/100788_公示/page.txt	done
zwgk/gsgg	平潭综合实验区关于石牌洋（看澳）陆岛交通码头（新址）二期工程立项用地规划许可阶段审批前公示			平潭综合实验区行政审批局	https://www.pingtan.gov.cn/zwgk/gsgg/202508/t20250807_100784.htm	zwgk/gsgg/202508/100784_平潭综合实验区关于石牌洋（看澳）陆岛交通码头（新址）二期工程立项用地规划许可阶段/page.txt	done
zwgk/gsgg	平潭综合实验区农业农村局关于拨付2024-2025年台资农业企业贷款贴息补助资金的公示			平潭综合实验区农业农村局	https://www.pingtan.gov.cn/zwgk/gsgg/202508/t20250807_100781.htm	zwgk/gsgg/202508/100781_平潭综合实验区农业农村局关于拨付2024-2025年台资农业企业贷款贴息补助资金/page.txt	done
zwgk/gsgg	关于平潭综合实验区党工委党校2025年公开招聘高层次人才面试的通知			平潭党校	https://www.pingtan.gov.cn/zwgk/gsgg/202508/t20250807_100780.htm	zwgk/gsgg/202508/100780_关于平潭综合实验区党工委党校2025年公开招聘高层次人才面试的通知/page.txt	done
zwgk/gsgg	平潭智能制造产业园区项目（一期） 总平面图批前公示			平潭综合实验区自然资源与生态环境局	https://www.pingtan.gov.cn/zwgk/gsgg/202508/t20250807_100779.htm	zwgk/gsgg/202508/100779_平潭智能制造产业园区项目（一期） 总平面图批前公示/page.txt	done
zwgk/gsgg	平潭综合实验区市场监督管理局关于征集两岸标准共通试点项目的通知			平潭综合实验区市场监督管理局	https://www.pingtan.gov.cn/zwgk/gsgg/202508/t20250807_100774.htm	zwgk/gsgg/202508/100774_平潭综合实验区市场监督管理局关于征集两岸标准共通试点项目的通知/page.txt	done
zwgk/gsgg	平潭综合实验区社会事业局关于非法社会组织投诉举报的通告			区社会事业局	https://www.pingtan.gov.cn/zwgk/gsgg/202508/t20250806_100771.htm	zwgk/gsgg/202508/100771_平潭综合实验区社会事业局关于非法社会组织投诉举报的通告/page.txt	done
zwgk/gsgg	平潭综合实验区自然资源与生态环境局关于更新2025年度在岚注册及分支机构备案测绘资质单位名单的公告			平潭综合实验区自然资源与生态环境局	https://www.pingtan.gov.cn/zwgk/gsgg/202508/t20250806_100770.htm	zwgk/gsgg/202508/100770_平潭综合实验区自然资源与生态环境局关于更新2025年度在岚注册及分支机构备案测绘/page.txt	done
zwgk/gsgg	​平潭综合实验区自然资源与生态环境局关于《平潭综合实验区基础测绘“十五五”规划》编制服务咨询公告			平潭综合实验区自然资源与生态环境局	https://www.pingtan.gov.cn/zwgk/gsgg/202508/t20250806_100766.htm	zwgk/gsgg/202508/100766_​平潭综合实验区自然资源与生态环境局关于《平潭综合实验区基础测绘“十五五”规划》/page.txt	done
zwgk/gsgg	行政处罚案件公示			平潭综合实验区自然资源与生态环境局	https://www.pingtan.gov.cn/zwgk/gsgg/202508/t20250806_100765.htm	zwgk/gsgg/202508/100765_行政处罚案件公示/page.txt	done
zwgk/gsgg	君山镇流水村海防路节能路灯建设中标通知书			平潭综合实验区君山片区管理局	https://www.pingtan.gov.cn/zwgk/gsgg/202508/t20250806_100764.htm	zwgk/gsgg/202508/100764_君山镇流水村海防路节能路灯建设中标通知书/page.txt	done
zwgk/gsgg	平潭综合实验区党工委宣传与影视发展部区级应急广播体系建设项目监理服务采购询价公告			平潭综合实验区党工委宣传与影视发展部	https://www.pingtan.gov.cn/zwgk/gsgg/202508/t20250806_100763.htm	zwgk/gsgg/202508/100763_平潭综合实验区党工委宣传与影视发展部区级应急广播体系建设项目监理服务采购询价公告/page.txt	done
zwgk/gsgg	平潭综合实验区自然资源与生态环境局自行采购项目采购成交结果公告			平潭综合实验区自然资源与生态环境局	https://www.pingtan.gov.cn/zwgk/gsgg/202508/t20250806_100756.htm	zwgk/gsgg/202508/100756_平潭综合实验区自然资源与生态环境局自行采购项目采购成交结果公告/page.txt	done
zwgk/gsgg	​平潭综合实验区社会事业局关于开展社会组织等级评估费用的询价函			区社会事业局	https://www.pingtan.gov.cn/zwgk/gsgg/202508/t20250805_100738.htm	zwgk/gsgg/202508/100738_​平潭综合实验区社会事业局关于开展社会组织等级评估费用的询价函/page.txt	done
zwgk/gsgg	君山镇中楼村162县道至底井盂段村道水泥硬化项目			平潭综合实验区君山片区管理局	https://www.pingtan.gov.cn/zwgk/gsgg/202508/t20250805_100737.htm	zwgk/gsgg/202508/100737_君山镇中楼村162县道至底井盂段村道水泥硬化项目/page.txt	done
zwgk/gsgg	平潭综合实验区农业农村局关于拨付2025年强制免疫“先打后补”工作补助的公示			平潭综合实验区农业农村局	https://www.pingtan.gov.cn/zwgk/gsgg/202508/t20250805_100736.htm	zwgk/gsgg/202508/100736_平潭综合实验区农业农村局关于拨付2025年强制免疫“先打后补”工作补助的公示/page.txt	done
zwgk/gsgg	平潭综合实验区关于全区标志标牌（二期）项目立项用地许可阶段审批前公示			平潭综合实验区行政审批局	https://www.pingtan.gov.cn/zwgk/gsgg/202508/t20250805_100733.htm	zwgk/gsgg/202508/100733_平潭综合实验区关于全区标志标牌（二期）项目立项用地许可阶段审批前公示/page.txt	done
zwgk/gsgg	平潭综合实验区关于平潭综合实验区中医院北院区建设项目环境影响评价报告表审批前公示			平潭综合实验区行政审批局	https://www.pingtan.gov.cn/zwgk/gsgg/202508/t20250805_100730.htm	zwgk/gsgg/202508/100730_平潭综合实验区关于平潭综合实验区中医院北院区建设项目环境影响评价报告表审批前公示/page.txt	done
zwgk/gsgg	2025年1-7月平潭综合实验区自然资源与生态环境局三公经费统计表			平潭综合实验区自然资源与生态环境局	https://www.pingtan.gov.cn/zwgk/gsgg/202508/t20250805_100725.htm	zwgk/gsgg/202508/100725_2025年1-7月平潭综合实验区自然资源与生态环境局三公经费统计表/page.txt	done
zwgk/gsgg	2025年08月05日平潭电网检修信息			国网平潭供电公司	https://www.pingtan.gov.cn/zwgk/gsgg/202508/t20250804_100722.htm	zwgk/gsgg/202508/100722_2025年08月05日平潭电网检修信息/page.txt	done
zwgk/gsgg	平潭综合实验区关于公交首末站提升改造工程立项用地许可阶段审批前公示			平潭综合实验区行政审批局	https://www.pingtan.gov.cn/zwgk/gsgg/202508/t20250804_100718.htm	zwgk/gsgg/202508/100718_平潭综合实验区关于公交首末站提升改造工程立项用地许可阶段审批前公示/page.txt	done
zwgk/gsgg	君山镇西边寮追思堂项目中标通知书			平潭综合实验区君山片区管理局	https://www.pingtan.gov.cn/zwgk/gsgg/202508/t20250804_100714.htm	zwgk/gsgg/202508/100714_君山镇西边寮追思堂项目中标通知书/page.txt	done
zwgk/gsgg	平潭县君山镇磹水村长江澳第28-34号流动摊位对外公开招租的公告			平潭综合实验区君山片区管理局	https://www.pingtan.gov.cn/zwgk/gsgg/202508/t20250804_100711.htm	zwgk/gsgg/202508/100711_平潭县君山镇磹水村长江澳第28-34号流动摊位对外公开招租的公告/page.txt	done
zwgk/gsgg	关于闽平渔运65788渔船渔业捕捞许可证遗失的公告			平潭综合实验区农业农村局	https://www.pingtan.gov.cn/zwgk/gsgg/202508/t20250804_100695.htm	zwgk/gsgg/202508/100695_关于闽平渔运65788渔船渔业捕捞许可证遗失的公告/page.txt	done
zwgk/gsgg	平潭综合实验区管委会机关第一食堂餐厅地面修缮询价公告			平潭综合实验区管委会办公室	https://www.pingtan.gov.cn/zwgk/gsgg/202508/t20250804_100693.htm	zwgk/gsgg/202508/100693_平潭综合实验区管委会机关第一食堂餐厅地面修缮询价公告/page.txt	done
zwgk/gsgg	平潭综合实验区关于平潭综合实验区六桥水库应急加固工程（小型建设工程）施工许可阶段审批前公示			平潭综合实验区行政审批局	https://www.pingtan.gov.cn/zwgk/gsgg/202508/t20250804_100690.htm	zwgk/gsgg/202508/100690_平潭综合实验区关于平潭综合实验区六桥水库应急加固工程（小型建设工程）施工许可阶段/page.txt	done
zwgk/gsgg	2025年08月05日平潭临时停电			国网平潭供电公司	https://www.pingtan.gov.cn/zwgk/gsgg/202508/t20250802_100684.htm	zwgk/gsgg/202508/100684_2025年08月05日平潭临时停电/page.txt	done
zwgk/gsgg	平潭综合实验区关于海坛湾西片区生活污水治理工程施工许可阶段审批前公示			平潭综合实验区行政审批局	https://www.pingtan.gov.cn/zwgk/gsgg/202508/t20250801_100677.htm	zwgk/gsgg/202508/100677_平潭综合实验区关于海坛湾西片区生活污水治理工程施工许可阶段审批前公示/page.txt	done
zwgk/gsgg	​平潭综合实验区自然资源与生态环境局关于风环境城市规划建筑设计研究服务比选采购评审结果公告			平潭综合实验区自然资源与生态环境局	https://www.pingtan.gov.cn/zwgk/gsgg/202508/t20250801_100676.htm	zwgk/gsgg/202508/100676_​平潭综合实验区自然资源与生态环境局关于风环境城市规划建筑设计研究服务比选采购评/page.txt	done
zwgk/gsgg	平潭综合实验区关于平潭第三中学操场改造项目（小型建设工程）施工许可阶段审批前公示			平潭综合实验区行政审批局	https://www.pingtan.gov.cn/zwgk/gsgg/202508/t20250801_100674.htm	zwgk/gsgg/202508/100674_平潭综合实验区关于平潭第三中学操场改造项目（小型建设工程）施工许可阶段审批前公示/page.txt	done
zwgk/gsgg	平潭综合实验区关于休闲观光村道（小型 建设工程）施工许可阶段审批前公示			平潭综合实验区行政审批局	https://www.pingtan.gov.cn/zwgk/gsgg/202508/t20250801_100672.htm	zwgk/gsgg/202508/100672_平潭综合实验区关于休闲观光村道（小型 建设工程）施工许可阶段审批前公示/page.txt	done
zwgk/gsgg	平潭综合实验区关于平潭综合实验区燃气管道老化更新改造工程立项用地许可阶段审批前公示			平潭综合实验区行政审批局	https://www.pingtan.gov.cn/zwgk/gsgg/202508/t20250801_100671.htm	zwgk/gsgg/202508/100671_平潭综合实验区关于平潭综合实验区燃气管道老化更新改造工程立项用地许可阶段审批前公/page.txt	done
zwgk/gsgg	平潭综合实验区自然资源服务中心关于森林公园除草清杂的询价公告			平潭综合实验区自然资源服务中心	https://www.pingtan.gov.cn/zwgk/gsgg/202508/t20250801_100666.htm	zwgk/gsgg/202508/100666_平潭综合实验区自然资源服务中心关于森林公园除草清杂的询价公告/page.txt	done
zwgk/gsgg	关于开展平潭土壤污染重点监管单位周边土壤环境监测（2025年）比价采购的公告			平潭综合实验区自然资源服务中心	https://www.pingtan.gov.cn/zwgk/gsgg/202508/t20250801_100660.htm	zwgk/gsgg/202508/100660_关于开展平潭土壤污染重点监管单位周边土壤环境监测（2025年）比价采购的公告/page.txt	done
zwgk/gsgg	福建省平潭县烟草专卖局关于调整烟草制品零售点规划调控数量的公告			福建省平潭县烟草专卖局	https://www.pingtan.gov.cn/zwgk/gsgg/202507/t20250731_100655.htm	zwgk/gsgg/202507/100655_福建省平潭县烟草专卖局关于调整烟草制品零售点规划调控数量的公告/page.txt	done
zwgk/gsgg	平潭综合实验区自然资源与生态环境局关于同意2025G005号宗地受让人名称变更补充合同的公示			平潭综合实验区自然资源服务中心	https://www.pingtan.gov.cn/zwgk/gsgg/202507/t20250731_100654.htm	zwgk/gsgg/202507/100654_平潭综合实验区自然资源与生态环境局关于同意2025G005号宗地受让人名称变更补/page.txt	done
zwgk/gsgg	平潭综合实验区农业农村局关于2024年度海洋捕捞渔民减船转产补助资金发放的公示			平潭综合实验区农业农村局	https://www.pingtan.gov.cn/zwgk/gsgg/202507/t20250731_100653.htm	zwgk/gsgg/202507/100653_平潭综合实验区农业农村局关于2024年度海洋捕捞渔民减船转产补助资金发放的公示/page.txt	done
zwgk/gsgg	平潭综合实验区君山片区管理局关于疗养家具采购询价函			平潭综合实验区君山片区管理局	https://www.pingtan.gov.cn/zwgk/gsgg/202507/t20250731_100652.htm	zwgk/gsgg/202507/100652_平潭综合实验区君山片区管理局关于疗养家具采购询价函/page.txt	done
zwgk/gsgg	平潭综合实验区行政审批局关于拟撤销国有建设用地使用权登记的告知书			民生处	https://www.pingtan.gov.cn/zwgk/gsgg/202507/t20250731_100647.htm	zwgk/gsgg/202507/100647_平潭综合实验区行政审批局关于拟撤销国有建设用地使用权登记的告知书/page.txt	done
zwgk/gsgg	平潭综合实验区河长制办公室关于公布平潭综合实验区区级河长名单的公告			平潭综合实验区农业农村局	https://www.pingtan.gov.cn/zwgk/gsgg/202507/t20250731_100644.htm	zwgk/gsgg/202507/100644_平潭综合实验区河长制办公室关于公布平潭综合实验区区级河长名单的公告/page.txt	done
zwgk/gsgg	平潭综合实验区自然资源与生态环境局关于东大街西段-城市活动中心项目总平面图批前公示			平潭综合实验区自然资源与生态环境局	https://www.pingtan.gov.cn/zwgk/gsgg/202507/t20250731_100636.htm	zwgk/gsgg/202507/100636_平潭综合实验区自然资源与生态环境局关于东大街西段-城市活动中心项目总平面图批前公/page.txt	done
zwgk/gsgg	中共平潭综合实验区行政审批局党组关于巡察整改进展情况的通报			区档案局	https://www.pingtan.gov.cn/zwgk/gsgg/202507/t20250731_100634.htm	zwgk/gsgg/202507/100634_中共平潭综合实验区行政审批局党组关于巡察整改进展情况的通报/page.txt	done
zwgk/gsgg	平潭综合实验区苏平片区管理局党委关于巡察整改进展情况的通报			平潭综合实验区苏平片区管理局	https://www.pingtan.gov.cn/zwgk/gsgg/202507/t20250731_100633.htm	zwgk/gsgg/202507/100633_平潭综合实验区苏平片区管理局党委关于巡察整改进展情况的通报/page.txt	done
zwgk/gsgg	关于平潭综合实验区管委会机关第二食堂运营服务采购项目预公告			平潭综合实验区管委会办公室	https://www.pingtan.gov.cn/zwgk/gsgg/202507/t20250730_100625.htm	zwgk/gsgg/202507/100625_关于平潭综合实验区管委会机关第二食堂运营服务采购项目预公告/page.txt	done
zwgk/gsgg	平潭综合实验区2024年红火蚁专业防治项目验收结果公示			平潭综合实验区农业农村局	https://www.pingtan.gov.cn/zwgk/gsgg/202507/t20250730_100624.htm	zwgk/gsgg/202507/100624_平潭综合实验区2024年红火蚁专业防治项目验收结果公示/page.txt	done
zwgk/gsgg	平潭综合实验区农业农村局关于2025年台湾农民创业园项目评审结果的公示			平潭综合实验区农业农村局	https://www.pingtan.gov.cn/zwgk/gsgg/202507/t20250730_100623.htm	zwgk/gsgg/202507/100623_平潭综合实验区农业农村局关于2025年台湾农民创业园项目评审结果的公示/page.txt	done
zwgk/gsgg	平潭综合实验区行政审批局关于受理平潭综合实验区中医院北院区建设项目环境影响报告表的公示			平潭综合实验区行政审批局	https://www.pingtan.gov.cn/zwgk/gsgg/202507/t20250730_100621.htm	zwgk/gsgg/202507/100621_平潭综合实验区行政审批局关于受理平潭综合实验区中医院北院区建设项目环境影响报告表/page.txt	done
zwgk/gsgg	平潭综合实验区自然资源服务中心关于海域海岛技术支撑服务中标结果的公示			平潭综合实验区自然资源服务中心	https://www.pingtan.gov.cn/zwgk/gsgg/202507/t20250730_100620.htm	zwgk/gsgg/202507/100620_平潭综合实验区自然资源服务中心关于海域海岛技术支撑服务中标结果的公示/page.txt	done
zwgk/gsgg	建设用地规划许可证			平潭综合实验区自然资源与生态环境局	https://www.pingtan.gov.cn/zwgk/gsgg/202507/t20250729_100612.htm	zwgk/gsgg/202507/100612_建设用地规划许可证/page.txt	done
zwgk/gsgg	君山镇东庠乡敬老院提升改造项目（中标通知书）			平潭综合实验区君山片区管理局	https://www.pingtan.gov.cn/zwgk/gsgg/202507/t20250729_100611.htm	zwgk/gsgg/202507/100611_君山镇东庠乡敬老院提升改造项目（中标通知书）/page.txt	done
zwgk/gsgg	平潭综合实验区市场监督管理局行政执法人员信息表			平潭综合实验区市场监督管理局	https://www.pingtan.gov.cn/zwgk/gsgg/202507/t20250729_100604.htm	zwgk/gsgg/202507/100604_平潭综合实验区市场监督管理局行政执法人员信息表/page.txt	done
zwgk/gsgg	平潭综合实验区行政审批局关于注销福建省顺翔船务有限公司国内水路运输经营许可的批复			平潭综合实验区行政审批局	https://www.pingtan.gov.cn/zwgk/gsgg/202507/t20250729_100601.htm	zwgk/gsgg/202507/100601_平潭综合实验区行政审批局关于注销福建省顺翔船务有限公司国内水路运输经营许可的批复/page.txt	done
zwgk/gsgg	平潭综合实验区关于金井片区牛脊山-象鼻湾健身步道及周边环境提升项目立项用地许可阶段审批前公示			平潭综合实验区行政审批局	https://www.pingtan.gov.cn/zwgk/gsgg/202507/t20250729_100597.htm	zwgk/gsgg/202507/100597_平潭综合实验区关于金井片区牛脊山-象鼻湾健身步道及周边环境提升项目立项用地许可阶/page.txt	done
zwgk/gsgg	君山镇大坪村党群服务中心（村史馆）建设项目			平潭综合实验区君山片区管理局	https://www.pingtan.gov.cn/zwgk/gsgg/202507/t20250729_100588.htm	zwgk/gsgg/202507/100588_君山镇大坪村党群服务中心（村史馆）建设项目/page.txt	done
zwgk/gsgg	君山镇流水村海防路节能路灯建设			平潭综合实验区君山片区管理局	https://www.pingtan.gov.cn/zwgk/gsgg/202507/t20250729_100587.htm	zwgk/gsgg/202507/100587_君山镇流水村海防路节能路灯建设/page.txt	done
zwgk/gsgg	平潭综合实验区关于规划一路（龙凤西路- 海坛西路）项目立项用地许可阶段审批前公示			平潭综合实验区行政审批局	https://www.pingtan.gov.cn/zwgk/gsgg/202507/t20250725_100558.htm	zwgk/gsgg/202507/100558_平潭综合实验区关于规划一路（龙凤西路- 海坛西路）项目立项用地许可阶段审批前公示/page.txt	done
zwgk/gsgg	平潭综合实验区关于平潭北部海洋生态保护修复工程立项用地许可阶段审批前公示			平潭综合实验区行政审批局	https://www.pingtan.gov.cn/zwgk/gsgg/202507/t20250725_100557.htm	zwgk/gsgg/202507/100557_平潭综合实验区关于平潭北部海洋生态保护修复工程立项用地许可阶段审批前公示/page.txt	done
zwgk/gsgg	平潭综合实验区关于马腿村产业振兴场所改造提升项目（小型建设工程）施工许可阶段审批前公示			平潭综合实验区行政审批局	https://www.pingtan.gov.cn/zwgk/gsgg/202507/t20250725_100556.htm	zwgk/gsgg/202507/100556_平潭综合实验区关于马腿村产业振兴场所改造提升项目（小型建设工程）施工许可阶段审批/page.txt	done
zwgk/gsgg	2025年农业项目资金政策公开			平潭综合实验区农业农村局	https://www.pingtan.gov.cn/zwgk/gsgg/202507/t20250725_100555.htm	zwgk/gsgg/202507/100555_2025年农业项目资金政策公开/page.txt	done
zwgk/gsgg	平潭综合实验区农业农村局关于2024-2025年台资农业企业贷款贴息资金补助申报情况的公示			平潭综合实验区农业农村局	https://www.pingtan.gov.cn/zwgk/gsgg/202507/t20250725_100553.htm	zwgk/gsgg/202507/100553_平潭综合实验区农业农村局关于2024-2025年台资农业企业贷款贴息资金补助申报/page.txt	done
zwgk/gsgg	平潭综合实验区农业农村局关于高标准农田建设项目实施情况的公示			平潭综合实验区农业农村局	https://www.pingtan.gov.cn/zwgk/gsgg/202507/t20250725_100552.htm	zwgk/gsgg/202507/100552_平潭综合实验区农业农村局关于高标准农田建设项目实施情况的公示/page.txt	done
zwgk/gsgg	君山镇西边寮村追思堂项目			平潭综合实验区君山片区管理局	https://www.pingtan.gov.cn/zwgk/gsgg/202507/t20250725_100548.htm	zwgk/gsgg/202507/100548_君山镇西边寮村追思堂项目/page.txt	done
zwgk/gsgg	平潭综合实验区废铅蓄电池收集网点公示			平潭综合实验区自然资源与生态环境局	https://www.pingtan.gov.cn/zwgk/gsgg/202507/t20250724_100530.htm	zwgk/gsgg/202507/100530_平潭综合实验区废铅蓄电池收集网点公示/page.txt	done
zwgk/gsgg	平潭综合实验区自然资源与生态环境局关于征集非法倾倒处置固体废物问题线索的公告			平潭综合实验区自然资源与生态环境局	https://www.pingtan.gov.cn/zwgk/gsgg/202507/t20250724_100529.htm	zwgk/gsgg/202507/100529_平潭综合实验区自然资源与生态环境局关于征集非法倾倒处置固体废物问题线索的公告/page.txt	done
zwgk/gsgg	平潭佳兴智慧农渔产品交易中心项目建设工程规划许可证批后公布			平潭综合实验区自然资源与生态环境局	https://www.pingtan.gov.cn/zwgk/gsgg/202507/t20250724_100528.htm	zwgk/gsgg/202507/100528_平潭佳兴智慧农渔产品交易中心项目建设工程规划许可证批后公布/page.txt	done
zwgk/gsgg	平潭跨境电商园保税加工仓库项目建设工程规划许可证批后公布			平潭综合实验区自然资源与生态环境局	https://www.pingtan.gov.cn/zwgk/gsgg/202507/t20250724_100527.htm	zwgk/gsgg/202507/100527_平潭跨境电商园保税加工仓库项目建设工程规划许可证批后公布/page.txt	done
zwgk/gsgg	+关于废止《平潭综合实验区环境与国土资源局关于印发平潭综合实验区绿色矿山建设工作方案的通知》的通知			平潭综合实验区自然资源与生态环境局	https://www.pingtan.gov.cn/zwgk/gsgg/202507/t20250724_100524.htm	zwgk/gsgg/202507/100524_+关于废止《平潭综合实验区环境与国土资源局关于印发平潭综合实验区绿色矿山建设工作/page.txt	done
zwgk/gsgg	莱泽闽台融合物流园（二期）北地块总平面图批前公示			平潭综合实验区自然资源与生态环境局	https://www.pingtan.gov.cn/zwgk/gsgg/202507/t20250724_100511.htm	zwgk/gsgg/202507/100511_莱泽闽台融合物流园（二期）北地块总平面图批前公示/page.txt	done
zwgk/gsgg	平潭综合实验区农业农村局关于2025年基层水产技术推广体系改革与建设项目遴选结果的公示			平潭综合实验区农业农村局	https://www.pingtan.gov.cn/zwgk/gsgg/202507/t20250722_100492.htm	zwgk/gsgg/202507/100492_平潭综合实验区农业农村局关于2025年基层水产技术推广体系改革与建设项目遴选结果/page.txt	done
zwgk/gsgg	平潭综合实验区自然资源与生态环境局关于福建岚悦酒店项目建设工程规划 许可证变更批前公示			平潭综合实验区自然资源与生态环境局	https://www.pingtan.gov.cn/zwgk/gsgg/202507/t20250722_100490.htm	zwgk/gsgg/202507/100490_平潭综合实验区自然资源与生态环境局关于福建岚悦酒店项目建设工程规划 许可证变更批/page.txt	done
zwgk/gsgg	2025年平潭综合实验区党工委党校公开招聘高层次人才公告			平潭党校	https://www.pingtan.gov.cn/zwgk/gsgg/202507/t20250722_100489.htm	zwgk/gsgg/202507/100489_2025年平潭综合实验区党工委党校公开招聘高层次人才公告/page.txt	done
zwgk/gsgg	平潭综合实验区自然资源服务中心关于出让地块林木采伐服务费市场调研的公告			平潭综合实验区自然资源服务中心	https://www.pingtan.gov.cn/zwgk/gsgg/202507/t20250722_100488.htm	zwgk/gsgg/202507/100488_平潭综合实验区自然资源服务中心关于出让地块林木采伐服务费市场调研的公告/page.txt	done
zwgk/gsgg	平潭综合实验区自然资源与生态环境局关于咨询2025年生态样地监测服务项目控制价的公告			平潭综合实验区自然资源与生态环境局	https://www.pingtan.gov.cn/zwgk/gsgg/202507/t20250722_100484.htm	zwgk/gsgg/202507/100484_平潭综合实验区自然资源与生态环境局关于咨询2025年生态样地监测服务项目控制价的/page.txt	done
zwgk/gsgg	平潭综合实验区自然资源服务中心关于采购海域海岛技术支撑服务的公告			平潭综合实验区自然资源服务中心	https://www.pingtan.gov.cn/zwgk/gsgg/202507/t20250722_100470.htm	zwgk/gsgg/202507/100470_平潭综合实验区自然资源服务中心关于采购海域海岛技术支撑服务的公告/page.txt	done
zwgk/gsgg	平潭综合实验区自然资源与生态环境局关于《平潭综合实验区地质灾害防治 “十五五”规划》编制服务咨询公告			平潭综合实验区自然资源与生态环境局	https://www.pingtan.gov.cn/zwgk/gsgg/202507/t20250722_100467.htm	zwgk/gsgg/202507/100467_平潭综合实验区自然资源与生态环境局关于《平潭综合实验区地质灾害防治 “十五五”规/page.txt	done
zwgk/gsgg	平潭综合实验区自然资源与生态环境局关于平潭综合实验区地质灾害隐患点和风险区更新调查服务自行采购公告			平潭综合实验区自然资源与生态环境局	https://www.pingtan.gov.cn/zwgk/gsgg/202507/t20250721_100466.htm	zwgk/gsgg/202507/100466_平潭综合实验区自然资源与生态环境局关于平潭综合实验区地质灾害隐患点和风险区更新调/page.txt	done
zwgk/gsgg	平潭综合实验区社会事业局关于公布2025年居家适老化改造产品配置参与商家的公告			平台综合实验区社会事业局	https://www.pingtan.gov.cn/zwgk/gsgg/202507/t20250721_100465.htm	zwgk/gsgg/202507/100465_平潭综合实验区社会事业局关于公布2025年居家适老化改造产品配置参与商家的公告/page.txt	done
zwgk/gsgg	君山镇东庠乡敬老院提升改造项目			平潭综合实验区君山片区管理局	https://www.pingtan.gov.cn/zwgk/gsgg/202507/t20250721_100460.htm	zwgk/gsgg/202507/100460_君山镇东庠乡敬老院提升改造项目/page.txt	done
zwgk/gsgg	新兴产业园区标准化厂房项目(三期)批后公布			平潭综合实验区自然资源与生态环境局	https://www.pingtan.gov.cn/zwgk/gsgg/202507/t20250721_100459.htm	zwgk/gsgg/202507/100459_新兴产业园区标准化厂房项目(三期)批后公布/page.txt	done
zwgk/gsgg	君山镇北港村景观游步道项目(二期)中标通知书			平潭综合实验区君山片区管理局	https://www.pingtan.gov.cn/zwgk/gsgg/202507/t20250718_100445.htm	zwgk/gsgg/202507/100445_君山镇北港村景观游步道项目(二期)中标通知书/page.txt	done
zwgk/gsgg	平潭综合实验区关于平潭综合实验区中医院北院区建设项目工程建设许可阶段审批前公示			平潭综合实验区行政审批局	https://www.pingtan.gov.cn/zwgk/gsgg/202507/t20250717_100342.htm	zwgk/gsgg/202507/100342_平潭综合实验区关于平潭综合实验区中医院北院区建设项目工程建设许可阶段审批前公示/page.txt	done
zwgk/gsgg	平潭综合实验区行政审批局关于征求《平潭综合实验区公共数据授权运营实施方案》（征求意见稿）意见建议的公告			平潭综合实验区行政审批局大数据与“智慧岛”建设处	https://www.pingtan.gov.cn/zwgk/gsgg/202507/t20250717_100322.htm	zwgk/gsgg/202507/100322_平潭综合实验区行政审批局关于征求《平潭综合实验区公共数据授权运营实施方案》（征求/page.txt	done
zwgk/gsgg	平潭综合实验区关于苏平片区丰田村级组织活动场所改扩建工程（小型建设工程）施工许可阶段审批前公示			平潭综合实验区行政审批局	https://www.pingtan.gov.cn/zwgk/gsgg/202507/t20250717_100310.htm	zwgk/gsgg/202507/100310_平潭综合实验区关于苏平片区丰田村级组织活动场所改扩建工程（小型建设工程）施工许可/page.txt	done
zwgk/gsgg	平潭综合实验区政府网站与政务新媒体监测服务项目采购结果公示			平潭综合实验区管委会办公室	https://www.pingtan.gov.cn/zwgk/gsgg/202507/t20250717_100307.htm	zwgk/gsgg/202507/100307_平潭综合实验区政府网站与政务新媒体监测服务项目采购结果公示/page.txt	done
zwgk/gsgg	平潭综合实验区党工委管委会网站运维服务项目采购结果公示			平潭综合实验区管委会办公室	https://www.pingtan.gov.cn/zwgk/gsgg/202507/t20250717_100306.htm	zwgk/gsgg/202507/100306_平潭综合实验区党工委管委会网站运维服务项目采购结果公示/page.txt	done
zwgk/gsgg	​南海乡饮用水工程项目建设工程规划许可证批后公布			平潭综合实验区自然资源与生态环境局	https://www.pingtan.gov.cn/zwgk/gsgg/202507/t20250716_100305.htm	zwgk/gsgg/202507/100305_​南海乡饮用水工程项目建设工程规划许可证批后公布/page.txt	done
zwgk/gsgg	平潭综合实验区市场监督管理局关于征集壳丘头遗址博物馆门票、石牌洋景区门票及配套交通运输服务价格制定听证会参加人的公告			平潭综合实验区市场监督管理局	https://www.pingtan.gov.cn/zwgk/gsgg/202507/t20250716_100304.htm	zwgk/gsgg/202507/100304_平潭综合实验区市场监督管理局关于征集壳丘头遗址博物馆门票、石牌洋景区门票及配套交/page.txt	done
zwgk/gsgg	平潭职业中专学校（新建消防水池、水泵房）项目建设工程规划许可证批后公布			平潭综合实验区自然资源与生态环境局	https://www.pingtan.gov.cn/zwgk/gsgg/202507/t20250716_100303.htm	zwgk/gsgg/202507/100303_平潭职业中专学校（新建消防水池、水泵房）项目建设工程规划许可证批后公布/page.txt	done
zwgk/gsgg	平潭综合实验区农业农村局关于2025年第五批农机购置补贴（报废更新）申请情况的公示			平潭综合实验区农业农村局	https://www.pingtan.gov.cn/zwgk/gsgg/202507/t20250716_100301.htm	zwgk/gsgg/202507/100301_平潭综合实验区农业农村局关于2025年第五批农机购置补贴（报废更新）申请情况的公/page.txt	done
zwgk/gsgg	平潭综合实验区对外公开第二轮省生态环境保护督察整改任务进展情况			平潭综合实验区党工委管委会	https://www.pingtan.gov.cn/zwgk/gsgg/202507/t20250716_100294.htm	zwgk/gsgg/202507/100294_平潭综合实验区对外公开第二轮省生态环境保护督察整改任务进展情况/page.txt	done
zwgk/gsgg	平潭综合实验区市场监督管理局行政检查通知书			平潭综合实验区市场监督管理局	https://www.pingtan.gov.cn/zwgk/gsgg/202507/t20250716_100288.htm	zwgk/gsgg/202507/100288_平潭综合实验区市场监督管理局行政检查通知书/page.txt	done
zwgk/gsgg	平潭综合实验区行政审批局关于注销福建东岳美实业有限公司国内水路运输经营许可的批复			平潭综合实验区行政审批局	https://www.pingtan.gov.cn/zwgk/gsgg/202507/t20250716_100287.htm	zwgk/gsgg/202507/100287_平潭综合实验区行政审批局关于注销福建东岳美实业有限公司国内水路运输经营许可的批复/page.txt	done
zwgk/gsgg	平潭综合实验区财政金融局关于开展财政检查的公告			平潭综合实验区财政金融局	https://www.pingtan.gov.cn/zwgk/gsgg/202507/t20250715_100274.htm	zwgk/gsgg/202507/100274_平潭综合实验区财政金融局关于开展财政检查的公告/page.txt	done
zwgk/gsgg	关于全国宣传系统先进集体推荐名单的公示			平潭综合实验区党工委宣传与影视发展部	https://www.pingtan.gov.cn/zwgk/gsgg/202507/t20250714_100266.htm	zwgk/gsgg/202507/100266_关于全国宣传系统先进集体推荐名单的公示/page.txt	done
zwgk/gsgg	平潭综合实验区关于平潭流水镇中心小学足球场改扩建（小型建设工程）施工许可阶段审批前公示			平潭综合实验区行政审批局	https://www.pingtan.gov.cn/zwgk/gsgg/202507/t20250714_100259.htm	zwgk/gsgg/202507/100259_平潭综合实验区关于平潭流水镇中心小学足球场改扩建（小型建设工程）施工许可阶段审批/page.txt	done
zwgk/gsgg	​平潭综合实验区自然资源与生态环境局关于《平潭综合实验区矿产资源规划（2026-2030年）》编制费用咨询的公告			平潭综合实验区自然资源与生态环境局	https://www.pingtan.gov.cn/zwgk/gsgg/202507/t20250714_100258.htm	zwgk/gsgg/202507/100258_​平潭综合实验区自然资源与生态环境局关于《平潭综合实验区矿产资源规划（2026-/page.txt	done
zwgk/gsgg	平潭综合实验区自然资源与生态环境局2025年涉企行政检查事项清单			平潭综合实验区自然资源与生态环境局	https://www.pingtan.gov.cn/zwgk/gsgg/202507/t20250714_100252.htm	zwgk/gsgg/202507/100252_平潭综合实验区自然资源与生态环境局2025年涉企行政检查事项清单/page.txt	done
zwgk/gsgg	平潭综合实验区自然资源与生态环境局自行采购项目采购公告			平潭综合实验区自然资源与生态环境局	https://www.pingtan.gov.cn/zwgk/gsgg/202507/t20250714_100251.htm	zwgk/gsgg/202507/100251_平潭综合实验区自然资源与生态环境局自行采购项目采购公告/page.txt	done
zwgk/gsgg	2025年07月16日平潭电网检修信息			国网平潭供电公司	https://www.pingtan.gov.cn/zwgk/gsgg/202507/t20250712_100234.htm	zwgk/gsgg/202507/100234_2025年07月16日平潭电网检修信息/page.txt	done
zwgk/gsgg	平潭综合实验区君山片区管理局关于大坪村2025年乡村振兴补助资金（整村推进资金）项目的公告			平潭综合实验区君山片区管理局	https://www.pingtan.gov.cn/zwgk/gsgg/202507/t20250711_100227.htm	zwgk/gsgg/202507/100227_平潭综合实验区君山片区管理局关于大坪村2025年乡村振兴补助资金（整村推进资金）/page.txt	done
zwgk/gsgg	平潭综合实验区关于平潭水下考古基地项目立项用地许可阶段审批前公示			平潭综合实验区行政审批局	https://www.pingtan.gov.cn/zwgk/gsgg/202507/t20250711_100224.htm	zwgk/gsgg/202507/100224_平潭综合实验区关于平潭水下考古基地项目立项用地许可阶段审批前公示/page.txt	done
zwgk/gsgg	君山镇北港村景观游步道项目（二期）			平潭综合实验区君山片区管理局	https://www.pingtan.gov.cn/zwgk/gsgg/202507/t20250711_100215.htm	zwgk/gsgg/202507/100215_君山镇北港村景观游步道项目（二期）/page.txt	done
zwgk/gsgg	平潭县君山镇人民政府关于取消一艘乡镇船舶管理识别号的通告			平潭综合实验区君山片区管理局	https://www.pingtan.gov.cn/zwgk/gsgg/202507/t20250711_100214.htm	zwgk/gsgg/202507/100214_平潭县君山镇人民政府关于取消一艘乡镇船舶管理识别号的通告/page.txt	done
zwgk/gsgg	平潭综合实验区行政审批局关于办公用品采购结果的公示			区行政服务中心	https://www.pingtan.gov.cn/zwgk/gsgg/202507/t20250711_100213.htm	zwgk/gsgg/202507/100213_平潭综合实验区行政审批局关于办公用品采购结果的公示/page.txt	done
zwgk/gsgg	平潭综合实验区行政审批局关于办公耗材采购结果的公示			区行政服务中心	https://www.pingtan.gov.cn/zwgk/gsgg/202507/t20250711_100212.htm	zwgk/gsgg/202507/100212_平潭综合实验区行政审批局关于办公耗材采购结果的公示/page.txt	done
zwgk/gsgg	平潭综合实验区管委会台湾工作部关于2025岚台夜话活动购买服务开标结果公示			平潭综合实验区管理委员会台湾工作部	https://www.pingtan.gov.cn/zwgk/gsgg/202507/t20250711_100200.htm	zwgk/gsgg/202507/100200_平潭综合实验区管委会台湾工作部关于2025岚台夜话活动购买服务开标结果公示/page.txt	done
zwgk/gsgg	平潭综合实验区农业农村局关于开展水产苗种增殖放流情况的公示			平潭综合实验区农业农村局	https://www.pingtan.gov.cn/zwgk/gsgg/202507/t20250710_100196.htm	zwgk/gsgg/202507/100196_平潭综合实验区农业农村局关于开展水产苗种增殖放流情况的公示/page.txt	done
zwgk/gsgg	平潭综合实验区贯彻落实福建省统计督察反馈意见整改情况			平潭综合实验区经济发展局	https://www.pingtan.gov.cn/zwgk/gsgg/202507/t20250710_100192.htm	zwgk/gsgg/202507/100192_平潭综合实验区贯彻落实福建省统计督察反馈意见整改情况/page.txt	done
zwgk/gsgg	平潭医疗废物集中处置设施项目联合竣工验收情况公示			平潭综合实验区行政审批局	https://www.pingtan.gov.cn/zwgk/gsgg/202507/t20250710_100189.htm	zwgk/gsgg/202507/100189_平潭医疗废物集中处置设施项目联合竣工验收情况公示/page.txt	done
zwgk/gsgg	白沙日出咖啡休闲场地招商运营公告			平潭综合实验区苏平片区管理局	https://www.pingtan.gov.cn/zwgk/gsgg/202507/t20250709_100177.htm	zwgk/gsgg/202507/100177_白沙日出咖啡休闲场地招商运营公告/page.txt	done
zwgk/gsgg	建设用地规划许可证			平潭综合实验区自然资源与生态环境局	https://www.pingtan.gov.cn/zwgk/gsgg/202507/t20250709_100168.htm	zwgk/gsgg/202507/100168_建设用地规划许可证/page.txt	done
zwgk/gsgg	关于2025年国家级公益林森林生态效益补偿补助资金分配情况的公示			平潭综合实验区自然资源与生态环境局	https://www.pingtan.gov.cn/zwgk/gsgg/202507/t20250709_100166.htm	zwgk/gsgg/202507/100166_关于2025年国家级公益林森林生态效益补偿补助资金分配情况的公示/page.txt	done
zwgk/gsgg	平潭综合实验区自然资源服务中心2025年1-6月三公经费统计表			平潭综合实验区自然资源服务中心	https://www.pingtan.gov.cn/zwgk/gsgg/202507/t20250709_100165.htm	zwgk/gsgg/202507/100165_平潭综合实验区自然资源服务中心2025年1-6月三公经费统计表/page.txt	done
zwgk/gsgg	平潭综合实验区自然资源与生态环境局关于在岚测绘单位备案有关事项的通知			平潭综合实验区自然资源与生态环境局	https://www.pingtan.gov.cn/zwgk/gsgg/202507/t20250708_100159.htm	zwgk/gsgg/202507/100159_平潭综合实验区自然资源与生态环境局关于在岚测绘单位备案有关事项的通知/page.txt	done
zwgk/gsgg	平潭综合实验区自然资源与生态环境局  关于再次咨询《平潭综合实验区“十五五”生态环境保护规划》编制项目服务价格公告			平潭综合实验区自然资源与生态环境局	https://www.pingtan.gov.cn/zwgk/gsgg/202507/t20250707_100124.htm	zwgk/gsgg/202507/100124_平潭综合实验区自然资源与生态环境局 关于再次咨询《平潭综合实验区“十五五”生态/page.txt	done
zwgk/gsgg	平潭综合实验区自然资源与生态环境局  关于再次咨询《平潭综合实验区“十五五”生态环境保护规划》编制项目服务价格公告			平潭综合实验区自然资源与生态环境局	https://www.pingtan.gov.cn/zwgk/gsgg/202507/t20250707_100118.htm	zwgk/gsgg/202507/100118_平潭综合实验区自然资源与生态环境局 关于再次咨询《平潭综合实验区“十五五”生态/page.txt	done
zwgk/gsgg	2025年1-6月平潭综合实验区自然资源与生态环境局三公经费统计表			平潭综合实验区自然资源与生态环境局	https://www.pingtan.gov.cn/zwgk/gsgg/202507/t20250707_100111.htm	zwgk/gsgg/202507/100111_2025年1-6月平潭综合实验区自然资源与生态环境局三公经费统计表/page.txt	done
zwgk/gsgg	平潭综合实验区自然资源与生态环境局2025年第二季度规划实施过程中的  “双随机”检查结果公示			平潭综合实验区自然资源与生态环境局	https://www.pingtan.gov.cn/zwgk/gsgg/202507/t20250704_100101.htm	zwgk/gsgg/202507/100101_平潭综合实验区自然资源与生态环境局2025年第二季度规划实施过程中的 “双随机/page.txt	done
zwgk/gsgg	平潭综合实验区关于东庠乡饮用水工程施工许可阶段审批前公示			平潭综合实验区行政审批局	https://www.pingtan.gov.cn/zwgk/gsgg/202507/t20250704_100096.htm	zwgk/gsgg/202507/100096_平潭综合实验区关于东庠乡饮用水工程施工许可阶段审批前公示/page.txt	done
zwgk/gsgg	平潭综合实验区农业农村局关于认领疑似“三无”船舶的公告			平潭综合实验区农业农村局	https://www.pingtan.gov.cn/zwgk/gsgg/202507/t20250704_100087.htm	zwgk/gsgg/202507/100087_平潭综合实验区农业农村局关于认领疑似“三无”船舶的公告/page.txt	done
zwgk/gsgg	平潭综合实验区农业农村局关于2025年基层农技推广体系改革与建设项目农业科技示范主体遴选结果的公示			平潭综合实验区农业农村局	https://www.pingtan.gov.cn/zwgk/gsgg/202507/t20250704_100068.htm	zwgk/gsgg/202507/100068_平潭综合实验区农业农村局关于2025年基层农技推广体系改革与建设项目农业科技示范/page.txt	done
zwgk/gsgg	平潭综合实验区管委会台湾工作部关于2025岚台夜话活动购买服务招标公告			平潭综合实验区管理委员会台湾工作部	https://www.pingtan.gov.cn/zwgk/gsgg/202507/t20250704_100061.htm	zwgk/gsgg/202507/100061_平潭综合实验区管委会台湾工作部关于2025岚台夜话活动购买服务招标公告/page.txt	done
zwgk/gsgg	闽中游击队第五分队暨金井片区红色文化基地项目乡村建设规划许可证批后公布			平潭综合实验区金井片区管理局	https://www.pingtan.gov.cn/zwgk/gsgg/202507/t20250703_100055.htm	zwgk/gsgg/202507/100055_闽中游击队第五分队暨金井片区红色文化基地项目乡村建设规划许可证批后公布/page.txt	done
zwgk/gsgg	平潭综合实验区党工委管委会网站运维服务项目询价公告			平潭综合实验区管委会办公室	https://www.pingtan.gov.cn/zwgk/gsgg/202507/t20250703_100047.htm	zwgk/gsgg/202507/100047_平潭综合实验区党工委管委会网站运维服务项目询价公告/page.txt	done
zwgk/gsgg	平潭综合实验区河长制办公室关于公布平潭综合实验区区级河长名单的公告			平潭综合实验区农业农村局	https://www.pingtan.gov.cn/zwgk/gsgg/202507/t20250703_100046.htm	zwgk/gsgg/202507/100046_平潭综合实验区河长制办公室关于公布平潭综合实验区区级河长名单的公告/page.txt	done
zwgk/gsgg	2025年6月及1-6月平潭环境空气质量			平潭综合实验区自然资源与生态环境局	https://www.pingtan.gov.cn/zwgk/gsgg/202507/t20250703_100042.htm	zwgk/gsgg/202507/100042_2025年6月及1-6月平潭环境空气质量/page.txt	done
zwgk/gsgg	行政强制案件公示			平潭综合实验区自然资源与生态环境局	https://www.pingtan.gov.cn/zwgk/gsgg/202507/t20250703_100028.htm	zwgk/gsgg/202507/100028_行政强制案件公示/page.txt	done
zwgk/gsgg	2025年第二季度“双随机一公开”检查情况公示			平潭综合实验区自然资源与生态环境局	https://www.pingtan.gov.cn/zwgk/gsgg/202507/t20250703_100026.htm	zwgk/gsgg/202507/100026_2025年第二季度“双随机一公开”检查情况公示/page.txt	done
zwgk/gsgg	平潭综合实验区政府网站与政务新媒体监测服务项目询价公告			平潭综合实验区管委会办公室	https://www.pingtan.gov.cn/zwgk/gsgg/202507/t20250703_100025.htm	zwgk/gsgg/202507/100025_平潭综合实验区政府网站与政务新媒体监测服务项目询价公告/page.txt	done
zwgk/gsgg	平潭综合实验区财政金融局2025年涉企行政检查事项清单			平潭综合实验区财政金融局	https://www.pingtan.gov.cn/zwgk/gsgg/202507/t20250703_100011.htm	zwgk/gsgg/202507/100011_平潭综合实验区财政金融局2025年涉企行政检查事项清单/page.txt	done
zwgk/gsgg	平潭综合实验区海坛片区管理局关于河长名单的公示			海坛片区	https://www.pingtan.gov.cn/zwgk/gsgg/202507/t20250702_100010.htm	zwgk/gsgg/202507/100010_平潭综合实验区海坛片区管理局关于河长名单的公示/page.txt	done
zwgk/gsgg	平潭综合实验区关于平潭东美渔港码头旅游（水上业态）提升项目临时用海审批前公示			平潭综合实验区行政审批局	https://www.pingtan.gov.cn/zwgk/gsgg/202507/t20250702_100008.htm	zwgk/gsgg/202507/100008_平潭综合实验区关于平潭东美渔港码头旅游（水上业态）提升项目临时用海审批前公示/page.txt	done
zwgk/gsgg	平潭综合实验区自然资源服务中心关于拟出让地块林木采伐服务费市场调研的公告			平潭综合实验区自然资源服务中心	https://www.pingtan.gov.cn/zwgk/gsgg/202507/t20250702_100007.htm	zwgk/gsgg/202507/100007_平潭综合实验区自然资源服务中心关于拟出让地块林木采伐服务费市场调研的公告/page.txt	done
zwgk/gsgg	平潭综合实验区行政审批局关于办公用品采购的询价公告			区行政服务中心	https://www.pingtan.gov.cn/zwgk/gsgg/202507/t20250702_100005.htm	zwgk/gsgg/202507/100005_平潭综合实验区行政审批局关于办公用品采购的询价公告/page.txt	done
zwgk/gsgg	​平潭综合实验区自然资源与生态环境局关于平潭综合实验区地质灾害隐患点和风险区更新调查工作咨询公告			平潭综合实验区自然资源与生态环境局	https://www.pingtan.gov.cn/zwgk/gsgg/202507/t20250702_99993.htm	zwgk/gsgg/202507/99993_​平潭综合实验区自然资源与生态环境局关于平潭综合实验区地质灾害隐患点和风险区更新/page.txt	done
zwgk/gsgg	平潭综合实验区苏平片区管理局关于河长名单的公示			平潭综合实验区苏平片区管理局	https://www.pingtan.gov.cn/zwgk/gsgg/202507/t20250701_99982.htm	zwgk/gsgg/202507/99982_平潭综合实验区苏平片区管理局关于河长名单的公示/page.txt	done
zwgk/gsgg	2025年07月3日平潭电网检修信息			国网平潭供电公司	https://www.pingtan.gov.cn/zwgk/gsgg/202507/t20250701_99970.htm	zwgk/gsgg/202507/99970_2025年07月3日平潭电网检修信息/page.txt	done
zwgk/gsgg	关于南海乡饮用水工程项目总平面图批前公示			平潭综合实验区自然资源与生态环境局	https://www.pingtan.gov.cn/zwgk/gsgg/202506/t20250630_99966.htm	zwgk/gsgg/202506/99966_关于南海乡饮用水工程项目总平面图批前公示/page.txt	done
zwgk/gsgg	平潭综合实验区君山片区管理局关于2024年度中央专项彩票公益金支持项目预算执行及绩效目标情况的公告			平潭综合实验区君山片区管理局	https://www.pingtan.gov.cn/zwgk/gsgg/202506/t20250630_99964.htm	zwgk/gsgg/202506/99964_平潭综合实验区君山片区管理局关于2024年度中央专项彩票公益金支持项目预算执行及/page.txt	done
zwgk/gsgg	平潭综合实验区市场监督管理局转发关于举办2025年度企业首席质量官公益培训的通知			平潭综合实验区市场监督管理局	https://www.pingtan.gov.cn/zwgk/gsgg/202506/t20250630_99957.htm	zwgk/gsgg/202506/99957_平潭综合实验区市场监督管理局转发关于举办2025年度企业首席质量官公益培训的通知/page.txt	done
zwgk/gsgg	平潭综合实验区市场监督管理局行政处罚文书送达公告			平潭综合实验区市场监督管理局	https://www.pingtan.gov.cn/zwgk/gsgg/202506/t20250630_99955.htm	zwgk/gsgg/202506/99955_平潭综合实验区市场监督管理局行政处罚文书送达公告/page.txt	done
zwgk/gsgg	建设用地规划许可证			平潭综合实验区自然资源与生态环境局	https://www.pingtan.gov.cn/zwgk/gsgg/202506/t20250630_99953.htm	zwgk/gsgg/202506/99953_建设用地规划许可证/page.txt	done
zwgk/gsgg	​平潭综合实验区金井片区管理局河长制办公室关于河湖长名单的公示			平潭综合实验区金井片区管理局	https://www.pingtan.gov.cn/zwgk/gsgg/202506/t20250630_99949.htm	zwgk/gsgg/202506/99949_​平潭综合实验区金井片区管理局河长制办公室关于河湖长名单的公示/page.txt	done
zwgk/gsgg	平潭综合实验区行政审批局2025年涉企行政检查事项清单			平潭综合实验区行政审批局	https://www.pingtan.gov.cn/zwgk/gsgg/202506/t20250630_99948.htm	zwgk/gsgg/202506/99948_平潭综合实验区行政审批局2025年涉企行政检查事项清单/page.txt	done
zwgk/gsgg	平潭综合实验区关于蓝眼泪体验中心（小型建设工程）施工许可阶段审批前公示			平潭综合实验区行政审批局	https://www.pingtan.gov.cn/zwgk/gsgg/202506/t20250630_99938.htm	zwgk/gsgg/202506/99938_平潭综合实验区关于蓝眼泪体验中心（小型建设工程）施工许可阶段审批前公示/page.txt	done
zwgk/gsgg	平潭综合实验区君山片区管理局关于大坪村2025年乡村振兴补助资金（整村推进资金）项目的公示			平潭综合实验区君山片区管理局	https://www.pingtan.gov.cn/zwgk/gsgg/202506/t20250627_99918.htm	zwgk/gsgg/202506/99918_平潭综合实验区君山片区管理局关于大坪村2025年乡村振兴补助资金（整村推进资金）/page.txt	done
zwgk/gsgg	平潭综合实验区君山片区管理局关于河长名单的公示			平潭综合实验区君山片区管理局	https://www.pingtan.gov.cn/zwgk/gsgg/202506/t20250627_99916.htm	zwgk/gsgg/202506/99916_平潭综合实验区君山片区管理局关于河长名单的公示/page.txt	done
zwgk/gsgg	平潭综合实验区关于东庠葫芦澳避风锚地项目立项用地许可阶段审批前公示			平潭综合实验区行政审批局	https://www.pingtan.gov.cn/zwgk/gsgg/202506/t20250627_99908.htm	zwgk/gsgg/202506/99908_平潭综合实验区关于东庠葫芦澳避风锚地项目立项用地许可阶段审批前公示/page.txt	done
zwgk/gsgg	行政强制案件公示			平潭综合实验区自然资源与生态环境局	https://www.pingtan.gov.cn/zwgk/gsgg/202506/t20250626_99890.htm	zwgk/gsgg/202506/99890_行政强制案件公示/page.txt	done
zwgk/gsgg	平潭综合实验区综合执法与应急管理局涉企行政检查事项清单			平潭综合实验区综合执法与应急管理局	https://www.pingtan.gov.cn/zwgk/gsgg/202506/t20250626_99889.htm	zwgk/gsgg/202506/99889_平潭综合实验区综合执法与应急管理局涉企行政检查事项清单/page.txt	done
zwgk/gsgg	平潭综合实验区关于建新村农场+融合产业园项目（小型建设工程）施工许可阶段审批前公示			平潭综合实验区行政审批局	https://www.pingtan.gov.cn/zwgk/gsgg/202506/t20250626_99886.htm	zwgk/gsgg/202506/99886_平潭综合实验区关于建新村农场+融合产业园项目（小型建设工程）施工许可阶段审批前公/page.txt	done
zwgk/gsgg	平潭综合实验区关于红旗村道路整治项目工程（小型建设工程）施工许可阶段审批前公示			平潭综合实验区行政审批局	https://www.pingtan.gov.cn/zwgk/gsgg/202506/t20250626_99885.htm	zwgk/gsgg/202506/99885_平潭综合实验区关于红旗村道路整治项目工程（小型建设工程）施工许可阶段审批前公示/page.txt	done
zwgk/gsgg	平潭综合实验区行政审批局关于办公耗材采购的询价公告			区行政审批局	https://www.pingtan.gov.cn/zwgk/gsgg/202506/t20250626_99880.htm	zwgk/gsgg/202506/99880_平潭综合实验区行政审批局关于办公耗材采购的询价公告/page.txt	done
zwgk/gsgg	2024年度全区基层法律服务所和基层法律服务工作者考核结果公告			区党工委政法和社会工作部	https://www.pingtan.gov.cn/zwgk/gsgg/202506/t20250626_99876.htm	zwgk/gsgg/202506/99876_2024年度全区基层法律服务所和基层法律服务工作者考核结果公告/page.txt	done
zwgk/gsgg	2025年高校毕业生服务社区计划补充公示			区党工委政法和社会工作部	https://www.pingtan.gov.cn/zwgk/gsgg/202506/t20250626_99866.htm	zwgk/gsgg/202506/99866_2025年高校毕业生服务社区计划补充公示/page.txt	done
zwgk/gsgg	平潭综合实验区社会事业局关于下达2025年中央衔接推进老区乡村振兴补助资金的函			平潭综合实验区社会事业局	https://www.pingtan.gov.cn/zwgk/gsgg/202506/t20250625_99863.htm	zwgk/gsgg/202506/99863_平潭综合实验区社会事业局关于下达2025年中央衔接推进老区乡村振兴补助资金的函/page.txt	done
zwgk/gsgg	平潭综合实验区关于金井片区游步道项目立项用地许可阶段审批前公示			平潭综合实验区行政审批局	https://www.pingtan.gov.cn/zwgk/gsgg/202506/t20250625_99859.htm	zwgk/gsgg/202506/99859_平潭综合实验区关于金井片区游步道项目立项用地许可阶段审批前公示/page.txt	done
zwgk/gsgg	平潭综合实验区苏平片区管理局关于办公设备耗材及配件采购项目询价结果公示			平潭综合实验区苏平片区管理局	https://www.pingtan.gov.cn/zwgk/gsgg/202506/t20250625_99858.htm	zwgk/gsgg/202506/99858_平潭综合实验区苏平片区管理局关于办公设备耗材及配件采购项目询价结果公示/page.txt	done
zwgk/gsgg	平潭综合实验区自然资源服务中心关于征询君山片区海洋生态保护修复区域后期管护服务费的公告			平潭综合实验区自然资源服务中心	https://www.pingtan.gov.cn/zwgk/gsgg/202506/t20250625_99835.htm	zwgk/gsgg/202506/99835_平潭综合实验区自然资源服务中心关于征询君山片区海洋生态保护修复区域后期管护服务费/page.txt	done
zwgk/gsgg	平潭黄土墩酒店项目建设工程规划  许可证批后公布			平潭综合实验区自然资源与生态环境局	https://www.pingtan.gov.cn/zwgk/gsgg/202506/t20250624_99826.htm	zwgk/gsgg/202506/99826_平潭黄土墩酒店项目建设工程规划 许可证批后公布/page.txt	done
zwgk/gsgg	平潭综合实验区农业农村局关于2025年第四批农机购置补贴申请情况的公示			平潭综合实验区农业农村局	https://www.pingtan.gov.cn/zwgk/gsgg/202506/t20250624_99825.htm	zwgk/gsgg/202506/99825_平潭综合实验区农业农村局关于2025年第四批农机购置补贴申请情况的公示/page.txt	done
zwgk/gsgg	平潭综合实验区自然资源与生态环境局关于2025年第三次公开出让国有建设用地使用权的补充公告			平潭综合实验区自然资源与生态环境局	https://www.pingtan.gov.cn/zwgk/gsgg/202506/t20250624_99824.htm	zwgk/gsgg/202506/99824_平潭综合实验区自然资源与生态环境局关于2025年第三次公开出让国有建设用地使用权/page.txt	done
zwgk/gsgg	用地预审与选址意见书建设地点变更公示			平潭综合实验区自然资源与生态环境局	https://www.pingtan.gov.cn/zwgk/gsgg/202506/t20250624_99822.htm	zwgk/gsgg/202506/99822_用地预审与选址意见书建设地点变更公示/page.txt	done
zwgk/gsgg	平潭综合实验区关于大坪村党群服务中心（村史馆）建设项目（小型建设工程）施工许可阶段审批前公示			平潭综合实验区行政审批局	https://www.pingtan.gov.cn/zwgk/gsgg/202506/t20250624_99821.htm	zwgk/gsgg/202506/99821_平潭综合实验区关于大坪村党群服务中心（村史馆）建设项目（小型建设工程）施工许可阶/page.txt	done
zwgk/gsgg	平潭综合实验区综合执法与应急管理局整治突出问题规范执法专项行动通告			平潭综合实验区综合执法与应急管理局	https://www.pingtan.gov.cn/zwgk/gsgg/202506/t20250624_99819.htm	zwgk/gsgg/202506/99819_平潭综合实验区综合执法与应急管理局整治突出问题规范执法专项行动通告/page.txt	done
zwgk/gsgg	2025年高校毕业生服务社区计划拟录用人员及派遣社区名单公示			区党工委政法和社会工作部	https://www.pingtan.gov.cn/zwgk/gsgg/202506/t20250624_99818.htm	zwgk/gsgg/202506/99818_2025年高校毕业生服务社区计划拟录用人员及派遣社区名单公示/page.txt	done
zwgk/gsgg	建设用地规划许可证			平潭综合实验区自然资源与生态环境局	https://www.pingtan.gov.cn/zwgk/gsgg/202506/t20250624_99809.htm	zwgk/gsgg/202506/99809_建设用地规划许可证/page.txt	done
zwgk/gsgg	用地预审与选址意见书公示			平潭综合实验区自然资源与生态环境局	https://www.pingtan.gov.cn/zwgk/gsgg/202506/t20250624_99808.htm	zwgk/gsgg/202506/99808_用地预审与选址意见书公示/page.txt	done
zwgk/gsgg	平潭综合实验区财政金融局 关于2023年中央专项彩票公益金支持地方社会公益事业项目资金使用情况的公告			区财政金融局	https://www.pingtan.gov.cn/zwgk/gsgg/202506/t20250624_99805.htm	zwgk/gsgg/202506/99805_平潭综合实验区财政金融局 关于2023年中央专项彩票公益金支持地方社会公益事业项/page.txt	done
zwgk/gsgg	平潭综合实验区自然资源与生态环境局关于公开征询平潭蓝海数智管护 （一期）服务费用的公告			平潭综合实验区自然资源与生态环境局	https://www.pingtan.gov.cn/zwgk/gsgg/202506/t20250624_99804.htm	zwgk/gsgg/202506/99804_平潭综合实验区自然资源与生态环境局关于公开征询平潭蓝海数智管护 （一期）服务费用/page.txt	done
zwgk/gsgg	平潭县君山镇大中村道路中标通知书			平潭综合实验区君山片区管理局	https://www.pingtan.gov.cn/zwgk/gsgg/202506/t20250623_99787.htm	zwgk/gsgg/202506/99787_平潭县君山镇大中村道路中标通知书/page.txt	done
zwgk/gsgg	平潭综合实验区君山片区管理局 关于资产清查工作服务外包的询价结果公示			平潭综合实验区君山片区管理局	https://www.pingtan.gov.cn/zwgk/gsgg/202506/t20250623_99784.htm	zwgk/gsgg/202506/99784_平潭综合实验区君山片区管理局 关于资产清查工作服务外包的询价结果公示/page.txt	done
zwgk/gsgg	平潭综合实验区苏平片区管理局关于开展2025年村干部任期经济责任审计业务委托的中标公告			平潭综合实验区苏平片区管理局	https://www.pingtan.gov.cn/zwgk/gsgg/202506/t20250623_99754.htm	zwgk/gsgg/202506/99754_平潭综合实验区苏平片区管理局关于开展2025年村干部任期经济责任审计业务委托的中/page.txt	done
zwgk/gsgg	平潭综合实验区自然资源服务中心关于三十六脚湖无人机监测提升改造项目市场调研公告			平潭综合实验区自然资源服务中心	https://www.pingtan.gov.cn/zwgk/gsgg/202506/t20250620_99745.htm	zwgk/gsgg/202506/99745_平潭综合实验区自然资源服务中心关于三十六脚湖无人机监测提升改造项目市场调研公告/page.txt	done
zwgk/gsgg	新兴产业园区标准化厂房（三期）项目总平批前公示.			平潭综合实验区自然资源与生态环境局	https://www.pingtan.gov.cn/zwgk/gsgg/202506/t20250620_99743.htm	zwgk/gsgg/202506/99743_新兴产业园区标准化厂房（三期）项目总平批前公示/page.txt	done
zwgk/gsgg	​关于高铁消防站暨战勤保障大队项目竣工规划条件核实结果公布			平潭综合实验区自然资源与生态环境局	https://www.pingtan.gov.cn/zwgk/gsgg/202506/t20250620_99742.htm	zwgk/gsgg/202506/99742_​关于高铁消防站暨战勤保障大队项目竣工规划条件核实结果公布/page.txt	done
zwgk/gsgg	平潭综合实验区自然资源与生态环境局关于开展平潭综合实验区湿地保护规划市场调研的公告			平潭综合实验区自然资源与生态环境局	https://www.pingtan.gov.cn/zwgk/gsgg/202506/t20250620_99741.htm	zwgk/gsgg/202506/99741_平潭综合实验区自然资源与生态环境局关于开展平潭综合实验区湿地保护规划市场调研的公/page.txt	done
zwgk/gsgg	平潭综合实验区自然资源与生态环境局关于开展平潭综合实验区“十五五”林业 专项规划市场调研的公告			平潭综合实验区自然资源与生态环境局	https://www.pingtan.gov.cn/zwgk/gsgg/202506/t20250620_99740.htm	zwgk/gsgg/202506/99740_平潭综合实验区自然资源与生态环境局关于开展平潭综合实验区“十五五”林业 专项规划/page.txt	done
zwgk/gsgg	平潭综合实验区自然资源与生态环境局关于开展平潭综合实验区森林防火规划市场调研的公告			平潭综合实验区自然资源与生态环境局	https://www.pingtan.gov.cn/zwgk/gsgg/202506/t20250620_99739.htm	zwgk/gsgg/202506/99739_平潭综合实验区自然资源与生态环境局关于开展平潭综合实验区森林防火规划市场调研的公/page.txt	done
zwgk/gsgg	​平潭综合实验区自然资源与生态环境局关于平潭综合实验区“十五五”期间年森林采伐限额编制工作市场调研的公告			平潭综合实验区自然资源与生态环境局	https://www.pingtan.gov.cn/zwgk/gsgg/202506/t20250620_99738.htm	zwgk/gsgg/202506/99738_​平潭综合实验区自然资源与生态环境局关于平潭综合实验区“十五五”期间年森林采伐限/page.txt	done
zwgk/gsgg	平潭综合实验区自然资源服务中心关于青少年宫地块地上建构筑物拆除作业服务费市场调研的公告			平潭综合实验区自然资源服务中心	https://www.pingtan.gov.cn/zwgk/gsgg/202506/t20250620_99733.htm	zwgk/gsgg/202506/99733_平潭综合实验区自然资源服务中心关于青少年宫地块地上建构筑物拆除作业服务费市场调研/page.txt	done
zwgk/gsgg	平潭综合实验区农业农村局关于2025年基层水产技术推广体系改革 与建设项目的遴选公告			平潭综合实验区农业农村局	https://www.pingtan.gov.cn/zwgk/gsgg/202506/t20250620_99730.htm	zwgk/gsgg/202506/99730_平潭综合实验区农业农村局关于2025年基层水产技术推广体系改革 与建设项目的遴选/page.txt	done
zwgk/gsgg	君山镇模镜村中标通知书			平潭综合实验区君山片区管理局	https://www.pingtan.gov.cn/zwgk/gsgg/202506/t20250619_99695.htm	zwgk/gsgg/202506/99695_君山镇模镜村中标通知书/page.txt	done
zwgk/gsgg	平潭综合实验区行政审批局关于民办学校办学许可证注销（废止）公告			平潭综合实验区行政审批局	https://www.pingtan.gov.cn/zwgk/gsgg/202506/t20250619_99694.htm	zwgk/gsgg/202506/99694_平潭综合实验区行政审批局关于民办学校办学许可证注销（废止）公告/page.txt	done
zwgk/gsgg	平潭综合实验区金井片区管理局关于2024年度中央专项彩票公益金支持项目预算执行及绩效目标情况的公告			平潭综合实验区金井片区管理局	https://www.pingtan.gov.cn/zwgk/gsgg/202506/t20250619_99688.htm	zwgk/gsgg/202506/99688_平潭综合实验区金井片区管理局关于2024年度中央专项彩票公益金支持项目预算执行及/page.txt	done
zwgk/gsgg	关于公开征集平潭综合实验区生态环境领域违反执法规范行为问题线索的通告			平潭综合实验区自然资源与生态环境局	https://www.pingtan.gov.cn/zwgk/gsgg/202506/t20250619_99681.htm	zwgk/gsgg/202506/99681_关于公开征集平潭综合实验区生态环境领域违反执法规范行为问题线索的通告/page.txt	done
zwgk/gsgg	关于福建同人大友资产评估土地房地产估价有限公司平潭分公司的备案公告			区财政金融局	https://www.pingtan.gov.cn/zwgk/gsgg/202506/t20250619_99663.htm	zwgk/gsgg/202506/99663_关于福建同人大友资产评估土地房地产估价有限公司平潭分公司的备案公告/page.txt	done
zwgk/gsgg	平潭综合实验区财政金融局关于2024年度中央专项彩票公益金支持项目预算执行及目标情况的公告			区财政金融局	https://www.pingtan.gov.cn/zwgk/gsgg/202506/t20250619_99662.htm	zwgk/gsgg/202506/99662_平潭综合实验区财政金融局关于2024年度中央专项彩票公益金支持项目预算执行及目标/page.txt	done
zwgk/gsgg	平潭综合实验区党工委政法和社会工作部公布2025年高校毕业生服务社区计划面试成绩和入围体检名单			区党工委政法和社会工作部	https://www.pingtan.gov.cn/zwgk/gsgg/202506/t20250618_99659.htm	zwgk/gsgg/202506/99659_平潭综合实验区党工委政法和社会工作部公布2025年高校毕业生服务社区计划面试成绩/page.txt	done
zwgk/gsgg	《行政处罚决定履行催告书》送达公告			平潭综合实验区综合执法与应急管理局	https://www.pingtan.gov.cn/zwgk/gsgg/202506/t20250618_99658.htm	zwgk/gsgg/202506/99658_《行政处罚决定履行催告书》送达公告/page.txt	done
zwgk/gsgg	2025年06月26日平潭电网检修信息			国网平潭供电公司	https://www.pingtan.gov.cn/zwgk/gsgg/202506/t20250618_99657.htm	zwgk/gsgg/202506/99657_2025年06月26日平潭电网检修信息/page.txt	done
zwgk/gsgg	平潭综合实验区自然资源与生态环境局  关于咨询土壤污染重点监管单位周边  土壤环境监测控制价的公告			平潭综合实验区自然资源与生态环境局	https://www.pingtan.gov.cn/zwgk/gsgg/202506/t20250618_99652.htm	zwgk/gsgg/202506/99652_平潭综合实验区自然资源与生态环境局 关于咨询土壤污染重点监管单位周边 土壤环/page.txt	done
zwgk/gsgg	平潭综合实验区行政服务中心关于办公耗材供应商报价的公示			区行政服务中心	https://www.pingtan.gov.cn/zwgk/gsgg/202506/t20250618_99651.htm	zwgk/gsgg/202506/99651_平潭综合实验区行政服务中心关于办公耗材供应商报价的公示/page.txt	done
zwgk/gsgg	​平潭北部自来水厂工程（一期）竣工规划条件核实结果公布			平潭综合实验区自然资源与生态环境局	https://www.pingtan.gov.cn/zwgk/gsgg/202506/t20250618_99650.htm	zwgk/gsgg/202506/99650_​平潭北部自来水厂工程（一期）竣工规划条件核实结果公布/page.txt	done
zwgk/gsgg	平潭综合实验区市场监督管理局关于涉企行政执法专项问题征集的公告			平潭综合实验区市场监督管理局	https://www.pingtan.gov.cn/zwgk/gsgg/202506/t20250618_99648.htm	zwgk/gsgg/202506/99648_平潭综合实验区市场监督管理局关于涉企行政执法专项问题征集的公告/page.txt	done
zwgk/gsgg	平潭综合实验区关于旺业路（鹿原北路- 嘉兴路）施工许可阶段审批前公示			平潭综合实验区行政审批局	https://www.pingtan.gov.cn/zwgk/gsgg/202506/t20250618_99647.htm	zwgk/gsgg/202506/99647_平潭综合实验区关于旺业路（鹿原北路- 嘉兴路）施工许可阶段审批前公示/page.txt	done
zwgk/gsgg	平潭综合实验区关于海坛片区2025年地质灾害点治理及排危除险项目（东星村、 城中村）（小型建设工程）施工许可阶段审批前公示			平潭综合实验区行政审批局	https://www.pingtan.gov.cn/zwgk/gsgg/202506/t20250617_99606.htm	zwgk/gsgg/202506/99606_平潭综合实验区关于海坛片区2025年地质灾害点治理及排危除险项目（东星村、 城中/page.txt	done
zwgk/gsgg	2024年度全区基层法律服务所和基层法律服务工作者考核结果公示			区党工委政法和社会工作部	https://www.pingtan.gov.cn/zwgk/gsgg/202506/t20250617_99588.htm	zwgk/gsgg/202506/99588_2024年度全区基层法律服务所和基层法律服务工作者考核结果公示/page.txt	done
zwgk/gsgg	关于2022年至2024年生态公益林补偿补助资金分配情况的公示			平潭综合实验区自然资源与生态环境局	https://www.pingtan.gov.cn/zwgk/gsgg/202506/t20250617_99587.htm	zwgk/gsgg/202506/99587_关于2022年至2024年生态公益林补偿补助资金分配情况的公示/page.txt	done
zwgk/gsgg	平潭综合实验区自然资源与生态环境局关于平潭综合实验区白青丰田三级渔港提升改造工程用海公示			平潭综合实验区自然资源与生态环境局	https://www.pingtan.gov.cn/zwgk/gsgg/202506/t20250617_99586.htm	zwgk/gsgg/202506/99586_平潭综合实验区自然资源与生态环境局关于平潭综合实验区白青丰田三级渔港提升改造工程/page.txt	done
zwgk/gsgg	平潭综合实验区党工委政法和社会工作部公布2025年高校毕业生服务社区计划量化成绩和入围面试名单			区党工委政法和社会工作部	https://www.pingtan.gov.cn/zwgk/gsgg/202506/t20250616_99578.htm	zwgk/gsgg/202506/99578_平潭综合实验区党工委政法和社会工作部公布2025年高校毕业生服务社区计划量化成绩/page.txt	done
zwgk/gsgg	平潭综合实验区行政审批局关于进一步推广应用出租汽车驾驶员从业资格证电子证照的通知			平潭综合实验区行政审批局	https://www.pingtan.gov.cn/zwgk/gsgg/202506/t20250616_99577.htm	zwgk/gsgg/202506/99577_平潭综合实验区行政审批局关于进一步推广应用出租汽车驾驶员从业资格证电子证照的通知/page.txt	done
zwgk/gsgg	璀璨天城社区管理房（第二次）招租公告			平潭综合实验区金井片区管理局	https://www.pingtan.gov.cn/zwgk/gsgg/202506/t20250616_99575.htm	zwgk/gsgg/202506/99575_璀璨天城社区管理房（第二次）招租公告/page.txt	done
zwgk/gsgg	平潭综合实验区苏平片区管理局关于办公用品、日用品采购项目询价结果公示			平潭综合实验区苏平片区管理局	https://www.pingtan.gov.cn/zwgk/gsgg/202506/t20250616_99574.htm	zwgk/gsgg/202506/99574_平潭综合实验区苏平片区管理局关于办公用品、日用品采购项目询价结果公示/page.txt	done
zwgk/gsgg	平潭综合实验区君山片区管理局关于资产清查工作服务外包的第二次询价公告			平潭综合实验区君山片区管理局	https://www.pingtan.gov.cn/zwgk/gsgg/202506/t20250616_99571.htm	zwgk/gsgg/202506/99571_平潭综合实验区君山片区管理局关于资产清查工作服务外包的第二次询价公告/page.txt	done
zwgk/gsgg	平潭综合实验区君山片区管理局关于资产清查工作服务外包流标公示			平潭综合实验区君山片区管理局	https://www.pingtan.gov.cn/zwgk/gsgg/202506/t20250616_99570.htm	zwgk/gsgg/202506/99570_平潭综合实验区君山片区管理局关于资产清查工作服务外包流标公示/page.txt	done
zwgk/gsgg	平潭综合实验区自然资源与生态环境局自行采购项目比价采购评审结果公告			平潭综合实验区自然资源与生态环境局	https://www.pingtan.gov.cn/zwgk/gsgg/202506/t20250616_99569.htm	zwgk/gsgg/202506/99569_平潭综合实验区自然资源与生态环境局自行采购项目比价采购评审结果公告/page.txt	done
zwgk/gsgg	君山镇大中村村道硬化工程项目			平潭综合实验区君山片区管理局	https://www.pingtan.gov.cn/zwgk/gsgg/202506/t20250616_99555.htm	zwgk/gsgg/202506/99555_君山镇大中村村道硬化工程项目/page.txt	done
zwgk/gsgg	平潭综合实验区自然资源服务中心关于2025~2027年度收储地块测绘技术服务费市场调研的公告			平潭综合实验区自然资源服务中心	https://www.pingtan.gov.cn/zwgk/gsgg/202506/t20250613_99531.htm	zwgk/gsgg/202506/99531_平潭综合实验区自然资源服务中心关于2025~2027年度收储地块测绘技术服务费市/page.txt	done
zwgk/gsgg	​杨文等2人自建房历史项目竣工核实结果公布			平潭综合实验区自然资源与生态环境局	https://www.pingtan.gov.cn/zwgk/gsgg/202506/t20250613_99525.htm	zwgk/gsgg/202506/99525_​杨文等2人自建房历史项目竣工核实结果公布/page.txt	done
zwgk/gsgg	平潭综合实验区关于当盛村村容村貌整治项目（小型建设工程）施工许可阶段审批前公示			平潭综合实验区行政审批局	https://www.pingtan.gov.cn/zwgk/gsgg/202506/t20250613_99524.htm	zwgk/gsgg/202506/99524_平潭综合实验区关于当盛村村容村貌整治项目（小型建设工程）施工许可阶段审批前公示/page.txt	done
zwgk/gsgg	平潭综合实验区苏平片区管理局关于开展2025年村干部任期经济责任审计业务委托的公告			平潭综合实验区苏平片区管理局	https://www.pingtan.gov.cn/zwgk/gsgg/202506/t20250613_99523.htm	zwgk/gsgg/202506/99523_平潭综合实验区苏平片区管理局关于开展2025年村干部任期经济责任审计业务委托的公/page.txt	done
zwgk/gsgg	平潭县各乡镇（街道）履行职责事项清单			区党工委党群工作部	https://www.pingtan.gov.cn/zwgk/gsgg/202506/t20250612_99521.htm	zwgk/gsgg/202506/99521_平潭县各乡镇（街道）履行职责事项清单/page.txt	done
zwgk/gsgg	裕藩湾旅游服务中心项目  乡村建设规划许可证批后公布			平潭综合实验区自然资源与生态环境局	https://www.pingtan.gov.cn/zwgk/gsgg/202506/t20250612_99510.htm	zwgk/gsgg/202506/99510_裕藩湾旅游服务中心项目 乡村建设规划许可证批后公布/page.txt	done
zwgk/gsgg	平潭综合实验区自然资源与生态环境局关于平潭跨境电商园保税加工仓库项目总平面图批前公示			平潭综合实验区自然资源与生态环境局	https://www.pingtan.gov.cn/zwgk/gsgg/202506/t20250612_99509.htm	zwgk/gsgg/202506/99509_平潭综合实验区自然资源与生态环境局关于平潭跨境电商园保税加工仓库项目总平面图批前/page.txt	done
zwgk/gsgg	平潭综合实验区自然资源与生态环境局关于公开征询平潭东沙澳水上业态项目旅游策划与概念方案的公告			平潭综合实验区自然资源与生态环境局	https://www.pingtan.gov.cn/zwgk/gsgg/202506/t20250612_99494.htm	zwgk/gsgg/202506/99494_平潭综合实验区自然资源与生态环境局关于公开征询平潭东沙澳水上业态项目旅游策划与概/page.txt	done
zwgk/gsgg	平潭综合实验区潭城组团02-C-001、007地块控规局部调整方案的公示			平潭综合实验区自然资源与生态环境局	https://www.pingtan.gov.cn/zwgk/gsgg/202506/t20250611_99492.htm	zwgk/gsgg/202506/99492_平潭综合实验区潭城组团02-C-001、007地块控规局部调整方案的公示/page.txt	done
zwgk/gsgg	平潭综合实验区关于平潭文体科创产业园配套综合能源站A区项目工程建设许可 阶段审批前公示			平潭综合实验区行政审批局	https://www.pingtan.gov.cn/zwgk/gsgg/202506/t20250611_99491.htm	zwgk/gsgg/202506/99491_平潭综合实验区关于平潭文体科创产业园配套综合能源站A区项目工程建设许可 阶段审批/page.txt	done
zwgk/gsgg	平潭综合实验区关于平潭天宇商业综合楼项目工程建设许可阶段审批前公示			平潭综合实验区行政审批局	https://www.pingtan.gov.cn/zwgk/gsgg/202506/t20250611_99490.htm	zwgk/gsgg/202506/99490_平潭综合实验区关于平潭天宇商业综合楼项目工程建设许可阶段审批前公示/page.txt	done
zwgk/gsgg	平潭综合实验区关于一二线出入岛通道提升改造项目（一期）施工许可阶段审批前公示			平潭综合实验区行政审批局	https://www.pingtan.gov.cn/zwgk/gsgg/202506/t20250611_99483.htm	zwgk/gsgg/202506/99483_平潭综合实验区关于一二线出入岛通道提升改造项目（一期）施工许可阶段审批前公示/page.txt	done
zwgk/gsgg	君山镇模镜村村道改造工程提升项目			平潭综合实验区君山片区管理局	https://www.pingtan.gov.cn/zwgk/gsgg/202506/t20250611_99480.htm	zwgk/gsgg/202506/99480_君山镇模镜村村道改造工程提升项目/page.txt	done
zwgk/gsgg	东庠乡饮用水工程总平面图批前公示			平潭综合实验区自然资源与生态环境局	https://www.pingtan.gov.cn/zwgk/gsgg/202506/t20250611_99479.htm	zwgk/gsgg/202506/99479_东庠乡饮用水工程总平面图批前公示/page.txt	done
zwgk/gsgg	平潭综合实验区自然资源与生态环境局关于万景路南侧第二阶段应急绿化项目市场调研的公告			平潭综合实验区自然资源与生态环境局	https://www.pingtan.gov.cn/zwgk/gsgg/202506/t20250610_99477.htm	zwgk/gsgg/202506/99477_平潭综合实验区自然资源与生态环境局关于万景路南侧第二阶段应急绿化项目市场调研的公/page.txt	done
zwgk/gsgg	平潭综合实验区君山片区管理局关于资产清查工作服务外包的询价公告			平潭综合实验区君山片区管理局	https://www.pingtan.gov.cn/zwgk/gsgg/202506/t20250609_99467.htm	zwgk/gsgg/202506/99467_平潭综合实验区君山片区管理局关于资产清查工作服务外包的询价公告/page.txt	done
zwgk/gsgg	平潭综合实验区自然资源与生态环境局关于公开征询平潭综合实验区4个地块土地征收成片开发方案编制服务费用的公告			平潭综合实验区自然资源与生态环境局	https://www.pingtan.gov.cn/zwgk/gsgg/202506/t20250609_99462.htm	zwgk/gsgg/202506/99462_平潭综合实验区自然资源与生态环境局关于公开征询平潭综合实验区4个地块土地征收成片/page.txt	done
zwgk/gsgg	平潭综合实验区农业农村局关于普通工厂化养殖基地-特种农产品种、养殖基地建设项目验收的公示			平潭综合实验区农业农村局	https://www.pingtan.gov.cn/zwgk/gsgg/202506/t20250609_99460.htm	zwgk/gsgg/202506/99460_平潭综合实验区农业农村局关于普通工厂化养殖基地-特种农产品种、养殖基地建设项目验/page.txt	done
zwgk/gsgg	平潭综合实验区自然资源与生态环境局关于2025年第三次公开出让国有建设用地使用权的公告			平潭综合实验区自然资源与生态环境局	https://www.pingtan.gov.cn/zwgk/gsgg/202506/t20250609_99451.htm	zwgk/gsgg/202506/99451_平潭综合实验区自然资源与生态环境局关于2025年第三次公开出让国有建设用地使用权/page.txt	done
zwgk/gsgg	平岚二路(中山大道-鹿原北路）联合竣工验收情况公示			平潭综合实验区行政审批局	https://www.pingtan.gov.cn/zwgk/gsgg/202506/t20250606_99439.htm	zwgk/gsgg/202506/99439_平岚二路(中山大道-鹿原北路）联合竣工验收情况公示/page.txt	done
zwgk/gsgg	芦洋西路（兴业路-旺业路）联合竣工验收情况公示			平潭综合实验区行政审批局	https://www.pingtan.gov.cn/zwgk/gsgg/202506/t20250606_99438.htm	zwgk/gsgg/202506/99438_芦洋西路（兴业路-旺业路）联合竣工验收情况公示/page.txt	done
zwgk/gsgg	平潭综合实验区苏平片区管理局关于办公设备耗材及配件采购项目询价公告			平潭综合实验区苏平片区管理局	https://www.pingtan.gov.cn/zwgk/gsgg/202506/t20250606_99437.htm	zwgk/gsgg/202506/99437_平潭综合实验区苏平片区管理局关于办公设备耗材及配件采购项目询价公告/page.txt	done
zwgk/gsgg	关于集成电路封装厂（变更）项目竣工规划条件核实结果公布			平潭综合实验区自然资源与生态环境局	https://www.pingtan.gov.cn/zwgk/gsgg/202506/t20250606_99436.htm	zwgk/gsgg/202506/99436_关于集成电路封装厂（变更）项目竣工规划条件核实结果公布/page.txt	done
zwgk/gsgg	平潭黄土墩酒店项目 总平面图批前公示			平潭综合实验区自然资源与生态环境局	https://www.pingtan.gov.cn/zwgk/gsgg/202506/t20250606_99435.htm	zwgk/gsgg/202506/99435_平潭黄土墩酒店项目 总平面图批前公示/page.txt	done
zwgk/gsgg	区管委会机关食堂主副食品采购项目预公告			平潭综合实验区管委会办公室	https://www.pingtan.gov.cn/zwgk/gsgg/202506/t20250606_99430.htm	zwgk/gsgg/202506/99430_区管委会机关食堂主副食品采购项目预公告/page.txt	done
zwgk/gsgg	平潭综合实验区自然资源与生态环境局  自行采购项目比选采购评审结果公告			平潭综合实验区自然资源与生态环境局	https://www.pingtan.gov.cn/zwgk/gsgg/202506/t20250606_99417.htm	zwgk/gsgg/202506/99417_平潭综合实验区自然资源与生态环境局 自行采购项目比选采购评审结果公告/page.txt	done
zwgk/gsgg	白沙日出咖啡休闲场地招租公告			平潭综合实验区苏平片区管理局	https://www.pingtan.gov.cn/zwgk/gsgg/202506/t20250606_99416.htm	zwgk/gsgg/202506/99416_白沙日出咖啡休闲场地招租公告/page.txt	done
zwgk/gsgg	金井气体充装站联合竣工验收情况公示			平潭综合实验区行政审批局	https://www.pingtan.gov.cn/zwgk/gsgg/202506/t20250605_99409.htm	zwgk/gsgg/202506/99409_金井气体充装站联合竣工验收情况公示/page.txt	done
zwgk/gsgg	平潭综合实验区殡葬服务收费政策目录清单			平潭综合实验区市场监督管理局	https://www.pingtan.gov.cn/zwgk/gsgg/202506/t20250604_99391.htm	zwgk/gsgg/202506/99391_平潭综合实验区殡葬服务收费政策目录清单/page.txt	done
zwgk/gsgg	用地预审与选址意见书公示			平潭综合实验区自然资源与生态环境局	https://www.pingtan.gov.cn/zwgk/gsgg/202506/t20250604_99390.htm	zwgk/gsgg/202506/99390_用地预审与选址意见书公示/page.txt	done
zwgk/gsgg	平潭综合实验区关于一二线出入岛通道提升改造项目（一期）立项用地许可阶段审批前公示			平潭综合实验区行政审批局	https://www.pingtan.gov.cn/zwgk/gsgg/202506/t20250604_99389.htm	zwgk/gsgg/202506/99389_平潭综合实验区关于一二线出入岛通道提升改造项目（一期）立项用地许可阶段审批前公示/page.txt	done
zwgk/gsgg	平潭综合实验区中楼组团351001-04-C-16、17地块控规局部调整方案的公示			平潭综合实验区自然资源与生态环境局	https://www.pingtan.gov.cn/zwgk/gsgg/202506/t20250603_99371.htm	zwgk/gsgg/202506/99371_平潭综合实验区中楼组团351001-04-C-16、17地块控规局部调整方案的公/page.txt	done
zwgk/gsgg	平潭综合实验区苏平片区管理局关于办公用品、日用品采购项目询价公告			桌面	https://www.pingtan.gov.cn/zwgk/gsgg/202506/t20250603_99370.htm	zwgk/gsgg/202506/99370_平潭综合实验区苏平片区管理局关于办公用品、日用品采购项目询价公告/page.txt	done
zwgk/gsgg	平潭综合实验区2025年度住宅用地供应计划			平潭综合实验区自然资源与生态环境局	https://www.pingtan.gov.cn/zwgk/gsgg/202506/t20250603_99369.htm	zwgk/gsgg/202506/99369_平潭综合实验区2025年度住宅用地供应计划/page.txt	done
zwgk/gsgg	平潭综合实验区2025年度国有建设用地供应计划			平潭综合实验区自然资源与生态环境局	https://www.pingtan.gov.cn/zwgk/gsgg/202506/t20250603_99368.htm	zwgk/gsgg/202506/99368_平潭综合实验区2025年度国有建设用地供应计划/page.txt	done
zwgk/gsgg	2024年平潭综合实验区红十字会审计报告			红十字会	https://www.pingtan.gov.cn/zwgk/gsgg/202506/t20250603_99365.htm	zwgk/gsgg/202506/99365_2024年平潭综合实验区红十字会审计报告/page.txt	done
zwgk/gsgg	福建省平潭综合实验区管理委员会办公室关于征集区管委会机关食堂主副食品采购需求方案论证结果公示			平潭综合实验区管委会办公室	https://www.pingtan.gov.cn/zwgk/gsgg/202506/t20250603_99341.htm	zwgk/gsgg/202506/99341_福建省平潭综合实验区管理委员会办公室关于征集区管委会机关食堂主副食品采购需求方案/page.txt	done
zwgk/gsgg	2023年平潭综合实验区红十字会审计报告			红十字会	https://www.pingtan.gov.cn/zwgk/gsgg/202506/t20250602_99339.htm	zwgk/gsgg/202506/99339_2023年平潭综合实验区红十字会审计报告/page.txt	done
zwgk/gsgg	平潭综合实验区自然资源服务中心关于出让地块林木采伐服务市场调研的公告			平潭综合实验区自然资源服务中心	https://www.pingtan.gov.cn/zwgk/gsgg/202505/t20250530_99325.htm	zwgk/gsgg/202505/99325_平潭综合实验区自然资源服务中心关于出让地块林木采伐服务市场调研的公告/page.txt	done
zwgk/gsgg	平潭综合实验区自然资源与生态环境局关于2025年第二次公开出让国有建设用地使用权的公告			平潭综合实验区自然资源与生态环境局	https://www.pingtan.gov.cn/zwgk/gsgg/202505/t20250530_99324.htm	zwgk/gsgg/202505/99324_平潭综合实验区自然资源与生态环境局关于2025年第二次公开出让国有建设用地使用权/page.txt	done
zwgk/gsgg	平潭综合实验区关于龙凤西路（规划二路- 中山大道）项目立项用地许可阶段审批前公示			平潭综合实验区行政审批局	https://www.pingtan.gov.cn/zwgk/gsgg/202505/t20250529_99300.htm	zwgk/gsgg/202505/99300_平潭综合实验区关于龙凤西路（规划二路- 中山大道）项目立项用地许可阶段审批前公示/page.txt	done
zwgk/gsgg	平潭综合实验区关于平潭国际赛车嘉年华 配套项目（城市街道赛道）提升改造（ 赛道改造）施工许可阶段审批前公示			平潭综合实验区行政审批局	https://www.pingtan.gov.cn/zwgk/gsgg/202505/t20250529_99299.htm	zwgk/gsgg/202505/99299_平潭综合实验区关于平潭国际赛车嘉年华 配套项目（城市街道赛道）提升改造（ 赛道改/page.txt	done
zwgk/gsgg	平潭综合实验区行政服务中心关于办公设备维护维修服务招标流标公示			区行政服务中心	https://www.pingtan.gov.cn/zwgk/gsgg/202505/t20250529_99298.htm	zwgk/gsgg/202505/99298_平潭综合实验区行政服务中心关于办公设备维护维修服务招标流标公示/page.txt	done
zwgk/gsgg	平潭综合实验区行政服务中心关于办公设备维护维修服务（第二次）的询价公告			区行政服务中心	https://www.pingtan.gov.cn/zwgk/gsgg/202505/t20250529_99297.htm	zwgk/gsgg/202505/99297_平潭综合实验区行政服务中心关于办公设备维护维修服务（第二次）的询价公告/page.txt	done
zwgk/gsgg	平潭综合实验区关于平潭澳前东沙音乐文创营地项目临时用海审批前公示			平潭综合实验区行政审批局	https://www.pingtan.gov.cn/zwgk/gsgg/202505/t20250529_99296.htm	zwgk/gsgg/202505/99296_平潭综合实验区关于平潭澳前东沙音乐文创营地项目临时用海审批前公示/page.txt	done
zwgk/gsgg	平潭综合实验区关于渔业及休闲船舶港口检修中心项目环境影响评价报告书审批前公示			平潭综合实验区行政审批局	https://www.pingtan.gov.cn/zwgk/gsgg/202505/t20250529_99291.htm	zwgk/gsgg/202505/99291_平潭综合实验区关于渔业及休闲船舶港口检修中心项目环境影响评价报告书审批前公示/page.txt	done
zwgk/gsgg	君山镇西楼村海滩道路修复项目(中标通知书)			平潭综合实验区君山片区管理局	https://www.pingtan.gov.cn/zwgk/gsgg/202505/t20250528_99267.htm	zwgk/gsgg/202505/99267_君山镇西楼村海滩道路修复项目(中标通知书)/page.txt	done
zwgk/gsgg	平潭综合实验区金井片区管理局关于闽中游击队第五分队暨金井片区红色文化基地项目总平面图批前公示			平潭综合实验区金井片区管理局	https://www.pingtan.gov.cn/zwgk/gsgg/202505/t20250528_99266.htm	zwgk/gsgg/202505/99266_平潭综合实验区金井片区管理局关于闽中游击队第五分队暨金井片区红色文化基地项目总平/page.txt	done
zwgk/gsgg	平潭综合实验区自然资源与生态环境局关于平潭北部自来水厂工程(一期)  项目竣工规划条件核实公示			平潭综合实验区自然资源与生态环境局	https://www.pingtan.gov.cn/zwgk/gsgg/202505/t20250528_99257.htm	zwgk/gsgg/202505/99257_平潭综合实验区自然资源与生态环境局关于平潭北部自来水厂工程(一期) 项目竣工规/page.txt	done
zwgk/gsgg	平潭综合实验区君山片区管理局关于东庠乡南江村村庄规划（修编）（2025-2035）的公示			平潭综合实验区君山片区管理局	https://www.pingtan.gov.cn/zwgk/gsgg/202505/t20250528_99256.htm	zwgk/gsgg/202505/99256_平潭综合实验区君山片区管理局关于东庠乡南江村村庄规划（修编）（2025-2035/page.txt	done
zwgk/gsgg	平潭综合实验区党工委政法和社会工作部等4部门关于组织实施2025年高校毕业生服务社区计划的通知			区党工委政法和社会工作部	https://www.pingtan.gov.cn/zwgk/gsgg/202505/t20250528_99240.htm	zwgk/gsgg/202505/99240_平潭综合实验区党工委政法和社会工作部等4部门关于组织实施2025年高校毕业生服务/page.txt	done
zwgk/gsgg	平潭综合实验区农业农村局关于2023年度第二批、2022年度第四批海洋渔业资源养护补贴发放的公示			平潭综合实验区农业农村局	https://www.pingtan.gov.cn/zwgk/gsgg/202505/t20250527_99238.htm	zwgk/gsgg/202505/99238_平潭综合实验区农业农村局关于2023年度第二批、2022年度第四批海洋渔业资源养/page.txt	done
zwgk/gsgg	平潭综合实验区关于建新村海防文化教育基地项目工程建设许可阶段审批前公示			平潭综合实验区行政审批局	https://www.pingtan.gov.cn/zwgk/gsgg/202505/t20250527_99237.htm	zwgk/gsgg/202505/99237_平潭综合实验区关于建新村海防文化教育基地项目工程建设许可阶段审批前公示/page.txt	done
zwgk/gsgg	平潭综合实验区农业农村局关于增补2025年度福建省农业产业化省级重点龙头企业带动农户能力的公示			平潭综合实验区农业农村局	https://www.pingtan.gov.cn/zwgk/gsgg/202505/t20250527_99236.htm	zwgk/gsgg/202505/99236_平潭综合实验区农业农村局关于增补2025年度福建省农业产业化省级重点龙头企业带动/page.txt	done
zwgk/gsgg	蕴莱农业保税加工园区联合竣工验收情况公示			平潭综合实验区行政审批局	https://www.pingtan.gov.cn/zwgk/gsgg/202505/t20250527_99232.htm	zwgk/gsgg/202505/99232_蕴莱农业保税加工园区联合竣工验收情况公示/page.txt	done
zwgk/gsgg	关于平潭中湖小学—教学综合楼、阶梯教室、文体馆、南大门及围墙、主席台项目  竣工规划条件核实结果公布			平潭综合实验区自然资源与生态环境局	https://www.pingtan.gov.cn/zwgk/gsgg/202505/t20250527_99225.htm	zwgk/gsgg/202505/99225_关于平潭中湖小学—教学综合楼、阶梯教室、文体馆、南大门及围墙、主席台项目 竣工/page.txt	done
zwgk/gsgg	平潭综合实验区市场监督管理局行政处罚文书送达公告			平潭综合实验区市场监督管理局	https://www.pingtan.gov.cn/zwgk/gsgg/202505/t20250526_99218.htm	zwgk/gsgg/202505/99218_平潭综合实验区市场监督管理局行政处罚文书送达公告/page.txt	done
zwgk/gsgg	关于公布平潭综合实验区行政执法领域突出问题举报渠道的通告			平潭综合实验区行政执法领域突出问题专项整治工作专班	https://www.pingtan.gov.cn/zwgk/gsgg/202505/t20250526_99217.htm	zwgk/gsgg/202505/99217_关于公布平潭综合实验区行政执法领域突出问题举报渠道的通告/page.txt	done
zwgk/gsgg	平潭综合实验区市场监督管理局 平潭综合实验区经济发展局 平潭综合实验区财政金融局 平潭综合实验区行政审批局 关于废止《平潭综合实验区促进美妆产业 发展若干措施的实施细则》的通知			平潭综合实验区市场监督管理局	https://www.pingtan.gov.cn/zwgk/gsgg/202505/t20250526_99185.htm	zwgk/gsgg/202505/99185_平潭综合实验区市场监督管理局 平潭综合实验区经济发展局 平潭综合实验区财政金融局/page.txt	done
zwgk/gsgg	君山镇模镜村项目中标通知书			平潭综合实验区君山片区管理局	https://www.pingtan.gov.cn/zwgk/gsgg/202505/t20250526_99183.htm	zwgk/gsgg/202505/99183_君山镇模镜村项目中标通知书/page.txt	done
zwgk/gsgg	三盛国际海岸（一期）A区A1#楼竣工规划条件核实结果公布			平潭综合实验区自然资源与生态环境局	https://www.pingtan.gov.cn/zwgk/gsgg/202505/t20250526_99182.htm	zwgk/gsgg/202505/99182_三盛国际海岸（一期）A区A1#楼竣工规划条件核实结果公布/page.txt	done
zwgk/gsgg	平潭综合实验区自然资源与生态环境局关于平潭职业中专学校项目建设工程规划许可证变更批前公示			平潭综合实验区自然资源与生态环境局	https://www.pingtan.gov.cn/zwgk/gsgg/202505/t20250523_99176.htm	zwgk/gsgg/202505/99176_平潭综合实验区自然资源与生态环境局关于平潭职业中专学校项目建设工程规划许可证变更/page.txt	done
zwgk/gsgg	平岚二路（中山大道-鹿原北路）项目竣工规划条件核实结果公布			平潭综合实验区自然资源与生态环境局	https://www.pingtan.gov.cn/zwgk/gsgg/202505/t20250523_99172.htm	zwgk/gsgg/202505/99172_平岚二路（中山大道-鹿原北路）项目竣工规划条件核实结果公布/page.txt	done
zwgk/gsgg	芦洋西路（兴业路-旺业路）项目竣工规划条件核实结果公布			平潭综合实验区自然资源与生态环境局	https://www.pingtan.gov.cn/zwgk/gsgg/202505/t20250523_99171.htm	zwgk/gsgg/202505/99171_芦洋西路（兴业路-旺业路）项目竣工规划条件核实结果公布/page.txt	done
zwgk/gsgg	平潭综合实验区生态环境保护委员会办公室关于加强2025年普通高考、高中学考、全省中考等各类考试期间噪声污染监督管理的通告			平潭综合实验区自然资源与生态环境局	https://www.pingtan.gov.cn/zwgk/gsgg/202505/t20250523_99161.htm	zwgk/gsgg/202505/99161_平潭综合实验区生态环境保护委员会办公室关于加强2025年普通高考、高中学考、全省/page.txt	done
zwgk/gsgg	平潭综合实验区关于机关食堂餐具采购项目比选结果的公告			平潭综合实验区管委会办公室	https://www.pingtan.gov.cn/zwgk/gsgg/202505/t20250523_99159.htm	zwgk/gsgg/202505/99159_平潭综合实验区关于机关食堂餐具采购项目比选结果的公告/page.txt	done
zwgk/gsgg	平潭综合实验区关于机关食堂消杀服务项目比选结果的公告			平潭综合实验区管委会办公室	https://www.pingtan.gov.cn/zwgk/gsgg/202505/t20250523_99158.htm	zwgk/gsgg/202505/99158_平潭综合实验区关于机关食堂消杀服务项目比选结果的公告/page.txt	done
zwgk/gsgg	​王俊男等3户自建房历史项目竣工核实结果公布			平潭综合实验区自然资源与生态环境局	https://www.pingtan.gov.cn/zwgk/gsgg/202505/t20250523_99152.htm	zwgk/gsgg/202505/99152_​王俊男等3户自建房历史项目竣工核实结果公布/page.txt	done
zwgk/gsgg	福建省平潭综合实验区管理委员会办公室关于征集区管委会机关食堂主副食品采购需求方案的公告			平潭综合实验区管委会办公室	https://www.pingtan.gov.cn/zwgk/gsgg/202505/t20250523_99151.htm	zwgk/gsgg/202505/99151_福建省平潭综合实验区管理委员会办公室关于征集区管委会机关食堂主副食品采购需求方案/page.txt	done
zwgk/gsgg	关于福建省第十六届社会科学优秀成果奖拟推荐申报成果的公示			平潭综合实验区社会科学界联合会	https://www.pingtan.gov.cn/zwgk/gsgg/202505/t20250522_99147.htm	zwgk/gsgg/202505/99147_关于福建省第十六届社会科学优秀成果奖拟推荐申报成果的公示/page.txt	done
zwgk/gsgg	璀璨天城社区管理房招租公告			平潭综合实验区金井片区管理局	https://www.pingtan.gov.cn/zwgk/gsgg/202505/t20250521_99133.htm	zwgk/gsgg/202505/99133_璀璨天城社区管理房招租公告/page.txt	done
zwgk/gsgg	平潭综合实验区关于草屿岛孝文化公园项目立项用地许可阶段审批前公示			平潭综合实验区行政审批局	https://www.pingtan.gov.cn/zwgk/gsgg/202505/t20250521_99132.htm	zwgk/gsgg/202505/99132_平潭综合实验区关于草屿岛孝文化公园项目立项用地许可阶段审批前公示/page.txt	done
zwgk/gsgg	平潭综合实验区行政审批局关于华广生物技术（平潭）有限公司申请广告审查准予许可决定的公示			平潭综合实验区行政审批局	https://www.pingtan.gov.cn/zwgk/gsgg/202505/t20250521_99124.htm	zwgk/gsgg/202505/99124_平潭综合实验区行政审批局关于华广生物技术（平潭）有限公司申请广告审查准予许可决定/page.txt	done
zwgk/gsgg	平潭综合实验区行政审批局关于2025年第一季度第一类医疗器械产品备案情况的公示			平潭综合实验区行政审批局	https://www.pingtan.gov.cn/zwgk/gsgg/202505/t20250521_99122.htm	zwgk/gsgg/202505/99122_平潭综合实验区行政审批局关于2025年第一季度第一类医疗器械产品备案情况的公示/page.txt	done
zwgk/gsgg	​中国平潭环竹屿湾区域城市设计国际方案征集资格预审评审结果报告			平潭综合实验区自然资源与生态环境局	https://www.pingtan.gov.cn/zwgk/gsgg/202505/t20250520_99118.htm	zwgk/gsgg/202505/99118_​中国平潭环竹屿湾区域城市设计国际方案征集资格预审评审结果报告/page.txt	done
zwgk/gsgg	平潭综合实验区财政金融局关于开展财政检查的公告			区财政金融局	https://www.pingtan.gov.cn/zwgk/gsgg/202505/t20250520_99115.htm	zwgk/gsgg/202505/99115_平潭综合实验区财政金融局关于开展财政检查的公告/page.txt	done
zwgk/gsgg	平潭综合实验区关于当盛村扩建木栈道及地面硬化改造项目（小型建设工程）施工许可阶段审批前公示			平潭综合实验区行政审批局	https://www.pingtan.gov.cn/zwgk/gsgg/202505/t20250520_99112.htm	zwgk/gsgg/202505/99112_平潭综合实验区关于当盛村扩建木栈道及地面硬化改造项目（小型建设工程）施工许可阶段/page.txt	done
zwgk/gsgg	平潭综合实验区关于北部生态廊道整治提升工程立项用地许可阶段审批前公示			平潭综合实验区行政审批局	https://www.pingtan.gov.cn/zwgk/gsgg/202505/t20250520_99110.htm	zwgk/gsgg/202505/99110_平潭综合实验区关于北部生态廊道整治提升工程立项用地许可阶段审批前公示/page.txt	done
zwgk/gsgg	平潭综合实验区关于全区标志标牌（二期）立项用地许可阶段审批前公示			平潭综合实验区行政审批局	https://www.pingtan.gov.cn/zwgk/gsgg/202505/t20250520_99109.htm	zwgk/gsgg/202505/99109_平潭综合实验区关于全区标志标牌（二期）立项用地许可阶段审批前公示/page.txt	done
zwgk/gsgg	平潭综合实验区农业农村局关于拨付2024年度养殖环节病死猪无害化处理及屠宰环节病害猪无害化处理财政补贴资金的公示			平潭综合实验区农业农村局	https://www.pingtan.gov.cn/zwgk/gsgg/202505/t20250520_99108.htm	zwgk/gsgg/202505/99108_平潭综合实验区农业农村局关于拨付2024年度养殖环节病死猪无害化处理及屠宰环节病/page.txt	done
zwgk/gsgg	平潭综合实验区农业农村局关于拨付能繁母猪、育肥猪保险区级配套经费的公示			平潭综合实验区农业农村局	https://www.pingtan.gov.cn/zwgk/gsgg/202505/t20250520_99107.htm	zwgk/gsgg/202505/99107_平潭综合实验区农业农村局关于拨付能繁母猪、育肥猪保险区级配套经费的公示/page.txt	done
zwgk/gsgg	平潭综合实验区农业农村局关于2025年第三批农机购置补贴申请情况的公示			平潭综合实验区农业农村局	https://www.pingtan.gov.cn/zwgk/gsgg/202505/t20250520_99106.htm	zwgk/gsgg/202505/99106_平潭综合实验区农业农村局关于2025年第三批农机购置补贴申请情况的公示/page.txt	done
zwgk/gsgg	平潭综合实验区农业农村局关于拨付苏平镇梧凤等7个村2023年高标准农田改造提升项目建设资金的公示			平潭综合实验区农业农村局	https://www.pingtan.gov.cn/zwgk/gsgg/202505/t20250520_99100.htm	zwgk/gsgg/202505/99100_平潭综合实验区农业农村局关于拨付苏平镇梧凤等7个村2023年高标准农田改造提升项/page.txt	done
zwgk/gsgg	平潭综合实验区自然资源与生态环境局自行采购项目采购成交结果公告			平潭综合实验区自然资源与生态环境局	https://www.pingtan.gov.cn/zwgk/gsgg/202505/t20250520_99094.htm	zwgk/gsgg/202505/99094_平潭综合实验区自然资源与生态环境局自行采购项目采购成交结果公告/page.txt	done
zwgk/gsgg	平潭综合实验区关于平潭县君山镇磹水村护坡挡墙修复应急工程（小型建设工程）施工许可阶段审批前公示			平潭综合实验区行政审批局	https://www.pingtan.gov.cn/zwgk/gsgg/202505/t20250520_99087.htm	zwgk/gsgg/202505/99087_平潭综合实验区关于平潭县君山镇磹水村护坡挡墙修复应急工程（小型建设工程）施工许可/page.txt	done
zwgk/gsgg	平潭综合实验区行政服务中心关于办公设备维护维修服务的询价公告			区行政服务中心	https://www.pingtan.gov.cn/zwgk/gsgg/202505/t20250519_99083.htm	zwgk/gsgg/202505/99083_平潭综合实验区行政服务中心关于办公设备维护维修服务的询价公告/page.txt	done
zwgk/gsgg	平潭综合实验区行政服务中心关于办公耗材采购的询价公告			区行政服务中心	https://www.pingtan.gov.cn/zwgk/gsgg/202505/t20250519_99082.htm	zwgk/gsgg/202505/99082_平潭综合实验区行政服务中心关于办公耗材采购的询价公告/page.txt	done
zwgk/gsgg	​平潭综合实验区自然资源与生态环境局关于公开征询平潭综合实验区风环境城市规划建筑设计研究采购工作的公告			平潭综合实验区自然资源与生态环境局	https://www.pingtan.gov.cn/zwgk/gsgg/202505/t20250519_99075.htm	zwgk/gsgg/202505/99075_​平潭综合实验区自然资源与生态环境局关于公开征询平潭综合实验区风环境城市规划建筑/page.txt	done
zwgk/gsgg	平潭综合实验区自然资源与生态环境局关于高铁消防站暨战勤保障大队项目竣工规划条件核实公示			平潭综合实验区自然资源与生态环境局	https://www.pingtan.gov.cn/zwgk/gsgg/202505/t20250519_99074.htm	zwgk/gsgg/202505/99074_平潭综合实验区自然资源与生态环境局关于高铁消防站暨战勤保障大队项目竣工规划条件核/page.txt	done
zwgk/gsgg	裕藩湾旅游服务中心项目总平面图批前公示			平潭综合实验区自然资源与生态环境局	https://www.pingtan.gov.cn/zwgk/gsgg/202505/t20250519_99073.htm	zwgk/gsgg/202505/99073_裕藩湾旅游服务中心项目总平面图批前公示/page.txt	done
zwgk/gsgg	平潭综合实验区自然资源与生态环境局关于海塍头幸福院项目乡村规划许可证变更批前公示			平潭综合实验区自然资源与生态环境局	https://www.pingtan.gov.cn/zwgk/gsgg/202505/t20250519_99072.htm	zwgk/gsgg/202505/99072_平潭综合实验区自然资源与生态环境局关于海塍头幸福院项目乡村规划许可证变更批前公示/page.txt	done
zwgk/gsgg	平潭综合实验区住宅区、建筑物备案名称公告			平潭综合实验区社会事业局	https://www.pingtan.gov.cn/zwgk/gsgg/202505/t20250519_99062.htm	zwgk/gsgg/202505/99062_平潭综合实验区住宅区、建筑物备案名称公告/page.txt	done
zwgk/gsgg	君山镇西楼村海滩道路修复项目			平潭综合实验区君山片区管理局	https://www.pingtan.gov.cn/zwgk/gsgg/202505/t20250519_99057.htm	zwgk/gsgg/202505/99057_君山镇西楼村海滩道路修复项目/page.txt	done
zwgk/gsgg	平潭综合实验区苏平片区管理局关于设立乡村振兴资金使用监管及深化农村集体“三资” 管理突出问题专项整治举报电话的公告			平潭综合实验区苏平片区管理局	https://www.pingtan.gov.cn/zwgk/gsgg/202505/t20250516_99048.htm	zwgk/gsgg/202505/99048_平潭综合实验区苏平片区管理局关于设立乡村振兴资金使用监管及深化农村集体“三资”/page.txt	done
zwgk/gsgg	平潭综合实验区农业农村局关于认领疑似“三无”船舶的公告			平潭综合实验区农业农村局	https://www.pingtan.gov.cn/zwgk/gsgg/202505/t20250516_99047.htm	zwgk/gsgg/202505/99047_平潭综合实验区农业农村局关于认领疑似“三无”船舶的公告/page.txt	done
zwgk/gsgg	君山镇山门村山门前桥梁重建工程项目			平潭综合实验区君山片区管理局	https://www.pingtan.gov.cn/zwgk/gsgg/202505/t20250515_99025.htm	zwgk/gsgg/202505/99025_君山镇山门村山门前桥梁重建工程项目/page.txt	done
zwgk/gsgg	平潭综合实验区自然资源与生态环境局自行采购项目采购公告			平潭综合实验区自然资源与生态环境局	https://www.pingtan.gov.cn/zwgk/gsgg/202505/t20250515_99024.htm	zwgk/gsgg/202505/99024_平潭综合实验区自然资源与生态环境局自行采购项目采购公告/page.txt	done
zwgk/gsgg	平潭综合实验区关于东占村文化服务中项目（小型建设工程）施工许可阶段审批前公示			平潭综合实验区行政审批局	https://www.pingtan.gov.cn/zwgk/gsgg/202505/t20250515_99022.htm	zwgk/gsgg/202505/99022_平潭综合实验区关于东占村文化服务中项目（小型建设工程）施工许可阶段审批前公示/page.txt	done
zwgk/gsgg	平潭综合实验区管委会机关食堂餐具项目询价公告			平潭综合实验区管委会办公室	https://www.pingtan.gov.cn/zwgk/gsgg/202505/t20250515_99016.htm	zwgk/gsgg/202505/99016_平潭综合实验区管委会机关食堂餐具项目询价公告/page.txt	done
zwgk/gsgg	平潭综合实验区管委会机关食堂消杀服务询价公告			平潭综合实验区管委会办公室	https://www.pingtan.gov.cn/zwgk/gsgg/202505/t20250515_99013.htm	zwgk/gsgg/202505/99013_平潭综合实验区管委会机关食堂消杀服务询价公告/page.txt	done
zwgk/gsgg	君山镇模镜村旅游生态临时停车场建设提升项目			平潭综合实验区君山片区管理局	https://www.pingtan.gov.cn/zwgk/gsgg/202505/t20250515_99010.htm	zwgk/gsgg/202505/99010_君山镇模镜村旅游生态临时停车场建设提升项目/page.txt	done
zwgk/gsgg	平潭综合实验区自然资源与生态环境局自行采购  项目采购公告			平潭综合实验区自然资源与生态环境局	https://www.pingtan.gov.cn/zwgk/gsgg/202505/t20250514_98992.htm	zwgk/gsgg/202505/98992_平潭综合实验区自然资源与生态环境局自行采购 项目采购公告/page.txt	done
zwgk/gsgg	平潭综合实验区自然资源服务中心关于三十六脚湖周边环境综合清理项目中标结果公示			平潭综合实验区自然资源服务中心	https://www.pingtan.gov.cn/zwgk/gsgg/202505/t20250513_98902.htm	zwgk/gsgg/202505/98902_平潭综合实验区自然资源服务中心关于三十六脚湖周边环境综合清理项目中标结果公示/page.txt	done
zwgk/gsgg	平潭综合实验区苏平片区管理局关于2025年度衔接推进乡村振兴项目（扶持发展新型农村集体经济项目）的公告			平潭综合实验区苏平片区管理局	https://www.pingtan.gov.cn/zwgk/gsgg/202505/t20250513_98874.htm	zwgk/gsgg/202505/98874_平潭综合实验区苏平片区管理局关于2025年度衔接推进乡村振兴项目（扶持发展新型农/page.txt	done
zwgk/gsgg	平潭综合实验区苏平片区管理局关于2025年度衔接推进乡村振兴项目（扶持发展新型农村集体经济项目）的公示			平潭综合实验区苏平片区管理局	https://www.pingtan.gov.cn/zwgk/gsgg/202505/t20250513_98873.htm	zwgk/gsgg/202505/98873_平潭综合实验区苏平片区管理局关于2025年度衔接推进乡村振兴项目（扶持发展新型农/page.txt	done
zwgk/gsgg	平潭综合实验区关于南海乡饮用水工程建设许可阶段审批前公示			平潭综合实验区行政审批局	https://www.pingtan.gov.cn/zwgk/gsgg/202505/t20250512_98872.htm	zwgk/gsgg/202505/98872_平潭综合实验区关于南海乡饮用水工程建设许可阶段审批前公示/page.txt	done
zwgk/gsgg	平潭综合实验区关于平潭竹屿湾游艇码头（一期）工程施工许可阶段审批前公示			平潭综合实验区行政审批局	https://www.pingtan.gov.cn/zwgk/gsgg/202505/t20250512_98871.htm	zwgk/gsgg/202505/98871_平潭综合实验区关于平潭竹屿湾游艇码头（一期）工程施工许可阶段审批前公示/page.txt	done
zwgk/gsgg	建设用地规划许可证			平潭综合实验区自然资源与生态环境局	https://www.pingtan.gov.cn/zwgk/gsgg/202505/t20250512_98865.htm	zwgk/gsgg/202505/98865_建设用地规划许可证/page.txt	done
zwgk/gsgg	平潭综合实验区自然资源服务中心关于三十六脚湖水库新建排水涵洞工程询价公告			平潭综合实验区自然资源服务中心	https://www.pingtan.gov.cn/zwgk/gsgg/202505/t20250512_98849.htm	zwgk/gsgg/202505/98849_平潭综合实验区自然资源服务中心关于三十六脚湖水库新建排水涵洞工程询价公告/page.txt	done
zwgk/gsgg	平潭综合实验区市场监督管理局关于征集中小学校园食品安全突出问题违法线索的公告			平潭综合实验区市场监督管理局	https://www.pingtan.gov.cn/zwgk/gsgg/202505/t20250509_98845.htm	zwgk/gsgg/202505/98845_平潭综合实验区市场监督管理局关于征集中小学校园食品安全突出问题违法线索的公告/page.txt	done
zwgk/gsgg	平潭综合实验区市场监督管理局关于征集涉老药品、保健品虚假宣传等违法行为线索的公告			平潭综合实验区市场监督管理局	https://www.pingtan.gov.cn/zwgk/gsgg/202505/t20250509_98844.htm	zwgk/gsgg/202505/98844_平潭综合实验区市场监督管理局关于征集涉老药品、保健品虚假宣传等违法行为线索的公告/page.txt	done
zwgk/gsgg	平潭综合实验区关于中医院北院区建设项目立项用地许可阶段审批前公示			平潭综合实验区行政审批局	https://www.pingtan.gov.cn/zwgk/gsgg/202505/t20250509_98843.htm	zwgk/gsgg/202505/98843_平潭综合实验区关于中医院北院区建设项目立项用地许可阶段审批前公示/page.txt	done
zwgk/gsgg	平潭综合实验区市场监督管理局关于征集医疗机构违规收费及医药领域商业贿赂违法线索的公告			平潭综合实验区市场监督管理局	https://www.pingtan.gov.cn/zwgk/gsgg/202505/t20250509_98841.htm	zwgk/gsgg/202505/98841_平潭综合实验区市场监督管理局关于征集医疗机构违规收费及医药领域商业贿赂违法线索的/page.txt	done
zwgk/gsgg	平潭综合实验区市场监督管理局关于征集制售假劣肉制品及农村假冒伪劣食品违法线索的公告			平潭综合实验区市场监督管理局	https://www.pingtan.gov.cn/zwgk/gsgg/202505/t20250509_98840.htm	zwgk/gsgg/202505/98840_平潭综合实验区市场监督管理局关于征集制售假劣肉制品及农村假冒伪劣食品违法线索的公/page.txt	done
zwgk/gsgg	平潭综合实验区市场监督管理局关于征集居民水电气计量不准确、收费不规范问题线索的公告			平潭综合实验区市场监督管理局	https://www.pingtan.gov.cn/zwgk/gsgg/202505/t20250509_98839.htm	zwgk/gsgg/202505/98839_平潭综合实验区市场监督管理局关于征集居民水电气计量不准确、收费不规范问题线索的公/page.txt	done
zwgk/gsgg	平潭综合实验区自然资源服务中心关于2025年度自然资源与空间信息时空云平台运维服务自行采购结果公示			平潭综合实验区自然资源服务中心	https://www.pingtan.gov.cn/zwgk/gsgg/202505/t20250509_98826.htm	zwgk/gsgg/202505/98826_平潭综合实验区自然资源服务中心关于2025年度自然资源与空间信息时空云平台运维服/page.txt	done
zwgk/gsgg	平潭综合实验区自然灾害应急能力提升工程基层防灾项目二次采购预公告			局灾防处	https://www.pingtan.gov.cn/zwgk/gsgg/202505/t20250508_98825.htm	zwgk/gsgg/202505/98825_平潭综合实验区自然灾害应急能力提升工程基层防灾项目二次采购预公告/page.txt	done
zwgk/gsgg	平潭综合实验区君山片区管理局关于2025年度衔接推进乡村振兴项目建设（扶持发展新型农村集体经济项目）申报项目的公告			平潭综合实验区君山片区管理局	https://www.pingtan.gov.cn/zwgk/gsgg/202505/t20250508_98824.htm	zwgk/gsgg/202505/98824_平潭综合实验区君山片区管理局关于2025年度衔接推进乡村振兴项目建设（扶持发展新/page.txt	done
zwgk/gsgg	平潭综合实验区君山片区管理局关于认领疑似“三无”船舶的公告			平潭综合实验区君山片区管理局	https://www.pingtan.gov.cn/zwgk/gsgg/202505/t20250508_98823.htm	zwgk/gsgg/202505/98823_平潭综合实验区君山片区管理局关于认领疑似“三无”船舶的公告/page.txt	done
zwgk/gsgg	平潭综合实验区关于东庠乡饮用水工程建设许可阶段审批前公示			平潭综合实验区行政审批局	https://www.pingtan.gov.cn/zwgk/gsgg/202505/t20250508_98822.htm	zwgk/gsgg/202505/98822_平潭综合实验区关于东庠乡饮用水工程建设许可阶段审批前公示/page.txt	done
zwgk/gsgg	平潭综合实验区关于建新村海防文化研学基地配套项目（小型建设工程）施工许可阶段审批前公示			平潭综合实验区行政审批局	https://www.pingtan.gov.cn/zwgk/gsgg/202505/t20250508_98821.htm	zwgk/gsgg/202505/98821_平潭综合实验区关于建新村海防文化研学基地配套项目（小型建设工程）施工许可阶段审批/page.txt	done
zwgk/gsgg	平潭综合实验区行政审批局关于受理渔业及休闲船舶港口检修中心项目环境影响报告书的公示			平潭综合实验区行政审批局	https://www.pingtan.gov.cn/zwgk/gsgg/202505/t20250508_98820.htm	zwgk/gsgg/202505/98820_平潭综合实验区行政审批局关于受理渔业及休闲船舶港口检修中心项目环境影响报告书的公/page.txt	done
zwgk/gsgg	平潭综合实验区自然资源与生态环境局关于征集平潭综合实验区森林生态效益补偿 资金使用监管突出问题线索的公告			平潭综合实验区自然资源与生态环境局	https://www.pingtan.gov.cn/zwgk/gsgg/202505/t20250508_98819.htm	zwgk/gsgg/202505/98819_平潭综合实验区自然资源与生态环境局关于征集平潭综合实验区森林生态效益补偿 资金使/page.txt	done
zwgk/gsgg	平潭综合实验区市场监督管理局转发关于征集2025年度国家标准化试点项目的通知			平潭综合实验区市场监督管理局	https://www.pingtan.gov.cn/zwgk/gsgg/202505/t20250508_98818.htm	zwgk/gsgg/202505/98818_平潭综合实验区市场监督管理局转发关于征集2025年度国家标准化试点项目的通知/page.txt	done
zwgk/gsgg	平潭综合实验区自然资源服务中心关于公开征询海域海岛技术支撑服务费的公告			平潭综合实验区自然资源服务中心	https://www.pingtan.gov.cn/zwgk/gsgg/202505/t20250508_98809.htm	zwgk/gsgg/202505/98809_平潭综合实验区自然资源服务中心关于公开征询海域海岛技术支撑服务费的公告/page.txt	done
zwgk/gsgg	平潭综合实验区关于全区景区交通动线 及临时停车场改造提升项目（小型 建设工程）施工许可阶段 审批前公示			平潭综合实验区行政审批局	https://www.pingtan.gov.cn/zwgk/gsgg/202505/t20250507_98808.htm	zwgk/gsgg/202505/98808_平潭综合实验区关于全区景区交通动线 及临时停车场改造提升项目（小型 建设工程）施/page.txt	done
zwgk/gsgg	平潭综合实验区关于平潭竹屿湾游艇码头 （一期）工程环境影响评价报告 审批前公示			平潭综合实验区行政审批局	https://www.pingtan.gov.cn/zwgk/gsgg/202505/t20250507_98806.htm	zwgk/gsgg/202505/98806_平潭综合实验区关于平潭竹屿湾游艇码头 （一期）工程环境影响评价报告 审批前公示/page.txt	done
zwgk/gsgg	平潭综合实验区海坛片区管理局关于申报2025年中央、省级及区级财政衔接推进乡村振兴补助资金的公告			海坛片区	https://www.pingtan.gov.cn/zwgk/gsgg/202505/t20250507_98800.htm	zwgk/gsgg/202505/98800_平潭综合实验区海坛片区管理局关于申报2025年中央、省级及区级财政衔接推进乡村振/page.txt	done
zwgk/gsgg	平潭综合实验区海坛片区管理局关于申报2025年省级财政衔接推进乡村振兴补助资金的公告			海坛片区	https://www.pingtan.gov.cn/zwgk/gsgg/202505/t20250507_98799.htm	zwgk/gsgg/202505/98799_平潭综合实验区海坛片区管理局关于申报2025年省级财政衔接推进乡村振兴补助资金的/page.txt	done
zwgk/gsgg	关于2024年度中央财政林业专项资金绩效自评的报告			平潭综合实验区自然资源与生态环境局	https://www.pingtan.gov.cn/zwgk/gsgg/202505/t20250507_98795.htm	zwgk/gsgg/202505/98795_关于2024年度中央财政林业专项资金绩效自评的报告/page.txt	done
zwgk/gsgg	平潭综合实验区关于重点区域市政管网提质增效工程立项用地许可阶段审批前公示			平潭综合实验区行政审批局	https://www.pingtan.gov.cn/zwgk/gsgg/202505/t20250506_98785.htm	zwgk/gsgg/202505/98785_平潭综合实验区关于重点区域市政管网提质增效工程立项用地许可阶段审批前公示/page.txt	done
zwgk/gsgg	平潭综合实验区自然资源服务中心关于国有林场莲花山工区风倒木二次采伐销售结果公示			平潭综合实验区自然资源服务中心	https://www.pingtan.gov.cn/zwgk/gsgg/202505/t20250506_98778.htm	zwgk/gsgg/202505/98778_平潭综合实验区自然资源服务中心关于国有林场莲花山工区风倒木二次采伐销售结果公示/page.txt	done
zwgk/gsgg	平潭综合实验区自然资源服务中心关于三十六脚湖周边环境综合清理项目自行采购公告			平潭综合实验区自然资源服务中心	https://www.pingtan.gov.cn/zwgk/gsgg/202505/t20250506_98776.htm	zwgk/gsgg/202505/98776_平潭综合实验区自然资源服务中心关于三十六脚湖周边环境综合清理项目自行采购公告/page.txt	done
zwgk/gsgg	关于平潭中湖小学—教学综合楼、阶梯教室、文体馆、南大门及围墙、主席台 竣工规划条件核实公示			平潭综合实验区自然资源服务中心	https://www.pingtan.gov.cn/zwgk/gsgg/202504/t20250430_98761.htm	zwgk/gsgg/202504/98761_关于平潭中湖小学—教学综合楼、阶梯教室、文体馆、南大门及围墙、主席台 竣工规划条/page.txt	done
zwgk/gsgg	平潭综合实验区农业农村局关于设立乡村振兴资金使用监管突出问题专项整治举报电话的公告			平潭综合实验区农业农村局	https://www.pingtan.gov.cn/zwgk/gsgg/202504/t20250430_98759.htm	zwgk/gsgg/202504/98759_平潭综合实验区农业农村局关于设立乡村振兴资金使用监管突出问题专项整治举报电话的公/page.txt	done
zwgk/gsgg	关于三盛国际海岸（一期）A区A1#楼项目竣工规划条件核实公示			平潭综合实验区自然资源服务中心	https://www.pingtan.gov.cn/zwgk/gsgg/202504/t20250430_98753.htm	zwgk/gsgg/202504/98753_关于三盛国际海岸（一期）A区A1#楼项目竣工规划条件核实公示/page.txt	done
zwgk/gsgg	平潭综合实验区农业农村局关于平潭综合实验区2025年农资质量执法抽检综合服务询价结果的公示			平潭综合实验区农业农村局	https://www.pingtan.gov.cn/zwgk/gsgg/202504/t20250430_98750.htm	zwgk/gsgg/202504/98750_平潭综合实验区农业农村局关于平潭综合实验区2025年农资质量执法抽检综合服务询价/page.txt	done
zwgk/gsgg	平潭综合实验区农业农村局关于2025年度省级农作物新品种展示示范承担单位及补助资金的公示			平潭综合实验区农业农村局	https://www.pingtan.gov.cn/zwgk/gsgg/202504/t20250430_98747.htm	zwgk/gsgg/202504/98747_平潭综合实验区农业农村局关于2025年度省级农作物新品种展示示范承担单位及补助资/page.txt	done
zwgk/gsgg	平潭综合实验区农业农村局关于2024-2025年度省级马铃薯新品种展示示范项目验收情况公开			平潭综合实验区农业农村局	https://www.pingtan.gov.cn/zwgk/gsgg/202504/t20250430_98746.htm	zwgk/gsgg/202504/98746_平潭综合实验区农业农村局关于2024-2025年度省级马铃薯新品种展示示范项目验/page.txt	done
zwgk/gsgg	平潭综合实验区农业农村局关于2025年平潭综合实验区高标准农田建设项目评审情况的公开			平潭综合实验区农业农村局	https://www.pingtan.gov.cn/zwgk/gsgg/202504/t20250430_98745.htm	zwgk/gsgg/202504/98745_平潭综合实验区农业农村局关于2025年平潭综合实验区高标准农田建设项目评审情况的/page.txt	done
zwgk/gsgg	平潭综合实验区农业农村局关于2025年平潭综合实验区高标准农田建设项目的公示			平潭综合实验区农业农村局	https://www.pingtan.gov.cn/zwgk/gsgg/202504/t20250430_98744.htm	zwgk/gsgg/202504/98744_平潭综合实验区农业农村局关于2025年平潭综合实验区高标准农田建设项目的公示/page.txt	done
zwgk/gsgg	平潭综合实验区关于平潭14座水库防汛仓库建设项目（小型建设工程）施工许可阶段审批前公示			平潭综合实验区行政审批局	https://www.pingtan.gov.cn/zwgk/gsgg/202504/t20250430_98742.htm	zwgk/gsgg/202504/98742_平潭综合实验区关于平潭14座水库防汛仓库建设项目（小型建设工程）施工许可阶段审批/page.txt	done
zwgk/gsgg	平潭综合实验区关于屿头岛海岸带生态保护修复工程立项用地许可阶段审批前公示			平潭综合实验区行政审批局	https://www.pingtan.gov.cn/zwgk/gsgg/202504/t20250430_98741.htm	zwgk/gsgg/202504/98741_平潭综合实验区关于屿头岛海岸带生态保护修复工程立项用地许可阶段审批前公示/page.txt	done
zwgk/gsgg	陈为俊等人自建房历史项目竣工核实结果公布			海坛片区	https://www.pingtan.gov.cn/zwgk/gsgg/202504/t20250430_98721.htm	zwgk/gsgg/202504/98721_陈为俊等人自建房历史项目竣工核实结果公布/page.txt	done
zwgk/gsgg	中共平潭综合实验区人民法院党组关于巡察整改进展情况的通报			​中共平潭综合实验区人民法院党组	https://www.pingtan.gov.cn/zwgk/gsgg/202504/t20250430_98719.htm	zwgk/gsgg/202504/98719_中共平潭综合实验区人民法院党组关于巡察整改进展情况的通报/page.txt	done
zwgk/gsgg	中共平潭综合实验区人大工委党组关于巡察整改进展情况的通报			中共平潭综合实验区人大工委党组	https://www.pingtan.gov.cn/zwgk/gsgg/202504/t20250429_98717.htm	zwgk/gsgg/202504/98717_中共平潭综合实验区人大工委党组关于巡察整改进展情况的通报/page.txt	done
zwgk/gsgg	用地预审与选址意见书公示			平潭综合实验区自然资源与生态环境局	https://www.pingtan.gov.cn/zwgk/gsgg/202504/t20250429_98716.htm	zwgk/gsgg/202504/98716_用地预审与选址意见书公示/page.txt	done
zwgk/gsgg	平潭综合实验区人力资源公共服务中心关于巡察整改进展情况的通报			区党工委党群工作部	https://www.pingtan.gov.cn/zwgk/gsgg/202504/t20250429_98713.htm	zwgk/gsgg/202504/98713_平潭综合实验区人力资源公共服务中心关于巡察整改进展情况的通报/page.txt	done
zwgk/gsgg	​平潭综合实验区自来水厂工程（二期） -净水厂一阶段工程项目竣工规划条件核实结果公布			平潭综合实验区自然资源与生态环境局	https://www.pingtan.gov.cn/zwgk/gsgg/202504/t20250429_98712.htm	zwgk/gsgg/202504/98712_​平潭综合实验区自来水厂工程（二期） -净水厂一阶段工程项目竣工规划条件核实结果/page.txt	done
zwgk/gsgg	平潭综合实验区自然资源与生态环境局2025年新污染物环境调查监测服务项目比价采购公告			平潭综合实验区自然资源服务中心	https://www.pingtan.gov.cn/zwgk/gsgg/202504/t20250429_98705.htm	zwgk/gsgg/202504/98705_平潭综合实验区自然资源与生态环境局2025年新污染物环境调查监测服务项目比价采购/page.txt	done
zwgk/gsgg	区政协工委党组关于巡察整改进展情况的通报			中共福建省政协平潭综合实验区工作委员会党组	https://www.pingtan.gov.cn/zwgk/gsgg/202504/t20250429_98698.htm	zwgk/gsgg/202504/98698_区政协工委党组关于巡察整改进展情况的通报/page.txt	done
zwgk/gsgg	龙头村幸福院项目乡村规划许可证批后公布			平潭自然资源与生态环境局	https://www.pingtan.gov.cn/zwgk/gsgg/202504/t20250428_98697.htm	zwgk/gsgg/202504/98697_龙头村幸福院项目乡村规划许可证批后公布/page.txt	done
zwgk/gsgg	平潭综合实验区农业农村局关于第一批乡村振兴领军人才（乡村教师类）推荐名单的公示			​平潭综合实验区农业农村局	https://www.pingtan.gov.cn/zwgk/gsgg/202504/t20250428_98696.htm	zwgk/gsgg/202504/98696_平潭综合实验区农业农村局关于第一批乡村振兴领军人才（乡村教师类）推荐名单的公示/page.txt	done
zwgk/gsgg	平潭综合实验区农业农村局关于2024年区级优质新型农业经营主体评定结果的公示			​平潭综合实验区农业农村局	https://www.pingtan.gov.cn/zwgk/gsgg/202504/t20250428_98694.htm	zwgk/gsgg/202504/98694_平潭综合实验区农业农村局关于2024年区级优质新型农业经营主体评定结果的公示/page.txt	done
zwgk/gsgg	中共平潭综合实验区人民检察院党组关于巡察整改进展情况的通报			平潭综合实验区人民检察院	https://www.pingtan.gov.cn/zwgk/gsgg/202504/t20250428_98668.htm	zwgk/gsgg/202504/98668_中共平潭综合实验区人民检察院党组关于巡察整改进展情况的通报/page.txt	done
zwgk/gsgg	平潭综合实验区自然资源与生态环境局关于开展平潭综合实验区“十五五”林业  专项规划、湿地保护规划和森林防火规划市场调研的公告			平潭综合实验区自然资源服务中心	https://www.pingtan.gov.cn/zwgk/gsgg/202504/t20250428_98665.htm	zwgk/gsgg/202504/98665_平潭综合实验区自然资源与生态环境局关于开展平潭综合实验区“十五五”林业 专项规/page.txt	done
zwgk/gsgg	平潭综合实验区自然资源服务中心关于2025年度自然资源与空间信息时空云平台运维服务自行采购公告			平潭综合实验区自然资源服务中心	https://www.pingtan.gov.cn/zwgk/gsgg/202504/t20250428_98655.htm	zwgk/gsgg/202504/98655_平潭综合实验区自然资源服务中心关于2025年度自然资源与空间信息时空云平台运维服/page.txt	done
zwgk/gsgg	中国平潭环竹屿湾区域城市设计国际方案征集资格预审公告        International Scheme Solicitation for Urban Design of Pingtan Zhuyu Bay Area Prequalification Announcement			平潭综合实验区自然资源与生态环境局	https://www.pingtan.gov.cn/zwgk/gsgg/202504/t20250427_98647.htm	zwgk/gsgg/202504/98647_中国平潭环竹屿湾区域城市设计国际方案征集资格预审公告 Intern/page.txt	done
zwgk/gsgg	平潭综合实验区自然资源与生态环境局关于开展批而未供批文分类清理技术服务工作经费市场调研的公告			平潭综合实验区自然资源与生态环境局	https://www.pingtan.gov.cn/zwgk/gsgg/202504/t20250427_98645.htm	zwgk/gsgg/202504/98645_平潭综合实验区自然资源与生态环境局关于开展批而未供批文分类清理技术服务工作经费市/page.txt	done
zwgk/gsgg	平潭综合实验区自然资源服务中心关于平潭国有防护林场君山工区森林防火蓄水设施项目自行采购结果公示			平潭综合实验区自然资源服务中心	https://www.pingtan.gov.cn/zwgk/gsgg/202504/t20250427_98644.htm	zwgk/gsgg/202504/98644_平潭综合实验区自然资源服务中心关于平潭国有防护林场君山工区森林防火蓄水设施项目自/page.txt	done
zwgk/gsgg	平潭综合实验区君山片区管理局 关于2025年度衔接推进乡村振兴项目建设（扶持发展新型农村集体经济项目）申报项目的公示			平潭综合实验区君山片区管理局	https://www.pingtan.gov.cn/zwgk/gsgg/202504/t20250426_98632.htm	zwgk/gsgg/202504/98632_平潭综合实验区君山片区管理局 关于2025年度衔接推进乡村振兴项目建设（扶持发展/page.txt	done
zwgk/gsgg	平潭综合实验区关于渔业及休闲船舶港口检修中心工程建设许可阶段审批前公示			平潭综合实验区行政审批局	https://www.pingtan.gov.cn/zwgk/gsgg/202504/t20250425_98629.htm	zwgk/gsgg/202504/98629_平潭综合实验区关于渔业及休闲船舶港口检修中心工程建设许可阶段审批前公示/page.txt	done
zwgk/gsgg	2025年“实验区社会工作服务站指导中心”政府购买服务项目成交公告			区党工委政法和社会工作部	https://www.pingtan.gov.cn/zwgk/gsgg/202504/t20250425_98628.htm	zwgk/gsgg/202504/98628_2025年“实验区社会工作服务站指导中心”政府购买服务项目成交公告/page.txt	done
zwgk/gsgg	平潭综合实验区关于平潭防洪防潮幸福洋（一期）工程临时用海审批前公示			平潭综合实验区行政审批局	https://www.pingtan.gov.cn/zwgk/gsgg/202504/t20250425_98610.htm	zwgk/gsgg/202504/98610_平潭综合实验区关于平潭防洪防潮幸福洋（一期）工程临时用海审批前公示/page.txt	done
zwgk/gsgg	金井片区城乡环卫一体化服务类采购项目预公告			平潭综合实验区金井片区管理局	https://www.pingtan.gov.cn/zwgk/gsgg/202504/t20250424_98609.htm	zwgk/gsgg/202504/98609_金井片区城乡环卫一体化服务类采购项目预公告/page.txt	done
zwgk/gsgg	平潭综合实验区自然资源与生态环境局关于平潭综合实验区岚台海上应急救援基地用海公示			平潭综合实验区自然资源与生态环境局	https://www.pingtan.gov.cn/zwgk/gsgg/202504/t20250424_98603.htm	zwgk/gsgg/202504/98603_平潭综合实验区自然资源与生态环境局关于平潭综合实验区岚台海上应急救援基地用海公示/page.txt	done
zwgk/gsgg	平潭综合实验区自然资源服务中心关于国有林场莲花山工区风倒木二次采伐销售公告			平潭综合实验区自然资源服务中心	https://www.pingtan.gov.cn/zwgk/gsgg/202504/t20250424_98602.htm	zwgk/gsgg/202504/98602_平潭综合实验区自然资源服务中心关于国有林场莲花山工区风倒木二次采伐销售公告/page.txt	done
zwgk/gsgg	福建省榕邦建设工程有限公司《行政处罚决定履行催告书》（岚执法应急专催〔2025〕47号）送达公告			平潭综合实验区综合执法与应急管理局	https://www.pingtan.gov.cn/zwgk/gsgg/202504/t20250424_98593.htm	zwgk/gsgg/202504/98593_福建省榕邦建设工程有限公司《行政处罚决定履行催告书》（岚执法应急专催〔2025〕/page.txt	done
zwgk/gsgg	建新村海防教育基地项目（变更）乡村规划许可证批后公布			平潭综合实验区自然资源与生态环境局	https://www.pingtan.gov.cn/zwgk/gsgg/202504/t20250422_98573.htm	zwgk/gsgg/202504/98573_建新村海防教育基地项目（变更）乡村规划许可证批后公布/page.txt	done
zwgk/gsgg	平潭华宏农业禽蛋养殖加工项目建设工程规划许可证批后公示			平潭综合实验区自然资源与生态环境局	https://www.pingtan.gov.cn/zwgk/gsgg/202504/t20250422_98572.htm	zwgk/gsgg/202504/98572_平潭华宏农业禽蛋养殖加工项目建设工程规划许可证批后公示/page.txt	done
zwgk/gsgg	平潭综合实验区苏平片区丰田村级组织活动场所改扩建工程乡村建设规划许可证批后公布			平潭综合实验区自然资源与生态环境局	https://www.pingtan.gov.cn/zwgk/gsgg/202504/t20250422_98571.htm	zwgk/gsgg/202504/98571_平潭综合实验区苏平片区丰田村级组织活动场所改扩建工程乡村建设规划许可证批后公布/page.txt	done
zwgk/gsgg	平潭综合实验区海坛片区管理局关于申报2025年省级财政衔接推进乡村振兴补助资金的公示			海坛片区	https://www.pingtan.gov.cn/zwgk/gsgg/202504/t20250422_98568.htm	zwgk/gsgg/202504/98568_平潭综合实验区海坛片区管理局关于申报2025年省级财政衔接推进乡村振兴补助资金的/page.txt	done
zwgk/gsgg	平潭综合实验区海坛片区管理局关于申报2025年中央、省级及区级财政衔接推进乡村振兴补助资金的公示			海坛片区	https://www.pingtan.gov.cn/zwgk/gsgg/202504/t20250422_98567.htm	zwgk/gsgg/202504/98567_平潭综合实验区海坛片区管理局关于申报2025年中央、省级及区级财政衔接推进乡村振/page.txt	done
zwgk/gsgg	平潭综合实验区自然资源服务中心关于应急造林市场调研的公告			平潭综合实验区自然资源服务中心	https://www.pingtan.gov.cn/zwgk/gsgg/202504/t20250422_98562.htm	zwgk/gsgg/202504/98562_平潭综合实验区自然资源服务中心关于应急造林市场调研的公告/page.txt	done
zwgk/gsgg	平潭综合实验区关于澳前再生资源回收网点改造提升项目（小型建设工程）施工许可阶段审批前公示			平潭综合实验区行政审批局	https://www.pingtan.gov.cn/zwgk/gsgg/202504/t20250421_98557.htm	zwgk/gsgg/202504/98557_平潭综合实验区关于澳前再生资源回收网点改造提升项目（小型建设工程）施工许可阶段审/page.txt	done
zwgk/gsgg	大坪村党群服务中心（村史馆）建设项目乡村建设规划许可证批后公布			平潭综合实验区自然资源与生态环境局	https://www.pingtan.gov.cn/zwgk/gsgg/202504/t20250421_98553.htm	zwgk/gsgg/202504/98553_大坪村党群服务中心（村史馆）建设项目乡村建设规划许可证批后公布/page.txt	done
zwgk/gsgg	平潭综合实验区关于壳丘头考古遗址公园文化广场及配套工程施工许可阶段审批前公示			平潭综合实验区行政审批局	https://www.pingtan.gov.cn/zwgk/gsgg/202504/t20250421_98540.htm	zwgk/gsgg/202504/98540_平潭综合实验区关于壳丘头考古遗址公园文化广场及配套工程施工许可阶段审批前公示/page.txt	done
zwgk/gsgg	平潭综合实验区关于当盛村道路修复改造工程（小型建设工程）施工许可阶段审批前公示			平潭综合实验区行政审批局	https://www.pingtan.gov.cn/zwgk/gsgg/202504/t20250421_98539.htm	zwgk/gsgg/202504/98539_平潭综合实验区关于当盛村道路修复改造工程（小型建设工程）施工许可阶段审批前公示/page.txt	done
zwgk/gsgg	平潭综合实验区农业农村局关于2025年第二批农机购置补贴申请情况的公示			平潭综合实验区农业农村局	https://www.pingtan.gov.cn/zwgk/gsgg/202504/t20250421_98538.htm	zwgk/gsgg/202504/98538_平潭综合实验区农业农村局关于2025年第二批农机购置补贴申请情况的公示/page.txt	done
zwgk/gsgg	平潭综合实验区自然资源服务中心关于国有林场莲花山工区风倒木采伐销售项目流标公示			平潭综合实验区自然资源服务中心	https://www.pingtan.gov.cn/zwgk/gsgg/202504/t20250421_98534.htm	zwgk/gsgg/202504/98534_平潭综合实验区自然资源服务中心关于国有林场莲花山工区风倒木采伐销售项目流标公示/page.txt	done
zwgk/gsgg	平潭综合实验区君山片区管理局关于2025年动物防疫劳务外包服务采购询价公告			平潭综合实验区君山片区管理局	https://www.pingtan.gov.cn/zwgk/gsgg/202504/t20250418_98522.htm	zwgk/gsgg/202504/98522_平潭综合实验区君山片区管理局关于2025年动物防疫劳务外包服务采购询价公告/page.txt	done
zwgk/gsgg	平潭综合实验区行政审批局关于人力资源服务许可证信息的公示			平潭综合实验区行政审批局	https://www.pingtan.gov.cn/zwgk/gsgg/202504/t20250418_98518.htm	zwgk/gsgg/202504/98518_平潭综合实验区行政审批局关于人力资源服务许可证信息的公示/page.txt	done
zwgk/gsgg	平潭综合实验区关于马腿村“美丽休闲乡村”基础设施改造提升项目（小型建设工程）施工许可阶段审批前公示			平潭综合实验区行政审批局	https://www.pingtan.gov.cn/zwgk/gsgg/202504/t20250418_98516.htm	zwgk/gsgg/202504/98516_平潭综合实验区关于马腿村“美丽休闲乡村”基础设施改造提升项目（小型建设工程）施工/page.txt	done
zwgk/gsgg	渔业及休闲船舶港口检修中心建设工程规划许可证批后公布			平潭综合实验区自然资源与生态环境局	https://www.pingtan.gov.cn/zwgk/gsgg/202504/t20250418_98515.htm	zwgk/gsgg/202504/98515_渔业及休闲船舶港口检修中心建设工程规划许可证批后公布/page.txt	done
zwgk/gsgg	​平潭综合实验区关于台康海客空间项目（小型建设工程）施工许可阶段审批前公示			平潭综合实验区行政审批局	https://www.pingtan.gov.cn/zwgk/gsgg/202504/t20250418_98514.htm	zwgk/gsgg/202504/98514_​平潭综合实验区关于台康海客空间项目（小型建设工程）施工许可阶段审批前公示/page.txt	done
zwgk/gsgg	2024年平潭综合实验区电梯维护保养与运行质量监督抽查情况			平潭综合实验区市场监督管理局	https://www.pingtan.gov.cn/zwgk/gsgg/202504/t20250418_98511.htm	zwgk/gsgg/202504/98511_2024年平潭综合实验区电梯维护保养与运行质量监督抽查情况/page.txt	done
zwgk/gsgg	平潭综合实验区自然资源服务中心关于《平潭国有防护林场君山工区森林防火蓄水设施》项目自行采购公告			平潭综合实验区自然资源服务中心	https://www.pingtan.gov.cn/zwgk/gsgg/202504/t20250418_98499.htm	zwgk/gsgg/202504/98499_平潭综合实验区自然资源服务中心关于《平潭国有防护林场君山工区森林防火蓄水设施》项/page.txt	done
zwgk/gsgg	平潭综合实验区关于机关食堂员工夏季服装项目比选结果的公告			平潭综合实验区管委会办公室	https://www.pingtan.gov.cn/zwgk/gsgg/202504/t20250417_98488.htm	zwgk/gsgg/202504/98488_平潭综合实验区关于机关食堂员工夏季服装项目比选结果的公告/page.txt	done
zwgk/gsgg	平潭综合实验区党工委农村工作领导小组办公室关于2025年度衔接推进乡村振兴项目 （扶持发展新型农村集体经济项目） 的公告			平潭综合实验区党工委农村工作领导小组办公室	https://www.pingtan.gov.cn/zwgk/gsgg/202504/t20250417_98486.htm	zwgk/gsgg/202504/98486_平潭综合实验区党工委农村工作领导小组办公室关于2025年度衔接推进乡村振兴项目/page.txt	done
zwgk/gsgg	林庆召（林庆兆）等2户自建房历史项目竣工核实结果公布			平潭综合实验区自然资源与生态环境局	https://www.pingtan.gov.cn/zwgk/gsgg/202504/t20250417_98476.htm	zwgk/gsgg/202504/98476_林庆召（林庆兆）等2户自建房历史项目竣工核实结果公布/page.txt	done
zwgk/gsgg	平潭综合实验区自然资源与生态环境局关于平潭长江澳、海坛湾海上休闲娱乐项目用海公示			平潭综合实验区自然资源与生态环境局	https://www.pingtan.gov.cn/zwgk/gsgg/202504/t20250417_98475.htm	zwgk/gsgg/202504/98475_平潭综合实验区自然资源与生态环境局关于平潭长江澳、海坛湾海上休闲娱乐项目用海公示/page.txt	done
zwgk/gsgg	平潭综合实验区行政审批局关于注销平潭世海物流有限公司国内水路运输经营许可的批复			平潭综合实验区行政审批局	https://www.pingtan.gov.cn/zwgk/gsgg/202504/t20250417_98474.htm	zwgk/gsgg/202504/98474_平潭综合实验区行政审批局关于注销平潭世海物流有限公司国内水路运输经营许可的批复/page.txt	done
zwgk/gsgg	平潭综合实验区苏平片区管理局关于2025年省级财政衔接推进乡村振兴补助资金项目公示			桌面	https://www.pingtan.gov.cn/zwgk/gsgg/202504/t20250416_98460.htm	zwgk/gsgg/202504/98460_平潭综合实验区苏平片区管理局关于2025年省级财政衔接推进乡村振兴补助资金项目公/page.txt	done
zwgk/gsgg	平潭综合实验区苏平片区管理局关于省级财政衔接推进乡村振兴补助资金项目公告			桌面	https://www.pingtan.gov.cn/zwgk/gsgg/202504/t20250416_98459.htm	zwgk/gsgg/202504/98459_平潭综合实验区苏平片区管理局关于省级财政衔接推进乡村振兴补助资金项目公告/page.txt	done
zwgk/gsgg	关于2024年度省级财政林业专项资金绩效自评的报告			平潭综合实验区自然资源与生态环境局	https://www.pingtan.gov.cn/zwgk/gsgg/202504/t20250416_98453.htm	zwgk/gsgg/202504/98453_关于2024年度省级财政林业专项资金绩效自评的报告/page.txt	done
zwgk/gsgg	​平潭综合实验区自然资源与生态环境局自行采购项目采购成交结果公告			平潭综合实验区自然资源与生态环境局	https://www.pingtan.gov.cn/zwgk/gsgg/202504/t20250416_98452.htm	zwgk/gsgg/202504/98452_​平潭综合实验区自然资源与生态环境局自行采购项目采购成交结果公告/page.txt	done
zwgk/gsgg	关于平潭综合实验区海坛片区东屿村级组织活动场所建设工程竣工规划条件核实结果公布			平潭综合实验区自然资源与生态环境局	https://www.pingtan.gov.cn/zwgk/gsgg/202504/t20250415_98445.htm	zwgk/gsgg/202504/98445_关于平潭综合实验区海坛片区东屿村级组织活动场所建设工程竣工规划条件核实结果公布/page.txt	done
zwgk/gsgg	平潭县屿头乡关于取消一艘乡镇船舶管理识别号的通告			桌面	https://www.pingtan.gov.cn/zwgk/gsgg/202504/t20250415_98444.htm	zwgk/gsgg/202504/98444_平潭县屿头乡关于取消一艘乡镇船舶管理识别号的通告/page.txt	done
zwgk/gsgg	福建乐凯建设有限公司《行政处罚决定履行催告书》（岚执法应急专催〔2025〕45号）送达公告			平潭综合实验区综合执法与应急管理局	https://www.pingtan.gov.cn/zwgk/gsgg/202504/t20250415_98443.htm	zwgk/gsgg/202504/98443_福建乐凯建设有限公司《行政处罚决定履行催告书》（岚执法应急专催〔2025〕45号/page.txt	done
zwgk/gsgg	福建乐凯建设有限公司《行政处罚决定履行催告书》（岚执法应急专催〔2025〕44号）送达公告			平潭综合实验区综合执法与应急管理局	https://www.pingtan.gov.cn/zwgk/gsgg/202504/t20250415_98442.htm	zwgk/gsgg/202504/98442_福建乐凯建设有限公司《行政处罚决定履行催告书》（岚执法应急专催〔2025〕44号/page.txt	done
zwgk/gsgg	2025年“实验区社会工作服务站指导中心”政府购买服务项目竞争性磋商公告			区党工委政法和社会工作部	https://www.pingtan.gov.cn/zwgk/gsgg/202504/t20250415_98441.htm	zwgk/gsgg/202504/98441_2025年“实验区社会工作服务站指导中心”政府购买服务项目竞争性磋商公告/page.txt	done
zwgk/gsgg	平潭综合实验区行政审批局关于注销平潭轶安船务有限公司国内水路运输经营许可的批复			平潭综合实验区行政审批局	https://www.pingtan.gov.cn/zwgk/gsgg/202504/t20250415_98426.htm	zwgk/gsgg/202504/98426_平潭综合实验区行政审批局关于注销平潭轶安船务有限公司国内水路运输经营许可的批复/page.txt	done
zwgk/gsgg	平潭综合实验区市场监督管理局关于举办数据知识产权保护和运用专题培训班的通知			中共平潭综合实验区党工委    平潭综合实验区管委会	https://www.pingtan.gov.cn/zwgk/gsgg/202504/t20250414_98423.htm	zwgk/gsgg/202504/98423_平潭综合实验区市场监督管理局关于举办数据知识产权保护和运用专题培训班的通知/page.txt	done
zwgk/gsgg	平潭综合实验区自然资源与生态环境局关于平潭综合实验区自来水厂工程（二期）净水厂一阶段工程项目竣工规划条件核实公示			平潭综合实验区自然资源与生态环境局	https://www.pingtan.gov.cn/zwgk/gsgg/202504/t20250411_98391.htm	zwgk/gsgg/202504/98391_平潭综合实验区自然资源与生态环境局关于平潭综合实验区自来水厂工程（二期）净水厂一/page.txt	done
zwgk/gsgg	平潭综合实验区自然资源与生态环境局关于平潭综合实验区白青青峰二级渔港提升改造项目用海公示			平潭综合实验区自然资源与生态环境局	https://www.pingtan.gov.cn/zwgk/gsgg/202504/t20250411_98389.htm	zwgk/gsgg/202504/98389_平潭综合实验区自然资源与生态环境局关于平潭综合实验区白青青峰二级渔港提升改造项目/page.txt	done
zwgk/gsgg	平潭综合实验区自然资源服务中心关于国有林场莲花山工区风倒木采伐销售公告			平潭综合实验区自然资源服务中心	https://www.pingtan.gov.cn/zwgk/gsgg/202504/t20250411_98374.htm	zwgk/gsgg/202504/98374_平潭综合实验区自然资源服务中心关于国有林场莲花山工区风倒木采伐销售公告/page.txt	done
zwgk/gsgg	平潭综合实验区自然资源与生态环境局关于开展2024年度耕地资源分区分类评价更新工作市场调研的公告			平潭综合实验区自然资源与生态环境局	https://www.pingtan.gov.cn/zwgk/gsgg/202504/t20250411_98364.htm	zwgk/gsgg/202504/98364_平潭综合实验区自然资源与生态环境局关于开展2024年度耕地资源分区分类评价更新工/page.txt	done
zwgk/gsgg	平潭综合实验区农业农村局关于 2025年农业“五新”（农机新机具）示范推广项目实施单位的公示			平潭综合实验区农业农村局	https://www.pingtan.gov.cn/zwgk/gsgg/202504/t20250411_98363.htm	zwgk/gsgg/202504/98363_平潭综合实验区农业农村局关于 2025年农业“五新”（农机新机具）示范推广项目实/page.txt	done
zwgk/gsgg	万吨冷链产业园联合竣工验收情况公示			平潭综合实验区行政审批局	https://www.pingtan.gov.cn/zwgk/gsgg/202504/t20250410_98360.htm	zwgk/gsgg/202504/98360_万吨冷链产业园联合竣工验收情况公示/page.txt	done
zwgk/gsgg	关于金井湾消防站训练场竣工规划条件核实结果公布			平潭综合实验区自然资源与生态环境局	https://www.pingtan.gov.cn/zwgk/gsgg/202504/t20250410_98354.htm	zwgk/gsgg/202504/98354_关于金井湾消防站训练场竣工规划条件核实结果公布/page.txt	done
zwgk/gsgg	平潭综合实验区自然资源服务中心关于15宗收储地块社会稳定风险评估报告编制技术服务费市场咨询的公告			平潭综合实验区自然资源服务中心	https://www.pingtan.gov.cn/zwgk/gsgg/202504/t20250410_98348.htm	zwgk/gsgg/202504/98348_平潭综合实验区自然资源服务中心关于15宗收储地块社会稳定风险评估报告编制技术服务/page.txt	done
zwgk/gsgg	平潭综合实验区河长制办公室关于公布平潭综合实验区区级河长名单的公告			平潭综合实验区农业农村局	https://www.pingtan.gov.cn/zwgk/gsgg/202504/t20250410_98347.htm	zwgk/gsgg/202504/98347_平潭综合实验区河长制办公室关于公布平潭综合实验区区级河长名单的公告/page.txt	done
zwgk/gsgg	平潭综合实验区关于台创园提升改造工程（金井码头附属园区仓库周边配套提升项目）立项用地许可阶段审批前公示			平潭综合实验区行政审批局	https://www.pingtan.gov.cn/zwgk/gsgg/202504/t20250409_98344.htm	zwgk/gsgg/202504/98344_平潭综合实验区关于台创园提升改造工程（金井码头附属园区仓库周边配套提升项目）立项/page.txt	done
zwgk/gsgg	平潭综合实验区管委会机关食堂员工夏季服装询价公告			平潭综合实验区管委会办公室	https://www.pingtan.gov.cn/zwgk/gsgg/202504/t20250409_98343.htm	zwgk/gsgg/202504/98343_平潭综合实验区管委会机关食堂员工夏季服装询价公告/page.txt	done
zwgk/gsgg	平潭综合实验区自然资源与生态环境局关于开展实验区全域土地综合整治专项规划编制工作市场调研的公告			平潭综合实验区自然资源与生态环境局	https://www.pingtan.gov.cn/zwgk/gsgg/202504/t20250409_98342.htm	zwgk/gsgg/202504/98342_平潭综合实验区自然资源与生态环境局关于开展实验区全域土地综合整治专项规划编制工作/page.txt	done
zwgk/gsgg	关于龙头村幸福院项目总平面图批前公示			平潭综合实验区自然资源与生态环境局	https://www.pingtan.gov.cn/zwgk/gsgg/202504/t20250408_98321.htm	zwgk/gsgg/202504/98321_关于龙头村幸福院项目总平面图批前公示/page.txt	done
zwgk/gsgg	平潭综合实验区自然资源服务中心关于2025年林业有害生物防治采购项目开标结果公告			平潭综合实验区自然资源服务中心	https://www.pingtan.gov.cn/zwgk/gsgg/202504/t20250408_98313.htm	zwgk/gsgg/202504/98313_平潭综合实验区自然资源服务中心关于2025年林业有害生物防治采购项目开标结果公告/page.txt	done
zwgk/gsgg	​平潭综合实验区自然资源与生态环境局关于《平潭综合实验区“十五五”生态环境保护规划》编制项目询价公告			平潭综合实验区自然资源与生态环境局	https://www.pingtan.gov.cn/zwgk/gsgg/202504/t20250408_98306.htm	zwgk/gsgg/202504/98306_​平潭综合实验区自然资源与生态环境局关于《平潭综合实验区“十五五”生态环境保护规/page.txt	done
zwgk/gsgg	建设用地规划许可证			平潭综合实验区自然资源与生态环境局	https://www.pingtan.gov.cn/zwgk/gsgg/202504/t20250408_98302.htm	zwgk/gsgg/202504/98302_建设用地规划许可证/page.txt	done
zwgk/gsgg	公告			平潭综合实验区金井片区管理局	https://www.pingtan.gov.cn/zwgk/gsgg/202504/t20250407_98296.htm	zwgk/gsgg/202504/98296_公告/page.txt	done
zwgk/gsgg	平潭综合实验区管委会安委会办公室关于2025年1-3月份生产安全事故情况的通报			执法应急局	https://www.pingtan.gov.cn/zwgk/gsgg/202504/t20250407_98294.htm	zwgk/gsgg/202504/98294_平潭综合实验区管委会安委会办公室关于2025年1-3月份生产安全事故情况的通报/page.txt	done
zwgk/gsgg	2025年第一季度“双随机一公开”检查情况公示			平潭综合实验区自然资源与生态环境局	https://www.pingtan.gov.cn/zwgk/gsgg/202504/t20250407_98276.htm	zwgk/gsgg/202504/98276_2025年第一季度“双随机一公开”检查情况公示/page.txt	done
zwgk/gsgg	关于万吨冷链产业园（变更）项目竣工规划条件核实结果公布			平潭综合实验区自然资源与生态环境局	https://www.pingtan.gov.cn/zwgk/gsgg/202504/t20250403_98253.htm	zwgk/gsgg/202504/98253_关于万吨冷链产业园（变更）项目竣工规划条件核实结果公布/page.txt	done
zwgk/gsgg	集成电路封装厂(变更)项目建设工程规划  许可证批后公布			平潭综合实验区自然资源与生态环境局	https://www.pingtan.gov.cn/zwgk/gsgg/202504/t20250402_98229.htm	zwgk/gsgg/202504/98229_集成电路封装厂(变更)项目建设工程规划 许可证批后公布/page.txt	done
zwgk/gsgg	平潭综合实验区行政审批局关于平潭竹屿湾游艇码头（一期）工程环境影响报告书的公示			平潭综合实验区行政审批局	https://www.pingtan.gov.cn/zwgk/gsgg/202504/t20250402_98228.htm	zwgk/gsgg/202504/98228_平潭综合实验区行政审批局关于平潭竹屿湾游艇码头（一期）工程环境影响报告书的公示/page.txt	done
zwgk/gsgg	平潭综合实验区关于平潭综合实验区交通服务基础设施信息化提升项目工程建设许可阶段审批前公示			平潭综合实验区行政审批局	https://www.pingtan.gov.cn/zwgk/gsgg/202504/t20250402_98225.htm	zwgk/gsgg/202504/98225_平潭综合实验区关于平潭综合实验区交通服务基础设施信息化提升项目工程建设许可阶段审/page.txt	done
zwgk/gsgg	平潭综合实验区农业农村局关于平潭2024年度农机购置补贴政策落实情况的公告			平潭综合实验区农业农村局	https://www.pingtan.gov.cn/zwgk/gsgg/202504/t20250402_98199.htm	zwgk/gsgg/202504/98199_平潭综合实验区农业农村局关于平潭2024年度农机购置补贴政策落实情况的公告/page.txt	done
zwgk/gsgg	平潭综合实验区农业农村局关于2025年第一批农机购置补贴申请情况的公示			平潭综合实验区农业农村局	https://www.pingtan.gov.cn/zwgk/gsgg/202504/t20250402_98197.htm	zwgk/gsgg/202504/98197_平潭综合实验区农业农村局关于2025年第一批农机购置补贴申请情况的公示/page.txt	done
zwgk/gsgg	平潭综合实验区农业农村局关于拨付2025年马铃薯种植保险区级保费补贴资金的公示			平潭综合实验区农业农村局	https://www.pingtan.gov.cn/zwgk/gsgg/202504/t20250402_98195.htm	zwgk/gsgg/202504/98195_平潭综合实验区农业农村局关于拨付2025年马铃薯种植保险区级保费补贴资金的公示/page.txt	done
zwgk/gsgg	平潭综合实验区农业农村局关于高标准农田建设项目实施情况的公开			平潭综合实验区农业农村局	https://www.pingtan.gov.cn/zwgk/gsgg/202504/t20250402_98194.htm	zwgk/gsgg/202504/98194_平潭综合实验区农业农村局关于高标准农田建设项目实施情况的公开/page.txt	done
zwgk/gsgg	平潭综合实验区2025年农作物新品种展示示范项目申报情况公开			平潭综合实验区农业农村局	https://www.pingtan.gov.cn/zwgk/gsgg/202504/t20250402_98193.htm	zwgk/gsgg/202504/98193_平潭综合实验区2025年农作物新品种展示示范项目申报情况公开/page.txt	done
zwgk/gsgg	平潭综合实验区2025年基层农技推广体系改革与建设补助项目农业科技示范基地申报情况公开			平潭综合实验区农业农村局	https://www.pingtan.gov.cn/zwgk/gsgg/202504/t20250402_98192.htm	zwgk/gsgg/202504/98192_平潭综合实验区2025年基层农技推广体系改革与建设补助项目农业科技示范基地申报情/page.txt	done
zwgk/gsgg	平潭综合实验区君山片区管理局关于河长名单的公示			平潭综合实验区君山片区管理局	https://www.pingtan.gov.cn/zwgk/gsgg/202504/t20250402_98189.htm	zwgk/gsgg/202504/98189_平潭综合实验区君山片区管理局关于河长名单的公示/page.txt	done
zwgk/gsgg	平潭综合实验区金井片区管理局河长制办公室关于河湖长名单的公示			平潭综合实验区金井片区管理局	https://www.pingtan.gov.cn/zwgk/gsgg/202504/t20250402_98186.htm	zwgk/gsgg/202504/98186_平潭综合实验区金井片区管理局河长制办公室关于河湖长名单的公示/page.txt	done
zwgk/gsgg	平潭综合实验区苏平片区管理局关于河长名单的公示			桌面	https://www.pingtan.gov.cn/zwgk/gsgg/202504/t20250402_98173.htm	zwgk/gsgg/202504/98173_平潭综合实验区苏平片区管理局关于河长名单的公示/page.txt	done
zwgk/gsgg	平潭综合实验区自然资源与生态环境局关于2025年第一次公开出让国有建设用地使用权的公告			平潭综合实验区自然资源与生态环境局	https://www.pingtan.gov.cn/zwgk/gsgg/202504/t20250402_98171.htm	zwgk/gsgg/202504/98171_平潭综合实验区自然资源与生态环境局关于2025年第一次公开出让国有建设用地使用权/page.txt	done
zwgk/gsgg	大坪村党群服务中心（村史馆）建设项目总平面图批前公示			平潭综合实验区自然资源与生态环境局	https://www.pingtan.gov.cn/zwgk/gsgg/202504/t20250401_98150.htm	zwgk/gsgg/202504/98150_大坪村党群服务中心（村史馆）建设项目总平面图批前公示/page.txt	done
zwgk/gsgg	关于渔业及休闲船舶港口检修中心项目总平面图批前公示			平潭综合实验区自然资源与生态环境局	https://www.pingtan.gov.cn/zwgk/gsgg/202504/t20250401_98149.htm	zwgk/gsgg/202504/98149_关于渔业及休闲船舶港口检修中心项目总平面图批前公示/page.txt	done
zwgk/gsgg	平潭综合实验区党工委农村工作领导小组办公室关于调剂2025年省级乡村振兴机制创新奖补资金的通知			平潭综合实验区农业农村局	https://www.pingtan.gov.cn/zwgk/gsgg/202503/t20250331_98148.htm	zwgk/gsgg/202503/98148_平潭综合实验区党工委农村工作领导小组办公室关于调剂2025年省级乡村振兴机制创新/page.txt	done
zwgk/gsgg	平潭综合实验区农业农村局关于2024年区级优质新型农业经营主体评审结果的公示			平潭综合实验区农业农村局	https://www.pingtan.gov.cn/zwgk/gsgg/202503/t20250331_98147.htm	zwgk/gsgg/202503/98147_平潭综合实验区农业农村局关于2024年区级优质新型农业经营主体评审结果的公示/page.txt	done
zwgk/gsgg	平潭综合实验区关于周裕藩纪念馆建设项目（小型建设工程）施工许可阶段审批前公示			平潭综合实验区行政审批局	https://www.pingtan.gov.cn/zwgk/gsgg/202503/t20250331_98146.htm	zwgk/gsgg/202503/98146_平潭综合实验区关于周裕藩纪念馆建设项目（小型建设工程）施工许可阶段审批前公示/page.txt	done
zwgk/gsgg	消费者投诉举报指挥中心接诉外包项目成交公告			平潭综合实验区市场监督管理局	https://www.pingtan.gov.cn/zwgk/gsgg/202503/t20250331_98135.htm	zwgk/gsgg/202503/98135_消费者投诉举报指挥中心接诉外包项目成交公告/page.txt	done
zwgk/gsgg	建筑产业化基地周边路网联合竣工验收情况公示			平潭综合实验区行政审批局	https://www.pingtan.gov.cn/zwgk/gsgg/202503/t20250331_98133.htm	zwgk/gsgg/202503/98133_建筑产业化基地周边路网联合竣工验收情况公示/page.txt	done
zwgk/gsgg	平潭综合实验区住宅区、建筑物备案名称公告			平潭综合实验区社会事业局	https://www.pingtan.gov.cn/zwgk/gsgg/202503/t20250331_98132.htm	zwgk/gsgg/202503/98132_平潭综合实验区住宅区、建筑物备案名称公告/page.txt	done
zwgk/gsgg	平潭综合实验区自然资源与生态环境局关于发布生态环境监督执法正面清单企业名单（2025-2028年）的公告			平潭综合实验区自然资源与生态环境局	https://www.pingtan.gov.cn/zwgk/gsgg/202503/t20250331_98131.htm	zwgk/gsgg/202503/98131_平潭综合实验区自然资源与生态环境局关于发布生态环境监督执法正面清单企业名单（20/page.txt	done
zwgk/gsgg	平潭综合实验区住宅区、建筑物备案名称公告			平潭综合实验区社会事业局	https://www.pingtan.gov.cn/zwgk/gsgg/202503/t20250331_98130.htm	zwgk/gsgg/202503/98130_平潭综合实验区住宅区、建筑物备案名称公告/page.txt	done
zwgk/gsgg	平潭综合实验区自然资源服务中心关于出让地块林木砍伐服务市场调研的公告			平潭综合实验区自然资源服务中心	https://www.pingtan.gov.cn/zwgk/gsgg/202503/t20250331_98114.htm	zwgk/gsgg/202503/98114_平潭综合实验区自然资源服务中心关于出让地块林木砍伐服务市场调研的公告/page.txt	done
zwgk/gsgg	平潭综合实验区自然资源服务中心关于拟收回城关购销站地块国有土地使用权及相关建（构）筑物的公告			平潭综合实验区自然资源服务中心	https://www.pingtan.gov.cn/zwgk/gsgg/202503/t20250331_98113.htm	zwgk/gsgg/202503/98113_平潭综合实验区自然资源服务中心关于拟收回城关购销站地块国有土地使用权及相关建（构/page.txt	done
zwgk/gsgg	区党工委对金井片区管理局党委开展巡察工作公告			平潭综合实验区金井片区管理局	https://www.pingtan.gov.cn/zwgk/gsgg/202503/t20250328_98111.htm	zwgk/gsgg/202503/98111_区党工委对金井片区管理局党委开展巡察工作公告/page.txt	done
zwgk/gsgg	关于第二轮中央生态环境保护督察反馈 “油品质量管控不严问题”整改销号公示			中共平潭综合实验区党工委    平潭综合实验区管委会	https://www.pingtan.gov.cn/zwgk/gsgg/202503/t20250328_98110.htm	zwgk/gsgg/202503/98110_关于第二轮中央生态环境保护督察反馈 “油品质量管控不严问题”整改销号公示/page.txt	done
zwgk/gsgg	平潭综合实验区海坛片区管理局关于河长名单的公示			海坛片区	https://www.pingtan.gov.cn/zwgk/gsgg/202503/t20250328_98109.htm	zwgk/gsgg/202503/98109_平潭综合实验区海坛片区管理局关于河长名单的公示/page.txt	done
zwgk/gsgg	平潭综合实验区君山片区管理局关于大坪村2024年乡村振兴补助资金（整村推进资金）项目的公告			平潭综合实验区君山片区管理局	https://www.pingtan.gov.cn/zwgk/gsgg/202503/t20250328_98108.htm	zwgk/gsgg/202503/98108_平潭综合实验区君山片区管理局关于大坪村2024年乡村振兴补助资金（整村推进资金）/page.txt	done
zwgk/gsgg	平潭综合实验区农业农村局关于第一批乡村振兴领军人才推荐名单的公示			平潭综合实验区农业农村局	https://www.pingtan.gov.cn/zwgk/gsgg/202503/t20250328_98103.htm	zwgk/gsgg/202503/98103_平潭综合实验区农业农村局关于第一批乡村振兴领军人才推荐名单的公示/page.txt	done
zwgk/gsgg	平潭综合实验区党工委农村工作领导小组办公室关于实验区2025年度全省乡村振兴重点村培育对象申报推荐名单的公示			平潭综合实验区党工委农村工作领导小组办公室	https://www.pingtan.gov.cn/zwgk/gsgg/202503/t20250328_98102.htm	zwgk/gsgg/202503/98102_平潭综合实验区党工委农村工作领导小组办公室关于实验区2025年度全省乡村振兴重点/page.txt	done
zwgk/gsgg	平潭综合实验区2025年林业有害生物防治项目采购公告			平潭综合实验区自然资源服务中心	https://www.pingtan.gov.cn/zwgk/gsgg/202503/t20250328_98086.htm	zwgk/gsgg/202503/98086_平潭综合实验区2025年林业有害生物防治项目采购公告/page.txt	done
zwgk/gsgg	平潭综合实验区自然资源服务中心自行采购项目采购成交结果公告			平潭综合实验区自然资源服务中心	https://www.pingtan.gov.cn/zwgk/gsgg/202503/t20250327_98084.htm	zwgk/gsgg/202503/98084_平潭综合实验区自然资源服务中心自行采购项目采购成交结果公告/page.txt	done
zwgk/gsgg	平潭综合实验区关于高品质旅游厕所（榕山村）（小型建设工程）施工许可阶段审批前公示			平潭综合实验区行政审批局	https://www.pingtan.gov.cn/zwgk/gsgg/202503/t20250327_98082.htm	zwgk/gsgg/202503/98082_平潭综合实验区关于高品质旅游厕所（榕山村）（小型建设工程）施工许可阶段审批前公示/page.txt	done
zwgk/gsgg	平潭综合实验区关于调整起帆平潭海缆基地项目工程建设许可阶段审批前公示			平潭综合实验区行政审批局	https://www.pingtan.gov.cn/zwgk/gsgg/202503/t20250327_98081.htm	zwgk/gsgg/202503/98081_平潭综合实验区关于调整起帆平潭海缆基地项目工程建设许可阶段审批前公示/page.txt	done
zwgk/gsgg	平潭综合实验区市场监督管理局关于2024年度电梯维保单位信用等级评定情况的通报			平潭综合实验区市场监督管理局	https://www.pingtan.gov.cn/zwgk/gsgg/202503/t20250327_98079.htm	zwgk/gsgg/202503/98079_平潭综合实验区市场监督管理局关于2024年度电梯维保单位信用等级评定情况的通报/page.txt	done
zwgk/gsgg	公示			平潭综合实验区金井片区管理局	https://www.pingtan.gov.cn/zwgk/gsgg/202503/t20250326_98063.htm	zwgk/gsgg/202503/98063_公示/page.txt	done
zwgk/gsgg	建设用地规划许可证			平潭综合实验区自然资源与生态环境局	https://www.pingtan.gov.cn/zwgk/gsgg/202503/t20250326_98061.htm	zwgk/gsgg/202503/98061_建设用地规划许可证/page.txt	done
zwgk/gsgg	关于海坛片区东屿村级组织活动场所建设工程竣工规划条件核实公示			平潭综合实验区自然资源与生态环境局	https://www.pingtan.gov.cn/zwgk/gsgg/202503/t20250326_98049.htm	zwgk/gsgg/202503/98049_关于海坛片区东屿村级组织活动场所建设工程竣工规划条件核实公示/page.txt	done
zwgk/gsgg	平潭综合实验区关于平潭长江澳（含磹水）旅游（水上业态）提升项目临时用海审批前公示			平潭综合实验区行政审批局	https://www.pingtan.gov.cn/zwgk/gsgg/202503/t20250326_98048.htm	zwgk/gsgg/202503/98048_平潭综合实验区关于平潭长江澳（含磹水）旅游（水上业态）提升项目临时用海审批前公示/page.txt	done
zwgk/gsgg	起帆平潭海缆基地项目（变更）建设工程规划许可证批后公布			平潭综合实验区自然资源与生态环境局	https://www.pingtan.gov.cn/zwgk/gsgg/202503/t20250325_98047.htm	zwgk/gsgg/202503/98047_起帆平潭海缆基地项目（变更）建设工程规划许可证批后公布/page.txt	done
zwgk/gsgg	关于2025年第一季度平潭综合实验区突发环境事件情况的公示			平潭综合实验区自然资源与生态环境局	https://www.pingtan.gov.cn/zwgk/gsgg/202503/t20250325_98046.htm	zwgk/gsgg/202503/98046_关于2025年第一季度平潭综合实验区突发环境事件情况的公示/page.txt	done
zwgk/gsgg	平潭综合实验区自然资源服务中心关于三十六脚湖周边环境综合整治项目咨询公告			平潭综合实验区自然资源服务中心	https://www.pingtan.gov.cn/zwgk/gsgg/202503/t20250325_98045.htm	zwgk/gsgg/202503/98045_平潭综合实验区自然资源服务中心关于三十六脚湖周边环境综合整治项目咨询公告/page.txt	done
zwgk/gsgg	建设用地变更公示			平潭综合实验区自然资源与生态环境局	https://www.pingtan.gov.cn/zwgk/gsgg/202503/t20250324_98030.htm	zwgk/gsgg/202503/98030_建设用地变更公示/page.txt	done
zwgk/gsgg	用地预审与选址意见书公示			平潭综合实验区自然资源与生态环境局	https://www.pingtan.gov.cn/zwgk/gsgg/202503/t20250324_98029.htm	zwgk/gsgg/202503/98029_用地预审与选址意见书公示/page.txt	done
zwgk/gsgg	用地选址公示变更			平潭综合实验区自然资源与生态环境局	https://www.pingtan.gov.cn/zwgk/gsgg/202503/t20250324_98028.htm	zwgk/gsgg/202503/98028_用地选址公示变更/page.txt	done
zwgk/gsgg	关于建新村海防文化教育基地项目乡村建设规划许可证变更批前公示			平潭综合实验区自然资源与生态环境局	https://www.pingtan.gov.cn/zwgk/gsgg/202503/t20250324_98027.htm	zwgk/gsgg/202503/98027_关于建新村海防文化教育基地项目乡村建设规划许可证变更批前公示/page.txt	done
zwgk/gsgg	2025年度平潭综合实验区党工委党校印刷采购项目询价公告			平潭综合实验区党工委党校（区行政学院、区社会主义学院）	https://www.pingtan.gov.cn/zwgk/gsgg/202503/t20250324_98026.htm	zwgk/gsgg/202503/98026_2025年度平潭综合实验区党工委党校印刷采购项目询价公告/page.txt	done
zwgk/gsgg	2025年度平潭综合实验区党工委党校桶装水采购项目询价公告			平潭综合实验区党工委党校（区行政学院、区社会主义学院）	https://www.pingtan.gov.cn/zwgk/gsgg/202503/t20250324_98025.htm	zwgk/gsgg/202503/98025_2025年度平潭综合实验区党工委党校桶装水采购项目询价公告/page.txt	done
zwgk/gsgg	2025年度平潭综合实验区党工委党校办公用品、日用品采购项目询价公告			平潭综合实验区党工委党校（区行政学院、区社会主义学院）	https://www.pingtan.gov.cn/zwgk/gsgg/202503/t20250324_98024.htm	zwgk/gsgg/202503/98024_2025年度平潭综合实验区党工委党校办公用品、日用品采购项目询价公告/page.txt	done
zwgk/gsgg	2025年度平潭综合实验区党工委党校办公设备耗材及配件采购项目询价公告			平潭综合实验区党工委党校（区行政学院、区社会主义学院）	https://www.pingtan.gov.cn/zwgk/gsgg/202503/t20250324_98023.htm	zwgk/gsgg/202503/98023_2025年度平潭综合实验区党工委党校办公设备耗材及配件采购项目询价公告/page.txt	done
zwgk/gsgg	区党工委对君山片区管理局党委开展巡察工作公告			平潭综合实验区君山片区管理局	https://www.pingtan.gov.cn/zwgk/gsgg/202503/t20250324_98000.htm	zwgk/gsgg/202503/98000_区党工委对君山片区管理局党委开展巡察工作公告/page.txt	done
zwgk/gsgg	平潭综合实验区自然灾害应急能力提升 工程基层防灾项目技术参数方案征集公告			区应急事务中心	https://www.pingtan.gov.cn/zwgk/gsgg/202503/t20250320_97967.htm	zwgk/gsgg/202503/97967_平潭综合实验区自然灾害应急能力提升 工程基层防灾项目技术参数方案征集公告/page.txt	done
zwgk/gsgg	平潭综合实验区自然资源服务中心自行采购项目采购公告			平潭综合实验区自然资源服务中心	https://www.pingtan.gov.cn/zwgk/gsgg/202503/t20250320_97963.htm	zwgk/gsgg/202503/97963_平潭综合实验区自然资源服务中心自行采购项目采购公告/page.txt	done
zwgk/gsgg	区党工委对海坛片区管理局党委开展巡察工作公告			海坛片区	https://www.pingtan.gov.cn/zwgk/gsgg/202503/t20250319_97958.htm	zwgk/gsgg/202503/97958_区党工委对海坛片区管理局党委开展巡察工作公告/page.txt	done
zwgk/gsgg	平潭综合实验区关于象鼻湾景区提升改造（一期）项目施工许可阶段审批前公示			平潭综合实验区行政审批局	https://www.pingtan.gov.cn/zwgk/gsgg/202503/t20250319_97956.htm	zwgk/gsgg/202503/97956_平潭综合实验区关于象鼻湾景区提升改造（一期）项目施工许可阶段审批前公示/page.txt	done
zwgk/gsgg	平潭综合实验区自然资源服务中心关于信息学院北侧地块垃圾清理服务市场调研的公告			平潭综合实验区自然资源服务中心	https://www.pingtan.gov.cn/zwgk/gsgg/202503/t20250319_97955.htm	zwgk/gsgg/202503/97955_平潭综合实验区自然资源服务中心关于信息学院北侧地块垃圾清理服务市场调研的公告/page.txt	done
zwgk/gsgg	平潭综合实验区党工委党群工作部关于下达2025年民族团结进步创建工作经费的通知			区党工委党群工作部	https://www.pingtan.gov.cn/zwgk/gsgg/202503/t20250319_97944.htm	zwgk/gsgg/202503/97944_平潭综合实验区党工委党群工作部关于下达2025年民族团结进步创建工作经费的通知/page.txt	done
zwgk/gsgg	君山镇凤楼村凤君路建设工程项目(中标通知书)			平潭综合实验区君山片区管理局	https://www.pingtan.gov.cn/zwgk/gsgg/202503/t20250319_97942.htm	zwgk/gsgg/202503/97942_君山镇凤楼村凤君路建设工程项目(中标通知书)/page.txt	done
zwgk/gsgg	消费者投诉举报指挥中心接诉外包项目竞争性磋商公告			平潭综合实验区市场监督管理局	https://www.pingtan.gov.cn/zwgk/gsgg/202503/t20250319_97941.htm	zwgk/gsgg/202503/97941_消费者投诉举报指挥中心接诉外包项目竞争性磋商公告/page.txt	done
zwgk/gsgg	起帆平潭海缆基地项目堆场（变更）建设工程规划许可证批后公布			平潭综合实验区自然资源与生态环境局	https://www.pingtan.gov.cn/zwgk/gsgg/202503/t20250318_97930.htm	zwgk/gsgg/202503/97930_起帆平潭海缆基地项目堆场（变更）建设工程规划许可证批后公布/page.txt	done
zwgk/gsgg	关于万吨冷链产业园（变更）项目竣工规划			平潭综合实验区自然资源与生态环境局	https://www.pingtan.gov.cn/zwgk/gsgg/202503/t20250318_97926.htm	zwgk/gsgg/202503/97926_关于万吨冷链产业园（变更）项目竣工规划/page.txt	done
zwgk/gsgg	平潭综合实验区自然资源服务中心关于福胜路地块围挡拆除服务市场调研的公告			平潭综合实验区自然资源服务中心	https://www.pingtan.gov.cn/zwgk/gsgg/202503/t20250318_97916.htm	zwgk/gsgg/202503/97916_平潭综合实验区自然资源服务中心关于福胜路地块围挡拆除服务市场调研的公告/page.txt	done
zwgk/gsgg	平潭综合实验区2024年固体废物污染环境防治信息			平潭综合实验区自然资源与生态环境局	https://www.pingtan.gov.cn/zwgk/gsgg/202503/t20250318_97915.htm	zwgk/gsgg/202503/97915_平潭综合实验区2024年固体废物污染环境防治信息/page.txt	done
zwgk/gsgg	平潭综合实验区自然资源与生态环境局关于发布平潭综合实验区2025年环境监管重点单位名录的通知			平潭综合实验区自然资源与生态环境局	https://www.pingtan.gov.cn/zwgk/gsgg/202503/t20250317_97911.htm	zwgk/gsgg/202503/97911_平潭综合实验区自然资源与生态环境局关于发布平潭综合实验区2025年环境监管重点单/page.txt	done
zwgk/gsgg	​平潭综合实验区自然资源与生态环境局自行采购项目采购成交结果公告			平潭综合实验区自然资源与生态环境局	https://www.pingtan.gov.cn/zwgk/gsgg/202503/t20250317_97899.htm	zwgk/gsgg/202503/97899_​平潭综合实验区自然资源与生态环境局自行采购项目采购成交结果公告/page.txt	done
zwgk/gsgg	平潭综合实验区农业农村局关于2025年第一批农机购置补贴申请情况的公示			平潭综合实验区农业农村局	https://www.pingtan.gov.cn/zwgk/gsgg/202503/t20250317_97889.htm	zwgk/gsgg/202503/97889_平潭综合实验区农业农村局关于2025年第一批农机购置补贴申请情况的公示/page.txt	done
zwgk/gsgg	平潭综合实验区关于人民检察院12309检察服务中心、涉台法律服务中心配套工程（小型建设工程）施工许可阶段审批前公示			平潭综合实验区行政审批局	https://www.pingtan.gov.cn/zwgk/gsgg/202503/t20250314_97879.htm	zwgk/gsgg/202503/97879_平潭综合实验区关于人民检察院12309检察服务中心、涉台法律服务中心配套工程（小/page.txt	done
zwgk/gsgg	平潭综合实验区关于两岸国医馆内涵及服务能力提升工程立项用地许可阶段审批前公示			平潭综合实验区行政审批局	https://www.pingtan.gov.cn/zwgk/gsgg/202503/t20250314_97878.htm	zwgk/gsgg/202503/97878_平潭综合实验区关于两岸国医馆内涵及服务能力提升工程立项用地许可阶段审批前公示/page.txt	done
zwgk/gsgg	平潭综合实验区行政审批局关于注销平潭盛帆海运有限公司国内船舶管理业务经营许可的批复			平潭综合实验区行政审批局	https://www.pingtan.gov.cn/zwgk/gsgg/202503/t20250314_97874.htm	zwgk/gsgg/202503/97874_平潭综合实验区行政审批局关于注销平潭盛帆海运有限公司国内船舶管理业务经营许可的批/page.txt	done
zwgk/gsgg	平潭综合实验区君山片区管理局关于大坪村2024年乡村振兴补助资金（整村推进资金）项目的公示			平潭综合实验区君山片区管理局	https://www.pingtan.gov.cn/zwgk/gsgg/202503/t20250314_97873.htm	zwgk/gsgg/202503/97873_平潭综合实验区君山片区管理局关于大坪村2024年乡村振兴补助资金（整村推进资金）/page.txt	done
zwgk/gsgg	平潭综合实验区社会事业局关于2025年  一次性稳就业奖补对象的公示			平潭社会事业局	https://www.pingtan.gov.cn/zwgk/gsgg/202503/t20250314_97871.htm	zwgk/gsgg/202503/97871_平潭综合实验区社会事业局关于2025年 一次性稳就业奖补对象的公示/page.txt	done
zwgk/gsgg	平潭综合实验区社会事业局关于对外招聘奖补对象的公示			平潭社会事业局	https://www.pingtan.gov.cn/zwgk/gsgg/202503/t20250314_97870.htm	zwgk/gsgg/202503/97870_平潭综合实验区社会事业局关于对外招聘奖补对象的公示/page.txt	done
zwgk/gsgg	平潭综合实验区环境监测站站房建设项目竣工规划条件核实结果公布			平潭综合实验区自然资源与生态环境局	https://www.pingtan.gov.cn/zwgk/gsgg/202503/t20250314_97859.htm	zwgk/gsgg/202503/97859_平潭综合实验区环境监测站站房建设项目竣工规划条件核实结果公布/page.txt	done
zwgk/gsgg	2025年2月及1-2月平潭环境空气质量			平潭综合实验区自然资源与生态环境局	https://www.pingtan.gov.cn/zwgk/gsgg/202503/t20250314_97858.htm	zwgk/gsgg/202503/97858_2025年2月及1-2月平潭环境空气质量/page.txt	done
zwgk/gsgg	金井片区城乡环卫一体化服务类采购项目预公告			平潭综合实验区金井片区管理局	https://www.pingtan.gov.cn/zwgk/gsgg/202503/t20250313_97846.htm	zwgk/gsgg/202503/97846_金井片区城乡环卫一体化服务类采购项目预公告/page.txt	done
zwgk/gsgg	君山镇北港村旅游文化产品研发推广场所建设工程中标通知书			平潭综合实验区君山片区管理局	https://www.pingtan.gov.cn/zwgk/gsgg/202503/t20250312_97826.htm	zwgk/gsgg/202503/97826_君山镇北港村旅游文化产品研发推广场所建设工程中标通知书/page.txt	done
zwgk/gsgg	君山镇北港村美食乡宴和特色农产品摊位建设工程中标通知书			平潭综合实验区君山片区管理局	https://www.pingtan.gov.cn/zwgk/gsgg/202503/t20250312_97825.htm	zwgk/gsgg/202503/97825_君山镇北港村美食乡宴和特色农产品摊位建设工程中标通知书/page.txt	done
zwgk/gsgg	建设用地规划许可证公示			平潭综合实验区自然资源与生态环境局	https://www.pingtan.gov.cn/zwgk/gsgg/202503/t20250312_97820.htm	zwgk/gsgg/202503/97820_建设用地规划许可证公示/page.txt	done
zwgk/gsgg	君山镇北港村景村人居环境整治提升项目(中标通知书)			平潭综合实验区君山片区管理局	https://www.pingtan.gov.cn/zwgk/gsgg/202503/t20250312_97819.htm	zwgk/gsgg/202503/97819_君山镇北港村景村人居环境整治提升项目(中标通知书)/page.txt	done
zwgk/gsgg	平潭综合实验区2025年农业“五新” （农机新机具）示范推广项目申报情况公开			平潭综合实验区农业农村局	https://www.pingtan.gov.cn/zwgk/gsgg/202503/t20250312_97812.htm	zwgk/gsgg/202503/97812_平潭综合实验区2025年农业“五新” （农机新机具）示范推广项目申报情况公开/page.txt	done
zwgk/gsgg	平潭综合实验区农业农村局关于多功能拖拉机全面清零的公告			平潭综合实验区农业农村局	https://www.pingtan.gov.cn/zwgk/gsgg/202503/t20250312_97811.htm	zwgk/gsgg/202503/97811_平潭综合实验区农业农村局关于多功能拖拉机全面清零的公告/page.txt	done
zwgk/gsgg	平潭综合实验区金井片区管理局机关食堂主要食材采购询价比选结果公告			平潭综合实验区金井片区管理局	https://www.pingtan.gov.cn/zwgk/gsgg/202503/t20250311_97810.htm	zwgk/gsgg/202503/97810_平潭综合实验区金井片区管理局机关食堂主要食材采购询价比选结果公告/page.txt	done
zwgk/gsgg	公告			桌面	https://www.pingtan.gov.cn/zwgk/gsgg/202503/t20250311_97806.htm	zwgk/gsgg/202503/97806_公告/page.txt	done
zwgk/gsgg	平潭综合实验区关于象鼻湾提升改造项目环境影响评价报告表审批前公示			平潭综合实验区行政审批局	https://www.pingtan.gov.cn/zwgk/gsgg/202503/t20250311_97795.htm	zwgk/gsgg/202503/97795_平潭综合实验区关于象鼻湾提升改造项目环境影响评价报告表审批前公示/page.txt	done
zwgk/gsgg	君山镇凤楼村凤君路建设工程项目			平潭综合实验区君山片区管理局	https://www.pingtan.gov.cn/zwgk/gsgg/202503/t20250310_97792.htm	zwgk/gsgg/202503/97792_君山镇凤楼村凤君路建设工程项目/page.txt	done
zwgk/gsgg	金井片区城乡环卫一体化服务类采购项目采购需求论证公示			平潭综合实验区金井片区管理局	https://www.pingtan.gov.cn/zwgk/gsgg/202503/t20250307_97761.htm	zwgk/gsgg/202503/97761_金井片区城乡环卫一体化服务类采购项目采购需求论证公示/page.txt	done
zwgk/gsgg	平潭综合实验区关于平潭综合实验区新兴产业园及周边水系排洪减灾工程立项用地许可阶段审批前公示			平潭综合实验区行政审批局	https://www.pingtan.gov.cn/zwgk/gsgg/202503/t20250307_97760.htm	zwgk/gsgg/202503/97760_平潭综合实验区关于平潭综合实验区新兴产业园及周边水系排洪减灾工程立项用地许可阶段/page.txt	done
zwgk/gsgg	关于2025年自然保护地林权所有者补偿补助资金分配情况的公示			平潭综合实验区自然资源与生态环境局	https://www.pingtan.gov.cn/zwgk/gsgg/202503/t20250307_97759.htm	zwgk/gsgg/202503/97759_关于2025年自然保护地林权所有者补偿补助资金分配情况的公示/page.txt	done
zwgk/gsgg	关于2024年国家级公益林森林生态效益补偿补助资金分配情况的公示			平潭综合实验区自然资源与生态环境局	https://www.pingtan.gov.cn/zwgk/gsgg/202503/t20250307_97758.htm	zwgk/gsgg/202503/97758_关于2024年国家级公益林森林生态效益补偿补助资金分配情况的公示/page.txt	done
zwgk/gsgg	关于2025年省级以上林业生态公益林补偿补助专项资金分配情况公示			平潭综合实验区自然资源与生态环境局	https://www.pingtan.gov.cn/zwgk/gsgg/202503/t20250307_97757.htm	zwgk/gsgg/202503/97757_关于2025年省级以上林业生态公益林补偿补助专项资金分配情况公示/page.txt	done
zwgk/gsgg	关于2025年省级财政国土绿化专项资金分配情况的公示			平潭综合实验区自然资源与生态环境局	https://www.pingtan.gov.cn/zwgk/gsgg/202503/t20250307_97756.htm	zwgk/gsgg/202503/97756_关于2025年省级财政国土绿化专项资金分配情况的公示/page.txt	done
zwgk/gsgg	平潭综合实验区自然资源与生态环境局关于《平潭综合实验区351001-21-D-01地块、351001-21-D-02地块控制性详细规划》的批前公示			平潭综合实验区自然资源与生态环境局	https://www.pingtan.gov.cn/zwgk/gsgg/202503/t20250307_97754.htm	zwgk/gsgg/202503/97754_平潭综合实验区自然资源与生态环境局关于《平潭综合实验区351001-21-D-0/page.txt	done
zwgk/gsgg	平潭综合实验区关于机关食堂日用品项目询价比选结果公告			平潭综合实验区管理委员会办公室	https://www.pingtan.gov.cn/zwgk/gsgg/202503/t20250307_97753.htm	zwgk/gsgg/202503/97753_平潭综合实验区关于机关食堂日用品项目询价比选结果公告/page.txt	done
zwgk/gsgg	平潭综合实验区自然资源与生态环境局关于拟发布生态环境监督执法正面清单企业名单（2025-2028年）的公示			平潭综合实验区自然资源与生态环境局	https://www.pingtan.gov.cn/zwgk/gsgg/202503/t20250307_97751.htm	zwgk/gsgg/202503/97751_平潭综合实验区自然资源与生态环境局关于拟发布生态环境监督执法正面清单企业名单（2/page.txt	done
zwgk/gsgg	平潭综合实验区关于平潭国际赛车场项目新建民用建筑防空地下室易地建设审批前公示			平潭综合实验区行政审批局	https://www.pingtan.gov.cn/zwgk/gsgg/202503/t20250307_97748.htm	zwgk/gsgg/202503/97748_平潭综合实验区关于平潭国际赛车场项目新建民用建筑防空地下室易地建设审批前公示/page.txt	done
zwgk/gsgg	平潭综合实验区自然资源与生态环境局关于平潭综合实验区351001-06-A管理单元控规局部调整方案的公示			平潭综合实验区自然资源与生态环境局	https://www.pingtan.gov.cn/zwgk/gsgg/202503/t20250306_97733.htm	zwgk/gsgg/202503/97733_平潭综合实验区自然资源与生态环境局关于平潭综合实验区351001-06-A管理单/page.txt	done
zwgk/gsgg	平潭综合实验区关于平潭长江澳海上风电场工程临时用海审批前公示			平潭综合实验区行政审批局	https://www.pingtan.gov.cn/zwgk/gsgg/202503/t20250306_97730.htm	zwgk/gsgg/202503/97730_平潭综合实验区关于平潭长江澳海上风电场工程临时用海审批前公示/page.txt	done
zwgk/gsgg	金井镇吉钓村旧村部招租公告			平潭综合实验区金井片区管理局	https://www.pingtan.gov.cn/zwgk/gsgg/202503/t20250306_97652.htm	zwgk/gsgg/202503/97652_金井镇吉钓村旧村部招租公告/page.txt	done
zwgk/gsgg	平潭综合实验区农业农村局关于2025年台湾农民创业园项目申报情况公开			平潭综合实验区农业农村局	https://www.pingtan.gov.cn/zwgk/gsgg/202503/t20250305_97651.htm	zwgk/gsgg/202503/97651_平潭综合实验区农业农村局关于2025年台湾农民创业园项目申报情况公开/page.txt	done
zwgk/gsgg	平潭综合实验区农业农村局关于高标准农田建设项目实施情况的公开			平潭综合实验区农业农村局	https://www.pingtan.gov.cn/zwgk/gsgg/202503/t20250305_97650.htm	zwgk/gsgg/202503/97650_平潭综合实验区农业农村局关于高标准农田建设项目实施情况的公开/page.txt	done
zwgk/gsgg	平潭综合实验区党工委农村工作领导小组关于调整2025年防止返贫致贫监测范围的通知			平潭综合实验区农业农村局	https://www.pingtan.gov.cn/zwgk/gsgg/202503/t20250305_97649.htm	zwgk/gsgg/202503/97649_平潭综合实验区党工委农村工作领导小组关于调整2025年防止返贫致贫监测范围的通知/page.txt	done
zwgk/gsgg	平潭综合实验区自然资源与生态环境局关于公布平潭综合实验区持有危险废物经营许可证企业名单的公告			平潭综合实验区自然资源与生态环境局	https://www.pingtan.gov.cn/zwgk/gsgg/202503/t20250305_97588.htm	zwgk/gsgg/202503/97588_平潭综合实验区自然资源与生态环境局关于公布平潭综合实验区持有危险废物经营许可证企/page.txt	done
zwgk/gsgg	平潭综合实验区自然资源与生态环境局自行采购项目采购成交结果公告			平潭综合实验区自然资源与生态环境局	https://www.pingtan.gov.cn/zwgk/gsgg/202503/t20250305_97587.htm	zwgk/gsgg/202503/97587_平潭综合实验区自然资源与生态环境局自行采购项目采购成交结果公告/page.txt	done
zwgk/gsgg	2025年1-2月平潭综合实验区自然资源与生态环境局三公经费统计表			平潭综合实验区自然资源与生态环境局	https://www.pingtan.gov.cn/zwgk/gsgg/202503/t20250305_97586.htm	zwgk/gsgg/202503/97586_2025年1-2月平潭综合实验区自然资源与生态环境局三公经费统计表/page.txt	done
zwgk/gsgg	平潭综合实验区金井片区管理局机关食堂主要食材采购询价公告			平潭综合实验区金井片区管理局	https://www.pingtan.gov.cn/zwgk/gsgg/202503/t20250305_97578.htm	zwgk/gsgg/202503/97578_平潭综合实验区金井片区管理局机关食堂主要食材采购询价公告/page.txt	done
zwgk/gsgg	平潭综合实验区行政审批局关于华广生物技术（平潭）有限公司申请广告审查准予许可决定的公示			平潭综合实验区行政审批局	https://www.pingtan.gov.cn/zwgk/gsgg/202503/t20250305_97575.htm	zwgk/gsgg/202503/97575_平潭综合实验区行政审批局关于华广生物技术（平潭）有限公司申请广告审查准予许可决定/page.txt	done
zwgk/gsgg	建设用地规划许可证公示			平潭综合实验区自然资源与生态环境局	https://www.pingtan.gov.cn/zwgk/gsgg/202503/t20250304_97573.htm	zwgk/gsgg/202503/97573_建设用地规划许可证公示/page.txt	done
zwgk/gsgg	君山镇北港村美食乡宴和特色农产品摊位建设工程项目			平潭综合实验区君山片区管理局	https://www.pingtan.gov.cn/zwgk/gsgg/202503/t20250303_97556.htm	zwgk/gsgg/202503/97556_君山镇北港村美食乡宴和特色农产品摊位建设工程项目/page.txt	done
zwgk/gsgg	君山镇北港村旅游文化产品研发推广建设工程项目			平潭综合实验区君山片区管理局	https://www.pingtan.gov.cn/zwgk/gsgg/202503/t20250303_97555.htm	zwgk/gsgg/202503/97555_君山镇北港村旅游文化产品研发推广建设工程项目/page.txt	done
zwgk/gsgg	平潭综合实验区管委会机关食堂日用品采购第三次询价公告			平潭综合实验区党工委管委会办公室	https://www.pingtan.gov.cn/zwgk/gsgg/202503/t20250303_97554.htm	zwgk/gsgg/202503/97554_平潭综合实验区管委会机关食堂日用品采购第三次询价公告/page.txt	done
zwgk/gsgg	平潭综合实验区管委会机关食堂日用品采购项目流标公告			平潭综合实验区党工委管委会办公室	https://www.pingtan.gov.cn/zwgk/gsgg/202503/t20250303_97553.htm	zwgk/gsgg/202503/97553_平潭综合实验区管委会机关食堂日用品采购项目流标公告/page.txt	done
zwgk/gsgg	平潭综合实验区自然资源与生态环境局关于平潭华东村渔港码头路段防护堤项目用海公示			平潭综合实验区自然资源与生态环境局	https://www.pingtan.gov.cn/zwgk/gsgg/202503/t20250303_97548.htm	zwgk/gsgg/202503/97548_平潭综合实验区自然资源与生态环境局关于平潭华东村渔港码头路段防护堤项目用海公示/page.txt	done
zwgk/gsgg	平潭综合实验区关于平潭环将军山交通及基础设施提升工程施工许可阶段审批前公示			平潭综合实验区行政审批局	https://www.pingtan.gov.cn/zwgk/gsgg/202502/t20250228_97528.htm	zwgk/gsgg/202502/97528_平潭综合实验区关于平潭环将军山交通及基础设施提升工程施工许可阶段审批前公示/page.txt	done
zwgk/gsgg	平潭综合实验区关于平潭城东小学教学楼维修改造工程（小型建设工程）施工许可阶段审批前公示			平潭综合实验区行政审批局	https://www.pingtan.gov.cn/zwgk/gsgg/202502/t20250228_97527.htm	zwgk/gsgg/202502/97527_平潭综合实验区关于平潭城东小学教学楼维修改造工程（小型建设工程）施工许可阶段审批/page.txt	done
zwgk/gsgg	平潭综合实验区关于大坪青少年活动实践中心（大坪农业产业综合基地）一期 （消防）施工许可阶段审批前公示			平潭综合实验区行政审批局	https://www.pingtan.gov.cn/zwgk/gsgg/202502/t20250228_97524.htm	zwgk/gsgg/202502/97524_平潭综合实验区关于大坪青少年活动实践中心（大坪农业产业综合基地）一期 （消防）施/page.txt	done
zwgk/gsgg	关于平潭华宏农业禽蛋养殖加工项目总平面图批前公示			平潭综合实验区自然资源与生态环境局	https://www.pingtan.gov.cn/zwgk/gsgg/202502/t20250228_97523.htm	zwgk/gsgg/202502/97523_关于平潭华宏农业禽蛋养殖加工项目总平面图批前公示/page.txt	done
zwgk/gsgg	平潭综合实验区农业农村局关于拨付政策性农业保险区级 保费补贴资金的公示			平潭综合实验区农业农村局	https://www.pingtan.gov.cn/zwgk/gsgg/202502/t20250228_97521.htm	zwgk/gsgg/202502/97521_平潭综合实验区农业农村局关于拨付政策性农业保险区级 保费补贴资金的公示/page.txt	done
zwgk/gsgg	平潭综合实验区金井片区管理局关于 《平潭综合实验区金井片区江尾村村庄规划（2021-2035年）》动态维护成果的公示			平潭综合实验区金井片区管理局	https://www.pingtan.gov.cn/zwgk/gsgg/202502/t20250228_97509.htm	zwgk/gsgg/202502/97509_平潭综合实验区金井片区管理局关于 《平潭综合实验区金井片区江尾村村庄规划（202/page.txt	done
zwgk/gsgg	平潭综合实验区关于机关食堂厨具维修、保养比选结果的公告			平潭综合实验区党工委管委会办公室	https://www.pingtan.gov.cn/zwgk/gsgg/202502/t20250228_97508.htm	zwgk/gsgg/202502/97508_平潭综合实验区关于机关食堂厨具维修、保养比选结果的公告/page.txt	done
zwgk/gsgg	平潭医疗废物集中处置设施项目竣工规划条件核实结果公布			平潭综合实验区自然资源与生态环境局	https://www.pingtan.gov.cn/zwgk/gsgg/202502/t20250228_97490.htm	zwgk/gsgg/202502/97490_平潭医疗废物集中处置设施项目竣工规划条件核实结果公布/page.txt	done
zwgk/gsgg	金井片区城乡环卫一体化服务类采购项目采购需求方案的征集公告			平潭综合实验区金井片区管理局	https://www.pingtan.gov.cn/zwgk/gsgg/202502/t20250227_97488.htm	zwgk/gsgg/202502/97488_金井片区城乡环卫一体化服务类采购项目采购需求方案的征集公告/page.txt	done
zwgk/gsgg	平潭综合实验区关于金井片区建筑垃圾临时消纳场建设项目（小型建设工程）施工许可阶段审批前公示			平潭综合实验区行政审批局	https://www.pingtan.gov.cn/zwgk/gsgg/202502/t20250227_97465.htm	zwgk/gsgg/202502/97465_平潭综合实验区关于金井片区建筑垃圾临时消纳场建设项目（小型建设工程）施工许可阶段/page.txt	done
zwgk/gsgg	平潭综合实验区关于芦洋研学营地提升改造工程（装修及环境提升工程）立项用地许可阶段审批前公示			平潭综合实验区行政审批局	https://www.pingtan.gov.cn/zwgk/gsgg/202502/t20250227_97464.htm	zwgk/gsgg/202502/97464_平潭综合实验区关于芦洋研学营地提升改造工程（装修及环境提升工程）立项用地许可阶段/page.txt	done
zwgk/gsgg	平潭综合实验区关于山门研学营地提升改造工程（装修及环境提升工程）立项用地许可阶段审批前公示			平潭综合实验区行政审批局	https://www.pingtan.gov.cn/zwgk/gsgg/202502/t20250227_97463.htm	zwgk/gsgg/202502/97463_平潭综合实验区关于山门研学营地提升改造工程（装修及环境提升工程）立项用地许可阶段/page.txt	done
zwgk/gsgg	君山镇北港村景村人居环境整治提升项目			平潭综合实验区君山片区管理局	https://www.pingtan.gov.cn/zwgk/gsgg/202502/t20250227_97462.htm	zwgk/gsgg/202502/97462_君山镇北港村景村人居环境整治提升项目/page.txt	done
zwgk/gsgg	平潭综合实验区关于盐田研学营地提升改造工程（装修及环境提升工程）立项用地许可阶段审批前公示			平潭综合实验区行政审批局	https://www.pingtan.gov.cn/zwgk/gsgg/202502/t20250227_97461.htm	zwgk/gsgg/202502/97461_平潭综合实验区关于盐田研学营地提升改造工程（装修及环境提升工程）立项用地许可阶段/page.txt	done
zwgk/gsgg	竹屿码头粮食仓库边闲置地块招租公告			平潭综合实验区金井片区管理局	https://www.pingtan.gov.cn/zwgk/gsgg/202502/t20250227_97453.htm	zwgk/gsgg/202502/97453_竹屿码头粮食仓库边闲置地块招租公告/page.txt	done
zwgk/gsgg	影视城北侧闲置地块招租公告			平潭综合实验区金井片区管理局	https://www.pingtan.gov.cn/zwgk/gsgg/202502/t20250227_97452.htm	zwgk/gsgg/202502/97452_影视城北侧闲置地块招租公告/page.txt	done
zwgk/gsgg	平潭综合实验区自然资源与生态环境局关于征求《2025年度平潭综合实验区环境监管重点单位名录》意见的公告			平潭综合实验区自然资源与生态环境局	https://www.pingtan.gov.cn/zwgk/gsgg/202502/t20250226_97441.htm	zwgk/gsgg/202502/97441_平潭综合实验区自然资源与生态环境局关于征求《2025年度平潭综合实验区环境监管重/page.txt	done
zwgk/gsgg	关于集成电路封装厂项目建设工程规划许可			平潭综合实验区自然资源与生态环境局	https://www.pingtan.gov.cn/zwgk/gsgg/202502/t20250226_97438.htm	zwgk/gsgg/202502/97438_关于集成电路封装厂项目建设工程规划许可/page.txt	done
zwgk/gsgg	公示			桌面	https://www.pingtan.gov.cn/zwgk/gsgg/202502/t20250226_97429.htm	zwgk/gsgg/202502/97429_公示/page.txt	done
zwgk/gsgg	先建村村部前排附属房屋招租公告			平潭综合实验区金井片区管理局	https://www.pingtan.gov.cn/zwgk/gsgg/202502/t20250226_97426.htm	zwgk/gsgg/202502/97426_先建村村部前排附属房屋招租公告/page.txt	done
zwgk/gsgg	平潭综合实验区自然资源与生态环境局关于咨询2025年新污染物监测服务项目控制价公告			平潭综合实验区自然资源与生态环境局	https://www.pingtan.gov.cn/zwgk/gsgg/202502/t20250226_97425.htm	zwgk/gsgg/202502/97425_平潭综合实验区自然资源与生态环境局关于咨询2025年新污染物监测服务项目控制价公/page.txt	done
zwgk/gsgg	招康村研学基地项目乡村建设规划许可证批后公布			平潭综合实验区自然资源与生态环境局	https://www.pingtan.gov.cn/zwgk/gsgg/202502/t20250225_97421.htm	zwgk/gsgg/202502/97421_招康村研学基地项目乡村建设规划许可证批后公布/page.txt	done
zwgk/gsgg	平潭综合实验区自然资源服务中心关于2025年度自然资源与空间信息时空云平台运维服务市场调研公告			平潭综合实验区自然资源服务中心	https://www.pingtan.gov.cn/zwgk/gsgg/202502/t20250225_97412.htm	zwgk/gsgg/202502/97412_平潭综合实验区自然资源服务中心关于2025年度自然资源与空间信息时空云平台运维服/page.txt	done
zwgk/gsgg	平潭综合实验区行政审批局关于受理象鼻湾提升改造项目环境影响报告表的公示			平潭综合实验区行政审批局	https://www.pingtan.gov.cn/zwgk/gsgg/202502/t20250224_97382.htm	zwgk/gsgg/202502/97382_平潭综合实验区行政审批局关于受理象鼻湾提升改造项目环境影响报告表的公示/page.txt	done
zwgk/gsgg	起帆平潭海缆基地项目堆场建设工程规划许可变更批前公示			平潭综合实验区自然资源与生态环境局	https://www.pingtan.gov.cn/zwgk/gsgg/202502/t20250221_97374.htm	zwgk/gsgg/202502/97374_起帆平潭海缆基地项目堆场建设工程规划许可变更批前公示/page.txt	done
zwgk/gsgg	关于限期拆除清理大沙屿违法建设项目的通告			平潭综合实验区自然资源与生态环境局	https://www.pingtan.gov.cn/zwgk/gsgg/202502/t20250221_97368.htm	zwgk/gsgg/202502/97368_关于限期拆除清理大沙屿违法建设项目的通告/page.txt	done
zwgk/gsgg	平潭综合实验区管委会机关食堂厨具维修、保养采购项目流标公告			平潭综合实验区党工委管委会办公室	https://www.pingtan.gov.cn/zwgk/gsgg/202502/t20250220_97359.htm	zwgk/gsgg/202502/97359_平潭综合实验区管委会机关食堂厨具维修、保养采购项目流标公告/page.txt	done
zwgk/gsgg	平潭综合实验区关于海坛片区小型体育公园建设工程（翠园公园、上楼村）（小型建设工程）施工许可阶段审批前公示			平潭综合实验区行政审批局	https://www.pingtan.gov.cn/zwgk/gsgg/202502/t20250220_97358.htm	zwgk/gsgg/202502/97358_平潭综合实验区关于海坛片区小型体育公园建设工程（翠园公园、上楼村）（小型建设工程/page.txt	done
zwgk/gsgg	平潭综合实验区行政审批局关于注销福建文通船务有限公司国内船舶管理业务经营许可的批复			平潭综合实验区行政审批局	https://www.pingtan.gov.cn/zwgk/gsgg/202502/t20250220_97354.htm	zwgk/gsgg/202502/97354_平潭综合实验区行政审批局关于注销福建文通船务有限公司国内船舶管理业务经营许可的批/page.txt	done
zwgk/gsgg	君山镇松南村山体水土流失整治及文化中心修缮项目(中标通知书)			平潭综合实验区君山片区管理局	https://www.pingtan.gov.cn/zwgk/gsgg/202502/t20250220_97347.htm	zwgk/gsgg/202502/97347_君山镇松南村山体水土流失整治及文化中心修缮项目(中标通知书)/page.txt	done
zwgk/gsgg	平潭综合实验区管委会机关食堂厨具维修、保养采购第三次询价公告			平潭综合实验区党工委管委会办公室	https://www.pingtan.gov.cn/zwgk/gsgg/202502/t20250220_97346.htm	zwgk/gsgg/202502/97346_平潭综合实验区管委会机关食堂厨具维修、保养采购第三次询价公告/page.txt	done
zwgk/gsgg	关于金顺新光明城(一期、二期）项目竣工规划条件核实结果公布			平潭综合实验区自然资源与生态环境局	https://www.pingtan.gov.cn/zwgk/gsgg/202502/t20250220_97344.htm	zwgk/gsgg/202502/97344_关于金顺新光明城(一期、二期）项目竣工规划条件核实结果公布/page.txt	done
zwgk/gsgg	平潭综合实验区关于机关食堂日用品项目询价比选结果的公告			平潭综合实验区党工委管委会办公室	https://www.pingtan.gov.cn/zwgk/gsgg/202502/t20250219_97321.htm	zwgk/gsgg/202502/97321_平潭综合实验区关于机关食堂日用品项目询价比选结果的公告/page.txt	done
zwgk/gsgg	平潭综合实验区自然资源与生态环境局关于开展海漂垃圾无人机航拍遥感项目咨询公告			平潭综合实验区自然资源与生态环境局	https://www.pingtan.gov.cn/zwgk/gsgg/202502/t20250218_97313.htm	zwgk/gsgg/202502/97313_平潭综合实验区自然资源与生态环境局关于开展海漂垃圾无人机航拍遥感项目咨询公告/page.txt	done
zwgk/gsgg	起帆平潭海缆基地项目建设工程规划许可证变更公示			平潭综合实验区自然资源与生态环境局	https://www.pingtan.gov.cn/zwgk/gsgg/202502/t20250218_97312.htm	zwgk/gsgg/202502/97312_起帆平潭海缆基地项目建设工程规划许可证变更公示/page.txt	done
zwgk/gsgg	平潭综合实验区自然资源与生态环境局自行采购项目采购公告			平潭综合实验区自然资源与生态环境局	https://www.pingtan.gov.cn/zwgk/gsgg/202502/t20250218_97311.htm	zwgk/gsgg/202502/97311_平潭综合实验区自然资源与生态环境局自行采购项目采购公告/page.txt	done
zwgk/gsgg	平潭综合实验区自然资源与生态环境局自行采购项目采购公告			平潭综合实验区自然资源与生态环境局	https://www.pingtan.gov.cn/zwgk/gsgg/202502/t20250218_97310.htm	zwgk/gsgg/202502/97310_平潭综合实验区自然资源与生态环境局自行采购项目采购公告/page.txt	done
zwgk/gsgg	平潭综合实验区自然资源与生态环境局关于开展2025年度耕地恢复工作市场调研的公告			平潭综合实验区自然资源与生态环境局	https://www.pingtan.gov.cn/zwgk/gsgg/202502/t20250218_97302.htm	zwgk/gsgg/202502/97302_平潭综合实验区自然资源与生态环境局关于开展2025年度耕地恢复工作市场调研的公告/page.txt	done
zwgk/gsgg	平潭综合实验区自然资源服务中心关于平潭海岛国家森林公园物业服务项目市场调研的公告			平潭综合实验区自然资源服务中心	https://www.pingtan.gov.cn/zwgk/gsgg/202502/t20250217_97278.htm	zwgk/gsgg/202502/97278_平潭综合实验区自然资源服务中心关于平潭海岛国家森林公园物业服务项目市场调研的公告/page.txt	done
zwgk/gsgg	平潭综合实验区自然资源服务中心关于开展2025年林业有害生物防治工作市场调研的公告			平潭综合实验区自然资源服务中心	https://www.pingtan.gov.cn/zwgk/gsgg/202502/t20250214_97256.htm	zwgk/gsgg/202502/97256_平潭综合实验区自然资源服务中心关于开展2025年林业有害生物防治工作市场调研的公/page.txt	done
zwgk/gsgg	平潭综合实验区行政审批局关于注销平潭综合实验区顺凯船务有限公司国内水路运输经营许可的批复			平潭综合实验区行政审批局	https://www.pingtan.gov.cn/zwgk/gsgg/202502/t20250214_97252.htm	zwgk/gsgg/202502/97252_平潭综合实验区行政审批局关于注销平潭综合实验区顺凯船务有限公司国内水路运输经营许/page.txt	done
zwgk/gsgg	平潭综合实验区自然资源与生态环境局关于平潭佳兴智慧农渔产品交易中心项目总平面图批前公示			平潭综合实验区自然资源与生态环境局	https://www.pingtan.gov.cn/zwgk/gsgg/202502/t20250213_97230.htm	zwgk/gsgg/202502/97230_平潭综合实验区自然资源与生态环境局关于平潭佳兴智慧农渔产品交易中心项目总平面图批/page.txt	done
zwgk/gsgg	平潭综合实验区自然资源与生态环境局关于平潭裕藩湾滨海度假区项目用海公示			平潭综合实验区自然资源与生态环境局	https://www.pingtan.gov.cn/zwgk/gsgg/202502/t20250212_97209.htm	zwgk/gsgg/202502/97209_平潭综合实验区自然资源与生态环境局关于平潭裕藩湾滨海度假区项目用海公示/page.txt	done
zwgk/gsgg	林众等4人自建房历史项目竣工核实结果公布			平潭综合实验区自然资源与生态环境局	https://www.pingtan.gov.cn/zwgk/gsgg/202502/t20250212_97207.htm	zwgk/gsgg/202502/97207_林众等4人自建房历史项目竣工核实结果公布/page.txt	done
zwgk/gsgg	测试			平潭	https://www.pingtan.gov.cn/zwgk/gsgg/202502/t20250212_97206.htm	zwgk/gsgg/202502/97206_测试/page.txt	done
zwgk/gsgg	林众等4人自建房历史项目竣工核实结果公布			平潭综合实验区自然资源与生态环境局	https://www.pingtan.gov.cn/zwgk/gsgg/202502/t20250212_97205.htm	zwgk/gsgg/202502/97205_林众等4人自建房历史项目竣工核实结果公布/page.txt	done
zwgk/gsgg	平潭综合实验区社会事业局关于第一次公开征集办公用水项目定点采购供应商的公告			平潭综合实验区社会事业局	https://www.pingtan.gov.cn/zwgk/gsgg/202502/t20250212_97193.htm	zwgk/gsgg/202502/97193_平潭综合实验区社会事业局关于第一次公开征集办公用水项目定点采购供应商的公告/page.txt	done
zwgk/gsgg	平潭综合实验区党工委农村工作领导小组办公室关于2025年度衔接推进乡村振兴项目 （少数民族补助资金）的公告			平潭综合实验区农业农村局	https://www.pingtan.gov.cn/zwgk/gsgg/202502/t20250212_97191.htm	zwgk/gsgg/202502/97191_平潭综合实验区党工委农村工作领导小组办公室关于2025年度衔接推进乡村振兴项目/page.txt	done
zwgk/gsgg	君山镇松南村山体水土流失整治及文化中心修缮项目施工招标补充公告			平潭综合实验区君山片区管理局	https://www.pingtan.gov.cn/zwgk/gsgg/202502/t20250211_97188.htm	zwgk/gsgg/202502/97188_君山镇松南村山体水土流失整治及文化中心修缮项目施工招标补充公告/page.txt	done
zwgk/gsgg	平潭综合实验区党工委农村工作领导小组办公室关于2024年度衔接推进乡村振兴项目 （示范创建）的公告			平潭综合实验区农业农村局	https://www.pingtan.gov.cn/zwgk/gsgg/202502/t20250211_97180.htm	zwgk/gsgg/202502/97180_平潭综合实验区党工委农村工作领导小组办公室关于2024年度衔接推进乡村振兴项目/page.txt	done
zwgk/gsgg	平潭综合实验区关于台湾风情影视基地 （邓丽君影视基地）（园区修缮工程） 施工许可阶段审批前公示			平潭综合实验区行政审批局	https://www.pingtan.gov.cn/zwgk/gsgg/202502/t20250210_97171.htm	zwgk/gsgg/202502/97171_平潭综合实验区关于台湾风情影视基地 （邓丽君影视基地）（园区修缮工程） 施工许可/page.txt	done
zwgk/gsgg	平潭综合实验区关于君山路（中山大道- 长盛路）项目施工许可阶段审批前公示			平潭综合实验区行政审批局	https://www.pingtan.gov.cn/zwgk/gsgg/202502/t20250210_97170.htm	zwgk/gsgg/202502/97170_平潭综合实验区关于君山路（中山大道- 长盛路）项目施工许可阶段审批前公示/page.txt	done
zwgk/gsgg	平潭综合实验区自然资源与生态环境局关于 《平潭综合实验区351001-29-A-001地块 控制性详细规划》的批前公示			平潭综合实验区自然资源与生态环境局	https://www.pingtan.gov.cn/zwgk/gsgg/202502/t20250208_97142.htm	zwgk/gsgg/202502/97142_平潭综合实验区自然资源与生态环境局关于 《平潭综合实验区351001-29-A-/page.txt	done
zwgk/gsgg	平潭综合实验区自然资源与生态环境局 关于公开征询2025年平潭综合实验区地方事权生态环境监测项目报价的公告			平潭综合实验区自然资源与生态环境局	https://www.pingtan.gov.cn/zwgk/gsgg/202502/t20250208_97141.htm	zwgk/gsgg/202502/97141_平潭综合实验区自然资源与生态环境局 关于公开征询2025年平潭综合实验区地方事权/page.txt	done
zwgk/gsgg	君山镇松南村山体水土流失整治及文化中心修缮项目			平潭综合实验区君山片区管理局	https://www.pingtan.gov.cn/zwgk/gsgg/202502/t20250208_97140.htm	zwgk/gsgg/202502/97140_君山镇松南村山体水土流失整治及文化中心修缮项目/page.txt	done
zwgk/gsgg	平潭综合实验区管委会机关食堂厨具维修、保养采购第二次询价公告			平潭综合实验区党工委管委会办公室	https://www.pingtan.gov.cn/zwgk/gsgg/202502/t20250208_97128.htm	zwgk/gsgg/202502/97128_平潭综合实验区管委会机关食堂厨具维修、保养采购第二次询价公告/page.txt	done
zwgk/gsgg	平潭综合实验区管委会机关食堂日用品采购第二次询价公告			平潭综合实验区党工委管委会办公室	https://www.pingtan.gov.cn/zwgk/gsgg/202502/t20250208_97127.htm	zwgk/gsgg/202502/97127_平潭综合实验区管委会机关食堂日用品采购第二次询价公告/page.txt	done
zwgk/gsgg	平潭综合实验区行政审批局关于注销平潭综合实验区金源盛船务有限公司国内水路运输经营许可的批复			平潭综合实验区行政审批局	https://www.pingtan.gov.cn/zwgk/gsgg/202502/t20250207_97123.htm	zwgk/gsgg/202502/97123_平潭综合实验区行政审批局关于注销平潭综合实验区金源盛船务有限公司国内水路运输经营/page.txt	done
zwgk/gsgg	平潭综合实验区关于壳丘头考古遗址公园文化广场及配套工程建设许可阶段审批前公示			平潭综合实验区行政审批局	https://www.pingtan.gov.cn/zwgk/gsgg/202502/t20250207_97120.htm	zwgk/gsgg/202502/97120_平潭综合实验区关于壳丘头考古遗址公园文化广场及配套工程建设许可阶段审批前公示/page.txt	done
zwgk/gsgg	平潭综合实验区关于马腿村闲置用房改造及产业配套用房设施改造项目（小型建设工程）施工许可阶段审批前公示			平潭综合实验区行政审批局	https://www.pingtan.gov.cn/zwgk/gsgg/202502/t20250207_97119.htm	zwgk/gsgg/202502/97119_平潭综合实验区关于马腿村闲置用房改造及产业配套用房设施改造项目（小型建设工程）施/page.txt	done
zwgk/gsgg	2024年度平潭综合实验区突发环境事件应急预案备案企业清单			平潭综合实验区自然资源与生态环境局	https://www.pingtan.gov.cn/zwgk/gsgg/202502/t20250207_97107.htm	zwgk/gsgg/202502/97107_2024年度平潭综合实验区突发环境事件应急预案备案企业清单/page.txt	done
zwgk/gsgg	平潭综合实验区关于平潭龙山小学新校区周边路网工程（小型建设工程）施工许可阶段审批前公示			平潭综合实验区行政审批局	https://www.pingtan.gov.cn/zwgk/gsgg/202502/t20250207_97106.htm	zwgk/gsgg/202502/97106_平潭综合实验区关于平潭龙山小学新校区周边路网工程（小型建设工程）施工许可阶段审批/page.txt	done
zwgk/gsgg	平潭综合实验区行政审批局关于采购市场主体登记档案数字化加工及利用服务的询价结果公示			平潭综合实验区行政审批局	https://www.pingtan.gov.cn/zwgk/gsgg/202502/t20250205_97067.htm	zwgk/gsgg/202502/97067_平潭综合实验区行政审批局关于采购市场主体登记档案数字化加工及利用服务的询价结果公/page.txt	done
zwgk/gsgg	平潭综合实验区关于东庠乡饮用水工程立项用地许可阶段审批前公示			平潭综合实验区行政审批局	https://www.pingtan.gov.cn/zwgk/gsgg/202502/t20250205_97061.htm	zwgk/gsgg/202502/97061_平潭综合实验区关于东庠乡饮用水工程立项用地许可阶段审批前公示/page.txt	done
zwgk/gsgg	平潭综合实验区关于长江澳北部上攀溪流域生态保护修复工程施工许可阶段审批前公示			平潭综合实验区行政审批局	https://www.pingtan.gov.cn/zwgk/gsgg/202501/t20250126_97000.htm	zwgk/gsgg/202501/97000_平潭综合实验区关于长江澳北部上攀溪流域生态保护修复工程施工许可阶段审批前公示/page.txt	done
zwgk/gsgg	君山镇山边村海防路基础设施项目（中标通知书）			平潭综合实验区君山片区管理局	https://www.pingtan.gov.cn/zwgk/gsgg/202501/t20250126_96999.htm	zwgk/gsgg/202501/96999_君山镇山边村海防路基础设施项目（中标通知书）/page.txt	done
zwgk/gsgg	平潭综合实验区行政审批局关于注销福建于成海运发展有限公司国内水路运输经营许可的批复			平潭综合实验区行政审批局	https://www.pingtan.gov.cn/zwgk/gsgg/202501/t20250126_96994.htm	zwgk/gsgg/202501/96994_平潭综合实验区行政审批局关于注销福建于成海运发展有限公司国内水路运输经营许可的批/page.txt	done
zwgk/gsgg	公告			平潭综合实验区金井片区管理局	https://www.pingtan.gov.cn/zwgk/gsgg/202501/t20250126_96993.htm	zwgk/gsgg/202501/96993_公告/page.txt	done
zwgk/gsgg	平潭综合实验区管委会机关食堂厨具维修、保养采购项目流标公告			平潭综合实验区党工委管委会办公室	https://www.pingtan.gov.cn/zwgk/gsgg/202501/t20250124_96963.htm	zwgk/gsgg/202501/96963_平潭综合实验区管委会机关食堂厨具维修、保养采购项目流标公告/page.txt	done
zwgk/gsgg	平潭综合实验区管委会机关食堂日用品采购项目流标公告			平潭综合实验区党工委管委会办公室	https://www.pingtan.gov.cn/zwgk/gsgg/202501/t20250124_96961.htm	zwgk/gsgg/202501/96961_平潭综合实验区管委会机关食堂日用品采购项目流标公告/page.txt	done
zwgk/gsgg	​平潭综合实验区自然资源与生态环境局关于2024G010号宗地国有建设用地使用权先租后让成交公示			平潭综合实验区自然资源与生态环境局	https://www.pingtan.gov.cn/zwgk/gsgg/202501/t20250124_96950.htm	zwgk/gsgg/202501/96950_​平潭综合实验区自然资源与生态环境局关于2024G010号宗地国有建设用地使用权/page.txt	done
zwgk/gsgg	平潭综合实验区关于平潭国际赛车场周边基础设施配套工程-盛业路（中山大道-开拓北路）、幸福洋北路（开拓北路-君山路） 施工许可阶段审批前公示			平潭综合实验区行政审批局	https://www.pingtan.gov.cn/zwgk/gsgg/202501/t20250124_96948.htm	zwgk/gsgg/202501/96948_平潭综合实验区关于平潭国际赛车场周边基础设施配套工程-盛业路（中山大道-开拓北路/page.txt	done
zwgk/gsgg	平潭综合实验区自然资源与生态环境局关于招康村研学基地项目总平面图批前公示			平潭综合实验区自然资源与生态环境局	https://www.pingtan.gov.cn/zwgk/gsgg/202501/t20250124_96936.htm	zwgk/gsgg/202501/96936_平潭综合实验区自然资源与生态环境局关于招康村研学基地项目总平面图批前公示/page.txt	done
zwgk/gsgg	关于2025年省级“互联网+全民义务植树” 平潭鹅头湾基地建设相关服务市场调研的公告			平潭综合实验区自然资源与生态环境局	https://www.pingtan.gov.cn/zwgk/gsgg/202501/t20250124_96930.htm	zwgk/gsgg/202501/96930_关于2025年省级“互联网+全民义务植树” 平潭鹅头湾基地建设相关服务市场调研的/page.txt	done
zwgk/gsgg	李积凤等2人自建房历史项目竣工核实结果公布			平潭综合实验区自然资源与生态环境局	https://www.pingtan.gov.cn/zwgk/gsgg/202501/t20250124_96909.htm	zwgk/gsgg/202501/96909_李积凤等2人自建房历史项目竣工核实结果公布/page.txt	done
zwgk/gsgg	平潭综合实验区自来水厂工程（二期）（泵房及管道）-客水泵站（变更） 建设工程规划许可证批后公布			平潭综合实验区自然资源与生态环境局	https://www.pingtan.gov.cn/zwgk/gsgg/202501/t20250124_96908.htm	zwgk/gsgg/202501/96908_平潭综合实验区自来水厂工程（二期）（泵房及管道）-客水泵站（变更） 建设工程规划/page.txt	done
zwgk/gsgg	公告			平潭综合实验区金井片区管理局	https://www.pingtan.gov.cn/zwgk/gsgg/202501/t20250123_96896.htm	zwgk/gsgg/202501/96896_公告/page.txt	done
zwgk/gsgg	平潭综合实验区关于海坛街道井边村村级文化活动中心（小型建设工程）施工许可阶段审批前公示			平潭综合实验区行政审批局	https://www.pingtan.gov.cn/zwgk/gsgg/202501/t20250123_96891.htm	zwgk/gsgg/202501/96891_平潭综合实验区关于海坛街道井边村村级文化活动中心（小型建设工程）施工许可阶段审批/page.txt	done
zwgk/gsgg	平潭综合实验区自然资源服务中心关于国有林场建筑垃圾清运项目市场调研公告			平潭综合实验区自然资源服务中心	https://www.pingtan.gov.cn/zwgk/gsgg/202501/t20250123_96869.htm	zwgk/gsgg/202501/96869_平潭综合实验区自然资源服务中心关于国有林场建筑垃圾清运项目市场调研公告/page.txt	done
zwgk/gsgg	平潭综合实验区关于南海乡饮用水工程立项用地许可阶段审批前公示			平潭综合实验区行政审批局	https://www.pingtan.gov.cn/zwgk/gsgg/202501/t20250122_96867.htm	zwgk/gsgg/202501/96867_平潭综合实验区关于南海乡饮用水工程立项用地许可阶段审批前公示/page.txt	done
zwgk/gsgg	平潭综合实验区关于屿头乡饮用水工程立项用地许可阶段审批前公示			平潭综合实验区行政审批局	https://www.pingtan.gov.cn/zwgk/gsgg/202501/t20250122_96866.htm	zwgk/gsgg/202501/96866_平潭综合实验区关于屿头乡饮用水工程立项用地许可阶段审批前公示/page.txt	done
zwgk/gsgg	平潭综合实验区关于大坪村162县道沿线人居环境提升项目（小型建设工程）施工许可阶段审批前公示			平潭综合实验区行政审批局	https://www.pingtan.gov.cn/zwgk/gsgg/202501/t20250122_96865.htm	zwgk/gsgg/202501/96865_平潭综合实验区关于大坪村162县道沿线人居环境提升项目（小型建设工程）施工许可阶/page.txt	done
zwgk/gsgg	平潭综合实验区自然资源与生态环境局关于平潭综合实验区苏平片区丰田村级组织活动场所改扩建工程总平面图批前公示			平潭综合实验区自然资源与生态环境局	https://www.pingtan.gov.cn/zwgk/gsgg/202501/t20250122_96864.htm	zwgk/gsgg/202501/96864_平潭综合实验区自然资源与生态环境局关于平潭综合实验区苏平片区丰田村级组织活动场所/page.txt	done
zwgk/gsgg	港思路（兴北路-兴港东路） 项目建设工程规划许可证批后公布			平潭综合实验区自然资源与生态环境局	https://www.pingtan.gov.cn/zwgk/gsgg/202501/t20250122_96861.htm	zwgk/gsgg/202501/96861_港思路（兴北路-兴港东路） 项目建设工程规划许可证批后公布/page.txt	done
zwgk/gsgg	用地预审与选址意见书公示（用字第350128202500004号）			平潭综合实验区自然资源与生态环境局	https://www.pingtan.gov.cn/zwgk/gsgg/202501/t20250122_96860.htm	zwgk/gsgg/202501/96860_用地预审与选址意见书公示（用字第350128202500004号）/page.txt	done
zwgk/gsgg	建设用地规划许可证（地字第350128202500001号）			平潭综合实验区自然资源与生态环境局	https://www.pingtan.gov.cn/zwgk/gsgg/202501/t20250122_96859.htm	zwgk/gsgg/202501/96859_建设用地规划许可证（地字第350128202500001号）/page.txt	done
zwgk/gsgg	平潭综合实验区农业农村局关于设施渔业（特种 农产品种、养殖基地建设项目）立项的公示			平潭综合实验区农业农村局	https://www.pingtan.gov.cn/zwgk/gsgg/202501/t20250121_96839.htm	zwgk/gsgg/202501/96839_平潭综合实验区农业农村局关于设施渔业（特种 农产品种、养殖基地建设项目）立项的公/page.txt	done
zwgk/gsgg	锦鸡重工总装基地项目（变更）建设工程规划许可证批后公示			平潭综合实验区自然资源与生态环境局	https://www.pingtan.gov.cn/zwgk/gsgg/202501/t20250121_96819.htm	zwgk/gsgg/202501/96819_锦鸡重工总装基地项目（变更）建设工程规划许可证批后公示/page.txt	done
zwgk/gsgg	平潭综合实验区农业农村局关于拨付2023年增发国债高标准农田建设项目资金的公示			平潭综合实验区农业农村局	https://www.pingtan.gov.cn/zwgk/gsgg/202501/t20250120_96805.htm	zwgk/gsgg/202501/96805_平潭综合实验区农业农村局关于拨付2023年增发国债高标准农田建设项目资金的公示/page.txt	done
zwgk/gsgg	平潭综合实验区农业农村局关于拨付建后管护建设项目资金的公示			平潭综合实验区农业农村局	https://www.pingtan.gov.cn/zwgk/gsgg/202501/t20250120_96804.htm	zwgk/gsgg/202501/96804_平潭综合实验区农业农村局关于拨付建后管护建设项目资金的公示/page.txt	done
zwgk/gsgg	平潭综合实验区关于福建海峡金芝堂药业有限公司中药饮片加工项目环境影响评价报告表审批前公示			平潭综合实验区行政审批局	https://www.pingtan.gov.cn/zwgk/gsgg/202501/t20250120_96801.htm	zwgk/gsgg/202501/96801_平潭综合实验区关于福建海峡金芝堂药业有限公司中药饮片加工项目环境影响评价报告表审/page.txt	done
zwgk/gsgg	周裕藩纪念馆建设项目 乡村建设规划许可证批后公布			平潭综合实验区自然资源与生态环境局	https://www.pingtan.gov.cn/zwgk/gsgg/202501/t20250120_96796.htm	zwgk/gsgg/202501/96796_周裕藩纪念馆建设项目 乡村建设规划许可证批后公布/page.txt	done
zwgk/gsgg	平潭综合实验区行政审批局关于华广生物技术（平潭）有限公司申请广告审查准予许可决定的公示			平潭综合实验区行政审批局	https://www.pingtan.gov.cn/zwgk/gsgg/202501/t20250120_96794.htm	zwgk/gsgg/202501/96794_平潭综合实验区行政审批局关于华广生物技术（平潭）有限公司申请广告审查准予许可决定/page.txt	done
zwgk/gsgg	平潭综合实验区行政审批局关于华广生技股份有限公司大庆厂申请广告审查准予许可决定的公示			平潭综合实验区行政审批局	https://www.pingtan.gov.cn/zwgk/gsgg/202501/t20250120_96793.htm	zwgk/gsgg/202501/96793_平潭综合实验区行政审批局关于华广生技股份有限公司大庆厂申请广告审查准予许可决定的/page.txt	done
zwgk/gsgg	平潭综合实验区农业农村局关于推荐2024年度省级优质家庭农场候选名单的公示			平潭综合实验区农业农村局	https://www.pingtan.gov.cn/zwgk/gsgg/202501/t20250120_96778.htm	zwgk/gsgg/202501/96778_平潭综合实验区农业农村局关于推荐2024年度省级优质家庭农场候选名单的公示/page.txt	done
zwgk/gsgg	平潭综合实验区管委会机关食堂厨具维修、保养采购询价公告			平潭综合实验区党工委管委会办公室	https://www.pingtan.gov.cn/zwgk/gsgg/202501/t20250120_96767.htm	zwgk/gsgg/202501/96767_平潭综合实验区管委会机关食堂厨具维修、保养采购询价公告/page.txt	done
zwgk/gsgg	平潭综合实验区管委会机关食堂日用品采购询价公告			平潭综合实验区党工委管委会办公室	https://www.pingtan.gov.cn/zwgk/gsgg/202501/t20250120_96766.htm	zwgk/gsgg/202501/96766_平潭综合实验区管委会机关食堂日用品采购询价公告/page.txt	done
zwgk/gsgg	关于实验区XX村涉林案件 委托司法鉴定服务市场调研的公告			平潭综合实验区自然资源与生态环境局	https://www.pingtan.gov.cn/zwgk/gsgg/202501/t20250117_96764.htm	zwgk/gsgg/202501/96764_关于实验区XX村涉林案件 委托司法鉴定服务市场调研的公告/page.txt	done
zwgk/gsgg	福建省农业农村厅关于发布2024年第1次优化调整后福建省农机购置 补贴机具补贴额一览表的通告			平潭综合实验区农业农村局	https://www.pingtan.gov.cn/zwgk/gsgg/202501/t20250117_96761.htm	zwgk/gsgg/202501/96761_福建省农业农村厅关于发布2024年第1次优化调整后福建省农机购置 补贴机具补贴额/page.txt	done
zwgk/gsgg	泰元中心联合竣工验收情况公示			平潭综合实验区行政审批局	https://www.pingtan.gov.cn/zwgk/gsgg/202501/t20250117_96756.htm	zwgk/gsgg/202501/96756_泰元中心联合竣工验收情况公示/page.txt	done
zwgk/gsgg	平潭综合实验区自然资源与生态环境局关于澳前组团351001-ZC-05-D管理单元控规局部调整方案的公示			平潭综合实验区自然资源与生态环境局	https://www.pingtan.gov.cn/zwgk/gsgg/202501/t20250117_96755.htm	zwgk/gsgg/202501/96755_平潭综合实验区自然资源与生态环境局关于澳前组团351001-ZC-05-D管理单/page.txt	done
zwgk/gsgg	平潭综合实验区自然资源与生态环境局 自行采购项目采购成交结果公告			平潭综合实验区自然资源与生态环境局	https://www.pingtan.gov.cn/zwgk/gsgg/202501/t20250117_96754.htm	zwgk/gsgg/202501/96754_平潭综合实验区自然资源与生态环境局 自行采购项目采购成交结果公告/page.txt	done
zwgk/gsgg	福建省农业农村厅关于发布福建省2021-2023年农机购置补贴产品 （2024年第2批）的通告			平潭综合实验区农业农村局	https://www.pingtan.gov.cn/zwgk/gsgg/202501/t20250117_96753.htm	zwgk/gsgg/202501/96753_福建省农业农村厅关于发布福建省2021-2023年农机购置补贴产品 （2024年/page.txt	done
zwgk/gsgg	平潭综合实验区自然资源与生态环境局关于2025年排污许可第三方技术评估服务 项目自行采购流标公告			平潭综合实验区自然资源与生态环境局	https://www.pingtan.gov.cn/zwgk/gsgg/202501/t20250117_96736.htm	zwgk/gsgg/202501/96736_平潭综合实验区自然资源与生态环境局关于2025年排污许可第三方技术评估服务 项目/page.txt	done
zwgk/gsgg	平潭综合实验区关于建筑产业化基地周边路网项目施工许可阶段审批前公示			平潭综合实验区行政审批局	https://www.pingtan.gov.cn/zwgk/gsgg/202501/t20250117_96734.htm	zwgk/gsgg/202501/96734_平潭综合实验区关于建筑产业化基地周边路网项目施工许可阶段审批前公示/page.txt	done
zwgk/gsgg	福建纳百川建筑工程有限公司《行政处罚决定履行催告书》送达公告			平潭综合实验区综合执法与应急管理局	https://www.pingtan.gov.cn/zwgk/gsgg/202501/t20250116_96732.htm	zwgk/gsgg/202501/96732_福建纳百川建筑工程有限公司《行政处罚决定履行催告书》送达公告/page.txt	done
zwgk/gsgg	公示			平潭综合实验区金井片区管理局	https://www.pingtan.gov.cn/zwgk/gsgg/202501/t20250116_96725.htm	zwgk/gsgg/202501/96725_公示/page.txt	done
zwgk/gsgg	君山镇山边村海防路基础设施项目			平潭综合实验区君山片区管理局	https://www.pingtan.gov.cn/zwgk/gsgg/202501/t20250116_96723.htm	zwgk/gsgg/202501/96723_君山镇山边村海防路基础设施项目/page.txt	done
zwgk/gsgg	2024年度平潭综合实验区党工委管委会政府门户网站工作年度报表			平潭综合实验区党工委管委会办公室	https://www.pingtan.gov.cn/zwgk/gsgg/202501/t20250116_96709.htm	zwgk/gsgg/202501/96709_2024年度平潭综合实验区党工委管委会政府门户网站工作年度报表/page.txt	done
zwgk/gsgg	平潭综合实验区苏平片区管理局主要职责及内设机构主要职责			平潭综合实验区苏平片区管理局	https://www.pingtan.gov.cn/zwgk/gsgg/202211/t20221114_38753.htm	zwgk/gsgg/202211/38753_平潭综合实验区苏平片区管理局主要职责及内设机构主要职责/page.txt	done