url	count	last_title	sample_from_doc
http://fj.sina.com.cn/	72659	新浪福建	https://www.pingtan.gov.cn/zwgk/ghxx/gzjzqk/202303/t20230329_45634.htm
http://fjptq.wenming.cn/	72659	平潭文明网	https://www.pingtan.gov.cn/zwgk/ghxx/gzjzqk/202303/t20230329_45634.htm
http://fujian.chinatax.gov.cn/pingtanswj/	72659	国家税务总局平潭综合实验区税务局	https://www.pingtan.gov.cn/zwgk/ghxx/gzjzqk/202303/t20230329_45634.htm
http://paper.people.com.cn/rmrb/html/2023-11/02/nbs.D110000renmrb_01.htm	72659	人民日报	https://www.pingtan.gov.cn/zwgk/ghxx/gzjzqk/202303/t20230329_45634.htm
http://smrb.smnet.com.cn/pc/layout/202311/02/node_1.html	72659	三明日报	https://www.pingtan.gov.cn/zwgk/ghxx/gzjzqk/202303/t20230329_45634.htm
http://www.fj.gov.cn/	72659	福建省人民政府	https://www.pingtan.gov.cn/zwgk/ghxx/gzjzqk/202303/t20230329_45634.htm
http://www.fjzx.gov.cn/	72659	省政协	https://www.pingtan.gov.cn/zwgk/ghxx/gzjzqk/202303/t20230329_45634.htm
http://www.hxrc.com/	72659	中国海峡人才市场	https://www.pingtan.gov.cn/zwgk/ghxx/gzjzqk/202303/t20230329_45634.htm
http://www.longyan.gov.cn/	72659	龙岩市政府网站	https://www.pingtan.gov.cn/zwgk/ghxx/gzjzqk/202303/t20230329_45634.htm
http://www.mxrb.cn/	72659	闽西日报	https://www.pingtan.gov.cn/zwgk/ghxx/gzjzqk/202303/t20230329_45634.htm
http://www.ndwww.cn/	72659	闽东日报	https://www.pingtan.gov.cn/zwgk/ghxx/gzjzqk/202303/t20230329_45634.htm
http://www.ningde.gov.cn/	72659	宁德市政府网站	https://www.pingtan.gov.cn/zwgk/ghxx/gzjzqk/202303/t20230329_45634.htm
http://www.people.com.cn/	72659	人民网	https://www.pingtan.gov.cn/zwgk/ghxx/gzjzqk/202303/t20230329_45634.htm
http://www.quanzhou.gov.cn/	72659	泉州市政府网站	https://www.pingtan.gov.cn/zwgk/ghxx/gzjzqk/202303/t20230329_45634.htm
http://www.szzg.gov.cn/	72659	数字中国建设峰会	https://www.pingtan.gov.cn/zwgk/ghxx/gzjzqk/202303/t20230329_45634.htm
http://www.taihainet.com/	72659	海峡导报	https://www.pingtan.gov.cn/zwgk/ghxx/gzjzqk/202303/t20230329_45634.htm
http://www.xinhuanet.com/	72659	新华网	https://www.pingtan.gov.cn/zwgk/ghxx/gzjzqk/202303/t20230329_45634.htm
http://www.xm.gov.cn/	72659	厦门市政府网站	https://www.pingtan.gov.cn/zwgk/ghxx/gzjzqk/202303/t20230329_45634.htm
http://www.zhangzhou.gov.cn/	72659	漳州市政府网站	https://www.pingtan.gov.cn/zwgk/ghxx/gzjzqk/202303/t20230329_45634.htm
http://www.zznews.cn/	72659	闽南日报	https://www.pingtan.gov.cn/zwgk/ghxx/gzjzqk/202303/t20230329_45634.htm
https://beian.miit.gov.cn/	72659	闽ICP备09032658号	https://www.pingtan.gov.cn/zwgk/ghxx/gzjzqk/202303/t20230329_45634.htm
https://data.fujian.gov.cn/#/oportal/index	72659	数据开放	https://www.pingtan.gov.cn/zwgk/ghxx/gzjzqk/202303/t20230329_45634.htm
https://mbrb.greatwuyi.com/202311/02/node_1.html	72659	闽北日报	https://www.pingtan.gov.cn/zwgk/ghxx/gzjzqk/202303/t20230329_45634.htm
https://www.163.com/	72659	网易	https://www.pingtan.gov.cn/zwgk/ghxx/gzjzqk/202303/t20230329_45634.htm
https://www.cctv.com/	72659	央视国际	https://www.pingtan.gov.cn/zwgk/ghxx/gzjzqk/202303/t20230329_45634.htm
https://www.chinanews.com.cn/	72659	中国新闻网	https://www.pingtan.gov.cn/zwgk/ghxx/gzjzqk/202303/t20230329_45634.htm
https://www.creditchina.gov.cn/	72659	信用中国	https://www.pingtan.gov.cn/zwgk/ghxx/gzjzqk/202303/t20230329_45634.htm
https://www.fjrd.gov.cn/	72659	省人大	https://www.pingtan.gov.cn/zwgk/ghxx/gzjzqk/202303/t20230329_45634.htm
https://www.fujian.gov.cn/	72659	省政府	https://www.pingtan.gov.cn/zwgk/ghxx/gzjzqk/202303/t20230329_45634.htm
https://www.fujian.gov.cn/bsfw/mztapp/	72659	闽政通APP	https://www.pingtan.gov.cn/zwgk/ghxx/gzjzqk/202303/t20230329_45634.htm
https://www.fuzhou.gov.cn/	72659	福州市政府网站	https://www.pingtan.gov.cn/zwgk/ghxx/gzjzqk/202303/t20230329_45634.htm
https://www.gov.cn/	72659	国务院	https://www.pingtan.gov.cn/zwgk/ghxx/gzjzqk/202303/t20230329_45634.htm
https://www.np.gov.cn/	72659	南平市政府网站	https://www.pingtan.gov.cn/zwgk/ghxx/gzjzqk/202303/t20230329_45634.htm
https://www.ptnet.cn/	72659	平潭网	https://www.pingtan.gov.cn/zwgk/ghxx/gzjzqk/202303/t20230329_45634.htm
https://www.putian.gov.cn/	72659	莆田市政府网站	https://www.pingtan.gov.cn/zwgk/ghxx/gzjzqk/202303/t20230329_45634.htm
https://www.qzwb.com/	72659	泉州晚报	https://www.pingtan.gov.cn/zwgk/ghxx/gzjzqk/202303/t20230329_45634.htm
https://www.sm.gov.cn/	72659	三明市政府网站	https://www.pingtan.gov.cn/zwgk/ghxx/gzjzqk/202303/t20230329_45634.htm
https://www.sohu.com/	72659	搜狐	https://www.pingtan.gov.cn/zwgk/ghxx/gzjzqk/202303/t20230329_45634.htm
https://xy.fujian.gov.cn/#/home	72659	信用福建	https://www.pingtan.gov.cn/zwgk/ghxx/gzjzqk/202303/t20230329_45634.htm
https://zwfw.fujian.gov.cn/indexMain?type=1&siteUnid=EC4BF9378FEEB8761D62BEDFF8EDE105	72659	福建网上办事大厅	https://www.pingtan.gov.cn/zwgk/ghxx/gzjzqk/202303/t20230329_45634.htm
http://pt.fjbz.org.cnx1e49966f83868.ipv6best.cn:8060/	602	福建省标准信息服务平台	https://www.pingtan.gov.cn/zwgk/zfxxgk/gwhwj/dfxfgzfgzh/201203/t20120322_53725.htm
http://www.acas.org.cnx7a72966f83868.ipv6best.cn/	602	海峡两岸仲裁中心	https://www.pingtan.gov.cn/zwgk/zfxxgk/gwhwj/dfxfgzfgzh/201203/t20120322_53725.htm
https://27-151-80-61xe076966f83868xx.ipv6best.cn:91/#/double-publicity-info	602	信用平潭	https://www.pingtan.gov.cn/zwgk/zfxxgk/gwhwj/dfxfgzfgzh/201203/t20120322_53725.htm
https://bszs-conac-cnxe103966f83868xx.ipv6best.cn/sitename?method=show&amp;id=21E2BB13660E0D66E053012819ACFD9D	602		https://www.pingtan.gov.cn/zwgk/zfxxgk/gwhwj/dfxfgzfgzh/201203/t20120322_53725.htm
https://credit-xm-gov-cnxd4a4966f83868xx.ipv6best.cn/	602	信用厦门	https://www.pingtan.gov.cn/zwgk/zfxxgk/gwhwj/dfxfgzfgzh/201203/t20120322_53725.htm
https://fjrb-fjdaily-comx2d93966f83868xx.ipv6best.cn/pc/col/202311/02/node_01.html	602	福建日报	https://www.pingtan.gov.cn/zwgk/zfxxgk/gwhwj/dfxfgzfgzh/201203/t20120322_53725.htm
https://www-beian-gov-cnx45c8966f83868xx.ipv6best.cn/portal/registerSystemInfo?recordcode=35012899001-19002	602	公安备案号：35012899001-19002	https://www.pingtan.gov.cn/zwgk/zfxxgk/gwhwj/dfxfgzfgzh/201203/t20120322_53725.htm
http://pt.fjbz.org.cnx1e49968613868.ipv6best.cn:8060/	569	福建省标准信息服务平台	https://www.pingtan.gov.cn/zwgk/zfxxgk/dfbmptlj/ptzhsyqbm/ptzhsyqczj/fdzdgknr/10qtwjdzjg/201510/t20151028_58955.htm
http://www.acas.org.cnx7a72968613868.ipv6best.cn/	569	海峡两岸仲裁中心	https://www.pingtan.gov.cn/zwgk/zfxxgk/dfbmptlj/ptzhsyqbm/ptzhsyqczj/fdzdgknr/10qtwjdzjg/201510/t20151028_58955.htm
https://27-151-80-61xe076968613868xx.ipv6best.cn:91/#/double-publicity-info	569	信用平潭	https://www.pingtan.gov.cn/zwgk/zfxxgk/dfbmptlj/ptzhsyqbm/ptzhsyqczj/fdzdgknr/10qtwjdzjg/201510/t20151028_58955.htm
https://bszs-conac-cnxe103968613868xx.ipv6best.cn/sitename?method=show&amp;id=21E2BB13660E0D66E053012819ACFD9D	569		https://www.pingtan.gov.cn/zwgk/zfxxgk/dfbmptlj/ptzhsyqbm/ptzhsyqczj/fdzdgknr/10qtwjdzjg/201510/t20151028_58955.htm
https://credit-xm-gov-cnxd4a4968613868xx.ipv6best.cn/	569	信用厦门	https://www.pingtan.gov.cn/zwgk/zfxxgk/dfbmptlj/ptzhsyqbm/ptzhsyqczj/fdzdgknr/10qtwjdzjg/201510/t20151028_58955.htm
https://fjrb-fjdaily-comx2d93968613868xx.ipv6best.cn/pc/col/202311/02/node_01.html	569	福建日报	https://www.pingtan.gov.cn/zwgk/zfxxgk/dfbmptlj/ptzhsyqbm/ptzhsyqczj/fdzdgknr/10qtwjdzjg/201510/t20151028_58955.htm
https://www-beian-gov-cnx45c8968613868xx.ipv6best.cn/portal/registerSystemInfo?recordcode=35012899001-19002	569	公安备案号：35012899001-19002	https://www.pingtan.gov.cn/zwgk/zfxxgk/dfbmptlj/ptzhsyqbm/ptzhsyqczj/fdzdgknr/10qtwjdzjg/201510/t20151028_58955.htm
http://pt.fjbz.org.cnx1e49968303868.ipv6best.cn:8060/	554	福建省标准信息服务平台	https://www.pingtan.gov.cn/zwgk/zfxxgk/dfbmptlj/ptzhsyqbm/ptzhsyqczj/fdzdgknr/10qtwjdzjg/202212/t20221207_77408.htm
http://www.acas.org.cnx7a72968303868.ipv6best.cn/	554	海峡两岸仲裁中心	https://www.pingtan.gov.cn/zwgk/zfxxgk/dfbmptlj/ptzhsyqbm/ptzhsyqczj/fdzdgknr/10qtwjdzjg/202212/t20221207_77408.htm
https://27-151-80-61xe076968303868xx.ipv6best.cn:91/#/double-publicity-info	554	信用平潭	https://www.pingtan.gov.cn/zwgk/zfxxgk/dfbmptlj/ptzhsyqbm/ptzhsyqczj/fdzdgknr/10qtwjdzjg/202212/t20221207_77408.htm
https://bszs-conac-cnxe103968303868xx.ipv6best.cn/sitename?method=show&amp;id=21E2BB13660E0D66E053012819ACFD9D	554		https://www.pingtan.gov.cn/zwgk/zfxxgk/dfbmptlj/ptzhsyqbm/ptzhsyqczj/fdzdgknr/10qtwjdzjg/202212/t20221207_77408.htm
https://credit-xm-gov-cnxd4a4968303868xx.ipv6best.cn/	554	信用厦门	https://www.pingtan.gov.cn/zwgk/zfxxgk/dfbmptlj/ptzhsyqbm/ptzhsyqczj/fdzdgknr/10qtwjdzjg/202212/t20221207_77408.htm
https://fjrb-fjdaily-comx2d93968303868xx.ipv6best.cn/pc/col/202311/02/node_01.html	554	福建日报	https://www.pingtan.gov.cn/zwgk/zfxxgk/dfbmptlj/ptzhsyqbm/ptzhsyqczj/fdzdgknr/10qtwjdzjg/202212/t20221207_77408.htm
https://www-beian-gov-cnx45c8968303868xx.ipv6best.cn/portal/registerSystemInfo?recordcode=35012899001-19002	554	公安备案号：35012899001-19002	https://www.pingtan.gov.cn/zwgk/zfxxgk/dfbmptlj/ptzhsyqbm/ptzhsyqczj/fdzdgknr/10qtwjdzjg/202212/t20221207_77408.htm
http://pt.fjbz.org.cnx1e49968443868.ipv6best.cn:8060/	538	福建省标准信息服务平台	https://www.pingtan.gov.cn/zwgk/zfxxgk/dfbmptlj/ptzhsyqbm/ptzhsyqczj/fdzdgknr/10qtwjdzjg/202007/t20200717_70716.htm
http://www.acas.org.cnx7a72968443868.ipv6best.cn/	538	海峡两岸仲裁中心	https://www.pingtan.gov.cn/zwgk/zfxxgk/dfbmptlj/ptzhsyqbm/ptzhsyqczj/fdzdgknr/10qtwjdzjg/202007/t20200717_70716.htm
https://27-151-80-61xe076968443868xx.ipv6best.cn:91/#/double-publicity-info	538	信用平潭	https://www.pingtan.gov.cn/zwgk/zfxxgk/dfbmptlj/ptzhsyqbm/ptzhsyqczj/fdzdgknr/10qtwjdzjg/202007/t20200717_70716.htm
https://bszs-conac-cnxe103968443868xx.ipv6best.cn/sitename?method=show&amp;id=21E2BB13660E0D66E053012819ACFD9D	538		https://www.pingtan.gov.cn/zwgk/zfxxgk/dfbmptlj/ptzhsyqbm/ptzhsyqczj/fdzdgknr/10qtwjdzjg/202007/t20200717_70716.htm
https://credit-xm-gov-cnxd4a4968443868xx.ipv6best.cn/	538	信用厦门	https://www.pingtan.gov.cn/zwgk/zfxxgk/dfbmptlj/ptzhsyqbm/ptzhsyqczj/fdzdgknr/10qtwjdzjg/202007/t20200717_70716.htm
https://fjrb-fjdaily-comx2d93968443868xx.ipv6best.cn/pc/col/202311/02/node_01.html	538	福建日报	https://www.pingtan.gov.cn/zwgk/zfxxgk/dfbmptlj/ptzhsyqbm/ptzhsyqczj/fdzdgknr/10qtwjdzjg/202007/t20200717_70716.htm
https://www-beian-gov-cnx45c8968443868xx.ipv6best.cn/portal/registerSystemInfo?recordcode=35012899001-19002	538	公安备案号：35012899001-19002	https://www.pingtan.gov.cn/zwgk/zfxxgk/dfbmptlj/ptzhsyqbm/ptzhsyqczj/fdzdgknr/10qtwjdzjg/202007/t20200717_70716.htm
http://pt.fjbz.org.cnx1e49966f13868.ipv6best.cn:8060/	513	福建省标准信息服务平台	https://www.pingtan.gov.cn/zwgk/zfxxgk/gwhwj/gmjjhshfzg/202001/t20200108_69622.htm
http://www.acas.org.cnx7a72966f13868.ipv6best.cn/	513	海峡两岸仲裁中心	https://www.pingtan.gov.cn/zwgk/zfxxgk/gwhwj/gmjjhshfzg/202001/t20200108_69622.htm
https://27-151-80-61xe076966f13868xx.ipv6best.cn:91/#/double-publicity-info	513	信用平潭	https://www.pingtan.gov.cn/zwgk/zfxxgk/gwhwj/gmjjhshfzg/202001/t20200108_69622.htm
https://bszs-conac-cnxe103966f13868xx.ipv6best.cn/sitename?method=show&amp;id=21E2BB13660E0D66E053012819ACFD9D	513		https://www.pingtan.gov.cn/zwgk/zfxxgk/gwhwj/gmjjhshfzg/202001/t20200108_69622.htm
https://credit-xm-gov-cnxd4a4966f13868xx.ipv6best.cn/	513	信用厦门	https://www.pingtan.gov.cn/zwgk/zfxxgk/gwhwj/gmjjhshfzg/202001/t20200108_69622.htm
https://fjrb-fjdaily-comx2d93966f13868xx.ipv6best.cn/pc/col/202311/02/node_01.html	513	福建日报	https://www.pingtan.gov.cn/zwgk/zfxxgk/gwhwj/gmjjhshfzg/202001/t20200108_69622.htm
https://www-beian-gov-cnx45c8966f13868xx.ipv6best.cn/portal/registerSystemInfo?recordcode=35012899001-19002	513	公安备案号：35012899001-19002	https://www.pingtan.gov.cn/zwgk/zfxxgk/gwhwj/gmjjhshfzg/202001/t20200108_69622.htm
http://pt.fjbz.org.cnx1e49968493868.ipv6best.cn:8060/	507	福建省标准信息服务平台	https://www.pingtan.gov.cn/zwgk/zfxxgk/dfbmptlj/ptzhsyqbm/ptzhsyqczj/fdzdgknr/12czysjsbg/201912/t20191224_69257.htm
http://www.acas.org.cnx7a72968493868.ipv6best.cn/	507	海峡两岸仲裁中心	https://www.pingtan.gov.cn/zwgk/zfxxgk/dfbmptlj/ptzhsyqbm/ptzhsyqczj/fdzdgknr/12czysjsbg/201912/t20191224_69257.htm
https://27-151-80-61xe076968493868xx.ipv6best.cn:91/#/double-publicity-info	507	信用平潭	https://www.pingtan.gov.cn/zwgk/zfxxgk/dfbmptlj/ptzhsyqbm/ptzhsyqczj/fdzdgknr/12czysjsbg/201912/t20191224_69257.htm
https://bszs-conac-cnxe103968493868xx.ipv6best.cn/sitename?method=show&amp;id=21E2BB13660E0D66E053012819ACFD9D	507		https://www.pingtan.gov.cn/zwgk/zfxxgk/dfbmptlj/ptzhsyqbm/ptzhsyqczj/fdzdgknr/12czysjsbg/201912/t20191224_69257.htm
https://credit-xm-gov-cnxd4a4968493868xx.ipv6best.cn/	507	信用厦门	https://www.pingtan.gov.cn/zwgk/zfxxgk/dfbmptlj/ptzhsyqbm/ptzhsyqczj/fdzdgknr/12czysjsbg/201912/t20191224_69257.htm
https://fjrb-fjdaily-comx2d93968493868xx.ipv6best.cn/pc/col/202311/02/node_01.html	507	福建日报	https://www.pingtan.gov.cn/zwgk/zfxxgk/dfbmptlj/ptzhsyqbm/ptzhsyqczj/fdzdgknr/12czysjsbg/201912/t20191224_69257.htm
https://www-beian-gov-cnx45c8968493868xx.ipv6best.cn/portal/registerSystemInfo?recordcode=35012899001-19002	507	公安备案号：35012899001-19002	https://www.pingtan.gov.cn/zwgk/zfxxgk/dfbmptlj/ptzhsyqbm/ptzhsyqczj/fdzdgknr/12czysjsbg/201912/t20191224_69257.htm
http://pt.fjbz.org.cnx1e49967cb3868.ipv6best.cn:8060/	488	福建省标准信息服务平台	https://www.pingtan.gov.cn/zwgk/ldzc/fld/hdbd/202312/t20231215_83334.htm
http://www.acas.org.cnx7a72967cb3868.ipv6best.cn/	488	海峡两岸仲裁中心	https://www.pingtan.gov.cn/zwgk/ldzc/fld/hdbd/202312/t20231215_83334.htm
https://27-151-80-61xe076967cb3868xx.ipv6best.cn:91/#/double-publicity-info	488	信用平潭	https://www.pingtan.gov.cn/zwgk/ldzc/fld/hdbd/202312/t20231215_83334.htm
https://bszs-conac-cnxe103967cb3868xx.ipv6best.cn/sitename?method=show&amp;id=21E2BB13660E0D66E053012819ACFD9D	488		https://www.pingtan.gov.cn/zwgk/ldzc/fld/hdbd/202312/t20231215_83334.htm
https://credit-xm-gov-cnxd4a4967cb3868xx.ipv6best.cn/	488	信用厦门	https://www.pingtan.gov.cn/zwgk/ldzc/fld/hdbd/202312/t20231215_83334.htm
https://fjrb-fjdaily-comx2d93967cb3868xx.ipv6best.cn/pc/col/202311/02/node_01.html	488	福建日报	https://www.pingtan.gov.cn/zwgk/ldzc/fld/hdbd/202312/t20231215_83334.htm
https://www-beian-gov-cnx45c8967cb3868xx.ipv6best.cn/portal/registerSystemInfo?recordcode=35012899001-19002	488	公安备案号：35012899001-19002	https://www.pingtan.gov.cn/zwgk/ldzc/fld/hdbd/202312/t20231215_83334.htm
http://pt.fjbz.org.cnx1e499676d3868.ipv6best.cn:8060/	484	福建省标准信息服务平台	https://www.pingtan.gov.cn/zwgk/ldzc/fld/hdbd/202412/t20241224_96247.htm
http://www.acas.org.cnx7a729676d3868.ipv6best.cn/	484	海峡两岸仲裁中心	https://www.pingtan.gov.cn/zwgk/ldzc/fld/hdbd/202412/t20241224_96247.htm
https://27-151-80-61xe0769676d3868xx.ipv6best.cn:91/#/double-publicity-info	484	信用平潭	https://www.pingtan.gov.cn/zwgk/ldzc/fld/hdbd/202412/t20241224_96247.htm
https://bszs-conac-cnxe1039676d3868xx.ipv6best.cn/sitename?method=show&amp;id=21E2BB13660E0D66E053012819ACFD9D	484		https://www.pingtan.gov.cn/zwgk/ldzc/fld/hdbd/202412/t20241224_96247.htm
https://credit-xm-gov-cnxd4a49676d3868xx.ipv6best.cn/	484	信用厦门	https://www.pingtan.gov.cn/zwgk/ldzc/fld/hdbd/202412/t20241224_96247.htm
https://fjrb-fjdaily-comx2d939676d3868xx.ipv6best.cn/pc/col/202311/02/node_01.html	484	福建日报	https://www.pingtan.gov.cn/zwgk/ldzc/fld/hdbd/202412/t20241224_96247.htm
https://www-beian-gov-cnx45c89676d3868xx.ipv6best.cn/portal/registerSystemInfo?recordcode=35012899001-19002	484	公安备案号：35012899001-19002	https://www.pingtan.gov.cn/zwgk/ldzc/fld/hdbd/202412/t20241224_96247.htm
http://pt.fjbz.org.cnx1e499673b3868.ipv6best.cn:8060/	482	福建省标准信息服务平台	https://www.pingtan.gov.cn/zwgk/zdlyxxgk/aqsc_1/aqjc/201905/t20190514_14007.htm
http://www.acas.org.cnx7a729673b3868.ipv6best.cn/	482	海峡两岸仲裁中心	https://www.pingtan.gov.cn/zwgk/zdlyxxgk/aqsc_1/aqjc/201905/t20190514_14007.htm
https://27-151-80-61xe0769673b3868xx.ipv6best.cn:91/#/double-publicity-info	482	信用平潭	https://www.pingtan.gov.cn/zwgk/zdlyxxgk/aqsc_1/aqjc/201905/t20190514_14007.htm
https://bszs-conac-cnxe1039673b3868xx.ipv6best.cn/sitename?method=show&amp;id=21E2BB13660E0D66E053012819ACFD9D	482		https://www.pingtan.gov.cn/zwgk/zdlyxxgk/aqsc_1/aqjc/201905/t20190514_14007.htm
https://credit-xm-gov-cnxd4a49673b3868xx.ipv6best.cn/	482	信用厦门	https://www.pingtan.gov.cn/zwgk/zdlyxxgk/aqsc_1/aqjc/201905/t20190514_14007.htm
https://fjrb-fjdaily-comx2d939673b3868xx.ipv6best.cn/pc/col/202311/02/node_01.html	482	福建日报	https://www.pingtan.gov.cn/zwgk/zdlyxxgk/aqsc_1/aqjc/201905/t20190514_14007.htm
https://www-beian-gov-cnx45c89673b3868xx.ipv6best.cn/portal/registerSystemInfo?recordcode=35012899001-19002	482	公安备案号：35012899001-19002	https://www.pingtan.gov.cn/zwgk/zdlyxxgk/aqsc_1/aqjc/201905/t20190514_14007.htm
http://pt.fjbz.org.cnx1e49968413868.ipv6best.cn:8060/	477	福建省标准信息服务平台	https://www.pingtan.gov.cn/zwgk/zfxxgk/dfbmptlj/ptzhsyqbm/ptzhsyqczj/fdzdgknr/10qtwjdzjg/202101/t20210118_74806.htm
http://www.acas.org.cnx7a72968413868.ipv6best.cn/	477	海峡两岸仲裁中心	https://www.pingtan.gov.cn/zwgk/zfxxgk/dfbmptlj/ptzhsyqbm/ptzhsyqczj/fdzdgknr/10qtwjdzjg/202101/t20210118_74806.htm
https://27-151-80-61xe076968413868xx.ipv6best.cn:91/#/double-publicity-info	477	信用平潭	https://www.pingtan.gov.cn/zwgk/zfxxgk/dfbmptlj/ptzhsyqbm/ptzhsyqczj/fdzdgknr/10qtwjdzjg/202101/t20210118_74806.htm
https://bszs-conac-cnxe103968413868xx.ipv6best.cn/sitename?method=show&amp;id=21E2BB13660E0D66E053012819ACFD9D	477		https://www.pingtan.gov.cn/zwgk/zfxxgk/dfbmptlj/ptzhsyqbm/ptzhsyqczj/fdzdgknr/10qtwjdzjg/202101/t20210118_74806.htm
https://credit-xm-gov-cnxd4a4968413868xx.ipv6best.cn/	477	信用厦门	https://www.pingtan.gov.cn/zwgk/zfxxgk/dfbmptlj/ptzhsyqbm/ptzhsyqczj/fdzdgknr/10qtwjdzjg/202101/t20210118_74806.htm
https://fjrb-fjdaily-comx2d93968413868xx.ipv6best.cn/pc/col/202311/02/node_01.html	477	福建日报	https://www.pingtan.gov.cn/zwgk/zfxxgk/dfbmptlj/ptzhsyqbm/ptzhsyqczj/fdzdgknr/10qtwjdzjg/202101/t20210118_74806.htm
https://www-beian-gov-cnx45c8968413868xx.ipv6best.cn/portal/registerSystemInfo?recordcode=35012899001-19002	477	公安备案号：35012899001-19002	https://www.pingtan.gov.cn/zwgk/zfxxgk/dfbmptlj/ptzhsyqbm/ptzhsyqczj/fdzdgknr/10qtwjdzjg/202101/t20210118_74806.htm
http://pt.fjbz.org.cnx1e49967743868.ipv6best.cn:8060/	475	福建省标准信息服务平台	https://www.pingtan.gov.cn/zwgk/ldzc/fld/hdbd/202408/t20240808_92654.htm
http://www.acas.org.cnx7a72967743868.ipv6best.cn/	475	海峡两岸仲裁中心	https://www.pingtan.gov.cn/zwgk/ldzc/fld/hdbd/202408/t20240808_92654.htm
https://27-151-80-61xe076967743868xx.ipv6best.cn:91/#/double-publicity-info	475	信用平潭	https://www.pingtan.gov.cn/zwgk/ldzc/fld/hdbd/202408/t20240808_92654.htm
https://bszs-conac-cnxe103967743868xx.ipv6best.cn/sitename?method=show&amp;id=21E2BB13660E0D66E053012819ACFD9D	475		https://www.pingtan.gov.cn/zwgk/ldzc/fld/hdbd/202408/t20240808_92654.htm
https://credit-xm-gov-cnxd4a4967743868xx.ipv6best.cn/	475	信用厦门	https://www.pingtan.gov.cn/zwgk/ldzc/fld/hdbd/202408/t20240808_92654.htm
https://fjrb-fjdaily-comx2d93967743868xx.ipv6best.cn/pc/col/202311/02/node_01.html	475	福建日报	https://www.pingtan.gov.cn/zwgk/ldzc/fld/hdbd/202408/t20240808_92654.htm
https://www-beian-gov-cnx45c8967743868xx.ipv6best.cn/portal/registerSystemInfo?recordcode=35012899001-19002	475	公安备案号：35012899001-19002	https://www.pingtan.gov.cn/zwgk/ldzc/fld/hdbd/202408/t20240808_92654.htm
http://pt.fjbz.org.cnx1e49968253868.ipv6best.cn:8060/	471	福建省标准信息服务平台	https://www.pingtan.gov.cn/zwgk/yw/ptyw/201510/t20151029_1796.htm
http://www.acas.org.cnx7a72968253868.ipv6best.cn/	471	海峡两岸仲裁中心	https://www.pingtan.gov.cn/zwgk/yw/ptyw/201510/t20151029_1796.htm
https://27-151-80-61xe076968253868xx.ipv6best.cn:91/#/double-publicity-info	471	信用平潭	https://www.pingtan.gov.cn/zwgk/yw/ptyw/201510/t20151029_1796.htm
https://bszs-conac-cnxe103968253868xx.ipv6best.cn/sitename?method=show&amp;id=21E2BB13660E0D66E053012819ACFD9D	471		https://www.pingtan.gov.cn/zwgk/yw/ptyw/201510/t20151029_1796.htm
https://credit-xm-gov-cnxd4a4968253868xx.ipv6best.cn/	471	信用厦门	https://www.pingtan.gov.cn/zwgk/yw/ptyw/201510/t20151029_1796.htm
https://fjrb-fjdaily-comx2d93968253868xx.ipv6best.cn/pc/col/202311/02/node_01.html	471	福建日报	https://www.pingtan.gov.cn/zwgk/yw/ptyw/201510/t20151029_1796.htm
https://www-beian-gov-cnx45c8968253868xx.ipv6best.cn/portal/registerSystemInfo?recordcode=35012899001-19002	471	公安备案号：35012899001-19002	https://www.pingtan.gov.cn/zwgk/yw/ptyw/201510/t20151029_1796.htm
http://pt.fjbz.org.cnx1e499683e3868.ipv6best.cn:8060/	470	福建省标准信息服务平台	https://www.pingtan.gov.cn/zwgk/zfxxgk/dfbmptlj/ptzhsyqbm/ptzhsyqczj/fdzdgknr/165fpjyyls/202103/t20210308_73268.htm
http://www.acas.org.cnx7a729683e3868.ipv6best.cn/	470	海峡两岸仲裁中心	https://www.pingtan.gov.cn/zwgk/zfxxgk/dfbmptlj/ptzhsyqbm/ptzhsyqczj/fdzdgknr/165fpjyyls/202103/t20210308_73268.htm
https://27-151-80-61xe0769683e3868xx.ipv6best.cn:91/#/double-publicity-info	470	信用平潭	https://www.pingtan.gov.cn/zwgk/zfxxgk/dfbmptlj/ptzhsyqbm/ptzhsyqczj/fdzdgknr/165fpjyyls/202103/t20210308_73268.htm
https://bszs-conac-cnxe1039683e3868xx.ipv6best.cn/sitename?method=show&amp;id=21E2BB13660E0D66E053012819ACFD9D	470		https://www.pingtan.gov.cn/zwgk/zfxxgk/dfbmptlj/ptzhsyqbm/ptzhsyqczj/fdzdgknr/165fpjyyls/202103/t20210308_73268.htm
https://credit-xm-gov-cnxd4a49683e3868xx.ipv6best.cn/	470	信用厦门	https://www.pingtan.gov.cn/zwgk/zfxxgk/dfbmptlj/ptzhsyqbm/ptzhsyqczj/fdzdgknr/165fpjyyls/202103/t20210308_73268.htm
https://fjrb-fjdaily-comx2d939683e3868xx.ipv6best.cn/pc/col/202311/02/node_01.html	470	福建日报	https://www.pingtan.gov.cn/zwgk/zfxxgk/dfbmptlj/ptzhsyqbm/ptzhsyqczj/fdzdgknr/165fpjyyls/202103/t20210308_73268.htm
https://www-beian-gov-cnx45c89683e3868xx.ipv6best.cn/portal/registerSystemInfo?recordcode=35012899001-19002	470	公安备案号：35012899001-19002	https://www.pingtan.gov.cn/zwgk/zfxxgk/dfbmptlj/ptzhsyqbm/ptzhsyqczj/fdzdgknr/165fpjyyls/202103/t20210308_73268.htm
http://pt.fjbz.org.cnx1e49968523868.ipv6best.cn:8060/	465	福建省标准信息服务平台	https://www.pingtan.gov.cn/zwgk/zfxxgk/dfbmptlj/ptzhsyqbm/ptzhsyqczj/fdzdgknr/12czysjsbg/201810/t20181009_68534.htm
http://www.acas.org.cnx7a72968523868.ipv6best.cn/	465	海峡两岸仲裁中心	https://www.pingtan.gov.cn/zwgk/zfxxgk/dfbmptlj/ptzhsyqbm/ptzhsyqczj/fdzdgknr/12czysjsbg/201810/t20181009_68534.htm
https://27-151-80-61xe076968523868xx.ipv6best.cn:91/#/double-publicity-info	465	信用平潭	https://www.pingtan.gov.cn/zwgk/zfxxgk/dfbmptlj/ptzhsyqbm/ptzhsyqczj/fdzdgknr/12czysjsbg/201810/t20181009_68534.htm
https://bszs-conac-cnxe103968523868xx.ipv6best.cn/sitename?method=show&amp;id=21E2BB13660E0D66E053012819ACFD9D	465		https://www.pingtan.gov.cn/zwgk/zfxxgk/dfbmptlj/ptzhsyqbm/ptzhsyqczj/fdzdgknr/12czysjsbg/201810/t20181009_68534.htm
https://credit-xm-gov-cnxd4a4968523868xx.ipv6best.cn/	465	信用厦门	https://www.pingtan.gov.cn/zwgk/zfxxgk/dfbmptlj/ptzhsyqbm/ptzhsyqczj/fdzdgknr/12czysjsbg/201810/t20181009_68534.htm
https://fjrb-fjdaily-comx2d93968523868xx.ipv6best.cn/pc/col/202311/02/node_01.html	465	福建日报	https://www.pingtan.gov.cn/zwgk/zfxxgk/dfbmptlj/ptzhsyqbm/ptzhsyqczj/fdzdgknr/12czysjsbg/201810/t20181009_68534.htm
https://www-beian-gov-cnx45c8968523868xx.ipv6best.cn/portal/registerSystemInfo?recordcode=35012899001-19002	465	公安备案号：35012899001-19002	https://www.pingtan.gov.cn/zwgk/zfxxgk/dfbmptlj/ptzhsyqbm/ptzhsyqczj/fdzdgknr/12czysjsbg/201810/t20181009_68534.htm
http://pt.fjbz.org.cnx1e499684a3868.ipv6best.cn:8060/	461	福建省标准信息服务平台	https://www.pingtan.gov.cn/zwgk/zfxxgk/dfbmptlj/ptzhsyqbm/ptzhsyqczj/fdzdgknr/161qxjzyfj/202001/t20200117_69979.htm
http://www.acas.org.cnx7a729684a3868.ipv6best.cn/	461	海峡两岸仲裁中心	https://www.pingtan.gov.cn/zwgk/zfxxgk/dfbmptlj/ptzhsyqbm/ptzhsyqczj/fdzdgknr/161qxjzyfj/202001/t20200117_69979.htm
https://27-151-80-61xe0769684a3868xx.ipv6best.cn:91/#/double-publicity-info	461	信用平潭	https://www.pingtan.gov.cn/zwgk/zfxxgk/dfbmptlj/ptzhsyqbm/ptzhsyqczj/fdzdgknr/161qxjzyfj/202001/t20200117_69979.htm
https://bszs-conac-cnxe1039684a3868xx.ipv6best.cn/sitename?method=show&amp;id=21E2BB13660E0D66E053012819ACFD9D	461		https://www.pingtan.gov.cn/zwgk/zfxxgk/dfbmptlj/ptzhsyqbm/ptzhsyqczj/fdzdgknr/161qxjzyfj/202001/t20200117_69979.htm
https://credit-xm-gov-cnxd4a49684a3868xx.ipv6best.cn/	461	信用厦门	https://www.pingtan.gov.cn/zwgk/zfxxgk/dfbmptlj/ptzhsyqbm/ptzhsyqczj/fdzdgknr/161qxjzyfj/202001/t20200117_69979.htm
https://fjrb-fjdaily-comx2d939684a3868xx.ipv6best.cn/pc/col/202311/02/node_01.html	461	福建日报	https://www.pingtan.gov.cn/zwgk/zfxxgk/dfbmptlj/ptzhsyqbm/ptzhsyqczj/fdzdgknr/161qxjzyfj/202001/t20200117_69979.htm
https://www-beian-gov-cnx45c89684a3868xx.ipv6best.cn/portal/registerSystemInfo?recordcode=35012899001-19002	461	公安备案号：35012899001-19002	https://www.pingtan.gov.cn/zwgk/zfxxgk/dfbmptlj/ptzhsyqbm/ptzhsyqczj/fdzdgknr/161qxjzyfj/202001/t20200117_69979.htm
http://pt.fjbz.org.cnx1e49967603868.ipv6best.cn:8060/	450	福建省标准信息服务平台	https://www.pingtan.gov.cn/zwgk/ldzc/hjb/hdbd/202601/t20260120_104705.htm
http://www.acas.org.cnx7a72967603868.ipv6best.cn/	450	海峡两岸仲裁中心	https://www.pingtan.gov.cn/zwgk/ldzc/hjb/hdbd/202601/t20260120_104705.htm
https://27-151-80-61xe076967603868xx.ipv6best.cn:91/#/double-publicity-info	450	信用平潭	https://www.pingtan.gov.cn/zwgk/ldzc/hjb/hdbd/202601/t20260120_104705.htm
https://bszs-conac-cnxe103967603868xx.ipv6best.cn/sitename?method=show&amp;id=21E2BB13660E0D66E053012819ACFD9D	450		https://www.pingtan.gov.cn/zwgk/ldzc/hjb/hdbd/202601/t20260120_104705.htm
https://credit-xm-gov-cnxd4a4967603868xx.ipv6best.cn/	450	信用厦门	https://www.pingtan.gov.cn/zwgk/ldzc/hjb/hdbd/202601/t20260120_104705.htm
https://fjrb-fjdaily-comx2d93967603868xx.ipv6best.cn/pc/col/202311/02/node_01.html	450	福建日报	https://www.pingtan.gov.cn/zwgk/ldzc/hjb/hdbd/202601/t20260120_104705.htm
https://www-beian-gov-cnx45c8967603868xx.ipv6best.cn/portal/registerSystemInfo?recordcode=35012899001-19002	450	公安备案号：35012899001-19002	https://www.pingtan.gov.cn/zwgk/ldzc/hjb/hdbd/202601/t20260120_104705.htm
http://pt.fjbz.org.cnx1e499671e3868.ipv6best.cn:8060/	433	福建省标准信息服务平台	https://www.pingtan.gov.cn/zwgk/ghxx/qygh/202211/t20221116_38716.htm
http://www.acas.org.cnx7a729671e3868.ipv6best.cn/	433	海峡两岸仲裁中心	https://www.pingtan.gov.cn/zwgk/ghxx/qygh/202211/t20221116_38716.htm
https://27-151-80-61xe0769671e3868xx.ipv6best.cn:91/#/double-publicity-info	433	信用平潭	https://www.pingtan.gov.cn/zwgk/ghxx/qygh/202211/t20221116_38716.htm
https://bszs-conac-cnxe1039671e3868xx.ipv6best.cn/sitename?method=show&amp;id=21E2BB13660E0D66E053012819ACFD9D	433		https://www.pingtan.gov.cn/zwgk/ghxx/qygh/202211/t20221116_38716.htm
https://credit-xm-gov-cnxd4a49671e3868xx.ipv6best.cn/	433	信用厦门	https://www.pingtan.gov.cn/zwgk/ghxx/qygh/202211/t20221116_38716.htm
https://fjrb-fjdaily-comx2d939671e3868xx.ipv6best.cn/pc/col/202311/02/node_01.html	433	福建日报	https://www.pingtan.gov.cn/zwgk/ghxx/qygh/202211/t20221116_38716.htm
https://www-beian-gov-cnx45c89671e3868xx.ipv6best.cn/portal/registerSystemInfo?recordcode=35012899001-19002	433	公安备案号：35012899001-19002	https://www.pingtan.gov.cn/zwgk/ghxx/qygh/202211/t20221116_38716.htm
http://pt.fjbz.org.cnx1e49968263868.ipv6best.cn:8060/	427	福建省标准信息服务平台	https://www.pingtan.gov.cn/zwgk/zfxxgk/dfbmptlj/ptzhsyqbm/ptzhsyqczj/202604/t20260408_106059.htm
http://www.acas.org.cnx7a72968263868.ipv6best.cn/	427	海峡两岸仲裁中心	https://www.pingtan.gov.cn/zwgk/zfxxgk/dfbmptlj/ptzhsyqbm/ptzhsyqczj/202604/t20260408_106059.htm
https://27-151-80-61xe076968263868xx.ipv6best.cn:91/#/double-publicity-info	427	信用平潭	https://www.pingtan.gov.cn/zwgk/zfxxgk/dfbmptlj/ptzhsyqbm/ptzhsyqczj/202604/t20260408_106059.htm
https://bszs-conac-cnxe103968263868xx.ipv6best.cn/sitename?method=show&amp;id=21E2BB13660E0D66E053012819ACFD9D	427		https://www.pingtan.gov.cn/zwgk/zfxxgk/dfbmptlj/ptzhsyqbm/ptzhsyqczj/202604/t20260408_106059.htm
https://credit-xm-gov-cnxd4a4968263868xx.ipv6best.cn/	427	信用厦门	https://www.pingtan.gov.cn/zwgk/zfxxgk/dfbmptlj/ptzhsyqbm/ptzhsyqczj/202604/t20260408_106059.htm
https://fjrb-fjdaily-comx2d93968263868xx.ipv6best.cn/pc/col/202311/02/node_01.html	427	福建日报	https://www.pingtan.gov.cn/zwgk/zfxxgk/dfbmptlj/ptzhsyqbm/ptzhsyqczj/202604/t20260408_106059.htm
https://www-beian-gov-cnx45c8968263868xx.ipv6best.cn/portal/registerSystemInfo?recordcode=35012899001-19002	427	公安备案号：35012899001-19002	https://www.pingtan.gov.cn/zwgk/zfxxgk/dfbmptlj/ptzhsyqbm/ptzhsyqczj/202604/t20260408_106059.htm
http://pt.fjbz.org.cnx1e49966b93868.ipv6best.cn:8060/	425	福建省标准信息服务平台	https://www.pingtan.gov.cn/zwgk/gsgg/202310/t20231009_50781.htm
http://www.acas.org.cnx7a72966b93868.ipv6best.cn/	425	海峡两岸仲裁中心	https://www.pingtan.gov.cn/zwgk/gsgg/202310/t20231009_50781.htm
https://27-151-80-61xe076966b93868xx.ipv6best.cn:91/#/double-publicity-info	425	信用平潭	https://www.pingtan.gov.cn/zwgk/gsgg/202310/t20231009_50781.htm
https://bszs-conac-cnxe103966b93868xx.ipv6best.cn/sitename?method=show&amp;id=21E2BB13660E0D66E053012819ACFD9D	425		https://www.pingtan.gov.cn/zwgk/gsgg/202310/t20231009_50781.htm
https://credit-xm-gov-cnxd4a4966b93868xx.ipv6best.cn/	425	信用厦门	https://www.pingtan.gov.cn/zwgk/gsgg/202310/t20231009_50781.htm
https://fjrb-fjdaily-comx2d93966b93868xx.ipv6best.cn/pc/col/202311/02/node_01.html	425	福建日报	https://www.pingtan.gov.cn/zwgk/gsgg/202310/t20231009_50781.htm
https://www-beian-gov-cnx45c8966b93868xx.ipv6best.cn/portal/registerSystemInfo?recordcode=35012899001-19002	425	公安备案号：35012899001-19002	https://www.pingtan.gov.cn/zwgk/gsgg/202310/t20231009_50781.htm
http://pt.fjbz.org.cnx1e49966e23868.ipv6best.cn:8060/	421	福建省标准信息服务平台	https://www.pingtan.gov.cn/zwgk/gsgg/200911/t20091115_778.htm
http://pt.fjbz.org.cnx1e49968363868.ipv6best.cn:8060/	421	福建省标准信息服务平台	https://www.pingtan.gov.cn/zwgk/zfxxgk/dfbmptlj/ptzhsyqbm/ptzhsyqczj/fdzdgknr/165fpjyyls/202206/t20220617_76331.htm
http://www.acas.org.cnx7a72966e23868.ipv6best.cn/	421	海峡两岸仲裁中心	https://www.pingtan.gov.cn/zwgk/gsgg/200911/t20091115_778.htm
http://www.acas.org.cnx7a72968363868.ipv6best.cn/	421	海峡两岸仲裁中心	https://www.pingtan.gov.cn/zwgk/zfxxgk/dfbmptlj/ptzhsyqbm/ptzhsyqczj/fdzdgknr/165fpjyyls/202206/t20220617_76331.htm
https://27-151-80-61xe076966e23868xx.ipv6best.cn:91/#/double-publicity-info	421	信用平潭	https://www.pingtan.gov.cn/zwgk/gsgg/200911/t20091115_778.htm
https://27-151-80-61xe076968363868xx.ipv6best.cn:91/#/double-publicity-info	421	信用平潭	https://www.pingtan.gov.cn/zwgk/zfxxgk/dfbmptlj/ptzhsyqbm/ptzhsyqczj/fdzdgknr/165fpjyyls/202206/t20220617_76331.htm
https://bszs-conac-cnxe103966e23868xx.ipv6best.cn/sitename?method=show&amp;id=21E2BB13660E0D66E053012819ACFD9D	421		https://www.pingtan.gov.cn/zwgk/gsgg/200911/t20091115_778.htm
https://bszs-conac-cnxe103968363868xx.ipv6best.cn/sitename?method=show&amp;id=21E2BB13660E0D66E053012819ACFD9D	421		https://www.pingtan.gov.cn/zwgk/zfxxgk/dfbmptlj/ptzhsyqbm/ptzhsyqczj/fdzdgknr/165fpjyyls/202206/t20220617_76331.htm
https://credit-xm-gov-cnxd4a4966e23868xx.ipv6best.cn/	421	信用厦门	https://www.pingtan.gov.cn/zwgk/gsgg/200911/t20091115_778.htm
https://credit-xm-gov-cnxd4a4968363868xx.ipv6best.cn/	421	信用厦门	https://www.pingtan.gov.cn/zwgk/zfxxgk/dfbmptlj/ptzhsyqbm/ptzhsyqczj/fdzdgknr/165fpjyyls/202206/t20220617_76331.htm
https://fjrb-fjdaily-comx2d93966e23868xx.ipv6best.cn/pc/col/202311/02/node_01.html	421	福建日报	https://www.pingtan.gov.cn/zwgk/gsgg/200911/t20091115_778.htm
https://fjrb-fjdaily-comx2d93968363868xx.ipv6best.cn/pc/col/202311/02/node_01.html	421	福建日报	https://www.pingtan.gov.cn/zwgk/zfxxgk/dfbmptlj/ptzhsyqbm/ptzhsyqczj/fdzdgknr/165fpjyyls/202206/t20220617_76331.htm
https://www-beian-gov-cnx45c8966e23868xx.ipv6best.cn/portal/registerSystemInfo?recordcode=35012899001-19002	421	公安备案号：35012899001-19002	https://www.pingtan.gov.cn/zwgk/gsgg/200911/t20091115_778.htm
https://www-beian-gov-cnx45c8968363868xx.ipv6best.cn/portal/registerSystemInfo?recordcode=35012899001-19002	421	公安备案号：35012899001-19002	https://www.pingtan.gov.cn/zwgk/zfxxgk/dfbmptlj/ptzhsyqbm/ptzhsyqczj/fdzdgknr/165fpjyyls/202206/t20220617_76331.htm
http://pt.fjbz.org.cnx1e49967d83868.ipv6best.cn:8060/	420	福建省标准信息服务平台	https://www.pingtan.gov.cn/zwgk/ldzc/fld/hdbd/202307/t20230719_48300.htm
http://www.acas.org.cnx7a72967d83868.ipv6best.cn/	420	海峡两岸仲裁中心	https://www.pingtan.gov.cn/zwgk/ldzc/fld/hdbd/202307/t20230719_48300.htm
https://27-151-80-61xe076967d83868xx.ipv6best.cn:91/#/double-publicity-info	420	信用平潭	https://www.pingtan.gov.cn/zwgk/ldzc/fld/hdbd/202307/t20230719_48300.htm
https://bszs-conac-cnxe103967d83868xx.ipv6best.cn/sitename?method=show&amp;id=21E2BB13660E0D66E053012819ACFD9D	420		https://www.pingtan.gov.cn/zwgk/ldzc/fld/hdbd/202307/t20230719_48300.htm
https://credit-xm-gov-cnxd4a4967d83868xx.ipv6best.cn/	420	信用厦门	https://www.pingtan.gov.cn/zwgk/ldzc/fld/hdbd/202307/t20230719_48300.htm
https://fjrb-fjdaily-comx2d93967d83868xx.ipv6best.cn/pc/col/202311/02/node_01.html	420	福建日报	https://www.pingtan.gov.cn/zwgk/ldzc/fld/hdbd/202307/t20230719_48300.htm
https://www-beian-gov-cnx45c8967d83868xx.ipv6best.cn/portal/registerSystemInfo?recordcode=35012899001-19002	420	公安备案号：35012899001-19002	https://www.pingtan.gov.cn/zwgk/ldzc/fld/hdbd/202307/t20230719_48300.htm
http://pt.fjbz.org.cnx1e49968683868.ipv6best.cn:8060/	407	福建省标准信息服务平台	https://www.pingtan.gov.cn/zwgk/zfxxgk/dfbmptlj/ptzhsyqbm/ptzhsyqczj/fdzdgknr/10qtwjdzjg/201405/t20140521_56637.htm
http://www.acas.org.cnx7a72968683868.ipv6best.cn/	407	海峡两岸仲裁中心	https://www.pingtan.gov.cn/zwgk/zfxxgk/dfbmptlj/ptzhsyqbm/ptzhsyqczj/fdzdgknr/10qtwjdzjg/201405/t20140521_56637.htm
https://27-151-80-61xe076968683868xx.ipv6best.cn:91/#/double-publicity-info	407	信用平潭	https://www.pingtan.gov.cn/zwgk/zfxxgk/dfbmptlj/ptzhsyqbm/ptzhsyqczj/fdzdgknr/10qtwjdzjg/201405/t20140521_56637.htm
https://bszs-conac-cnxe103968683868xx.ipv6best.cn/sitename?method=show&amp;id=21E2BB13660E0D66E053012819ACFD9D	407		https://www.pingtan.gov.cn/zwgk/zfxxgk/dfbmptlj/ptzhsyqbm/ptzhsyqczj/fdzdgknr/10qtwjdzjg/201405/t20140521_56637.htm
https://credit-xm-gov-cnxd4a4968683868xx.ipv6best.cn/	407	信用厦门	https://www.pingtan.gov.cn/zwgk/zfxxgk/dfbmptlj/ptzhsyqbm/ptzhsyqczj/fdzdgknr/10qtwjdzjg/201405/t20140521_56637.htm
https://fjrb-fjdaily-comx2d93968683868xx.ipv6best.cn/pc/col/202311/02/node_01.html	407	福建日报	https://www.pingtan.gov.cn/zwgk/zfxxgk/dfbmptlj/ptzhsyqbm/ptzhsyqczj/fdzdgknr/10qtwjdzjg/201405/t20140521_56637.htm
https://www-beian-gov-cnx45c8968683868xx.ipv6best.cn/portal/registerSystemInfo?recordcode=35012899001-19002	407	公安备案号：35012899001-19002	https://www.pingtan.gov.cn/zwgk/zfxxgk/dfbmptlj/ptzhsyqbm/ptzhsyqczj/fdzdgknr/10qtwjdzjg/201405/t20140521_56637.htm
http://pt.fjbz.org.cnx1e49966df3868.ipv6best.cn:8060/	405	福建省标准信息服务平台	https://www.pingtan.gov.cn/zwgk/gsgg/201505/t20150514_1370.htm
http://www.acas.org.cnx7a72966df3868.ipv6best.cn/	405	海峡两岸仲裁中心	https://www.pingtan.gov.cn/zwgk/gsgg/201505/t20150514_1370.htm
https://27-151-80-61xe076966df3868xx.ipv6best.cn:91/#/double-publicity-info	405	信用平潭	https://www.pingtan.gov.cn/zwgk/gsgg/201505/t20150514_1370.htm
https://bszs-conac-cnxe103966df3868xx.ipv6best.cn/sitename?method=show&amp;id=21E2BB13660E0D66E053012819ACFD9D	405		https://www.pingtan.gov.cn/zwgk/gsgg/201505/t20150514_1370.htm
https://credit-xm-gov-cnxd4a4966df3868xx.ipv6best.cn/	405	信用厦门	https://www.pingtan.gov.cn/zwgk/gsgg/201505/t20150514_1370.htm
https://fjrb-fjdaily-comx2d93966df3868xx.ipv6best.cn/pc/col/202311/02/node_01.html	405	福建日报	https://www.pingtan.gov.cn/zwgk/gsgg/201505/t20150514_1370.htm
https://www-beian-gov-cnx45c8966df3868xx.ipv6best.cn/portal/registerSystemInfo?recordcode=35012899001-19002	405	公安备案号：35012899001-19002	https://www.pingtan.gov.cn/zwgk/gsgg/201505/t20150514_1370.htm
http://pt.fjbz.org.cnx1e499685d3868.ipv6best.cn:8060/	399	福建省标准信息服务平台	https://www.pingtan.gov.cn/zwgk/zfxxgk/dfbmptlj/ptzhsyqbm/ptzhsyqczj/fdzdgknr/10qtwjdzjg/201611/t20161108_61756.htm
http://www.acas.org.cnx7a729685d3868.ipv6best.cn/	399	海峡两岸仲裁中心	https://www.pingtan.gov.cn/zwgk/zfxxgk/dfbmptlj/ptzhsyqbm/ptzhsyqczj/fdzdgknr/10qtwjdzjg/201611/t20161108_61756.htm
https://27-151-80-61xe0769685d3868xx.ipv6best.cn:91/#/double-publicity-info	399	信用平潭	https://www.pingtan.gov.cn/zwgk/zfxxgk/dfbmptlj/ptzhsyqbm/ptzhsyqczj/fdzdgknr/10qtwjdzjg/201611/t20161108_61756.htm
https://bszs-conac-cnxe1039685d3868xx.ipv6best.cn/sitename?method=show&amp;id=21E2BB13660E0D66E053012819ACFD9D	399		https://www.pingtan.gov.cn/zwgk/zfxxgk/dfbmptlj/ptzhsyqbm/ptzhsyqczj/fdzdgknr/10qtwjdzjg/201611/t20161108_61756.htm
https://credit-xm-gov-cnxd4a49685d3868xx.ipv6best.cn/	399	信用厦门	https://www.pingtan.gov.cn/zwgk/zfxxgk/dfbmptlj/ptzhsyqbm/ptzhsyqczj/fdzdgknr/10qtwjdzjg/201611/t20161108_61756.htm
https://fjrb-fjdaily-comx2d939685d3868xx.ipv6best.cn/pc/col/202311/02/node_01.html	399	福建日报	https://www.pingtan.gov.cn/zwgk/zfxxgk/dfbmptlj/ptzhsyqbm/ptzhsyqczj/fdzdgknr/10qtwjdzjg/201611/t20161108_61756.htm
https://www-beian-gov-cnx45c89685d3868xx.ipv6best.cn/portal/registerSystemInfo?recordcode=35012899001-19002	399	公安备案号：35012899001-19002	https://www.pingtan.gov.cn/zwgk/zfxxgk/dfbmptlj/ptzhsyqbm/ptzhsyqczj/fdzdgknr/10qtwjdzjg/201611/t20161108_61756.htm
http://pt.fjbz.org.cnx1e499683c3868.ipv6best.cn:8060/	398	福建省标准信息服务平台	https://www.pingtan.gov.cn/zwgk/zfxxgk/dfbmptlj/ptzhsyqbm/ptzhsyqczj/fdzdgknr/10qtwjdzjg/202106/t20210622_74805.htm
http://www.acas.org.cnx7a729683c3868.ipv6best.cn/	398	海峡两岸仲裁中心	https://www.pingtan.gov.cn/zwgk/zfxxgk/dfbmptlj/ptzhsyqbm/ptzhsyqczj/fdzdgknr/10qtwjdzjg/202106/t20210622_74805.htm
https://27-151-80-61xe0769683c3868xx.ipv6best.cn:91/#/double-publicity-info	398	信用平潭	https://www.pingtan.gov.cn/zwgk/zfxxgk/dfbmptlj/ptzhsyqbm/ptzhsyqczj/fdzdgknr/10qtwjdzjg/202106/t20210622_74805.htm
https://bszs-conac-cnxe1039683c3868xx.ipv6best.cn/sitename?method=show&amp;id=21E2BB13660E0D66E053012819ACFD9D	398		https://www.pingtan.gov.cn/zwgk/zfxxgk/dfbmptlj/ptzhsyqbm/ptzhsyqczj/fdzdgknr/10qtwjdzjg/202106/t20210622_74805.htm
https://credit-xm-gov-cnxd4a49683c3868xx.ipv6best.cn/	398	信用厦门	https://www.pingtan.gov.cn/zwgk/zfxxgk/dfbmptlj/ptzhsyqbm/ptzhsyqczj/fdzdgknr/10qtwjdzjg/202106/t20210622_74805.htm
https://fjrb-fjdaily-comx2d939683c3868xx.ipv6best.cn/pc/col/202311/02/node_01.html	398	福建日报	https://www.pingtan.gov.cn/zwgk/zfxxgk/dfbmptlj/ptzhsyqbm/ptzhsyqczj/fdzdgknr/10qtwjdzjg/202106/t20210622_74805.htm
https://www-beian-gov-cnx45c89683c3868xx.ipv6best.cn/portal/registerSystemInfo?recordcode=35012899001-19002	398	公安备案号：35012899001-19002	https://www.pingtan.gov.cn/zwgk/zfxxgk/dfbmptlj/ptzhsyqbm/ptzhsyqczj/fdzdgknr/10qtwjdzjg/202106/t20210622_74805.htm
http://pt.fjbz.org.cnx1e49968223868.ipv6best.cn:8060/	396	福建省标准信息服务平台	https://www.pingtan.gov.cn/zwgk/yw/ptyw/201510/t20151029_1479.htm
http://www.acas.org.cnx7a72968223868.ipv6best.cn/	396	海峡两岸仲裁中心	https://www.pingtan.gov.cn/zwgk/yw/ptyw/201510/t20151029_1479.htm
https://27-151-80-61xe076968223868xx.ipv6best.cn:91/#/double-publicity-info	396	信用平潭	https://www.pingtan.gov.cn/zwgk/yw/ptyw/201510/t20151029_1479.htm
https://bszs-conac-cnxe103968223868xx.ipv6best.cn/sitename?method=show&amp;id=21E2BB13660E0D66E053012819ACFD9D	396		https://www.pingtan.gov.cn/zwgk/yw/ptyw/201510/t20151029_1479.htm
https://credit-xm-gov-cnxd4a4968223868xx.ipv6best.cn/	396	信用厦门	https://www.pingtan.gov.cn/zwgk/yw/ptyw/201510/t20151029_1479.htm
https://fjrb-fjdaily-comx2d93968223868xx.ipv6best.cn/pc/col/202311/02/node_01.html	396	福建日报	https://www.pingtan.gov.cn/zwgk/yw/ptyw/201510/t20151029_1479.htm
https://www-beian-gov-cnx45c8968223868xx.ipv6best.cn/portal/registerSystemInfo?recordcode=35012899001-19002	396	公安备案号：35012899001-19002	https://www.pingtan.gov.cn/zwgk/yw/ptyw/201510/t20151029_1479.htm
http://pt.fjbz.org.cnx1e49966a93868.ipv6best.cn:8060/	387	福建省标准信息服务平台	https://www.pingtan.gov.cn/zwgk/gsgg/202603/t20260312_105562.htm
http://www.acas.org.cnx7a72966a93868.ipv6best.cn/	387	海峡两岸仲裁中心	https://www.pingtan.gov.cn/zwgk/gsgg/202603/t20260312_105562.htm
https://27-151-80-61xe076966a93868xx.ipv6best.cn:91/#/double-publicity-info	387	信用平潭	https://www.pingtan.gov.cn/zwgk/gsgg/202603/t20260312_105562.htm
https://bszs-conac-cnxe103966a93868xx.ipv6best.cn/sitename?method=show&amp;id=21E2BB13660E0D66E053012819ACFD9D	387		https://www.pingtan.gov.cn/zwgk/gsgg/202603/t20260312_105562.htm
https://credit-xm-gov-cnxd4a4966a93868xx.ipv6best.cn/	387	信用厦门	https://www.pingtan.gov.cn/zwgk/gsgg/202603/t20260312_105562.htm
https://fjrb-fjdaily-comx2d93966a93868xx.ipv6best.cn/pc/col/202311/02/node_01.html	387	福建日报	https://www.pingtan.gov.cn/zwgk/gsgg/202603/t20260312_105562.htm
https://www-beian-gov-cnx45c8966a93868xx.ipv6best.cn/portal/registerSystemInfo?recordcode=35012899001-19002	387	公安备案号：35012899001-19002	https://www.pingtan.gov.cn/zwgk/gsgg/202603/t20260312_105562.htm
http://pt.fjbz.org.cnx1e49967453868.ipv6best.cn:8060/	381	福建省标准信息服务平台	https://www.pingtan.gov.cn/zwgk/ghxx/ztgh/202211/t20221114_38578.htm
http://www.acas.org.cnx7a72967453868.ipv6best.cn/	381	海峡两岸仲裁中心	https://www.pingtan.gov.cn/zwgk/ghxx/ztgh/202211/t20221114_38578.htm
https://27-151-80-61xe076967453868xx.ipv6best.cn:91/#/double-publicity-info	381	信用平潭	https://www.pingtan.gov.cn/zwgk/ghxx/ztgh/202211/t20221114_38578.htm
https://bszs-conac-cnxe103967453868xx.ipv6best.cn/sitename?method=show&amp;id=21E2BB13660E0D66E053012819ACFD9D	381		https://www.pingtan.gov.cn/zwgk/ghxx/ztgh/202211/t20221114_38578.htm
https://credit-xm-gov-cnxd4a4967453868xx.ipv6best.cn/	381	信用厦门	https://www.pingtan.gov.cn/zwgk/ghxx/ztgh/202211/t20221114_38578.htm
https://fjrb-fjdaily-comx2d93967453868xx.ipv6best.cn/pc/col/202311/02/node_01.html	381	福建日报	https://www.pingtan.gov.cn/zwgk/ghxx/ztgh/202211/t20221114_38578.htm
https://www-beian-gov-cnx45c8967453868xx.ipv6best.cn/portal/registerSystemInfo?recordcode=35012899001-19002	381	公安备案号：35012899001-19002	https://www.pingtan.gov.cn/zwgk/ghxx/ztgh/202211/t20221114_38578.htm
http://pt.fjbz.org.cnx1e49968063868.ipv6best.cn:8060/	375	福建省标准信息服务平台	https://www.pingtan.gov.cn/zwgk/ztzl/gazl/jwzxjxxgk/201902/t20190218_12509.htm
http://www.acas.org.cnx7a72968063868.ipv6best.cn/	375	海峡两岸仲裁中心	https://www.pingtan.gov.cn/zwgk/ztzl/gazl/jwzxjxxgk/201902/t20190218_12509.htm
https://27-151-80-61xe076968063868xx.ipv6best.cn:91/#/double-publicity-info	375	信用平潭	https://www.pingtan.gov.cn/zwgk/ztzl/gazl/jwzxjxxgk/201902/t20190218_12509.htm
https://bszs-conac-cnxe103968063868xx.ipv6best.cn/sitename?method=show&amp;id=21E2BB13660E0D66E053012819ACFD9D	375		https://www.pingtan.gov.cn/zwgk/ztzl/gazl/jwzxjxxgk/201902/t20190218_12509.htm
https://credit-xm-gov-cnxd4a4968063868xx.ipv6best.cn/	375	信用厦门	https://www.pingtan.gov.cn/zwgk/ztzl/gazl/jwzxjxxgk/201902/t20190218_12509.htm
https://fjrb-fjdaily-comx2d93968063868xx.ipv6best.cn/pc/col/202311/02/node_01.html	375	福建日报	https://www.pingtan.gov.cn/zwgk/ztzl/gazl/jwzxjxxgk/201902/t20190218_12509.htm
https://www-beian-gov-cnx45c8968063868xx.ipv6best.cn/portal/registerSystemInfo?recordcode=35012899001-19002	375	公安备案号：35012899001-19002	https://www.pingtan.gov.cn/zwgk/ztzl/gazl/jwzxjxxgk/201902/t20190218_12509.htm
http://pt.fjbz.org.cnx1e49967373868.ipv6best.cn:8060/	372	福建省标准信息服务平台	https://www.pingtan.gov.cn/zwgk/zdlyxxgk/aqsc_1/hzxk/201909/t20190918_15958.htm
http://www.acas.org.cnx7a72967373868.ipv6best.cn/	372	海峡两岸仲裁中心	https://www.pingtan.gov.cn/zwgk/zdlyxxgk/aqsc_1/hzxk/201909/t20190918_15958.htm
https://27-151-80-61xe076967373868xx.ipv6best.cn:91/#/double-publicity-info	372	信用平潭	https://www.pingtan.gov.cn/zwgk/zdlyxxgk/aqsc_1/hzxk/201909/t20190918_15958.htm
https://bszs-conac-cnxe103967373868xx.ipv6best.cn/sitename?method=show&amp;id=21E2BB13660E0D66E053012819ACFD9D	372		https://www.pingtan.gov.cn/zwgk/zdlyxxgk/aqsc_1/hzxk/201909/t20190918_15958.htm
https://credit-xm-gov-cnxd4a4967373868xx.ipv6best.cn/	372	信用厦门	https://www.pingtan.gov.cn/zwgk/zdlyxxgk/aqsc_1/hzxk/201909/t20190918_15958.htm
https://fjrb-fjdaily-comx2d93967373868xx.ipv6best.cn/pc/col/202311/02/node_01.html	372	福建日报	https://www.pingtan.gov.cn/zwgk/zdlyxxgk/aqsc_1/hzxk/201909/t20190918_15958.htm
https://www-beian-gov-cnx45c8967373868xx.ipv6best.cn/portal/registerSystemInfo?recordcode=35012899001-19002	372	公安备案号：35012899001-19002	https://www.pingtan.gov.cn/zwgk/zdlyxxgk/aqsc_1/hzxk/201909/t20190918_15958.htm
http://pt.fjbz.org.cnx1e49966fe3868.ipv6best.cn:8060/	369	福建省标准信息服务平台	https://www.pingtan.gov.cn/zwgk/ghxx/ndjh/202509/t20250922_101628.htm
http://www.acas.org.cnx7a72966fe3868.ipv6best.cn/	369	海峡两岸仲裁中心	https://www.pingtan.gov.cn/zwgk/ghxx/ndjh/202509/t20250922_101628.htm
https://27-151-80-61xe076966fe3868xx.ipv6best.cn:91/#/double-publicity-info	369	信用平潭	https://www.pingtan.gov.cn/zwgk/ghxx/ndjh/202509/t20250922_101628.htm
https://bszs-conac-cnxe103966fe3868xx.ipv6best.cn/sitename?method=show&amp;id=21E2BB13660E0D66E053012819ACFD9D	369		https://www.pingtan.gov.cn/zwgk/ghxx/ndjh/202509/t20250922_101628.htm
https://credit-xm-gov-cnxd4a4966fe3868xx.ipv6best.cn/	369	信用厦门	https://www.pingtan.gov.cn/zwgk/ghxx/ndjh/202509/t20250922_101628.htm
https://fjrb-fjdaily-comx2d93966fe3868xx.ipv6best.cn/pc/col/202311/02/node_01.html	369	福建日报	https://www.pingtan.gov.cn/zwgk/ghxx/ndjh/202509/t20250922_101628.htm
https://www-beian-gov-cnx45c8966fe3868xx.ipv6best.cn/portal/registerSystemInfo?recordcode=35012899001-19002	369	公安备案号：35012899001-19002	https://www.pingtan.gov.cn/zwgk/ghxx/ndjh/202509/t20250922_101628.htm
http://pt.fjbz.org.cnx1e49968533868.ipv6best.cn:8060/	366	福建省标准信息服务平台	https://www.pingtan.gov.cn/zwgk/zfxxgk/dfbmptlj/ptzhsyqbm/ptzhsyqczj/fdzdgknr/10qtwjdzjg/201806/t20180630_65675.htm
http://www.acas.org.cnx7a72968533868.ipv6best.cn/	366	海峡两岸仲裁中心	https://www.pingtan.gov.cn/zwgk/zfxxgk/dfbmptlj/ptzhsyqbm/ptzhsyqczj/fdzdgknr/10qtwjdzjg/201806/t20180630_65675.htm
https://27-151-80-61xe076968533868xx.ipv6best.cn:91/#/double-publicity-info	366	信用平潭	https://www.pingtan.gov.cn/zwgk/zfxxgk/dfbmptlj/ptzhsyqbm/ptzhsyqczj/fdzdgknr/10qtwjdzjg/201806/t20180630_65675.htm
https://bszs-conac-cnxe103968533868xx.ipv6best.cn/sitename?method=show&amp;id=21E2BB13660E0D66E053012819ACFD9D	366		https://www.pingtan.gov.cn/zwgk/zfxxgk/dfbmptlj/ptzhsyqbm/ptzhsyqczj/fdzdgknr/10qtwjdzjg/201806/t20180630_65675.htm
https://credit-xm-gov-cnxd4a4968533868xx.ipv6best.cn/	366	信用厦门	https://www.pingtan.gov.cn/zwgk/zfxxgk/dfbmptlj/ptzhsyqbm/ptzhsyqczj/fdzdgknr/10qtwjdzjg/201806/t20180630_65675.htm
https://fjrb-fjdaily-comx2d93968533868xx.ipv6best.cn/pc/col/202311/02/node_01.html	366	福建日报	https://www.pingtan.gov.cn/zwgk/zfxxgk/dfbmptlj/ptzhsyqbm/ptzhsyqczj/fdzdgknr/10qtwjdzjg/201806/t20180630_65675.htm
https://www-beian-gov-cnx45c8968533868xx.ipv6best.cn/portal/registerSystemInfo?recordcode=35012899001-19002	366	公安备案号：35012899001-19002	https://www.pingtan.gov.cn/zwgk/zfxxgk/dfbmptlj/ptzhsyqbm/ptzhsyqczj/fdzdgknr/10qtwjdzjg/201806/t20180630_65675.htm
http://pt.fjbz.org.cnx1e49966d33868.ipv6best.cn:8060/	364	福建省标准信息服务平台	https://www.pingtan.gov.cn/zwgk/gsgg/201908/t20190805_15331.htm
http://pt.fjbz.org.cnx1e49968393868.ipv6best.cn:8060/	364	福建省标准信息服务平台	https://www.pingtan.gov.cn/zwgk/zfxxgk/dfbmptlj/ptzhsyqbm/ptzhsyqczj/fdzdgknr/164cxjshgl/202112/t20211206_74987.htm
http://www.acas.org.cnx7a72966d33868.ipv6best.cn/	364	海峡两岸仲裁中心	https://www.pingtan.gov.cn/zwgk/gsgg/201908/t20190805_15331.htm
http://www.acas.org.cnx7a72968393868.ipv6best.cn/	364	海峡两岸仲裁中心	https://www.pingtan.gov.cn/zwgk/zfxxgk/dfbmptlj/ptzhsyqbm/ptzhsyqczj/fdzdgknr/164cxjshgl/202112/t20211206_74987.htm
https://27-151-80-61xe076966d33868xx.ipv6best.cn:91/#/double-publicity-info	364	信用平潭	https://www.pingtan.gov.cn/zwgk/gsgg/201908/t20190805_15331.htm
https://27-151-80-61xe076968393868xx.ipv6best.cn:91/#/double-publicity-info	364	信用平潭	https://www.pingtan.gov.cn/zwgk/zfxxgk/dfbmptlj/ptzhsyqbm/ptzhsyqczj/fdzdgknr/164cxjshgl/202112/t20211206_74987.htm
https://bszs-conac-cnxe103966d33868xx.ipv6best.cn/sitename?method=show&amp;id=21E2BB13660E0D66E053012819ACFD9D	364		https://www.pingtan.gov.cn/zwgk/gsgg/201908/t20190805_15331.htm
https://bszs-conac-cnxe103968393868xx.ipv6best.cn/sitename?method=show&amp;id=21E2BB13660E0D66E053012819ACFD9D	364		https://www.pingtan.gov.cn/zwgk/zfxxgk/dfbmptlj/ptzhsyqbm/ptzhsyqczj/fdzdgknr/164cxjshgl/202112/t20211206_74987.htm
https://credit-xm-gov-cnxd4a4966d33868xx.ipv6best.cn/	364	信用厦门	https://www.pingtan.gov.cn/zwgk/gsgg/201908/t20190805_15331.htm
https://credit-xm-gov-cnxd4a4968393868xx.ipv6best.cn/	364	信用厦门	https://www.pingtan.gov.cn/zwgk/zfxxgk/dfbmptlj/ptzhsyqbm/ptzhsyqczj/fdzdgknr/164cxjshgl/202112/t20211206_74987.htm
https://fjrb-fjdaily-comx2d93966d33868xx.ipv6best.cn/pc/col/202311/02/node_01.html	364	福建日报	https://www.pingtan.gov.cn/zwgk/gsgg/201908/t20190805_15331.htm
https://fjrb-fjdaily-comx2d93968393868xx.ipv6best.cn/pc/col/202311/02/node_01.html	364	福建日报	https://www.pingtan.gov.cn/zwgk/zfxxgk/dfbmptlj/ptzhsyqbm/ptzhsyqczj/fdzdgknr/164cxjshgl/202112/t20211206_74987.htm
https://www-beian-gov-cnx45c8966d33868xx.ipv6best.cn/portal/registerSystemInfo?recordcode=35012899001-19002	364	公安备案号：35012899001-19002	https://www.pingtan.gov.cn/zwgk/gsgg/201908/t20190805_15331.htm
https://www-beian-gov-cnx45c8968393868xx.ipv6best.cn/portal/registerSystemInfo?recordcode=35012899001-19002	364	公安备案号：35012899001-19002	https://www.pingtan.gov.cn/zwgk/zfxxgk/dfbmptlj/ptzhsyqbm/ptzhsyqczj/fdzdgknr/164cxjshgl/202112/t20211206_74987.htm
http://pt.fjbz.org.cnx1e499672d3868.ipv6best.cn:8060/	361	福建省标准信息服务平台	https://www.pingtan.gov.cn/zwgk/zdlyxxgk/aqsc_1/aqjc/202012/t20201220_24301.htm
http://www.acas.org.cnx7a729672d3868.ipv6best.cn/	361	海峡两岸仲裁中心	https://www.pingtan.gov.cn/zwgk/zdlyxxgk/aqsc_1/aqjc/202012/t20201220_24301.htm
https://27-151-80-61xe0769672d3868xx.ipv6best.cn:91/#/double-publicity-info	361	信用平潭	https://www.pingtan.gov.cn/zwgk/zdlyxxgk/aqsc_1/aqjc/202012/t20201220_24301.htm
https://bszs-conac-cnxe1039672d3868xx.ipv6best.cn/sitename?method=show&amp;id=21E2BB13660E0D66E053012819ACFD9D	361		https://www.pingtan.gov.cn/zwgk/zdlyxxgk/aqsc_1/aqjc/202012/t20201220_24301.htm
https://credit-xm-gov-cnxd4a49672d3868xx.ipv6best.cn/	361	信用厦门	https://www.pingtan.gov.cn/zwgk/zdlyxxgk/aqsc_1/aqjc/202012/t20201220_24301.htm
https://fjrb-fjdaily-comx2d939672d3868xx.ipv6best.cn/pc/col/202311/02/node_01.html	361	福建日报	https://www.pingtan.gov.cn/zwgk/zdlyxxgk/aqsc_1/aqjc/202012/t20201220_24301.htm
https://www-beian-gov-cnx45c89672d3868xx.ipv6best.cn/portal/registerSystemInfo?recordcode=35012899001-19002	361	公安备案号：35012899001-19002	https://www.pingtan.gov.cn/zwgk/zdlyxxgk/aqsc_1/aqjc/202012/t20201220_24301.htm
http://pt.fjbz.org.cnx1e49967203868.ipv6best.cn:8060/	359	福建省标准信息服务平台	https://www.pingtan.gov.cn/zwgk/ghxx/zxgh/202211/t20221114_38587.htm
http://www.acas.org.cnx7a72967203868.ipv6best.cn/	359	海峡两岸仲裁中心	https://www.pingtan.gov.cn/zwgk/ghxx/zxgh/202211/t20221114_38587.htm
https://27-151-80-61xe076967203868xx.ipv6best.cn:91/#/double-publicity-info	359	信用平潭	https://www.pingtan.gov.cn/zwgk/ghxx/zxgh/202211/t20221114_38587.htm
https://bszs-conac-cnxe103967203868xx.ipv6best.cn/sitename?method=show&amp;id=21E2BB13660E0D66E053012819ACFD9D	359		https://www.pingtan.gov.cn/zwgk/ghxx/zxgh/202211/t20221114_38587.htm
https://credit-xm-gov-cnxd4a4967203868xx.ipv6best.cn/	359	信用厦门	https://www.pingtan.gov.cn/zwgk/ghxx/zxgh/202211/t20221114_38587.htm
https://fjrb-fjdaily-comx2d93967203868xx.ipv6best.cn/pc/col/202311/02/node_01.html	359	福建日报	https://www.pingtan.gov.cn/zwgk/ghxx/zxgh/202211/t20221114_38587.htm
https://www-beian-gov-cnx45c8967203868xx.ipv6best.cn/portal/registerSystemInfo?recordcode=35012899001-19002	359	公安备案号：35012899001-19002	https://www.pingtan.gov.cn/zwgk/ghxx/zxgh/202211/t20221114_38587.htm
http://pt.fjbz.org.cnx1e49968283868.ipv6best.cn:8060/	357	福建省标准信息服务平台	https://www.pingtan.gov.cn/zwgk/zfxxgk/dfbmptlj/ptzhsyqbm/ptzhsyqczj/fdzdgknr/10qtwjdzjg/202407/t20240710_91795.htm
http://pt.fjbz.org.cnx1e49968333868.ipv6best.cn:8060/	357	福建省标准信息服务平台	https://www.pingtan.gov.cn/zwgk/zfxxgk/dfbmptlj/ptzhsyqbm/ptzhsyqczj/fdzdgknr/10qtwjdzjg/202207/t20220728_76587.htm
http://www.acas.org.cnx7a72968283868.ipv6best.cn/	357	海峡两岸仲裁中心	https://www.pingtan.gov.cn/zwgk/zfxxgk/dfbmptlj/ptzhsyqbm/ptzhsyqczj/fdzdgknr/10qtwjdzjg/202407/t20240710_91795.htm
http://www.acas.org.cnx7a72968333868.ipv6best.cn/	357	海峡两岸仲裁中心	https://www.pingtan.gov.cn/zwgk/zfxxgk/dfbmptlj/ptzhsyqbm/ptzhsyqczj/fdzdgknr/10qtwjdzjg/202207/t20220728_76587.htm
https://27-151-80-61xe076968283868xx.ipv6best.cn:91/#/double-publicity-info	357	信用平潭	https://www.pingtan.gov.cn/zwgk/zfxxgk/dfbmptlj/ptzhsyqbm/ptzhsyqczj/fdzdgknr/10qtwjdzjg/202407/t20240710_91795.htm
https://27-151-80-61xe076968333868xx.ipv6best.cn:91/#/double-publicity-info	357	信用平潭	https://www.pingtan.gov.cn/zwgk/zfxxgk/dfbmptlj/ptzhsyqbm/ptzhsyqczj/fdzdgknr/10qtwjdzjg/202207/t20220728_76587.htm
https://bszs-conac-cnxe103968283868xx.ipv6best.cn/sitename?method=show&amp;id=21E2BB13660E0D66E053012819ACFD9D	357		https://www.pingtan.gov.cn/zwgk/zfxxgk/dfbmptlj/ptzhsyqbm/ptzhsyqczj/fdzdgknr/10qtwjdzjg/202407/t20240710_91795.htm
https://bszs-conac-cnxe103968333868xx.ipv6best.cn/sitename?method=show&amp;id=21E2BB13660E0D66E053012819ACFD9D	357		https://www.pingtan.gov.cn/zwgk/zfxxgk/dfbmptlj/ptzhsyqbm/ptzhsyqczj/fdzdgknr/10qtwjdzjg/202207/t20220728_76587.htm
https://credit-xm-gov-cnxd4a4968283868xx.ipv6best.cn/	357	信用厦门	https://www.pingtan.gov.cn/zwgk/zfxxgk/dfbmptlj/ptzhsyqbm/ptzhsyqczj/fdzdgknr/10qtwjdzjg/202407/t20240710_91795.htm
https://credit-xm-gov-cnxd4a4968333868xx.ipv6best.cn/	357	信用厦门	https://www.pingtan.gov.cn/zwgk/zfxxgk/dfbmptlj/ptzhsyqbm/ptzhsyqczj/fdzdgknr/10qtwjdzjg/202207/t20220728_76587.htm
https://fjrb-fjdaily-comx2d93968283868xx.ipv6best.cn/pc/col/202311/02/node_01.html	357	福建日报	https://www.pingtan.gov.cn/zwgk/zfxxgk/dfbmptlj/ptzhsyqbm/ptzhsyqczj/fdzdgknr/10qtwjdzjg/202407/t20240710_91795.htm
https://fjrb-fjdaily-comx2d93968333868xx.ipv6best.cn/pc/col/202311/02/node_01.html	357	福建日报	https://www.pingtan.gov.cn/zwgk/zfxxgk/dfbmptlj/ptzhsyqbm/ptzhsyqczj/fdzdgknr/10qtwjdzjg/202207/t20220728_76587.htm
https://www-beian-gov-cnx45c8968283868xx.ipv6best.cn/portal/registerSystemInfo?recordcode=35012899001-19002	357	公安备案号：35012899001-19002	https://www.pingtan.gov.cn/zwgk/zfxxgk/dfbmptlj/ptzhsyqbm/ptzhsyqczj/fdzdgknr/10qtwjdzjg/202407/t20240710_91795.htm
https://www-beian-gov-cnx45c8968333868xx.ipv6best.cn/portal/registerSystemInfo?recordcode=35012899001-19002	357	公安备案号：35012899001-19002	https://www.pingtan.gov.cn/zwgk/zfxxgk/dfbmptlj/ptzhsyqbm/ptzhsyqczj/fdzdgknr/10qtwjdzjg/202207/t20220728_76587.htm
http://pt.fjbz.org.cnx1e499683b3868.ipv6best.cn:8060/	355	福建省标准信息服务平台	https://www.pingtan.gov.cn/zwgk/zfxxgk/dfbmptlj/ptzhsyqbm/ptzhsyqczj/fdzdgknr/165fpjyyls/202107/t20210726_75724.htm
http://www.acas.org.cnx7a729683b3868.ipv6best.cn/	355	海峡两岸仲裁中心	https://www.pingtan.gov.cn/zwgk/zfxxgk/dfbmptlj/ptzhsyqbm/ptzhsyqczj/fdzdgknr/165fpjyyls/202107/t20210726_75724.htm
https://27-151-80-61xe0769683b3868xx.ipv6best.cn:91/#/double-publicity-info	355	信用平潭	https://www.pingtan.gov.cn/zwgk/zfxxgk/dfbmptlj/ptzhsyqbm/ptzhsyqczj/fdzdgknr/165fpjyyls/202107/t20210726_75724.htm
https://bszs-conac-cnxe1039683b3868xx.ipv6best.cn/sitename?method=show&amp;id=21E2BB13660E0D66E053012819ACFD9D	355		https://www.pingtan.gov.cn/zwgk/zfxxgk/dfbmptlj/ptzhsyqbm/ptzhsyqczj/fdzdgknr/165fpjyyls/202107/t20210726_75724.htm
https://credit-xm-gov-cnxd4a49683b3868xx.ipv6best.cn/	355	信用厦门	https://www.pingtan.gov.cn/zwgk/zfxxgk/dfbmptlj/ptzhsyqbm/ptzhsyqczj/fdzdgknr/165fpjyyls/202107/t20210726_75724.htm
https://fjrb-fjdaily-comx2d939683b3868xx.ipv6best.cn/pc/col/202311/02/node_01.html	355	福建日报	https://www.pingtan.gov.cn/zwgk/zfxxgk/dfbmptlj/ptzhsyqbm/ptzhsyqczj/fdzdgknr/165fpjyyls/202107/t20210726_75724.htm
https://www-beian-gov-cnx45c89683b3868xx.ipv6best.cn/portal/registerSystemInfo?recordcode=35012899001-19002	355	公安备案号：35012899001-19002	https://www.pingtan.gov.cn/zwgk/zfxxgk/dfbmptlj/ptzhsyqbm/ptzhsyqczj/fdzdgknr/165fpjyyls/202107/t20210726_75724.htm
http://pt.fjbz.org.cnx1e49967283868.ipv6best.cn:8060/	352	福建省标准信息服务平台	https://www.pingtan.gov.cn/zwgk/ghxx/zxgh/202211/t20221114_38589.htm
http://www.acas.org.cnx7a72967283868.ipv6best.cn/	352	海峡两岸仲裁中心	https://www.pingtan.gov.cn/zwgk/ghxx/zxgh/202211/t20221114_38589.htm
https://27-151-80-61xe076967283868xx.ipv6best.cn:91/#/double-publicity-info	352	信用平潭	https://www.pingtan.gov.cn/zwgk/ghxx/zxgh/202211/t20221114_38589.htm
https://bszs-conac-cnxe103967283868xx.ipv6best.cn/sitename?method=show&amp;id=21E2BB13660E0D66E053012819ACFD9D	352		https://www.pingtan.gov.cn/zwgk/ghxx/zxgh/202211/t20221114_38589.htm
https://credit-xm-gov-cnxd4a4967283868xx.ipv6best.cn/	352	信用厦门	https://www.pingtan.gov.cn/zwgk/ghxx/zxgh/202211/t20221114_38589.htm
https://fjrb-fjdaily-comx2d93967283868xx.ipv6best.cn/pc/col/202311/02/node_01.html	352	福建日报	https://www.pingtan.gov.cn/zwgk/ghxx/zxgh/202211/t20221114_38589.htm
https://www-beian-gov-cnx45c8967283868xx.ipv6best.cn/portal/registerSystemInfo?recordcode=35012899001-19002	352	公安备案号：35012899001-19002	https://www.pingtan.gov.cn/zwgk/ghxx/zxgh/202211/t20221114_38589.htm
http://pt.fjbz.org.cnx1e49966f43868.ipv6best.cn:8060/	351	福建省标准信息服务平台	https://www.pingtan.gov.cn/zwgk/zfxxgk/gwhwj/cxjshgldzd/201901/t20190112_67104.htm
http://www.acas.org.cnx7a72966f43868.ipv6best.cn/	351	海峡两岸仲裁中心	https://www.pingtan.gov.cn/zwgk/zfxxgk/gwhwj/cxjshgldzd/201901/t20190112_67104.htm
https://27-151-80-61xe076966f43868xx.ipv6best.cn:91/#/double-publicity-info	351	信用平潭	https://www.pingtan.gov.cn/zwgk/zfxxgk/gwhwj/cxjshgldzd/201901/t20190112_67104.htm
https://bszs-conac-cnxe103966f43868xx.ipv6best.cn/sitename?method=show&amp;id=21E2BB13660E0D66E053012819ACFD9D	351		https://www.pingtan.gov.cn/zwgk/zfxxgk/gwhwj/cxjshgldzd/201901/t20190112_67104.htm
https://credit-xm-gov-cnxd4a4966f43868xx.ipv6best.cn/	351	信用厦门	https://www.pingtan.gov.cn/zwgk/zfxxgk/gwhwj/cxjshgldzd/201901/t20190112_67104.htm
https://fjrb-fjdaily-comx2d93966f43868xx.ipv6best.cn/pc/col/202311/02/node_01.html	351	福建日报	https://www.pingtan.gov.cn/zwgk/zfxxgk/gwhwj/cxjshgldzd/201901/t20190112_67104.htm
https://www-beian-gov-cnx45c8966f43868xx.ipv6best.cn/portal/registerSystemInfo?recordcode=35012899001-19002	351	公安备案号：35012899001-19002	https://www.pingtan.gov.cn/zwgk/zfxxgk/gwhwj/cxjshgldzd/201901/t20190112_67104.htm
http://pt.fjbz.org.cnx1e499681a3868.ipv6best.cn:8060/	348	福建省标准信息服务平台	https://www.pingtan.gov.cn/zwgk/yw/ptyw/201608/t20160812_5154.htm
http://www.acas.org.cnx7a729681a3868.ipv6best.cn/	348	海峡两岸仲裁中心	https://www.pingtan.gov.cn/zwgk/yw/ptyw/201608/t20160812_5154.htm
https://27-151-80-61xe0769681a3868xx.ipv6best.cn:91/#/double-publicity-info	348	信用平潭	https://www.pingtan.gov.cn/zwgk/yw/ptyw/201608/t20160812_5154.htm
https://bszs-conac-cnxe1039681a3868xx.ipv6best.cn/sitename?method=show&amp;id=21E2BB13660E0D66E053012819ACFD9D	348		https://www.pingtan.gov.cn/zwgk/yw/ptyw/201608/t20160812_5154.htm
https://credit-xm-gov-cnxd4a49681a3868xx.ipv6best.cn/	348	信用厦门	https://www.pingtan.gov.cn/zwgk/yw/ptyw/201608/t20160812_5154.htm
https://fjrb-fjdaily-comx2d939681a3868xx.ipv6best.cn/pc/col/202311/02/node_01.html	348	福建日报	https://www.pingtan.gov.cn/zwgk/yw/ptyw/201608/t20160812_5154.htm
https://www-beian-gov-cnx45c89681a3868xx.ipv6best.cn/portal/registerSystemInfo?recordcode=35012899001-19002	348	公安备案号：35012899001-19002	https://www.pingtan.gov.cn/zwgk/yw/ptyw/201608/t20160812_5154.htm
http://pt.fjbz.org.cnx1e49967713868.ipv6best.cn:8060/	343	福建省标准信息服务平台	https://www.pingtan.gov.cn/zwgk/ldzc/fld/hdbd/202410/t20241021_94429.htm
http://www.acas.org.cnx7a72967713868.ipv6best.cn/	343	海峡两岸仲裁中心	https://www.pingtan.gov.cn/zwgk/ldzc/fld/hdbd/202410/t20241021_94429.htm
https://27-151-80-61xe076967713868xx.ipv6best.cn:91/#/double-publicity-info	343	信用平潭	https://www.pingtan.gov.cn/zwgk/ldzc/fld/hdbd/202410/t20241021_94429.htm
https://bszs-conac-cnxe103967713868xx.ipv6best.cn/sitename?method=show&amp;id=21E2BB13660E0D66E053012819ACFD9D	343		https://www.pingtan.gov.cn/zwgk/ldzc/fld/hdbd/202410/t20241021_94429.htm
https://credit-xm-gov-cnxd4a4967713868xx.ipv6best.cn/	343	信用厦门	https://www.pingtan.gov.cn/zwgk/ldzc/fld/hdbd/202410/t20241021_94429.htm
https://fjrb-fjdaily-comx2d93967713868xx.ipv6best.cn/pc/col/202311/02/node_01.html	343	福建日报	https://www.pingtan.gov.cn/zwgk/ldzc/fld/hdbd/202410/t20241021_94429.htm
https://www-beian-gov-cnx45c8967713868xx.ipv6best.cn/portal/registerSystemInfo?recordcode=35012899001-19002	343	公安备案号：35012899001-19002	https://www.pingtan.gov.cn/zwgk/ldzc/fld/hdbd/202410/t20241021_94429.htm
http://pt.fjbz.org.cnx1e499682c3868.ipv6best.cn:8060/	341	福建省标准信息服务平台	https://www.pingtan.gov.cn/zwgk/zfxxgk/dfbmptlj/ggqsydw/wwsjk/
http://www.acas.org.cnx7a729682c3868.ipv6best.cn/	341	海峡两岸仲裁中心	https://www.pingtan.gov.cn/zwgk/zfxxgk/dfbmptlj/ggqsydw/wwsjk/
https://27-151-80-61xe0769682c3868xx.ipv6best.cn:91/#/double-publicity-info	341	信用平潭	https://www.pingtan.gov.cn/zwgk/zfxxgk/dfbmptlj/ggqsydw/wwsjk/
https://bszs-conac-cnxe1039682c3868xx.ipv6best.cn/sitename?method=show&amp;id=21E2BB13660E0D66E053012819ACFD9D	341		https://www.pingtan.gov.cn/zwgk/zfxxgk/dfbmptlj/ggqsydw/wwsjk/
https://credit-xm-gov-cnxd4a49682c3868xx.ipv6best.cn/	341	信用厦门	https://www.pingtan.gov.cn/zwgk/zfxxgk/dfbmptlj/ggqsydw/wwsjk/
https://fjrb-fjdaily-comx2d939682c3868xx.ipv6best.cn/pc/col/202311/02/node_01.html	341	福建日报	https://www.pingtan.gov.cn/zwgk/zfxxgk/dfbmptlj/ggqsydw/wwsjk/
https://www-beian-gov-cnx45c89682c3868xx.ipv6best.cn/portal/registerSystemInfo?recordcode=35012899001-19002	341	公安备案号：35012899001-19002	https://www.pingtan.gov.cn/zwgk/zfxxgk/dfbmptlj/ggqsydw/wwsjk/
http://pt.fjbz.org.cnx1e499675e3868.ipv6best.cn:8060/	339	福建省标准信息服务平台	https://www.pingtan.gov.cn/zwgk/ldzc/hjb/hdbd/202605/t20260511_106601.htm
http://www.acas.org.cnx7a729675e3868.ipv6best.cn/	339	海峡两岸仲裁中心	https://www.pingtan.gov.cn/zwgk/ldzc/hjb/hdbd/202605/t20260511_106601.htm
https://27-151-80-61xe0769675e3868xx.ipv6best.cn:91/#/double-publicity-info	339	信用平潭	https://www.pingtan.gov.cn/zwgk/ldzc/hjb/hdbd/202605/t20260511_106601.htm
https://bszs-conac-cnxe1039675e3868xx.ipv6best.cn/sitename?method=show&amp;id=21E2BB13660E0D66E053012819ACFD9D	339		https://www.pingtan.gov.cn/zwgk/ldzc/hjb/hdbd/202605/t20260511_106601.htm
https://credit-xm-gov-cnxd4a49675e3868xx.ipv6best.cn/	339	信用厦门	https://www.pingtan.gov.cn/zwgk/ldzc/hjb/hdbd/202605/t20260511_106601.htm
https://fjrb-fjdaily-comx2d939675e3868xx.ipv6best.cn/pc/col/202311/02/node_01.html	339	福建日报	https://www.pingtan.gov.cn/zwgk/ldzc/hjb/hdbd/202605/t20260511_106601.htm
https://www-beian-gov-cnx45c89675e3868xx.ipv6best.cn/portal/registerSystemInfo?recordcode=35012899001-19002	339	公安备案号：35012899001-19002	https://www.pingtan.gov.cn/zwgk/ldzc/hjb/hdbd/202605/t20260511_106601.htm
http://pt.fjbz.org.cnx1e499681d3868.ipv6best.cn:8060/	338	福建省标准信息服务平台	https://www.pingtan.gov.cn/zwgk/yw/ptyw/201604/t20160418_4130.htm
http://pt.fjbz.org.cnx1e49968593868.ipv6best.cn:8060/	338	福建省标准信息服务平台	https://www.pingtan.gov.cn/zwgk/zfxxgk/dfbmptlj/ptzhsyqbm/ptzhsyqczj/fdzdgknr/10qtwjdzjg/201706/t20170616_63748.htm
http://www.acas.org.cnx7a729681d3868.ipv6best.cn/	338	海峡两岸仲裁中心	https://www.pingtan.gov.cn/zwgk/yw/ptyw/201604/t20160418_4130.htm
http://www.acas.org.cnx7a72968593868.ipv6best.cn/	338	海峡两岸仲裁中心	https://www.pingtan.gov.cn/zwgk/zfxxgk/dfbmptlj/ptzhsyqbm/ptzhsyqczj/fdzdgknr/10qtwjdzjg/201706/t20170616_63748.htm
https://27-151-80-61xe0769681d3868xx.ipv6best.cn:91/#/double-publicity-info	338	信用平潭	https://www.pingtan.gov.cn/zwgk/yw/ptyw/201604/t20160418_4130.htm
https://27-151-80-61xe076968593868xx.ipv6best.cn:91/#/double-publicity-info	338	信用平潭	https://www.pingtan.gov.cn/zwgk/zfxxgk/dfbmptlj/ptzhsyqbm/ptzhsyqczj/fdzdgknr/10qtwjdzjg/201706/t20170616_63748.htm
https://bszs-conac-cnxe1039681d3868xx.ipv6best.cn/sitename?method=show&amp;id=21E2BB13660E0D66E053012819ACFD9D	338		https://www.pingtan.gov.cn/zwgk/yw/ptyw/201604/t20160418_4130.htm
https://bszs-conac-cnxe103968593868xx.ipv6best.cn/sitename?method=show&amp;id=21E2BB13660E0D66E053012819ACFD9D	338		https://www.pingtan.gov.cn/zwgk/zfxxgk/dfbmptlj/ptzhsyqbm/ptzhsyqczj/fdzdgknr/10qtwjdzjg/201706/t20170616_63748.htm
https://credit-xm-gov-cnxd4a49681d3868xx.ipv6best.cn/	338	信用厦门	https://www.pingtan.gov.cn/zwgk/yw/ptyw/201604/t20160418_4130.htm
https://credit-xm-gov-cnxd4a4968593868xx.ipv6best.cn/	338	信用厦门	https://www.pingtan.gov.cn/zwgk/zfxxgk/dfbmptlj/ptzhsyqbm/ptzhsyqczj/fdzdgknr/10qtwjdzjg/201706/t20170616_63748.htm
https://fjrb-fjdaily-comx2d939681d3868xx.ipv6best.cn/pc/col/202311/02/node_01.html	338	福建日报	https://www.pingtan.gov.cn/zwgk/yw/ptyw/201604/t20160418_4130.htm
https://fjrb-fjdaily-comx2d93968593868xx.ipv6best.cn/pc/col/202311/02/node_01.html	338	福建日报	https://www.pingtan.gov.cn/zwgk/zfxxgk/dfbmptlj/ptzhsyqbm/ptzhsyqczj/fdzdgknr/10qtwjdzjg/201706/t20170616_63748.htm
https://www-beian-gov-cnx45c89681d3868xx.ipv6best.cn/portal/registerSystemInfo?recordcode=35012899001-19002	338	公安备案号：35012899001-19002	https://www.pingtan.gov.cn/zwgk/yw/ptyw/201604/t20160418_4130.htm
https://www-beian-gov-cnx45c8968593868xx.ipv6best.cn/portal/registerSystemInfo?recordcode=35012899001-19002	338	公安备案号：35012899001-19002	https://www.pingtan.gov.cn/zwgk/zfxxgk/dfbmptlj/ptzhsyqbm/ptzhsyqczj/fdzdgknr/10qtwjdzjg/201706/t20170616_63748.htm
http://pt.fjbz.org.cnx1e49966ae3868.ipv6best.cn:8060/	331	福建省标准信息服务平台	https://www.pingtan.gov.cn/zwgk/gsgg/202505/t20250508_98820.htm
http://www.acas.org.cnx7a72966ae3868.ipv6best.cn/	331	海峡两岸仲裁中心	https://www.pingtan.gov.cn/zwgk/gsgg/202505/t20250508_98820.htm
https://27-151-80-61xe076966ae3868xx.ipv6best.cn:91/#/double-publicity-info	331	信用平潭	https://www.pingtan.gov.cn/zwgk/gsgg/202505/t20250508_98820.htm
https://bszs-conac-cnxe103966ae3868xx.ipv6best.cn/sitename?method=show&amp;id=21E2BB13660E0D66E053012819ACFD9D	331		https://www.pingtan.gov.cn/zwgk/gsgg/202505/t20250508_98820.htm
https://credit-xm-gov-cnxd4a4966ae3868xx.ipv6best.cn/	331	信用厦门	https://www.pingtan.gov.cn/zwgk/gsgg/202505/t20250508_98820.htm
https://fjrb-fjdaily-comx2d93966ae3868xx.ipv6best.cn/pc/col/202311/02/node_01.html	331	福建日报	https://www.pingtan.gov.cn/zwgk/gsgg/202505/t20250508_98820.htm
https://www-beian-gov-cnx45c8966ae3868xx.ipv6best.cn/portal/registerSystemInfo?recordcode=35012899001-19002	331	公安备案号：35012899001-19002	https://www.pingtan.gov.cn/zwgk/gsgg/202505/t20250508_98820.htm
http://pt.fjbz.org.cnx1e49966ac3868.ipv6best.cn:8060/	330	福建省标准信息服务平台	https://www.pingtan.gov.cn/zwgk/gsgg/202507/t20250731_100636.htm
http://pt.fjbz.org.cnx1e499686e3868.ipv6best.cn:8060/	330	福建省标准信息服务平台	https://www.pingtan.gov.cn/zwgk/zfxxgk/dfbmptlj/ptzhsyqbm/ptzhsyqczj/fdzdgknr/10qtwjdzjg/201208/t20120821_53166.htm
http://www.acas.org.cnx7a72966ac3868.ipv6best.cn/	330	海峡两岸仲裁中心	https://www.pingtan.gov.cn/zwgk/gsgg/202507/t20250731_100636.htm
http://www.acas.org.cnx7a729686e3868.ipv6best.cn/	330	海峡两岸仲裁中心	https://www.pingtan.gov.cn/zwgk/zfxxgk/dfbmptlj/ptzhsyqbm/ptzhsyqczj/fdzdgknr/10qtwjdzjg/201208/t20120821_53166.htm
https://27-151-80-61xe076966ac3868xx.ipv6best.cn:91/#/double-publicity-info	330	信用平潭	https://www.pingtan.gov.cn/zwgk/gsgg/202507/t20250731_100636.htm
https://27-151-80-61xe0769686e3868xx.ipv6best.cn:91/#/double-publicity-info	330	信用平潭	https://www.pingtan.gov.cn/zwgk/zfxxgk/dfbmptlj/ptzhsyqbm/ptzhsyqczj/fdzdgknr/10qtwjdzjg/201208/t20120821_53166.htm
https://bszs-conac-cnxe103966ac3868xx.ipv6best.cn/sitename?method=show&amp;id=21E2BB13660E0D66E053012819ACFD9D	330		https://www.pingtan.gov.cn/zwgk/gsgg/202507/t20250731_100636.htm
https://bszs-conac-cnxe1039686e3868xx.ipv6best.cn/sitename?method=show&amp;id=21E2BB13660E0D66E053012819ACFD9D	330		https://www.pingtan.gov.cn/zwgk/zfxxgk/dfbmptlj/ptzhsyqbm/ptzhsyqczj/fdzdgknr/10qtwjdzjg/201208/t20120821_53166.htm
https://credit-xm-gov-cnxd4a4966ac3868xx.ipv6best.cn/	330	信用厦门	https://www.pingtan.gov.cn/zwgk/gsgg/202507/t20250731_100636.htm
https://credit-xm-gov-cnxd4a49686e3868xx.ipv6best.cn/	330	信用厦门	https://www.pingtan.gov.cn/zwgk/zfxxgk/dfbmptlj/ptzhsyqbm/ptzhsyqczj/fdzdgknr/10qtwjdzjg/201208/t20120821_53166.htm
https://fjrb-fjdaily-comx2d93966ac3868xx.ipv6best.cn/pc/col/202311/02/node_01.html	330	福建日报	https://www.pingtan.gov.cn/zwgk/gsgg/202507/t20250731_100636.htm
https://fjrb-fjdaily-comx2d939686e3868xx.ipv6best.cn/pc/col/202311/02/node_01.html	330	福建日报	https://www.pingtan.gov.cn/zwgk/zfxxgk/dfbmptlj/ptzhsyqbm/ptzhsyqczj/fdzdgknr/10qtwjdzjg/201208/t20120821_53166.htm
https://www-beian-gov-cnx45c8966ac3868xx.ipv6best.cn/portal/registerSystemInfo?recordcode=35012899001-19002	330	公安备案号：35012899001-19002	https://www.pingtan.gov.cn/zwgk/gsgg/202507/t20250731_100636.htm
https://www-beian-gov-cnx45c89686e3868xx.ipv6best.cn/portal/registerSystemInfo?recordcode=35012899001-19002	330	公安备案号：35012899001-19002	https://www.pingtan.gov.cn/zwgk/zfxxgk/dfbmptlj/ptzhsyqbm/ptzhsyqczj/fdzdgknr/10qtwjdzjg/201208/t20120821_53166.htm
http://pt.fjbz.org.cnx1e49966eb3868.ipv6best.cn:8060/	327	福建省标准信息服务平台	https://www.pingtan.gov.cn/zwgk/zfxxgk/gwhwj/dfxfgzfgzh/202407/t20240729_92352.htm
http://www.acas.org.cnx7a72966eb3868.ipv6best.cn/	327	海峡两岸仲裁中心	https://www.pingtan.gov.cn/zwgk/zfxxgk/gwhwj/dfxfgzfgzh/202407/t20240729_92352.htm
https://27-151-80-61xe076966eb3868xx.ipv6best.cn:91/#/double-publicity-info	327	信用平潭	https://www.pingtan.gov.cn/zwgk/zfxxgk/gwhwj/dfxfgzfgzh/202407/t20240729_92352.htm
https://bszs-conac-cnxe103966eb3868xx.ipv6best.cn/sitename?method=show&amp;id=21E2BB13660E0D66E053012819ACFD9D	327		https://www.pingtan.gov.cn/zwgk/zfxxgk/gwhwj/dfxfgzfgzh/202407/t20240729_92352.htm
https://credit-xm-gov-cnxd4a4966eb3868xx.ipv6best.cn/	327	信用厦门	https://www.pingtan.gov.cn/zwgk/zfxxgk/gwhwj/dfxfgzfgzh/202407/t20240729_92352.htm
https://fjrb-fjdaily-comx2d93966eb3868xx.ipv6best.cn/pc/col/202311/02/node_01.html	327	福建日报	https://www.pingtan.gov.cn/zwgk/zfxxgk/gwhwj/dfxfgzfgzh/202407/t20240729_92352.htm
https://www-beian-gov-cnx45c8966eb3868xx.ipv6best.cn/portal/registerSystemInfo?recordcode=35012899001-19002	327	公安备案号：35012899001-19002	https://www.pingtan.gov.cn/zwgk/zfxxgk/gwhwj/dfxfgzfgzh/202407/t20240729_92352.htm
http://pt.fjbz.org.cnx1e49967c73868.ipv6best.cn:8060/	323	福建省标准信息服务平台	https://www.pingtan.gov.cn/zwgk/ldzc/fld/hdbd/202403/t20240313_87981.htm
http://pt.fjbz.org.cnx1e49968693868.ipv6best.cn:8060/	323	福建省标准信息服务平台	https://www.pingtan.gov.cn/zwgk/zfxxgk/dfbmptlj/ptzhsyqbm/ptzhsyqczj/fdzdgknr/10qtwjdzjg/201401/t20140128_55887.htm
http://www.acas.org.cnx7a72967c73868.ipv6best.cn/	323	海峡两岸仲裁中心	https://www.pingtan.gov.cn/zwgk/ldzc/fld/hdbd/202403/t20240313_87981.htm
http://www.acas.org.cnx7a72968693868.ipv6best.cn/	323	海峡两岸仲裁中心	https://www.pingtan.gov.cn/zwgk/zfxxgk/dfbmptlj/ptzhsyqbm/ptzhsyqczj/fdzdgknr/10qtwjdzjg/201401/t20140128_55887.htm
https://27-151-80-61xe076967c73868xx.ipv6best.cn:91/#/double-publicity-info	323	信用平潭	https://www.pingtan.gov.cn/zwgk/ldzc/fld/hdbd/202403/t20240313_87981.htm
https://27-151-80-61xe076968693868xx.ipv6best.cn:91/#/double-publicity-info	323	信用平潭	https://www.pingtan.gov.cn/zwgk/zfxxgk/dfbmptlj/ptzhsyqbm/ptzhsyqczj/fdzdgknr/10qtwjdzjg/201401/t20140128_55887.htm
https://bszs-conac-cnxe103967c73868xx.ipv6best.cn/sitename?method=show&amp;id=21E2BB13660E0D66E053012819ACFD9D	323		https://www.pingtan.gov.cn/zwgk/ldzc/fld/hdbd/202403/t20240313_87981.htm
https://bszs-conac-cnxe103968693868xx.ipv6best.cn/sitename?method=show&amp;id=21E2BB13660E0D66E053012819ACFD9D	323		https://www.pingtan.gov.cn/zwgk/zfxxgk/dfbmptlj/ptzhsyqbm/ptzhsyqczj/fdzdgknr/10qtwjdzjg/201401/t20140128_55887.htm
https://credit-xm-gov-cnxd4a4967c73868xx.ipv6best.cn/	323	信用厦门	https://www.pingtan.gov.cn/zwgk/ldzc/fld/hdbd/202403/t20240313_87981.htm
https://credit-xm-gov-cnxd4a4968693868xx.ipv6best.cn/	323	信用厦门	https://www.pingtan.gov.cn/zwgk/zfxxgk/dfbmptlj/ptzhsyqbm/ptzhsyqczj/fdzdgknr/10qtwjdzjg/201401/t20140128_55887.htm
https://fjrb-fjdaily-comx2d93967c73868xx.ipv6best.cn/pc/col/202311/02/node_01.html	323	福建日报	https://www.pingtan.gov.cn/zwgk/ldzc/fld/hdbd/202403/t20240313_87981.htm
https://fjrb-fjdaily-comx2d93968693868xx.ipv6best.cn/pc/col/202311/02/node_01.html	323	福建日报	https://www.pingtan.gov.cn/zwgk/zfxxgk/dfbmptlj/ptzhsyqbm/ptzhsyqczj/fdzdgknr/10qtwjdzjg/201401/t20140128_55887.htm
https://www-beian-gov-cnx45c8967c73868xx.ipv6best.cn/portal/registerSystemInfo?recordcode=35012899001-19002	323	公安备案号：35012899001-19002	https://www.pingtan.gov.cn/zwgk/ldzc/fld/hdbd/202403/t20240313_87981.htm
https://www-beian-gov-cnx45c8968693868xx.ipv6best.cn/portal/registerSystemInfo?recordcode=35012899001-19002	323	公安备案号：35012899001-19002	https://www.pingtan.gov.cn/zwgk/zfxxgk/dfbmptlj/ptzhsyqbm/ptzhsyqczj/fdzdgknr/10qtwjdzjg/201401/t20140128_55887.htm
http://pt.fjbz.org.cnx1e49967643868.ipv6best.cn:8060/	321	福建省标准信息服务平台	https://www.pingtan.gov.cn/zwgk/ldzc/hhy/hdbd/202509/t20250923_101641.htm
http://www.acas.org.cnx7a72967643868.ipv6best.cn/	321	海峡两岸仲裁中心	https://www.pingtan.gov.cn/zwgk/ldzc/hhy/hdbd/202509/t20250923_101641.htm
https://27-151-80-61xe076967643868xx.ipv6best.cn:91/#/double-publicity-info	321	信用平潭	https://www.pingtan.gov.cn/zwgk/ldzc/hhy/hdbd/202509/t20250923_101641.htm
https://bszs-conac-cnxe103967643868xx.ipv6best.cn/sitename?method=show&amp;id=21E2BB13660E0D66E053012819ACFD9D	321		https://www.pingtan.gov.cn/zwgk/ldzc/hhy/hdbd/202509/t20250923_101641.htm
https://credit-xm-gov-cnxd4a4967643868xx.ipv6best.cn/	321	信用厦门	https://www.pingtan.gov.cn/zwgk/ldzc/hhy/hdbd/202509/t20250923_101641.htm
https://fjrb-fjdaily-comx2d93967643868xx.ipv6best.cn/pc/col/202311/02/node_01.html	321	福建日报	https://www.pingtan.gov.cn/zwgk/ldzc/hhy/hdbd/202509/t20250923_101641.htm
https://www-beian-gov-cnx45c8967643868xx.ipv6best.cn/portal/registerSystemInfo?recordcode=35012899001-19002	321	公安备案号：35012899001-19002	https://www.pingtan.gov.cn/zwgk/ldzc/hhy/hdbd/202509/t20250923_101641.htm
http://pt.fjbz.org.cnx1e49968123868.ipv6best.cn:8060/	313	福建省标准信息服务平台	https://www.pingtan.gov.cn/zwgk/yw/ptyw/201804/t20180424_9469.htm
http://www.acas.org.cnx7a72968123868.ipv6best.cn/	313	海峡两岸仲裁中心	https://www.pingtan.gov.cn/zwgk/yw/ptyw/201804/t20180424_9469.htm
https://27-151-80-61xe076968123868xx.ipv6best.cn:91/#/double-publicity-info	313	信用平潭	https://www.pingtan.gov.cn/zwgk/yw/ptyw/201804/t20180424_9469.htm
https://bszs-conac-cnxe103968123868xx.ipv6best.cn/sitename?method=show&amp;id=21E2BB13660E0D66E053012819ACFD9D	313		https://www.pingtan.gov.cn/zwgk/yw/ptyw/201804/t20180424_9469.htm
https://credit-xm-gov-cnxd4a4968123868xx.ipv6best.cn/	313	信用厦门	https://www.pingtan.gov.cn/zwgk/yw/ptyw/201804/t20180424_9469.htm
https://fjrb-fjdaily-comx2d93968123868xx.ipv6best.cn/pc/col/202311/02/node_01.html	313	福建日报	https://www.pingtan.gov.cn/zwgk/yw/ptyw/201804/t20180424_9469.htm
https://www-beian-gov-cnx45c8968123868xx.ipv6best.cn/portal/registerSystemInfo?recordcode=35012899001-19002	313	公安备案号：35012899001-19002	https://www.pingtan.gov.cn/zwgk/yw/ptyw/201804/t20180424_9469.htm
http://pt.fjbz.org.cnx1e49967593868.ipv6best.cn:8060/	310	福建省标准信息服务平台	https://www.pingtan.gov.cn/zwgk/zdlyxxgk/aqsc_1/aqjc/201508/t20150825_1447.htm
http://www.acas.org.cnx7a72967593868.ipv6best.cn/	310	海峡两岸仲裁中心	https://www.pingtan.gov.cn/zwgk/zdlyxxgk/aqsc_1/aqjc/201508/t20150825_1447.htm
https://27-151-80-61xe076967593868xx.ipv6best.cn:91/#/double-publicity-info	310	信用平潭	https://www.pingtan.gov.cn/zwgk/zdlyxxgk/aqsc_1/aqjc/201508/t20150825_1447.htm
https://bszs-conac-cnxe103967593868xx.ipv6best.cn/sitename?method=show&amp;id=21E2BB13660E0D66E053012819ACFD9D	310		https://www.pingtan.gov.cn/zwgk/zdlyxxgk/aqsc_1/aqjc/201508/t20150825_1447.htm
https://credit-xm-gov-cnxd4a4967593868xx.ipv6best.cn/	310	信用厦门	https://www.pingtan.gov.cn/zwgk/zdlyxxgk/aqsc_1/aqjc/201508/t20150825_1447.htm
https://fjrb-fjdaily-comx2d93967593868xx.ipv6best.cn/pc/col/202311/02/node_01.html	310	福建日报	https://www.pingtan.gov.cn/zwgk/zdlyxxgk/aqsc_1/aqjc/201508/t20150825_1447.htm
https://www-beian-gov-cnx45c8967593868xx.ipv6best.cn/portal/registerSystemInfo?recordcode=35012899001-19002	310	公安备案号：35012899001-19002	https://www.pingtan.gov.cn/zwgk/zdlyxxgk/aqsc_1/aqjc/201508/t20150825_1447.htm
http://pt.fjbz.org.cnx1e49967cc3868.ipv6best.cn:8060/	309	福建省标准信息服务平台	https://www.pingtan.gov.cn/zwgk/ldzc/fld/hdbd/202312/t20231206_82898.htm
http://www.acas.org.cnx7a72967cc3868.ipv6best.cn/	309	海峡两岸仲裁中心	https://www.pingtan.gov.cn/zwgk/ldzc/fld/hdbd/202312/t20231206_82898.htm
https://27-151-80-61xe076967cc3868xx.ipv6best.cn:91/#/double-publicity-info	309	信用平潭	https://www.pingtan.gov.cn/zwgk/ldzc/fld/hdbd/202312/t20231206_82898.htm
https://bszs-conac-cnxe103967cc3868xx.ipv6best.cn/sitename?method=show&amp;id=21E2BB13660E0D66E053012819ACFD9D	309		https://www.pingtan.gov.cn/zwgk/ldzc/fld/hdbd/202312/t20231206_82898.htm
https://credit-xm-gov-cnxd4a4967cc3868xx.ipv6best.cn/	309	信用厦门	https://www.pingtan.gov.cn/zwgk/ldzc/fld/hdbd/202312/t20231206_82898.htm
https://fjrb-fjdaily-comx2d93967cc3868xx.ipv6best.cn/pc/col/202311/02/node_01.html	309	福建日报	https://www.pingtan.gov.cn/zwgk/ldzc/fld/hdbd/202312/t20231206_82898.htm
https://www-beian-gov-cnx45c8967cc3868xx.ipv6best.cn/portal/registerSystemInfo?recordcode=35012899001-19002	309	公安备案号：35012899001-19002	https://www.pingtan.gov.cn/zwgk/ldzc/fld/hdbd/202312/t20231206_82898.htm
http://pt.fjbz.org.cnx1e49967fd3868.ipv6best.cn:8060/	308	福建省标准信息服务平台	https://www.pingtan.gov.cn/zwgk/ztzl/dsxxjyzptygd/xxzl/202104/t20210426_25937.htm
http://pt.fjbz.org.cnx1e499685b3868.ipv6best.cn:8060/	308	福建省标准信息服务平台	https://www.pingtan.gov.cn/zwgk/zfxxgk/dfbmptlj/ptzhsyqbm/ptzhsyqczj/fdzdgknr/10qtwjdzjg/201703/t20170309_61872.htm
http://www.acas.org.cnx7a72967fd3868.ipv6best.cn/	308	海峡两岸仲裁中心	https://www.pingtan.gov.cn/zwgk/ztzl/dsxxjyzptygd/xxzl/202104/t20210426_25937.htm
http://www.acas.org.cnx7a729685b3868.ipv6best.cn/	308	海峡两岸仲裁中心	https://www.pingtan.gov.cn/zwgk/zfxxgk/dfbmptlj/ptzhsyqbm/ptzhsyqczj/fdzdgknr/10qtwjdzjg/201703/t20170309_61872.htm
https://27-151-80-61xe076967fd3868xx.ipv6best.cn:91/#/double-publicity-info	308	信用平潭	https://www.pingtan.gov.cn/zwgk/ztzl/dsxxjyzptygd/xxzl/202104/t20210426_25937.htm
https://27-151-80-61xe0769685b3868xx.ipv6best.cn:91/#/double-publicity-info	308	信用平潭	https://www.pingtan.gov.cn/zwgk/zfxxgk/dfbmptlj/ptzhsyqbm/ptzhsyqczj/fdzdgknr/10qtwjdzjg/201703/t20170309_61872.htm
https://bszs-conac-cnxe103967fd3868xx.ipv6best.cn/sitename?method=show&amp;id=21E2BB13660E0D66E053012819ACFD9D	308		https://www.pingtan.gov.cn/zwgk/ztzl/dsxxjyzptygd/xxzl/202104/t20210426_25937.htm
https://bszs-conac-cnxe1039685b3868xx.ipv6best.cn/sitename?method=show&amp;id=21E2BB13660E0D66E053012819ACFD9D	308		https://www.pingtan.gov.cn/zwgk/zfxxgk/dfbmptlj/ptzhsyqbm/ptzhsyqczj/fdzdgknr/10qtwjdzjg/201703/t20170309_61872.htm
https://credit-xm-gov-cnxd4a4967fd3868xx.ipv6best.cn/	308	信用厦门	https://www.pingtan.gov.cn/zwgk/ztzl/dsxxjyzptygd/xxzl/202104/t20210426_25937.htm
https://credit-xm-gov-cnxd4a49685b3868xx.ipv6best.cn/	308	信用厦门	https://www.pingtan.gov.cn/zwgk/zfxxgk/dfbmptlj/ptzhsyqbm/ptzhsyqczj/fdzdgknr/10qtwjdzjg/201703/t20170309_61872.htm
https://fjrb-fjdaily-comx2d93967fd3868xx.ipv6best.cn/pc/col/202311/02/node_01.html	308	福建日报	https://www.pingtan.gov.cn/zwgk/ztzl/dsxxjyzptygd/xxzl/202104/t20210426_25937.htm
https://fjrb-fjdaily-comx2d939685b3868xx.ipv6best.cn/pc/col/202311/02/node_01.html	308	福建日报	https://www.pingtan.gov.cn/zwgk/zfxxgk/dfbmptlj/ptzhsyqbm/ptzhsyqczj/fdzdgknr/10qtwjdzjg/201703/t20170309_61872.htm
https://www-beian-gov-cnx45c8967fd3868xx.ipv6best.cn/portal/registerSystemInfo?recordcode=35012899001-19002	308	公安备案号：35012899001-19002	https://www.pingtan.gov.cn/zwgk/ztzl/dsxxjyzptygd/xxzl/202104/t20210426_25937.htm
https://www-beian-gov-cnx45c89685b3868xx.ipv6best.cn/portal/registerSystemInfo?recordcode=35012899001-19002	308	公安备案号：35012899001-19002	https://www.pingtan.gov.cn/zwgk/zfxxgk/dfbmptlj/ptzhsyqbm/ptzhsyqczj/fdzdgknr/10qtwjdzjg/201703/t20170309_61872.htm
http://pt.fjbz.org.cnx1e499677a3868.ipv6best.cn:8060/	307	福建省标准信息服务平台	https://www.pingtan.gov.cn/zwgk/ldzc/fld/hdbd/202405/t20240517_90114.htm
http://www.acas.org.cnx7a729677a3868.ipv6best.cn/	307	海峡两岸仲裁中心	https://www.pingtan.gov.cn/zwgk/ldzc/fld/hdbd/202405/t20240517_90114.htm
https://27-151-80-61xe0769677a3868xx.ipv6best.cn:91/#/double-publicity-info	307	信用平潭	https://www.pingtan.gov.cn/zwgk/ldzc/fld/hdbd/202405/t20240517_90114.htm
https://bszs-conac-cnxe1039677a3868xx.ipv6best.cn/sitename?method=show&amp;id=21E2BB13660E0D66E053012819ACFD9D	307		https://www.pingtan.gov.cn/zwgk/ldzc/fld/hdbd/202405/t20240517_90114.htm
https://credit-xm-gov-cnxd4a49677a3868xx.ipv6best.cn/	307	信用厦门	https://www.pingtan.gov.cn/zwgk/ldzc/fld/hdbd/202405/t20240517_90114.htm
https://fjrb-fjdaily-comx2d939677a3868xx.ipv6best.cn/pc/col/202311/02/node_01.html	307	福建日报	https://www.pingtan.gov.cn/zwgk/ldzc/fld/hdbd/202405/t20240517_90114.htm
https://www-beian-gov-cnx45c89677a3868xx.ipv6best.cn/portal/registerSystemInfo?recordcode=35012899001-19002	307	公安备案号：35012899001-19002	https://www.pingtan.gov.cn/zwgk/ldzc/fld/hdbd/202405/t20240517_90114.htm
http://pt.fjbz.org.cnx1e49967073868.ipv6best.cn:8060/	306	福建省标准信息服务平台	https://www.pingtan.gov.cn/zwgk/ghxx/gzjzqk/202408/t20240813_92810.htm
http://www.acas.org.cnx7a72967073868.ipv6best.cn/	306	海峡两岸仲裁中心	https://www.pingtan.gov.cn/zwgk/ghxx/gzjzqk/202408/t20240813_92810.htm
https://27-151-80-61xe076967073868xx.ipv6best.cn:91/#/double-publicity-info	306	信用平潭	https://www.pingtan.gov.cn/zwgk/ghxx/gzjzqk/202408/t20240813_92810.htm
https://bszs-conac-cnxe103967073868xx.ipv6best.cn/sitename?method=show&amp;id=21E2BB13660E0D66E053012819ACFD9D	306		https://www.pingtan.gov.cn/zwgk/ghxx/gzjzqk/202408/t20240813_92810.htm
https://credit-xm-gov-cnxd4a4967073868xx.ipv6best.cn/	306	信用厦门	https://www.pingtan.gov.cn/zwgk/ghxx/gzjzqk/202408/t20240813_92810.htm
https://fjrb-fjdaily-comx2d93967073868xx.ipv6best.cn/pc/col/202311/02/node_01.html	306	福建日报	https://www.pingtan.gov.cn/zwgk/ghxx/gzjzqk/202408/t20240813_92810.htm
https://www-beian-gov-cnx45c8967073868xx.ipv6best.cn/portal/registerSystemInfo?recordcode=35012899001-19002	306	公安备案号：35012899001-19002	https://www.pingtan.gov.cn/zwgk/ghxx/gzjzqk/202408/t20240813_92810.htm
http://pt.fjbz.org.cnx1e499676c3868.ipv6best.cn:8060/	301	福建省标准信息服务平台	https://www.pingtan.gov.cn/zwgk/ldzc/hjb/hdbd/202503/t20250314_97869.htm
http://www.acas.org.cnx7a729676c3868.ipv6best.cn/	301	海峡两岸仲裁中心	https://www.pingtan.gov.cn/zwgk/ldzc/hjb/hdbd/202503/t20250314_97869.htm
https://27-151-80-61xe0769676c3868xx.ipv6best.cn:91/#/double-publicity-info	301	信用平潭	https://www.pingtan.gov.cn/zwgk/ldzc/hjb/hdbd/202503/t20250314_97869.htm
https://bszs-conac-cnxe1039676c3868xx.ipv6best.cn/sitename?method=show&amp;id=21E2BB13660E0D66E053012819ACFD9D	301		https://www.pingtan.gov.cn/zwgk/ldzc/hjb/hdbd/202503/t20250314_97869.htm
https://credit-xm-gov-cnxd4a49676c3868xx.ipv6best.cn/	301	信用厦门	https://www.pingtan.gov.cn/zwgk/ldzc/hjb/hdbd/202503/t20250314_97869.htm
https://fjrb-fjdaily-comx2d939676c3868xx.ipv6best.cn/pc/col/202311/02/node_01.html	301	福建日报	https://www.pingtan.gov.cn/zwgk/ldzc/hjb/hdbd/202503/t20250314_97869.htm
https://www-beian-gov-cnx45c89676c3868xx.ipv6best.cn/portal/registerSystemInfo?recordcode=35012899001-19002	301	公安备案号：35012899001-19002	https://www.pingtan.gov.cn/zwgk/ldzc/hjb/hdbd/202503/t20250314_97869.htm
http://pt.fjbz.org.cnx1e49967053868.ipv6best.cn:8060/	299	福建省标准信息服务平台	https://www.pingtan.gov.cn/zwgk/ghxx/gzjzqk/202410/t20241017_94349.htm
http://www.acas.org.cnx7a72967053868.ipv6best.cn/	299	海峡两岸仲裁中心	https://www.pingtan.gov.cn/zwgk/ghxx/gzjzqk/202410/t20241017_94349.htm
https://27-151-80-61xe076967053868xx.ipv6best.cn:91/#/double-publicity-info	299	信用平潭	https://www.pingtan.gov.cn/zwgk/ghxx/gzjzqk/202410/t20241017_94349.htm
https://bszs-conac-cnxe103967053868xx.ipv6best.cn/sitename?method=show&amp;id=21E2BB13660E0D66E053012819ACFD9D	299		https://www.pingtan.gov.cn/zwgk/ghxx/gzjzqk/202410/t20241017_94349.htm
https://credit-xm-gov-cnxd4a4967053868xx.ipv6best.cn/	299	信用厦门	https://www.pingtan.gov.cn/zwgk/ghxx/gzjzqk/202410/t20241017_94349.htm
https://fjrb-fjdaily-comx2d93967053868xx.ipv6best.cn/pc/col/202311/02/node_01.html	299	福建日报	https://www.pingtan.gov.cn/zwgk/ghxx/gzjzqk/202410/t20241017_94349.htm
https://www-beian-gov-cnx45c8967053868xx.ipv6best.cn/portal/registerSystemInfo?recordcode=35012899001-19002	299	公安备案号：35012899001-19002	https://www.pingtan.gov.cn/zwgk/ghxx/gzjzqk/202410/t20241017_94349.htm
http://pt.fjbz.org.cnx1e499674c3868.ipv6best.cn:8060/	298	福建省标准信息服务平台	https://www.pingtan.gov.cn/zwgk/ghxx/ztgh/202211/t20221114_38579.htm
http://www.acas.org.cnx7a729674c3868.ipv6best.cn/	298	海峡两岸仲裁中心	https://www.pingtan.gov.cn/zwgk/ghxx/ztgh/202211/t20221114_38579.htm
https://27-151-80-61xe0769674c3868xx.ipv6best.cn:91/#/double-publicity-info	298	信用平潭	https://www.pingtan.gov.cn/zwgk/ghxx/ztgh/202211/t20221114_38579.htm
https://bszs-conac-cnxe1039674c3868xx.ipv6best.cn/sitename?method=show&amp;id=21E2BB13660E0D66E053012819ACFD9D	298		https://www.pingtan.gov.cn/zwgk/ghxx/ztgh/202211/t20221114_38579.htm
https://credit-xm-gov-cnxd4a49674c3868xx.ipv6best.cn/	298	信用厦门	https://www.pingtan.gov.cn/zwgk/ghxx/ztgh/202211/t20221114_38579.htm
https://fjrb-fjdaily-comx2d939674c3868xx.ipv6best.cn/pc/col/202311/02/node_01.html	298	福建日报	https://www.pingtan.gov.cn/zwgk/ghxx/ztgh/202211/t20221114_38579.htm
https://www-beian-gov-cnx45c89674c3868xx.ipv6best.cn/portal/registerSystemInfo?recordcode=35012899001-19002	298	公安备案号：35012899001-19002	https://www.pingtan.gov.cn/zwgk/ghxx/ztgh/202211/t20221114_38579.htm
http://pt.fjbz.org.cnx1e49966fb3868.ipv6best.cn:8060/	297	福建省标准信息服务平台	https://www.pingtan.gov.cn/zwgk/zdlyxxgk/aqsc_1/hzxk/202608/t20260805_108244.htm
http://www.acas.org.cnx7a72966fb3868.ipv6best.cn/	297	海峡两岸仲裁中心	https://www.pingtan.gov.cn/zwgk/zdlyxxgk/aqsc_1/hzxk/202608/t20260805_108244.htm
https://27-151-80-61xe076966fb3868xx.ipv6best.cn:91/#/double-publicity-info	297	信用平潭	https://www.pingtan.gov.cn/zwgk/zdlyxxgk/aqsc_1/hzxk/202608/t20260805_108244.htm
https://bszs-conac-cnxe103966fb3868xx.ipv6best.cn/sitename?method=show&amp;id=21E2BB13660E0D66E053012819ACFD9D	297		https://www.pingtan.gov.cn/zwgk/zdlyxxgk/aqsc_1/hzxk/202608/t20260805_108244.htm
https://credit-xm-gov-cnxd4a4966fb3868xx.ipv6best.cn/	297	信用厦门	https://www.pingtan.gov.cn/zwgk/zdlyxxgk/aqsc_1/hzxk/202608/t20260805_108244.htm
https://fjrb-fjdaily-comx2d93966fb3868xx.ipv6best.cn/pc/col/202311/02/node_01.html	297	福建日报	https://www.pingtan.gov.cn/zwgk/zdlyxxgk/aqsc_1/hzxk/202608/t20260805_108244.htm
https://www-beian-gov-cnx45c8966fb3868xx.ipv6best.cn/portal/registerSystemInfo?recordcode=35012899001-19002	297	公安备案号：35012899001-19002	https://www.pingtan.gov.cn/zwgk/zdlyxxgk/aqsc_1/hzxk/202608/t20260805_108244.htm
http://pt.fjbz.org.cnx1e49967263868.ipv6best.cn:8060/	296	福建省标准信息服务平台	https://www.pingtan.gov.cn/zwgk/ghxx/zxgh/202211/t20221114_38588.htm
http://www.acas.org.cnx7a72967263868.ipv6best.cn/	296	海峡两岸仲裁中心	https://www.pingtan.gov.cn/zwgk/ghxx/zxgh/202211/t20221114_38588.htm
https://27-151-80-61xe076967263868xx.ipv6best.cn:91/#/double-publicity-info	296	信用平潭	https://www.pingtan.gov.cn/zwgk/ghxx/zxgh/202211/t20221114_38588.htm
https://bszs-conac-cnxe103967263868xx.ipv6best.cn/sitename?method=show&amp;id=21E2BB13660E0D66E053012819ACFD9D	296		https://www.pingtan.gov.cn/zwgk/ghxx/zxgh/202211/t20221114_38588.htm
https://credit-xm-gov-cnxd4a4967263868xx.ipv6best.cn/	296	信用厦门	https://www.pingtan.gov.cn/zwgk/ghxx/zxgh/202211/t20221114_38588.htm
https://fjrb-fjdaily-comx2d93967263868xx.ipv6best.cn/pc/col/202311/02/node_01.html	296	福建日报	https://www.pingtan.gov.cn/zwgk/ghxx/zxgh/202211/t20221114_38588.htm
https://www-beian-gov-cnx45c8967263868xx.ipv6best.cn/portal/registerSystemInfo?recordcode=35012899001-19002	296	公安备案号：35012899001-19002	https://www.pingtan.gov.cn/zwgk/ghxx/zxgh/202211/t20221114_38588.htm
http://pt.fjbz.org.cnx1e49967443868.ipv6best.cn:8060/	294	福建省标准信息服务平台	https://www.pingtan.gov.cn/zwgk/zdlyxxgk/aqsc_1/aqjc/201806/t20180628_10133.htm
http://www.acas.org.cnx7a72967443868.ipv6best.cn/	294	海峡两岸仲裁中心	https://www.pingtan.gov.cn/zwgk/zdlyxxgk/aqsc_1/aqjc/201806/t20180628_10133.htm
https://27-151-80-61xe076967443868xx.ipv6best.cn:91/#/double-publicity-info	294	信用平潭	https://www.pingtan.gov.cn/zwgk/zdlyxxgk/aqsc_1/aqjc/201806/t20180628_10133.htm
https://bszs-conac-cnxe103967443868xx.ipv6best.cn/sitename?method=show&amp;id=21E2BB13660E0D66E053012819ACFD9D	294		https://www.pingtan.gov.cn/zwgk/zdlyxxgk/aqsc_1/aqjc/201806/t20180628_10133.htm
https://credit-xm-gov-cnxd4a4967443868xx.ipv6best.cn/	294	信用厦门	https://www.pingtan.gov.cn/zwgk/zdlyxxgk/aqsc_1/aqjc/201806/t20180628_10133.htm
https://fjrb-fjdaily-comx2d93967443868xx.ipv6best.cn/pc/col/202311/02/node_01.html	294	福建日报	https://www.pingtan.gov.cn/zwgk/zdlyxxgk/aqsc_1/aqjc/201806/t20180628_10133.htm
https://www-beian-gov-cnx45c8967443868xx.ipv6best.cn/portal/registerSystemInfo?recordcode=35012899001-19002	294	公安备案号：35012899001-19002	https://www.pingtan.gov.cn/zwgk/zdlyxxgk/aqsc_1/aqjc/201806/t20180628_10133.htm
http://pt.fjbz.org.cnx1e499673f3868.ipv6best.cn:8060/	293	福建省标准信息服务平台	https://www.pingtan.gov.cn/zwgk/zdlyxxgk/aqsc_1/aqjc/201809/t20180926_11020.htm
http://www.acas.org.cnx7a729673f3868.ipv6best.cn/	293	海峡两岸仲裁中心	https://www.pingtan.gov.cn/zwgk/zdlyxxgk/aqsc_1/aqjc/201809/t20180926_11020.htm
https://27-151-80-61xe0769673f3868xx.ipv6best.cn:91/#/double-publicity-info	293	信用平潭	https://www.pingtan.gov.cn/zwgk/zdlyxxgk/aqsc_1/aqjc/201809/t20180926_11020.htm
https://bszs-conac-cnxe1039673f3868xx.ipv6best.cn/sitename?method=show&amp;id=21E2BB13660E0D66E053012819ACFD9D	293		https://www.pingtan.gov.cn/zwgk/zdlyxxgk/aqsc_1/aqjc/201809/t20180926_11020.htm
https://credit-xm-gov-cnxd4a49673f3868xx.ipv6best.cn/	293	信用厦门	https://www.pingtan.gov.cn/zwgk/zdlyxxgk/aqsc_1/aqjc/201809/t20180926_11020.htm
https://fjrb-fjdaily-comx2d939673f3868xx.ipv6best.cn/pc/col/202311/02/node_01.html	293	福建日报	https://www.pingtan.gov.cn/zwgk/zdlyxxgk/aqsc_1/aqjc/201809/t20180926_11020.htm
https://www-beian-gov-cnx45c89673f3868xx.ipv6best.cn/portal/registerSystemInfo?recordcode=35012899001-19002	293	公安备案号：35012899001-19002	https://www.pingtan.gov.cn/zwgk/zdlyxxgk/aqsc_1/aqjc/201809/t20180926_11020.htm
http://pt.fjbz.org.cnx1e49967773868.ipv6best.cn:8060/	291	福建省标准信息服务平台	https://www.pingtan.gov.cn/zwgk/ldzc/fld/hdbd/202407/t20240702_91558.htm
http://pt.fjbz.org.cnx1e499680f3868.ipv6best.cn:8060/	291	福建省标准信息服务平台	https://www.pingtan.gov.cn/zwgk/yw/ptyw/201805/t20180517_9750.htm
http://www.acas.org.cnx7a72967773868.ipv6best.cn/	291	海峡两岸仲裁中心	https://www.pingtan.gov.cn/zwgk/ldzc/fld/hdbd/202407/t20240702_91558.htm
http://www.acas.org.cnx7a729680f3868.ipv6best.cn/	291	海峡两岸仲裁中心	https://www.pingtan.gov.cn/zwgk/yw/ptyw/201805/t20180517_9750.htm
https://27-151-80-61xe076967773868xx.ipv6best.cn:91/#/double-publicity-info	291	信用平潭	https://www.pingtan.gov.cn/zwgk/ldzc/fld/hdbd/202407/t20240702_91558.htm
https://27-151-80-61xe0769680f3868xx.ipv6best.cn:91/#/double-publicity-info	291	信用平潭	https://www.pingtan.gov.cn/zwgk/yw/ptyw/201805/t20180517_9750.htm
https://bszs-conac-cnxe103967773868xx.ipv6best.cn/sitename?method=show&amp;id=21E2BB13660E0D66E053012819ACFD9D	291		https://www.pingtan.gov.cn/zwgk/ldzc/fld/hdbd/202407/t20240702_91558.htm
https://bszs-conac-cnxe1039680f3868xx.ipv6best.cn/sitename?method=show&amp;id=21E2BB13660E0D66E053012819ACFD9D	291		https://www.pingtan.gov.cn/zwgk/yw/ptyw/201805/t20180517_9750.htm
https://credit-xm-gov-cnxd4a4967773868xx.ipv6best.cn/	291	信用厦门	https://www.pingtan.gov.cn/zwgk/ldzc/fld/hdbd/202407/t20240702_91558.htm
https://credit-xm-gov-cnxd4a49680f3868xx.ipv6best.cn/	291	信用厦门	https://www.pingtan.gov.cn/zwgk/yw/ptyw/201805/t20180517_9750.htm
https://fjrb-fjdaily-comx2d93967773868xx.ipv6best.cn/pc/col/202311/02/node_01.html	291	福建日报	https://www.pingtan.gov.cn/zwgk/ldzc/fld/hdbd/202407/t20240702_91558.htm
https://fjrb-fjdaily-comx2d939680f3868xx.ipv6best.cn/pc/col/202311/02/node_01.html	291	福建日报	https://www.pingtan.gov.cn/zwgk/yw/ptyw/201805/t20180517_9750.htm
https://www-beian-gov-cnx45c8967773868xx.ipv6best.cn/portal/registerSystemInfo?recordcode=35012899001-19002	291	公安备案号：35012899001-19002	https://www.pingtan.gov.cn/zwgk/ldzc/fld/hdbd/202407/t20240702_91558.htm
https://www-beian-gov-cnx45c89680f3868xx.ipv6best.cn/portal/registerSystemInfo?recordcode=35012899001-19002	291	公安备案号：35012899001-19002	https://www.pingtan.gov.cn/zwgk/yw/ptyw/201805/t20180517_9750.htm
http://pt.fjbz.org.cnx1e49966fc3868.ipv6best.cn:8060/	289	福建省标准信息服务平台	https://www.pingtan.gov.cn/zwgk/zdlyxxgk/aqsc_1/aqjc/202603/t20260326_105842.htm
http://www.acas.org.cnx7a72966fc3868.ipv6best.cn/	289	海峡两岸仲裁中心	https://www.pingtan.gov.cn/zwgk/zdlyxxgk/aqsc_1/aqjc/202603/t20260326_105842.htm
https://27-151-80-61xe076966fc3868xx.ipv6best.cn:91/#/double-publicity-info	289	信用平潭	https://www.pingtan.gov.cn/zwgk/zdlyxxgk/aqsc_1/aqjc/202603/t20260326_105842.htm
https://bszs-conac-cnxe103966fc3868xx.ipv6best.cn/sitename?method=show&amp;id=21E2BB13660E0D66E053012819ACFD9D	289		https://www.pingtan.gov.cn/zwgk/zdlyxxgk/aqsc_1/aqjc/202603/t20260326_105842.htm
https://credit-xm-gov-cnxd4a4966fc3868xx.ipv6best.cn/	289	信用厦门	https://www.pingtan.gov.cn/zwgk/zdlyxxgk/aqsc_1/aqjc/202603/t20260326_105842.htm
https://fjrb-fjdaily-comx2d93966fc3868xx.ipv6best.cn/pc/col/202311/02/node_01.html	289	福建日报	https://www.pingtan.gov.cn/zwgk/zdlyxxgk/aqsc_1/aqjc/202603/t20260326_105842.htm
https://www-beian-gov-cnx45c8966fc3868xx.ipv6best.cn/portal/registerSystemInfo?recordcode=35012899001-19002	289	公安备案号：35012899001-19002	https://www.pingtan.gov.cn/zwgk/zdlyxxgk/aqsc_1/aqjc/202603/t20260326_105842.htm
http://pt.fjbz.org.cnx1e499670c3868.ipv6best.cn:8060/	287	福建省标准信息服务平台	https://www.pingtan.gov.cn/zwgk/ghxx/gzjzqk/202312/t20231214_83264.htm
http://pt.fjbz.org.cnx1e499673e3868.ipv6best.cn:8060/	287	福建省标准信息服务平台	https://www.pingtan.gov.cn/zwgk/zdlyxxgk/aqsc_1/aqjc/202211/t20221103_38146.htm
http://www.acas.org.cnx7a729670c3868.ipv6best.cn/	287	海峡两岸仲裁中心	https://www.pingtan.gov.cn/zwgk/ghxx/gzjzqk/202312/t20231214_83264.htm
http://www.acas.org.cnx7a729673e3868.ipv6best.cn/	287	海峡两岸仲裁中心	https://www.pingtan.gov.cn/zwgk/zdlyxxgk/aqsc_1/aqjc/202211/t20221103_38146.htm
https://27-151-80-61xe0769670c3868xx.ipv6best.cn:91/#/double-publicity-info	287	信用平潭	https://www.pingtan.gov.cn/zwgk/ghxx/gzjzqk/202312/t20231214_83264.htm
https://27-151-80-61xe0769673e3868xx.ipv6best.cn:91/#/double-publicity-info	287	信用平潭	https://www.pingtan.gov.cn/zwgk/zdlyxxgk/aqsc_1/aqjc/202211/t20221103_38146.htm
https://bszs-conac-cnxe1039670c3868xx.ipv6best.cn/sitename?method=show&amp;id=21E2BB13660E0D66E053012819ACFD9D	287		https://www.pingtan.gov.cn/zwgk/ghxx/gzjzqk/202312/t20231214_83264.htm
https://bszs-conac-cnxe1039673e3868xx.ipv6best.cn/sitename?method=show&amp;id=21E2BB13660E0D66E053012819ACFD9D	287		https://www.pingtan.gov.cn/zwgk/zdlyxxgk/aqsc_1/aqjc/202211/t20221103_38146.htm
https://credit-xm-gov-cnxd4a49670c3868xx.ipv6best.cn/	287	信用厦门	https://www.pingtan.gov.cn/zwgk/ghxx/gzjzqk/202312/t20231214_83264.htm
https://credit-xm-gov-cnxd4a49673e3868xx.ipv6best.cn/	287	信用厦门	https://www.pingtan.gov.cn/zwgk/zdlyxxgk/aqsc_1/aqjc/202211/t20221103_38146.htm
https://fjrb-fjdaily-comx2d939670c3868xx.ipv6best.cn/pc/col/202311/02/node_01.html	287	福建日报	https://www.pingtan.gov.cn/zwgk/ghxx/gzjzqk/202312/t20231214_83264.htm
https://fjrb-fjdaily-comx2d939673e3868xx.ipv6best.cn/pc/col/202311/02/node_01.html	287	福建日报	https://www.pingtan.gov.cn/zwgk/zdlyxxgk/aqsc_1/aqjc/202211/t20221103_38146.htm
https://www-beian-gov-cnx45c89670c3868xx.ipv6best.cn/portal/registerSystemInfo?recordcode=35012899001-19002	287	公安备案号：35012899001-19002	https://www.pingtan.gov.cn/zwgk/ghxx/gzjzqk/202312/t20231214_83264.htm
https://www-beian-gov-cnx45c89673e3868xx.ipv6best.cn/portal/registerSystemInfo?recordcode=35012899001-19002	287	公安备案号：35012899001-19002	https://www.pingtan.gov.cn/zwgk/zdlyxxgk/aqsc_1/aqjc/202211/t20221103_38146.htm
http://pt.fjbz.org.cnx1e49966d73868.ipv6best.cn:8060/	286	福建省标准信息服务平台	https://www.pingtan.gov.cn/zwgk/gsgg/201811/t20181107_11420.htm
http://pt.fjbz.org.cnx1e49967313868.ipv6best.cn:8060/	286	福建省标准信息服务平台	https://www.pingtan.gov.cn/zwgk/zdlyxxgk/aqsc_1/hzxk/202006/t20200630_21583.htm
http://www.acas.org.cnx7a72966d73868.ipv6best.cn/	286	海峡两岸仲裁中心	https://www.pingtan.gov.cn/zwgk/gsgg/201811/t20181107_11420.htm
http://www.acas.org.cnx7a72967313868.ipv6best.cn/	286	海峡两岸仲裁中心	https://www.pingtan.gov.cn/zwgk/zdlyxxgk/aqsc_1/hzxk/202006/t20200630_21583.htm
https://27-151-80-61xe076966d73868xx.ipv6best.cn:91/#/double-publicity-info	286	信用平潭	https://www.pingtan.gov.cn/zwgk/gsgg/201811/t20181107_11420.htm
https://27-151-80-61xe076967313868xx.ipv6best.cn:91/#/double-publicity-info	286	信用平潭	https://www.pingtan.gov.cn/zwgk/zdlyxxgk/aqsc_1/hzxk/202006/t20200630_21583.htm
https://bszs-conac-cnxe103966d73868xx.ipv6best.cn/sitename?method=show&amp;id=21E2BB13660E0D66E053012819ACFD9D	286		https://www.pingtan.gov.cn/zwgk/gsgg/201811/t20181107_11420.htm
https://bszs-conac-cnxe103967313868xx.ipv6best.cn/sitename?method=show&amp;id=21E2BB13660E0D66E053012819ACFD9D	286		https://www.pingtan.gov.cn/zwgk/zdlyxxgk/aqsc_1/hzxk/202006/t20200630_21583.htm
https://credit-xm-gov-cnxd4a4966d73868xx.ipv6best.cn/	286	信用厦门	https://www.pingtan.gov.cn/zwgk/gsgg/201811/t20181107_11420.htm
https://credit-xm-gov-cnxd4a4967313868xx.ipv6best.cn/	286	信用厦门	https://www.pingtan.gov.cn/zwgk/zdlyxxgk/aqsc_1/hzxk/202006/t20200630_21583.htm
https://fjrb-fjdaily-comx2d93966d73868xx.ipv6best.cn/pc/col/202311/02/node_01.html	286	福建日报	https://www.pingtan.gov.cn/zwgk/gsgg/201811/t20181107_11420.htm
https://fjrb-fjdaily-comx2d93967313868xx.ipv6best.cn/pc/col/202311/02/node_01.html	286	福建日报	https://www.pingtan.gov.cn/zwgk/zdlyxxgk/aqsc_1/hzxk/202006/t20200630_21583.htm
https://www-beian-gov-cnx45c8966d73868xx.ipv6best.cn/portal/registerSystemInfo?recordcode=35012899001-19002	286	公安备案号：35012899001-19002	https://www.pingtan.gov.cn/zwgk/gsgg/201811/t20181107_11420.htm
https://www-beian-gov-cnx45c8967313868xx.ipv6best.cn/portal/registerSystemInfo?recordcode=35012899001-19002	286	公安备案号：35012899001-19002	https://www.pingtan.gov.cn/zwgk/zdlyxxgk/aqsc_1/hzxk/202006/t20200630_21583.htm
http://pt.fjbz.org.cnx1e49967173868.ipv6best.cn:8060/	285	福建省标准信息服务平台	https://www.pingtan.gov.cn/zwgk/ghxx/ndjh/202212/t20221202_41986.htm
http://pt.fjbz.org.cnx1e499674e3868.ipv6best.cn:8060/	285	福建省标准信息服务平台	https://www.pingtan.gov.cn/zwgk/zdlyxxgk/aqsc_1/aqjc/201701/t20170112_7328.htm
http://www.acas.org.cnx7a72967173868.ipv6best.cn/	285	海峡两岸仲裁中心	https://www.pingtan.gov.cn/zwgk/ghxx/ndjh/202212/t20221202_41986.htm
http://www.acas.org.cnx7a729674e3868.ipv6best.cn/	285	海峡两岸仲裁中心	https://www.pingtan.gov.cn/zwgk/zdlyxxgk/aqsc_1/aqjc/201701/t20170112_7328.htm
https://27-151-80-61xe076967173868xx.ipv6best.cn:91/#/double-publicity-info	285	信用平潭	https://www.pingtan.gov.cn/zwgk/ghxx/ndjh/202212/t20221202_41986.htm
https://27-151-80-61xe0769674e3868xx.ipv6best.cn:91/#/double-publicity-info	285	信用平潭	https://www.pingtan.gov.cn/zwgk/zdlyxxgk/aqsc_1/aqjc/201701/t20170112_7328.htm
https://bszs-conac-cnxe103967173868xx.ipv6best.cn/sitename?method=show&amp;id=21E2BB13660E0D66E053012819ACFD9D	285		https://www.pingtan.gov.cn/zwgk/ghxx/ndjh/202212/t20221202_41986.htm
https://bszs-conac-cnxe1039674e3868xx.ipv6best.cn/sitename?method=show&amp;id=21E2BB13660E0D66E053012819ACFD9D	285		https://www.pingtan.gov.cn/zwgk/zdlyxxgk/aqsc_1/aqjc/201701/t20170112_7328.htm
https://credit-xm-gov-cnxd4a4967173868xx.ipv6best.cn/	285	信用厦门	https://www.pingtan.gov.cn/zwgk/ghxx/ndjh/202212/t20221202_41986.htm
https://credit-xm-gov-cnxd4a49674e3868xx.ipv6best.cn/	285	信用厦门	https://www.pingtan.gov.cn/zwgk/zdlyxxgk/aqsc_1/aqjc/201701/t20170112_7328.htm
https://fjrb-fjdaily-comx2d93967173868xx.ipv6best.cn/pc/col/202311/02/node_01.html	285	福建日报	https://www.pingtan.gov.cn/zwgk/ghxx/ndjh/202212/t20221202_41986.htm
https://fjrb-fjdaily-comx2d939674e3868xx.ipv6best.cn/pc/col/202311/02/node_01.html	285	福建日报	https://www.pingtan.gov.cn/zwgk/zdlyxxgk/aqsc_1/aqjc/201701/t20170112_7328.htm
https://www-beian-gov-cnx45c8967173868xx.ipv6best.cn/portal/registerSystemInfo?recordcode=35012899001-19002	285	公安备案号：35012899001-19002	https://www.pingtan.gov.cn/zwgk/ghxx/ndjh/202212/t20221202_41986.htm
https://www-beian-gov-cnx45c89674e3868xx.ipv6best.cn/portal/registerSystemInfo?recordcode=35012899001-19002	285	公安备案号：35012899001-19002	https://www.pingtan.gov.cn/zwgk/zdlyxxgk/aqsc_1/aqjc/201701/t20170112_7328.htm
http://pt.fjbz.org.cnx1e49968213868.ipv6best.cn:8060/	284	福建省标准信息服务平台	https://www.pingtan.gov.cn/zwgk/yw/ptyw/201510/t20151029_1858.htm
http://pt.fjbz.org.cnx1e499684d3868.ipv6best.cn:8060/	284	福建省标准信息服务平台	https://www.pingtan.gov.cn/zwgk/zfxxgk/dfbmptlj/ptzhsyqbm/ptzhsyqczj/fdzdgknr/12czysjsbg/201908/t20190802_68081.htm
http://www.acas.org.cnx7a72968213868.ipv6best.cn/	284	海峡两岸仲裁中心	https://www.pingtan.gov.cn/zwgk/yw/ptyw/201510/t20151029_1858.htm
http://www.acas.org.cnx7a729684d3868.ipv6best.cn/	284	海峡两岸仲裁中心	https://www.pingtan.gov.cn/zwgk/zfxxgk/dfbmptlj/ptzhsyqbm/ptzhsyqczj/fdzdgknr/12czysjsbg/201908/t20190802_68081.htm
https://27-151-80-61xe076968213868xx.ipv6best.cn:91/#/double-publicity-info	284	信用平潭	https://www.pingtan.gov.cn/zwgk/yw/ptyw/201510/t20151029_1858.htm
https://27-151-80-61xe0769684d3868xx.ipv6best.cn:91/#/double-publicity-info	284	信用平潭	https://www.pingtan.gov.cn/zwgk/zfxxgk/dfbmptlj/ptzhsyqbm/ptzhsyqczj/fdzdgknr/12czysjsbg/201908/t20190802_68081.htm
https://bszs-conac-cnxe103968213868xx.ipv6best.cn/sitename?method=show&amp;id=21E2BB13660E0D66E053012819ACFD9D	284		https://www.pingtan.gov.cn/zwgk/yw/ptyw/201510/t20151029_1858.htm
https://bszs-conac-cnxe1039684d3868xx.ipv6best.cn/sitename?method=show&amp;id=21E2BB13660E0D66E053012819ACFD9D	284		https://www.pingtan.gov.cn/zwgk/zfxxgk/dfbmptlj/ptzhsyqbm/ptzhsyqczj/fdzdgknr/12czysjsbg/201908/t20190802_68081.htm
https://credit-xm-gov-cnxd4a4968213868xx.ipv6best.cn/	284	信用厦门	https://www.pingtan.gov.cn/zwgk/yw/ptyw/201510/t20151029_1858.htm
https://credit-xm-gov-cnxd4a49684d3868xx.ipv6best.cn/	284	信用厦门	https://www.pingtan.gov.cn/zwgk/zfxxgk/dfbmptlj/ptzhsyqbm/ptzhsyqczj/fdzdgknr/12czysjsbg/201908/t20190802_68081.htm
https://fjrb-fjdaily-comx2d93968213868xx.ipv6best.cn/pc/col/202311/02/node_01.html	284	福建日报	https://www.pingtan.gov.cn/zwgk/yw/ptyw/201510/t20151029_1858.htm
https://fjrb-fjdaily-comx2d939684d3868xx.ipv6best.cn/pc/col/202311/02/node_01.html	284	福建日报	https://www.pingtan.gov.cn/zwgk/zfxxgk/dfbmptlj/ptzhsyqbm/ptzhsyqczj/fdzdgknr/12czysjsbg/201908/t20190802_68081.htm
https://www-beian-gov-cnx45c8968213868xx.ipv6best.cn/portal/registerSystemInfo?recordcode=35012899001-19002	284	公安备案号：35012899001-19002	https://www.pingtan.gov.cn/zwgk/yw/ptyw/201510/t20151029_1858.htm
https://www-beian-gov-cnx45c89684d3868xx.ipv6best.cn/portal/registerSystemInfo?recordcode=35012899001-19002	284	公安备案号：35012899001-19002	https://www.pingtan.gov.cn/zwgk/zfxxgk/dfbmptlj/ptzhsyqbm/ptzhsyqczj/fdzdgknr/12czysjsbg/201908/t20190802_68081.htm
http://pt.fjbz.org.cnx1e49966b43868.ipv6best.cn:8060/	283	福建省标准信息服务平台	https://www.pingtan.gov.cn/zwgk/gsgg/202409/t20240904_93378.htm
http://www.acas.org.cnx7a72966b43868.ipv6best.cn/	283	海峡两岸仲裁中心	https://www.pingtan.gov.cn/zwgk/gsgg/202409/t20240904_93378.htm
https://27-151-80-61xe076966b43868xx.ipv6best.cn:91/#/double-publicity-info	283	信用平潭	https://www.pingtan.gov.cn/zwgk/gsgg/202409/t20240904_93378.htm
https://bszs-conac-cnxe103966b43868xx.ipv6best.cn/sitename?method=show&amp;id=21E2BB13660E0D66E053012819ACFD9D	283		https://www.pingtan.gov.cn/zwgk/gsgg/202409/t20240904_93378.htm
https://credit-xm-gov-cnxd4a4966b43868xx.ipv6best.cn/	283	信用厦门	https://www.pingtan.gov.cn/zwgk/gsgg/202409/t20240904_93378.htm
https://fjrb-fjdaily-comx2d93966b43868xx.ipv6best.cn/pc/col/202311/02/node_01.html	283	福建日报	https://www.pingtan.gov.cn/zwgk/gsgg/202409/t20240904_93378.htm
https://www-beian-gov-cnx45c8966b43868xx.ipv6best.cn/portal/registerSystemInfo?recordcode=35012899001-19002	283	公安备案号：35012899001-19002	https://www.pingtan.gov.cn/zwgk/gsgg/202409/t20240904_93378.htm
http://pt.fjbz.org.cnx1e49967693868.ipv6best.cn:8060/	282	福建省标准信息服务平台	https://www.pingtan.gov.cn/zwgk/ldzc/hjb/hdbd/202504/t20250422_98569.htm
http://pt.fjbz.org.cnx1e49968513868.ipv6best.cn:8060/	282	福建省标准信息服务平台	https://www.pingtan.gov.cn/zwgk/zfxxgk/dfbmptlj/ptzhsyqbm/ptzhsyqczj/fdzdgknr/162shgysyj/201811/t20181108_66674.htm
http://www.acas.org.cnx7a72967693868.ipv6best.cn/	282	海峡两岸仲裁中心	https://www.pingtan.gov.cn/zwgk/ldzc/hjb/hdbd/202504/t20250422_98569.htm
http://www.acas.org.cnx7a72968513868.ipv6best.cn/	282	海峡两岸仲裁中心	https://www.pingtan.gov.cn/zwgk/zfxxgk/dfbmptlj/ptzhsyqbm/ptzhsyqczj/fdzdgknr/162shgysyj/201811/t20181108_66674.htm
https://27-151-80-61xe076967693868xx.ipv6best.cn:91/#/double-publicity-info	282	信用平潭	https://www.pingtan.gov.cn/zwgk/ldzc/hjb/hdbd/202504/t20250422_98569.htm
https://27-151-80-61xe076968513868xx.ipv6best.cn:91/#/double-publicity-info	282	信用平潭	https://www.pingtan.gov.cn/zwgk/zfxxgk/dfbmptlj/ptzhsyqbm/ptzhsyqczj/fdzdgknr/162shgysyj/201811/t20181108_66674.htm
https://bszs-conac-cnxe103967693868xx.ipv6best.cn/sitename?method=show&amp;id=21E2BB13660E0D66E053012819ACFD9D	282		https://www.pingtan.gov.cn/zwgk/ldzc/hjb/hdbd/202504/t20250422_98569.htm
https://bszs-conac-cnxe103968513868xx.ipv6best.cn/sitename?method=show&amp;id=21E2BB13660E0D66E053012819ACFD9D	282		https://www.pingtan.gov.cn/zwgk/zfxxgk/dfbmptlj/ptzhsyqbm/ptzhsyqczj/fdzdgknr/162shgysyj/201811/t20181108_66674.htm
https://credit-xm-gov-cnxd4a4967693868xx.ipv6best.cn/	282	信用厦门	https://www.pingtan.gov.cn/zwgk/ldzc/hjb/hdbd/202504/t20250422_98569.htm
https://credit-xm-gov-cnxd4a4968513868xx.ipv6best.cn/	282	信用厦门	https://www.pingtan.gov.cn/zwgk/zfxxgk/dfbmptlj/ptzhsyqbm/ptzhsyqczj/fdzdgknr/162shgysyj/201811/t20181108_66674.htm
https://fjrb-fjdaily-comx2d93967693868xx.ipv6best.cn/pc/col/202311/02/node_01.html	282	福建日报	https://www.pingtan.gov.cn/zwgk/ldzc/hjb/hdbd/202504/t20250422_98569.htm
https://fjrb-fjdaily-comx2d93968513868xx.ipv6best.cn/pc/col/202311/02/node_01.html	282	福建日报	https://www.pingtan.gov.cn/zwgk/zfxxgk/dfbmptlj/ptzhsyqbm/ptzhsyqczj/fdzdgknr/162shgysyj/201811/t20181108_66674.htm
https://www-beian-gov-cnx45c8967693868xx.ipv6best.cn/portal/registerSystemInfo?recordcode=35012899001-19002	282	公安备案号：35012899001-19002	https://www.pingtan.gov.cn/zwgk/ldzc/hjb/hdbd/202504/t20250422_98569.htm
https://www-beian-gov-cnx45c8968513868xx.ipv6best.cn/portal/registerSystemInfo?recordcode=35012899001-19002	282	公安备案号：35012899001-19002	https://www.pingtan.gov.cn/zwgk/zfxxgk/dfbmptlj/ptzhsyqbm/ptzhsyqczj/fdzdgknr/162shgysyj/201811/t20181108_66674.htm
http://pt.fjbz.org.cnx1e49966e83868.ipv6best.cn:8060/	281	福建省标准信息服务平台	https://www.pingtan.gov.cn/zwgk/zfxxgk/gwhwj/dfxfgzfgzh/202112/t20211216_75083.htm
http://pt.fjbz.org.cnx1e49966ea3868.ipv6best.cn:8060/	281	福建省标准信息服务平台	https://www.pingtan.gov.cn/zwgk/zfxxgk/gwhwj/hjbhggwsaq/202108/t20210803_74085.htm
http://pt.fjbz.org.cnx1e499671d3868.ipv6best.cn:8060/	281	福建省标准信息服务平台	https://www.pingtan.gov.cn/zwgk/ghxx/qygh/202211/t20221116_38715.htm
http://www.acas.org.cnx7a72966e83868.ipv6best.cn/	281	海峡两岸仲裁中心	https://www.pingtan.gov.cn/zwgk/zfxxgk/gwhwj/dfxfgzfgzh/202112/t20211216_75083.htm
http://www.acas.org.cnx7a72966ea3868.ipv6best.cn/	281	海峡两岸仲裁中心	https://www.pingtan.gov.cn/zwgk/zfxxgk/gwhwj/hjbhggwsaq/202108/t20210803_74085.htm
http://www.acas.org.cnx7a729671d3868.ipv6best.cn/	281	海峡两岸仲裁中心	https://www.pingtan.gov.cn/zwgk/ghxx/qygh/202211/t20221116_38715.htm
https://27-151-80-61xe076966e83868xx.ipv6best.cn:91/#/double-publicity-info	281	信用平潭	https://www.pingtan.gov.cn/zwgk/zfxxgk/gwhwj/dfxfgzfgzh/202112/t20211216_75083.htm
https://27-151-80-61xe076966ea3868xx.ipv6best.cn:91/#/double-publicity-info	281	信用平潭	https://www.pingtan.gov.cn/zwgk/zfxxgk/gwhwj/hjbhggwsaq/202108/t20210803_74085.htm
https://27-151-80-61xe0769671d3868xx.ipv6best.cn:91/#/double-publicity-info	281	信用平潭	https://www.pingtan.gov.cn/zwgk/ghxx/qygh/202211/t20221116_38715.htm
https://bszs-conac-cnxe103966e83868xx.ipv6best.cn/sitename?method=show&amp;id=21E2BB13660E0D66E053012819ACFD9D	281		https://www.pingtan.gov.cn/zwgk/zfxxgk/gwhwj/dfxfgzfgzh/202112/t20211216_75083.htm
https://bszs-conac-cnxe103966ea3868xx.ipv6best.cn/sitename?method=show&amp;id=21E2BB13660E0D66E053012819ACFD9D	281		https://www.pingtan.gov.cn/zwgk/zfxxgk/gwhwj/hjbhggwsaq/202108/t20210803_74085.htm
https://bszs-conac-cnxe1039671d3868xx.ipv6best.cn/sitename?method=show&amp;id=21E2BB13660E0D66E053012819ACFD9D	281		https://www.pingtan.gov.cn/zwgk/ghxx/qygh/202211/t20221116_38715.htm
https://credit-xm-gov-cnxd4a4966e83868xx.ipv6best.cn/	281	信用厦门	https://www.pingtan.gov.cn/zwgk/zfxxgk/gwhwj/dfxfgzfgzh/202112/t20211216_75083.htm
https://credit-xm-gov-cnxd4a4966ea3868xx.ipv6best.cn/	281	信用厦门	https://www.pingtan.gov.cn/zwgk/zfxxgk/gwhwj/hjbhggwsaq/202108/t20210803_74085.htm
https://credit-xm-gov-cnxd4a49671d3868xx.ipv6best.cn/	281	信用厦门	https://www.pingtan.gov.cn/zwgk/ghxx/qygh/202211/t20221116_38715.htm
https://fjrb-fjdaily-comx2d93966e83868xx.ipv6best.cn/pc/col/202311/02/node_01.html	281	福建日报	https://www.pingtan.gov.cn/zwgk/zfxxgk/gwhwj/dfxfgzfgzh/202112/t20211216_75083.htm
https://fjrb-fjdaily-comx2d93966ea3868xx.ipv6best.cn/pc/col/202311/02/node_01.html	281	福建日报	https://www.pingtan.gov.cn/zwgk/zfxxgk/gwhwj/hjbhggwsaq/202108/t20210803_74085.htm
https://fjrb-fjdaily-comx2d939671d3868xx.ipv6best.cn/pc/col/202311/02/node_01.html	281	福建日报	https://www.pingtan.gov.cn/zwgk/ghxx/qygh/202211/t20221116_38715.htm
https://www-beian-gov-cnx45c8966e83868xx.ipv6best.cn/portal/registerSystemInfo?recordcode=35012899001-19002	281	公安备案号：35012899001-19002	https://www.pingtan.gov.cn/zwgk/zfxxgk/gwhwj/dfxfgzfgzh/202112/t20211216_75083.htm
https://www-beian-gov-cnx45c8966ea3868xx.ipv6best.cn/portal/registerSystemInfo?recordcode=35012899001-19002	281	公安备案号：35012899001-19002	https://www.pingtan.gov.cn/zwgk/zfxxgk/gwhwj/hjbhggwsaq/202108/t20210803_74085.htm
https://www-beian-gov-cnx45c89671d3868xx.ipv6best.cn/portal/registerSystemInfo?recordcode=35012899001-19002	281	公安备案号：35012899001-19002	https://www.pingtan.gov.cn/zwgk/ghxx/qygh/202211/t20221116_38715.htm
http://pt.fjbz.org.cnx1e49968013868.ipv6best.cn:8060/	280	福建省标准信息服务平台	https://www.pingtan.gov.cn/zwgk/yw/ptyw/202010/t20201013_23068.htm
http://www.acas.org.cnx7a72968013868.ipv6best.cn/	280	海峡两岸仲裁中心	https://www.pingtan.gov.cn/zwgk/yw/ptyw/202010/t20201013_23068.htm
https://27-151-80-61xe076968013868xx.ipv6best.cn:91/#/double-publicity-info	280	信用平潭	https://www.pingtan.gov.cn/zwgk/yw/ptyw/202010/t20201013_23068.htm
https://bszs-conac-cnxe103968013868xx.ipv6best.cn/sitename?method=show&amp;id=21E2BB13660E0D66E053012819ACFD9D	280		https://www.pingtan.gov.cn/zwgk/yw/ptyw/202010/t20201013_23068.htm
https://credit-xm-gov-cnxd4a4968013868xx.ipv6best.cn/	280	信用厦门	https://www.pingtan.gov.cn/zwgk/yw/ptyw/202010/t20201013_23068.htm
https://fjrb-fjdaily-comx2d93968013868xx.ipv6best.cn/pc/col/202311/02/node_01.html	280	福建日报	https://www.pingtan.gov.cn/zwgk/yw/ptyw/202010/t20201013_23068.htm
https://www-beian-gov-cnx45c8968013868xx.ipv6best.cn/portal/registerSystemInfo?recordcode=35012899001-19002	280	公安备案号：35012899001-19002	https://www.pingtan.gov.cn/zwgk/yw/ptyw/202010/t20201013_23068.htm
http://pt.fjbz.org.cnx1e49966ce3868.ipv6best.cn:8060/	278	福建省标准信息服务平台	https://www.pingtan.gov.cn/zwgk/gsgg/202006/t20200611_21468.htm
http://pt.fjbz.org.cnx1e49967483868.ipv6best.cn:8060/	278	福建省标准信息服务平台	https://www.pingtan.gov.cn/zwgk/zdlyxxgk/aqsc_1/aqjc/201708/t20170815_7598.htm
http://www.acas.org.cnx7a72966ce3868.ipv6best.cn/	278	海峡两岸仲裁中心	https://www.pingtan.gov.cn/zwgk/gsgg/202006/t20200611_21468.htm
http://www.acas.org.cnx7a72967483868.ipv6best.cn/	278	海峡两岸仲裁中心	https://www.pingtan.gov.cn/zwgk/zdlyxxgk/aqsc_1/aqjc/201708/t20170815_7598.htm
https://27-151-80-61xe076966ce3868xx.ipv6best.cn:91/#/double-publicity-info	278	信用平潭	https://www.pingtan.gov.cn/zwgk/gsgg/202006/t20200611_21468.htm
https://27-151-80-61xe076967483868xx.ipv6best.cn:91/#/double-publicity-info	278	信用平潭	https://www.pingtan.gov.cn/zwgk/zdlyxxgk/aqsc_1/aqjc/201708/t20170815_7598.htm
https://bszs-conac-cnxe103966ce3868xx.ipv6best.cn/sitename?method=show&amp;id=21E2BB13660E0D66E053012819ACFD9D	278		https://www.pingtan.gov.cn/zwgk/gsgg/202006/t20200611_21468.htm
https://bszs-conac-cnxe103967483868xx.ipv6best.cn/sitename?method=show&amp;id=21E2BB13660E0D66E053012819ACFD9D	278		https://www.pingtan.gov.cn/zwgk/zdlyxxgk/aqsc_1/aqjc/201708/t20170815_7598.htm
https://credit-xm-gov-cnxd4a4966ce3868xx.ipv6best.cn/	278	信用厦门	https://www.pingtan.gov.cn/zwgk/gsgg/202006/t20200611_21468.htm
https://credit-xm-gov-cnxd4a4967483868xx.ipv6best.cn/	278	信用厦门	https://www.pingtan.gov.cn/zwgk/zdlyxxgk/aqsc_1/aqjc/201708/t20170815_7598.htm
https://fjrb-fjdaily-comx2d93966ce3868xx.ipv6best.cn/pc/col/202311/02/node_01.html	278	福建日报	https://www.pingtan.gov.cn/zwgk/gsgg/202006/t20200611_21468.htm
https://fjrb-fjdaily-comx2d93967483868xx.ipv6best.cn/pc/col/202311/02/node_01.html	278	福建日报	https://www.pingtan.gov.cn/zwgk/zdlyxxgk/aqsc_1/aqjc/201708/t20170815_7598.htm
https://www-beian-gov-cnx45c8966ce3868xx.ipv6best.cn/portal/registerSystemInfo?recordcode=35012899001-19002	278	公安备案号：35012899001-19002	https://www.pingtan.gov.cn/zwgk/gsgg/202006/t20200611_21468.htm
https://www-beian-gov-cnx45c8967483868xx.ipv6best.cn/portal/registerSystemInfo?recordcode=35012899001-19002	278	公安备案号：35012899001-19002	https://www.pingtan.gov.cn/zwgk/zdlyxxgk/aqsc_1/aqjc/201708/t20170815_7598.htm
http://pt.fjbz.org.cnx1e49967d03868.ipv6best.cn:8060/	277	福建省标准信息服务平台	https://www.pingtan.gov.cn/zwgk/ldzc/fld/hdbd/202311/t20231103_81743.htm
http://pt.fjbz.org.cnx1e49968453868.ipv6best.cn:8060/	277	福建省标准信息服务平台	https://www.pingtan.gov.cn/zwgk/zfxxgk/dfbmptlj/ptzhsyqbm/ptzhsyqczj/fdzdgknr/162shgysyj/202008/t20200819_71109.htm
http://www.acas.org.cnx7a72967d03868.ipv6best.cn/	277	海峡两岸仲裁中心	https://www.pingtan.gov.cn/zwgk/ldzc/fld/hdbd/202311/t20231103_81743.htm
http://www.acas.org.cnx7a72968453868.ipv6best.cn/	277	海峡两岸仲裁中心	https://www.pingtan.gov.cn/zwgk/zfxxgk/dfbmptlj/ptzhsyqbm/ptzhsyqczj/fdzdgknr/162shgysyj/202008/t20200819_71109.htm
https://27-151-80-61xe076967d03868xx.ipv6best.cn:91/#/double-publicity-info	277	信用平潭	https://www.pingtan.gov.cn/zwgk/ldzc/fld/hdbd/202311/t20231103_81743.htm
https://27-151-80-61xe076968453868xx.ipv6best.cn:91/#/double-publicity-info	277	信用平潭	https://www.pingtan.gov.cn/zwgk/zfxxgk/dfbmptlj/ptzhsyqbm/ptzhsyqczj/fdzdgknr/162shgysyj/202008/t20200819_71109.htm
https://bszs-conac-cnxe103967d03868xx.ipv6best.cn/sitename?method=show&amp;id=21E2BB13660E0D66E053012819ACFD9D	277		https://www.pingtan.gov.cn/zwgk/ldzc/fld/hdbd/202311/t20231103_81743.htm
https://bszs-conac-cnxe103968453868xx.ipv6best.cn/sitename?method=show&amp;id=21E2BB13660E0D66E053012819ACFD9D	277		https://www.pingtan.gov.cn/zwgk/zfxxgk/dfbmptlj/ptzhsyqbm/ptzhsyqczj/fdzdgknr/162shgysyj/202008/t20200819_71109.htm
https://credit-xm-gov-cnxd4a4967d03868xx.ipv6best.cn/	277	信用厦门	https://www.pingtan.gov.cn/zwgk/ldzc/fld/hdbd/202311/t20231103_81743.htm
https://credit-xm-gov-cnxd4a4968453868xx.ipv6best.cn/	277	信用厦门	https://www.pingtan.gov.cn/zwgk/zfxxgk/dfbmptlj/ptzhsyqbm/ptzhsyqczj/fdzdgknr/162shgysyj/202008/t20200819_71109.htm
https://fjrb-fjdaily-comx2d93967d03868xx.ipv6best.cn/pc/col/202311/02/node_01.html	277	福建日报	https://www.pingtan.gov.cn/zwgk/ldzc/fld/hdbd/202311/t20231103_81743.htm
https://fjrb-fjdaily-comx2d93968453868xx.ipv6best.cn/pc/col/202311/02/node_01.html	277	福建日报	https://www.pingtan.gov.cn/zwgk/zfxxgk/dfbmptlj/ptzhsyqbm/ptzhsyqczj/fdzdgknr/162shgysyj/202008/t20200819_71109.htm
https://www-beian-gov-cnx45c8967d03868xx.ipv6best.cn/portal/registerSystemInfo?recordcode=35012899001-19002	277	公安备案号：35012899001-19002	https://www.pingtan.gov.cn/zwgk/ldzc/fld/hdbd/202311/t20231103_81743.htm
https://www-beian-gov-cnx45c8968453868xx.ipv6best.cn/portal/registerSystemInfo?recordcode=35012899001-19002	277	公安备案号：35012899001-19002	https://www.pingtan.gov.cn/zwgk/zfxxgk/dfbmptlj/ptzhsyqbm/ptzhsyqczj/fdzdgknr/162shgysyj/202008/t20200819_71109.htm
http://pt.fjbz.org.cnx1e49966fd3868.ipv6best.cn:8060/	276	福建省标准信息服务平台	https://www.pingtan.gov.cn/zwgk/ghxx/ztgh/202601/t20260130_104907.htm
http://www.acas.org.cnx7a72966fd3868.ipv6best.cn/	276	海峡两岸仲裁中心	https://www.pingtan.gov.cn/zwgk/ghxx/ztgh/202601/t20260130_104907.htm
https://27-151-80-61xe076966fd3868xx.ipv6best.cn:91/#/double-publicity-info	276	信用平潭	https://www.pingtan.gov.cn/zwgk/ghxx/ztgh/202601/t20260130_104907.htm
https://bszs-conac-cnxe103966fd3868xx.ipv6best.cn/sitename?method=show&amp;id=21E2BB13660E0D66E053012819ACFD9D	276		https://www.pingtan.gov.cn/zwgk/ghxx/ztgh/202601/t20260130_104907.htm
https://credit-xm-gov-cnxd4a4966fd3868xx.ipv6best.cn/	276	信用厦门	https://www.pingtan.gov.cn/zwgk/ghxx/ztgh/202601/t20260130_104907.htm
https://fjrb-fjdaily-comx2d93966fd3868xx.ipv6best.cn/pc/col/202311/02/node_01.html	276	福建日报	https://www.pingtan.gov.cn/zwgk/ghxx/ztgh/202601/t20260130_104907.htm
https://www-beian-gov-cnx45c8966fd3868xx.ipv6best.cn/portal/registerSystemInfo?recordcode=35012899001-19002	276	公安备案号：35012899001-19002	https://www.pingtan.gov.cn/zwgk/ghxx/ztgh/202601/t20260130_104907.htm
http://pt.fjbz.org.cnx1e49966a83868.ipv6best.cn:8060/	275	福建省标准信息服务平台	https://www.pingtan.gov.cn/zwgk/gsgg/202311/t20231120_82591.htm
http://www.acas.org.cnx7a72966a83868.ipv6best.cn/	275	海峡两岸仲裁中心	https://www.pingtan.gov.cn/zwgk/gsgg/202311/t20231120_82591.htm
https://27-151-80-61xe076966a83868xx.ipv6best.cn:91/#/double-publicity-info	275	信用平潭	https://www.pingtan.gov.cn/zwgk/gsgg/202311/t20231120_82591.htm
https://bszs-conac-cnxe103966a83868xx.ipv6best.cn/sitename?method=show&amp;id=21E2BB13660E0D66E053012819ACFD9D	275		https://www.pingtan.gov.cn/zwgk/gsgg/202311/t20231120_82591.htm
https://credit-xm-gov-cnxd4a4966a83868xx.ipv6best.cn/	275	信用厦门	https://www.pingtan.gov.cn/zwgk/gsgg/202311/t20231120_82591.htm
https://fjrb-fjdaily-comx2d93966a83868xx.ipv6best.cn/pc/col/202311/02/node_01.html	275	福建日报	https://www.pingtan.gov.cn/zwgk/gsgg/202311/t20231120_82591.htm
https://www-beian-gov-cnx45c8966a83868xx.ipv6best.cn/portal/registerSystemInfo?recordcode=35012899001-19002	275	公安备案号：35012899001-19002	https://www.pingtan.gov.cn/zwgk/gsgg/202311/t20231120_82591.htm
http://pt.fjbz.org.cnx1e499684f3868.ipv6best.cn:8060/	273	福建省标准信息服务平台	https://www.pingtan.gov.cn/zwgk/zfxxgk/dfbmptlj/ptzhsyqbm/ptzhsyqczj/fdzdgknr/163hjbhggw/201903/t20190305_67211.htm
http://www.acas.org.cnx7a729684f3868.ipv6best.cn/	273	海峡两岸仲裁中心	https://www.pingtan.gov.cn/zwgk/zfxxgk/dfbmptlj/ptzhsyqbm/ptzhsyqczj/fdzdgknr/163hjbhggw/201903/t20190305_67211.htm
https://27-151-80-61xe0769684f3868xx.ipv6best.cn:91/#/double-publicity-info	273	信用平潭	https://www.pingtan.gov.cn/zwgk/zfxxgk/dfbmptlj/ptzhsyqbm/ptzhsyqczj/fdzdgknr/163hjbhggw/201903/t20190305_67211.htm
https://bszs-conac-cnxe1039684f3868xx.ipv6best.cn/sitename?method=show&amp;id=21E2BB13660E0D66E053012819ACFD9D	273		https://www.pingtan.gov.cn/zwgk/zfxxgk/dfbmptlj/ptzhsyqbm/ptzhsyqczj/fdzdgknr/163hjbhggw/201903/t20190305_67211.htm
https://credit-xm-gov-cnxd4a49684f3868xx.ipv6best.cn/	273	信用厦门	https://www.pingtan.gov.cn/zwgk/zfxxgk/dfbmptlj/ptzhsyqbm/ptzhsyqczj/fdzdgknr/163hjbhggw/201903/t20190305_67211.htm
https://fjrb-fjdaily-comx2d939684f3868xx.ipv6best.cn/pc/col/202311/02/node_01.html	273	福建日报	https://www.pingtan.gov.cn/zwgk/zfxxgk/dfbmptlj/ptzhsyqbm/ptzhsyqczj/fdzdgknr/163hjbhggw/201903/t20190305_67211.htm
https://www-beian-gov-cnx45c89684f3868xx.ipv6best.cn/portal/registerSystemInfo?recordcode=35012899001-19002	273	公安备案号：35012899001-19002	https://www.pingtan.gov.cn/zwgk/zfxxgk/dfbmptlj/ptzhsyqbm/ptzhsyqczj/fdzdgknr/163hjbhggw/201903/t20190305_67211.htm
http://pt.fjbz.org.cnx1e49967723868.ipv6best.cn:8060/	271	福建省标准信息服务平台	https://www.pingtan.gov.cn/zwgk/ldzc/fld/hdbd/202409/t20240927_94014.htm
http://pt.fjbz.org.cnx1e49968483868.ipv6best.cn:8060/	271	福建省标准信息服务平台	https://www.pingtan.gov.cn/zwgk/zfxxgk/dfbmptlj/ptzhsyqbm/ptzhsyqczj/fdzdgknr/165fpjyyls/202005/t20200504_71965.htm
http://www.acas.org.cnx7a72967723868.ipv6best.cn/	271	海峡两岸仲裁中心	https://www.pingtan.gov.cn/zwgk/ldzc/fld/hdbd/202409/t20240927_94014.htm
http://www.acas.org.cnx7a72968483868.ipv6best.cn/	271	海峡两岸仲裁中心	https://www.pingtan.gov.cn/zwgk/zfxxgk/dfbmptlj/ptzhsyqbm/ptzhsyqczj/fdzdgknr/165fpjyyls/202005/t20200504_71965.htm
https://27-151-80-61xe076967723868xx.ipv6best.cn:91/#/double-publicity-info	271	信用平潭	https://www.pingtan.gov.cn/zwgk/ldzc/fld/hdbd/202409/t20240927_94014.htm
https://27-151-80-61xe076968483868xx.ipv6best.cn:91/#/double-publicity-info	271	信用平潭	https://www.pingtan.gov.cn/zwgk/zfxxgk/dfbmptlj/ptzhsyqbm/ptzhsyqczj/fdzdgknr/165fpjyyls/202005/t20200504_71965.htm
https://bszs-conac-cnxe103967723868xx.ipv6best.cn/sitename?method=show&amp;id=21E2BB13660E0D66E053012819ACFD9D	271		https://www.pingtan.gov.cn/zwgk/ldzc/fld/hdbd/202409/t20240927_94014.htm
https://bszs-conac-cnxe103968483868xx.ipv6best.cn/sitename?method=show&amp;id=21E2BB13660E0D66E053012819ACFD9D	271		https://www.pingtan.gov.cn/zwgk/zfxxgk/dfbmptlj/ptzhsyqbm/ptzhsyqczj/fdzdgknr/165fpjyyls/202005/t20200504_71965.htm
https://credit-xm-gov-cnxd4a4967723868xx.ipv6best.cn/	271	信用厦门	https://www.pingtan.gov.cn/zwgk/ldzc/fld/hdbd/202409/t20240927_94014.htm
https://credit-xm-gov-cnxd4a4968483868xx.ipv6best.cn/	271	信用厦门	https://www.pingtan.gov.cn/zwgk/zfxxgk/dfbmptlj/ptzhsyqbm/ptzhsyqczj/fdzdgknr/165fpjyyls/202005/t20200504_71965.htm
https://fjrb-fjdaily-comx2d93967723868xx.ipv6best.cn/pc/col/202311/02/node_01.html	271	福建日报	https://www.pingtan.gov.cn/zwgk/ldzc/fld/hdbd/202409/t20240927_94014.htm
https://fjrb-fjdaily-comx2d93968483868xx.ipv6best.cn/pc/col/202311/02/node_01.html	271	福建日报	https://www.pingtan.gov.cn/zwgk/zfxxgk/dfbmptlj/ptzhsyqbm/ptzhsyqczj/fdzdgknr/165fpjyyls/202005/t20200504_71965.htm
https://www-beian-gov-cnx45c8967723868xx.ipv6best.cn/portal/registerSystemInfo?recordcode=35012899001-19002	271	公安备案号：35012899001-19002	https://www.pingtan.gov.cn/zwgk/ldzc/fld/hdbd/202409/t20240927_94014.htm
https://www-beian-gov-cnx45c8968483868xx.ipv6best.cn/portal/registerSystemInfo?recordcode=35012899001-19002	271	公安备案号：35012899001-19002	https://www.pingtan.gov.cn/zwgk/zfxxgk/dfbmptlj/ptzhsyqbm/ptzhsyqczj/fdzdgknr/165fpjyyls/202005/t20200504_71965.htm
http://pt.fjbz.org.cnx1e499680b3868.ipv6best.cn:8060/	269	福建省标准信息服务平台	https://www.pingtan.gov.cn/zwgk/yw/ptyw/201811/t20181123_11597.htm
http://pt.fjbz.org.cnx1e49968383868.ipv6best.cn:8060/	269	福建省标准信息服务平台	https://www.pingtan.gov.cn/zwgk/zfxxgk/dfbmptlj/ptzhsyqbm/ptzhsyqczj/fdzdgknr/162shgysyj/202112/t20211222_76127.htm
http://www.acas.org.cnx7a729680b3868.ipv6best.cn/	269	海峡两岸仲裁中心	https://www.pingtan.gov.cn/zwgk/yw/ptyw/201811/t20181123_11597.htm
http://www.acas.org.cnx7a72968383868.ipv6best.cn/	269	海峡两岸仲裁中心	https://www.pingtan.gov.cn/zwgk/zfxxgk/dfbmptlj/ptzhsyqbm/ptzhsyqczj/fdzdgknr/162shgysyj/202112/t20211222_76127.htm
https://27-151-80-61xe0769680b3868xx.ipv6best.cn:91/#/double-publicity-info	269	信用平潭	https://www.pingtan.gov.cn/zwgk/yw/ptyw/201811/t20181123_11597.htm
https://27-151-80-61xe076968383868xx.ipv6best.cn:91/#/double-publicity-info	269	信用平潭	https://www.pingtan.gov.cn/zwgk/zfxxgk/dfbmptlj/ptzhsyqbm/ptzhsyqczj/fdzdgknr/162shgysyj/202112/t20211222_76127.htm
https://bszs-conac-cnxe1039680b3868xx.ipv6best.cn/sitename?method=show&amp;id=21E2BB13660E0D66E053012819ACFD9D	269		https://www.pingtan.gov.cn/zwgk/yw/ptyw/201811/t20181123_11597.htm
https://bszs-conac-cnxe103968383868xx.ipv6best.cn/sitename?method=show&amp;id=21E2BB13660E0D66E053012819ACFD9D	269		https://www.pingtan.gov.cn/zwgk/zfxxgk/dfbmptlj/ptzhsyqbm/ptzhsyqczj/fdzdgknr/162shgysyj/202112/t20211222_76127.htm
https://credit-xm-gov-cnxd4a49680b3868xx.ipv6best.cn/	269	信用厦门	https://www.pingtan.gov.cn/zwgk/yw/ptyw/201811/t20181123_11597.htm
https://credit-xm-gov-cnxd4a4968383868xx.ipv6best.cn/	269	信用厦门	https://www.pingtan.gov.cn/zwgk/zfxxgk/dfbmptlj/ptzhsyqbm/ptzhsyqczj/fdzdgknr/162shgysyj/202112/t20211222_76127.htm
https://fjrb-fjdaily-comx2d939680b3868xx.ipv6best.cn/pc/col/202311/02/node_01.html	269	福建日报	https://www.pingtan.gov.cn/zwgk/yw/ptyw/201811/t20181123_11597.htm
https://fjrb-fjdaily-comx2d93968383868xx.ipv6best.cn/pc/col/202311/02/node_01.html	269	福建日报	https://www.pingtan.gov.cn/zwgk/zfxxgk/dfbmptlj/ptzhsyqbm/ptzhsyqczj/fdzdgknr/162shgysyj/202112/t20211222_76127.htm
https://www-beian-gov-cnx45c89680b3868xx.ipv6best.cn/portal/registerSystemInfo?recordcode=35012899001-19002	269	公安备案号：35012899001-19002	https://www.pingtan.gov.cn/zwgk/yw/ptyw/201811/t20181123_11597.htm
https://www-beian-gov-cnx45c8968383868xx.ipv6best.cn/portal/registerSystemInfo?recordcode=35012899001-19002	269	公安备案号：35012899001-19002	https://www.pingtan.gov.cn/zwgk/zfxxgk/dfbmptlj/ptzhsyqbm/ptzhsyqczj/fdzdgknr/162shgysyj/202112/t20211222_76127.htm
http://pt.fjbz.org.cnx1e49967353868.ipv6best.cn:8060/	268	福建省标准信息服务平台	https://www.pingtan.gov.cn/zwgk/ghxx/kjgh/202001/t20200120_38739.htm
http://www.acas.org.cnx7a72967353868.ipv6best.cn/	268	海峡两岸仲裁中心	https://www.pingtan.gov.cn/zwgk/ghxx/kjgh/202001/t20200120_38739.htm
https://27-151-80-61xe076967353868xx.ipv6best.cn:91/#/double-publicity-info	268	信用平潭	https://www.pingtan.gov.cn/zwgk/ghxx/kjgh/202001/t20200120_38739.htm
https://bszs-conac-cnxe103967353868xx.ipv6best.cn/sitename?method=show&amp;id=21E2BB13660E0D66E053012819ACFD9D	268		https://www.pingtan.gov.cn/zwgk/ghxx/kjgh/202001/t20200120_38739.htm
https://credit-xm-gov-cnxd4a4967353868xx.ipv6best.cn/	268	信用厦门	https://www.pingtan.gov.cn/zwgk/ghxx/kjgh/202001/t20200120_38739.htm
https://fjrb-fjdaily-comx2d93967353868xx.ipv6best.cn/pc/col/202311/02/node_01.html	268	福建日报	https://www.pingtan.gov.cn/zwgk/ghxx/kjgh/202001/t20200120_38739.htm
https://www-beian-gov-cnx45c8967353868xx.ipv6best.cn/portal/registerSystemInfo?recordcode=35012899001-19002	268	公安备案号：35012899001-19002	https://www.pingtan.gov.cn/zwgk/ghxx/kjgh/202001/t20200120_38739.htm
http://pt.fjbz.org.cnx1e49967c33868.ipv6best.cn:8060/	265	福建省标准信息服务平台	https://www.pingtan.gov.cn/zwgk/ldzc/fld/hdbd/202404/t20240423_89337.htm
http://www.acas.org.cnx7a72967c33868.ipv6best.cn/	265	海峡两岸仲裁中心	https://www.pingtan.gov.cn/zwgk/ldzc/fld/hdbd/202404/t20240423_89337.htm
https://27-151-80-61xe076967c33868xx.ipv6best.cn:91/#/double-publicity-info	265	信用平潭	https://www.pingtan.gov.cn/zwgk/ldzc/fld/hdbd/202404/t20240423_89337.htm
https://bszs-conac-cnxe103967c33868xx.ipv6best.cn/sitename?method=show&amp;id=21E2BB13660E0D66E053012819ACFD9D	265		https://www.pingtan.gov.cn/zwgk/ldzc/fld/hdbd/202404/t20240423_89337.htm
https://credit-xm-gov-cnxd4a4967c33868xx.ipv6best.cn/	265	信用厦门	https://www.pingtan.gov.cn/zwgk/ldzc/fld/hdbd/202404/t20240423_89337.htm
https://fjrb-fjdaily-comx2d93967c33868xx.ipv6best.cn/pc/col/202311/02/node_01.html	265	福建日报	https://www.pingtan.gov.cn/zwgk/ldzc/fld/hdbd/202404/t20240423_89337.htm
https://www-beian-gov-cnx45c8967c33868xx.ipv6best.cn/portal/registerSystemInfo?recordcode=35012899001-19002	265	公安备案号：35012899001-19002	https://www.pingtan.gov.cn/zwgk/ldzc/fld/hdbd/202404/t20240423_89337.htm
http://pt.fjbz.org.cnx1e49967613868.ipv6best.cn:8060/	264	福建省标准信息服务平台	https://www.pingtan.gov.cn/zwgk/ldzc/hjb/hdbd/202512/t20251213_103993.htm
http://pt.fjbz.org.cnx1e49968203868.ipv6best.cn:8060/	264	福建省标准信息服务平台	https://www.pingtan.gov.cn/zwgk/yw/ptyw/201601/t20160104_3102.htm
http://www.acas.org.cnx7a72967613868.ipv6best.cn/	264	海峡两岸仲裁中心	https://www.pingtan.gov.cn/zwgk/ldzc/hjb/hdbd/202512/t20251213_103993.htm
http://www.acas.org.cnx7a72968203868.ipv6best.cn/	264	海峡两岸仲裁中心	https://www.pingtan.gov.cn/zwgk/yw/ptyw/201601/t20160104_3102.htm
https://27-151-80-61xe076967613868xx.ipv6best.cn:91/#/double-publicity-info	264	信用平潭	https://www.pingtan.gov.cn/zwgk/ldzc/hjb/hdbd/202512/t20251213_103993.htm
https://27-151-80-61xe076968203868xx.ipv6best.cn:91/#/double-publicity-info	264	信用平潭	https://www.pingtan.gov.cn/zwgk/yw/ptyw/201601/t20160104_3102.htm
https://bszs-conac-cnxe103967613868xx.ipv6best.cn/sitename?method=show&amp;id=21E2BB13660E0D66E053012819ACFD9D	264		https://www.pingtan.gov.cn/zwgk/ldzc/hjb/hdbd/202512/t20251213_103993.htm
https://bszs-conac-cnxe103968203868xx.ipv6best.cn/sitename?method=show&amp;id=21E2BB13660E0D66E053012819ACFD9D	264		https://www.pingtan.gov.cn/zwgk/yw/ptyw/201601/t20160104_3102.htm
https://credit-xm-gov-cnxd4a4967613868xx.ipv6best.cn/	264	信用厦门	https://www.pingtan.gov.cn/zwgk/ldzc/hjb/hdbd/202512/t20251213_103993.htm
https://credit-xm-gov-cnxd4a4968203868xx.ipv6best.cn/	264	信用厦门	https://www.pingtan.gov.cn/zwgk/yw/ptyw/201601/t20160104_3102.htm
https://fjrb-fjdaily-comx2d93967613868xx.ipv6best.cn/pc/col/202311/02/node_01.html	264	福建日报	https://www.pingtan.gov.cn/zwgk/ldzc/hjb/hdbd/202512/t20251213_103993.htm
https://fjrb-fjdaily-comx2d93968203868xx.ipv6best.cn/pc/col/202311/02/node_01.html	264	福建日报	https://www.pingtan.gov.cn/zwgk/yw/ptyw/201601/t20160104_3102.htm
https://www-beian-gov-cnx45c8967613868xx.ipv6best.cn/portal/registerSystemInfo?recordcode=35012899001-19002	264	公安备案号：35012899001-19002	https://www.pingtan.gov.cn/zwgk/ldzc/hjb/hdbd/202512/t20251213_103993.htm
https://www-beian-gov-cnx45c8968203868xx.ipv6best.cn/portal/registerSystemInfo?recordcode=35012899001-19002	264	公安备案号：35012899001-19002	https://www.pingtan.gov.cn/zwgk/yw/ptyw/201601/t20160104_3102.htm
http://pt.fjbz.org.cnx1e49967f23868.ipv6best.cn:8060/	261	福建省标准信息服务平台	https://www.pingtan.gov.cn/zwgk/yw/ptyw/202204/t20220409_32841.htm
http://pt.fjbz.org.cnx1e499682f3868.ipv6best.cn:8060/	261	福建省标准信息服务平台	https://www.pingtan.gov.cn/zwgk/zfxxgk/dfbmptlj/ptzhsyqbm/ptzhsyqczj/fdzdgknr/10qtwjdzjg/202306/t20230607_78379.htm
http://pt.fjbz.org.cnx1e49968473868.ipv6best.cn:8060/	261	福建省标准信息服务平台	https://www.pingtan.gov.cn/zwgk/zfxxgk/dfbmptlj/ptzhsyqbm/ptzhsyqczj/fdzdgknr/163hjbhggw/202005/t20200516_70303.htm
http://www.acas.org.cnx7a72967f23868.ipv6best.cn/	261	海峡两岸仲裁中心	https://www.pingtan.gov.cn/zwgk/yw/ptyw/202204/t20220409_32841.htm
http://www.acas.org.cnx7a729682f3868.ipv6best.cn/	261	海峡两岸仲裁中心	https://www.pingtan.gov.cn/zwgk/zfxxgk/dfbmptlj/ptzhsyqbm/ptzhsyqczj/fdzdgknr/10qtwjdzjg/202306/t20230607_78379.htm
http://www.acas.org.cnx7a72968473868.ipv6best.cn/	261	海峡两岸仲裁中心	https://www.pingtan.gov.cn/zwgk/zfxxgk/dfbmptlj/ptzhsyqbm/ptzhsyqczj/fdzdgknr/163hjbhggw/202005/t20200516_70303.htm
https://27-151-80-61xe076967f23868xx.ipv6best.cn:91/#/double-publicity-info	261	信用平潭	https://www.pingtan.gov.cn/zwgk/yw/ptyw/202204/t20220409_32841.htm
https://27-151-80-61xe0769682f3868xx.ipv6best.cn:91/#/double-publicity-info	261	信用平潭	https://www.pingtan.gov.cn/zwgk/zfxxgk/dfbmptlj/ptzhsyqbm/ptzhsyqczj/fdzdgknr/10qtwjdzjg/202306/t20230607_78379.htm
https://27-151-80-61xe076968473868xx.ipv6best.cn:91/#/double-publicity-info	261	信用平潭	https://www.pingtan.gov.cn/zwgk/zfxxgk/dfbmptlj/ptzhsyqbm/ptzhsyqczj/fdzdgknr/163hjbhggw/202005/t20200516_70303.htm
https://bszs-conac-cnxe103967f23868xx.ipv6best.cn/sitename?method=show&amp;id=21E2BB13660E0D66E053012819ACFD9D	261		https://www.pingtan.gov.cn/zwgk/yw/ptyw/202204/t20220409_32841.htm
https://bszs-conac-cnxe1039682f3868xx.ipv6best.cn/sitename?method=show&amp;id=21E2BB13660E0D66E053012819ACFD9D	261		https://www.pingtan.gov.cn/zwgk/zfxxgk/dfbmptlj/ptzhsyqbm/ptzhsyqczj/fdzdgknr/10qtwjdzjg/202306/t20230607_78379.htm
https://bszs-conac-cnxe103968473868xx.ipv6best.cn/sitename?method=show&amp;id=21E2BB13660E0D66E053012819ACFD9D	261		https://www.pingtan.gov.cn/zwgk/zfxxgk/dfbmptlj/ptzhsyqbm/ptzhsyqczj/fdzdgknr/163hjbhggw/202005/t20200516_70303.htm
https://credit-xm-gov-cnxd4a4967f23868xx.ipv6best.cn/	261	信用厦门	https://www.pingtan.gov.cn/zwgk/yw/ptyw/202204/t20220409_32841.htm
https://credit-xm-gov-cnxd4a49682f3868xx.ipv6best.cn/	261	信用厦门	https://www.pingtan.gov.cn/zwgk/zfxxgk/dfbmptlj/ptzhsyqbm/ptzhsyqczj/fdzdgknr/10qtwjdzjg/202306/t20230607_78379.htm
https://credit-xm-gov-cnxd4a4968473868xx.ipv6best.cn/	261	信用厦门	https://www.pingtan.gov.cn/zwgk/zfxxgk/dfbmptlj/ptzhsyqbm/ptzhsyqczj/fdzdgknr/163hjbhggw/202005/t20200516_70303.htm
https://fjrb-fjdaily-comx2d93967f23868xx.ipv6best.cn/pc/col/202311/02/node_01.html	261	福建日报	https://www.pingtan.gov.cn/zwgk/yw/ptyw/202204/t20220409_32841.htm
https://fjrb-fjdaily-comx2d939682f3868xx.ipv6best.cn/pc/col/202311/02/node_01.html	261	福建日报	https://www.pingtan.gov.cn/zwgk/zfxxgk/dfbmptlj/ptzhsyqbm/ptzhsyqczj/fdzdgknr/10qtwjdzjg/202306/t20230607_78379.htm
https://fjrb-fjdaily-comx2d93968473868xx.ipv6best.cn/pc/col/202311/02/node_01.html	261	福建日报	https://www.pingtan.gov.cn/zwgk/zfxxgk/dfbmptlj/ptzhsyqbm/ptzhsyqczj/fdzdgknr/163hjbhggw/202005/t20200516_70303.htm
https://www-beian-gov-cnx45c8967f23868xx.ipv6best.cn/portal/registerSystemInfo?recordcode=35012899001-19002	261	公安备案号：35012899001-19002	https://www.pingtan.gov.cn/zwgk/yw/ptyw/202204/t20220409_32841.htm
https://www-beian-gov-cnx45c89682f3868xx.ipv6best.cn/portal/registerSystemInfo?recordcode=35012899001-19002	261	公安备案号：35012899001-19002	https://www.pingtan.gov.cn/zwgk/zfxxgk/dfbmptlj/ptzhsyqbm/ptzhsyqczj/fdzdgknr/10qtwjdzjg/202306/t20230607_78379.htm
https://www-beian-gov-cnx45c8968473868xx.ipv6best.cn/portal/registerSystemInfo?recordcode=35012899001-19002	261	公安备案号：35012899001-19002	https://www.pingtan.gov.cn/zwgk/zfxxgk/dfbmptlj/ptzhsyqbm/ptzhsyqczj/fdzdgknr/163hjbhggw/202005/t20200516_70303.htm
http://pt.fjbz.org.cnx1e49966ee3868.ipv6best.cn:8060/	259	福建省标准信息服务平台	https://www.pingtan.gov.cn/zwgk/zfxxgk/gwhwj/dfxfgzfgzh/202010/t20201010_77187.htm
http://www.acas.org.cnx7a72966ee3868.ipv6best.cn/	259	海峡两岸仲裁中心	https://www.pingtan.gov.cn/zwgk/zfxxgk/gwhwj/dfxfgzfgzh/202010/t20201010_77187.htm
https://27-151-80-61xe076966ee3868xx.ipv6best.cn:91/#/double-publicity-info	259	信用平潭	https://www.pingtan.gov.cn/zwgk/zfxxgk/gwhwj/dfxfgzfgzh/202010/t20201010_77187.htm
https://bszs-conac-cnxe103966ee3868xx.ipv6best.cn/sitename?method=show&amp;id=21E2BB13660E0D66E053012819ACFD9D	259		https://www.pingtan.gov.cn/zwgk/zfxxgk/gwhwj/dfxfgzfgzh/202010/t20201010_77187.htm
https://credit-xm-gov-cnxd4a4966ee3868xx.ipv6best.cn/	259	信用厦门	https://www.pingtan.gov.cn/zwgk/zfxxgk/gwhwj/dfxfgzfgzh/202010/t20201010_77187.htm
https://fjrb-fjdaily-comx2d93966ee3868xx.ipv6best.cn/pc/col/202311/02/node_01.html	259	福建日报	https://www.pingtan.gov.cn/zwgk/zfxxgk/gwhwj/dfxfgzfgzh/202010/t20201010_77187.htm
https://www-beian-gov-cnx45c8966ee3868xx.ipv6best.cn/portal/registerSystemInfo?recordcode=35012899001-19002	259	公安备案号：35012899001-19002	https://www.pingtan.gov.cn/zwgk/zfxxgk/gwhwj/dfxfgzfgzh/202010/t20201010_77187.htm
http://pt.fjbz.org.cnx1e49967533868.ipv6best.cn:8060/	258	福建省标准信息服务平台	https://www.pingtan.gov.cn/zwgk/zdlyxxgk/aqsc_1/aqjc/201605/t20160503_4204.htm
http://pt.fjbz.org.cnx1e499684e3868.ipv6best.cn:8060/	258	福建省标准信息服务平台	https://www.pingtan.gov.cn/zwgk/zfxxgk/dfbmptlj/ptzhsyqbm/ptzhsyqczj/fdzdgknr/163hjbhggw/201905/t20190517_68239.htm
http://www.acas.org.cnx7a72967533868.ipv6best.cn/	258	海峡两岸仲裁中心	https://www.pingtan.gov.cn/zwgk/zdlyxxgk/aqsc_1/aqjc/201605/t20160503_4204.htm
http://www.acas.org.cnx7a729684e3868.ipv6best.cn/	258	海峡两岸仲裁中心	https://www.pingtan.gov.cn/zwgk/zfxxgk/dfbmptlj/ptzhsyqbm/ptzhsyqczj/fdzdgknr/163hjbhggw/201905/t20190517_68239.htm
https://27-151-80-61xe076967533868xx.ipv6best.cn:91/#/double-publicity-info	258	信用平潭	https://www.pingtan.gov.cn/zwgk/zdlyxxgk/aqsc_1/aqjc/201605/t20160503_4204.htm
https://27-151-80-61xe0769684e3868xx.ipv6best.cn:91/#/double-publicity-info	258	信用平潭	https://www.pingtan.gov.cn/zwgk/zfxxgk/dfbmptlj/ptzhsyqbm/ptzhsyqczj/fdzdgknr/163hjbhggw/201905/t20190517_68239.htm
https://bszs-conac-cnxe103967533868xx.ipv6best.cn/sitename?method=show&amp;id=21E2BB13660E0D66E053012819ACFD9D	258		https://www.pingtan.gov.cn/zwgk/zdlyxxgk/aqsc_1/aqjc/201605/t20160503_4204.htm
https://bszs-conac-cnxe1039684e3868xx.ipv6best.cn/sitename?method=show&amp;id=21E2BB13660E0D66E053012819ACFD9D	258		https://www.pingtan.gov.cn/zwgk/zfxxgk/dfbmptlj/ptzhsyqbm/ptzhsyqczj/fdzdgknr/163hjbhggw/201905/t20190517_68239.htm
https://credit-xm-gov-cnxd4a4967533868xx.ipv6best.cn/	258	信用厦门	https://www.pingtan.gov.cn/zwgk/zdlyxxgk/aqsc_1/aqjc/201605/t20160503_4204.htm
https://credit-xm-gov-cnxd4a49684e3868xx.ipv6best.cn/	258	信用厦门	https://www.pingtan.gov.cn/zwgk/zfxxgk/dfbmptlj/ptzhsyqbm/ptzhsyqczj/fdzdgknr/163hjbhggw/201905/t20190517_68239.htm
https://fjrb-fjdaily-comx2d93967533868xx.ipv6best.cn/pc/col/202311/02/node_01.html	258	福建日报	https://www.pingtan.gov.cn/zwgk/zdlyxxgk/aqsc_1/aqjc/201605/t20160503_4204.htm
https://fjrb-fjdaily-comx2d939684e3868xx.ipv6best.cn/pc/col/202311/02/node_01.html	258	福建日报	https://www.pingtan.gov.cn/zwgk/zfxxgk/dfbmptlj/ptzhsyqbm/ptzhsyqczj/fdzdgknr/163hjbhggw/201905/t20190517_68239.htm
https://www-beian-gov-cnx45c8967533868xx.ipv6best.cn/portal/registerSystemInfo?recordcode=35012899001-19002	258	公安备案号：35012899001-19002	https://www.pingtan.gov.cn/zwgk/zdlyxxgk/aqsc_1/aqjc/201605/t20160503_4204.htm
https://www-beian-gov-cnx45c89684e3868xx.ipv6best.cn/portal/registerSystemInfo?recordcode=35012899001-19002	258	公安备案号：35012899001-19002	https://www.pingtan.gov.cn/zwgk/zfxxgk/dfbmptlj/ptzhsyqbm/ptzhsyqczj/fdzdgknr/163hjbhggw/201905/t20190517_68239.htm
http://pt.fjbz.org.cnx1e49967043868.ipv6best.cn:8060/	254	福建省标准信息服务平台	https://www.pingtan.gov.cn/zwgk/ghxx/zxgh/202409/t20240923_93832.htm
http://www.acas.org.cnx7a72967043868.ipv6best.cn/	254	海峡两岸仲裁中心	https://www.pingtan.gov.cn/zwgk/ghxx/zxgh/202409/t20240923_93832.htm
https://27-151-80-61xe076967043868xx.ipv6best.cn:91/#/double-publicity-info	254	信用平潭	https://www.pingtan.gov.cn/zwgk/ghxx/zxgh/202409/t20240923_93832.htm
https://bszs-conac-cnxe103967043868xx.ipv6best.cn/sitename?method=show&amp;id=21E2BB13660E0D66E053012819ACFD9D	254		https://www.pingtan.gov.cn/zwgk/ghxx/zxgh/202409/t20240923_93832.htm
https://credit-xm-gov-cnxd4a4967043868xx.ipv6best.cn/	254	信用厦门	https://www.pingtan.gov.cn/zwgk/ghxx/zxgh/202409/t20240923_93832.htm
https://fjrb-fjdaily-comx2d93967043868xx.ipv6best.cn/pc/col/202311/02/node_01.html	254	福建日报	https://www.pingtan.gov.cn/zwgk/ghxx/zxgh/202409/t20240923_93832.htm
https://www-beian-gov-cnx45c8967043868xx.ipv6best.cn/portal/registerSystemInfo?recordcode=35012899001-19002	254	公安备案号：35012899001-19002	https://www.pingtan.gov.cn/zwgk/ghxx/zxgh/202409/t20240923_93832.htm
http://pt.fjbz.org.cnx1e49967133868.ipv6best.cn:8060/	252	福建省标准信息服务平台	https://www.pingtan.gov.cn/zwgk/ghxx/gzjzqk/202303/t20230329_45634.htm
http://pt.fjbz.org.cnx1e49967683868.ipv6best.cn:8060/	252	福建省标准信息服务平台	https://www.pingtan.gov.cn/zwgk/ldzc/fld/hdbd/202506/t20250630_99931.htm
http://pt.fjbz.org.cnx1e49968023868.ipv6best.cn:8060/	252	福建省标准信息服务平台	https://www.pingtan.gov.cn/zwgk/yw/ptyw/202005/t20200526_20949.htm
http://www.acas.org.cnx7a72967133868.ipv6best.cn/	252	海峡两岸仲裁中心	https://www.pingtan.gov.cn/zwgk/ghxx/gzjzqk/202303/t20230329_45634.htm
http://www.acas.org.cnx7a72967683868.ipv6best.cn/	252	海峡两岸仲裁中心	https://www.pingtan.gov.cn/zwgk/ldzc/fld/hdbd/202506/t20250630_99931.htm
http://www.acas.org.cnx7a72968023868.ipv6best.cn/	252	海峡两岸仲裁中心	https://www.pingtan.gov.cn/zwgk/yw/ptyw/202005/t20200526_20949.htm
https://27-151-80-61xe076967133868xx.ipv6best.cn:91/#/double-publicity-info	252	信用平潭	https://www.pingtan.gov.cn/zwgk/ghxx/gzjzqk/202303/t20230329_45634.htm
https://27-151-80-61xe076967683868xx.ipv6best.cn:91/#/double-publicity-info	252	信用平潭	https://www.pingtan.gov.cn/zwgk/ldzc/fld/hdbd/202506/t20250630_99931.htm
https://27-151-80-61xe076968023868xx.ipv6best.cn:91/#/double-publicity-info	252	信用平潭	https://www.pingtan.gov.cn/zwgk/yw/ptyw/202005/t20200526_20949.htm
https://bszs-conac-cnxe103967133868xx.ipv6best.cn/sitename?method=show&amp;id=21E2BB13660E0D66E053012819ACFD9D	252		https://www.pingtan.gov.cn/zwgk/ghxx/gzjzqk/202303/t20230329_45634.htm
https://bszs-conac-cnxe103967683868xx.ipv6best.cn/sitename?method=show&amp;id=21E2BB13660E0D66E053012819ACFD9D	252		https://www.pingtan.gov.cn/zwgk/ldzc/fld/hdbd/202506/t20250630_99931.htm
https://bszs-conac-cnxe103968023868xx.ipv6best.cn/sitename?method=show&amp;id=21E2BB13660E0D66E053012819ACFD9D	252		https://www.pingtan.gov.cn/zwgk/yw/ptyw/202005/t20200526_20949.htm
https://credit-xm-gov-cnxd4a4967133868xx.ipv6best.cn/	252	信用厦门	https://www.pingtan.gov.cn/zwgk/ghxx/gzjzqk/202303/t20230329_45634.htm
https://credit-xm-gov-cnxd4a4967683868xx.ipv6best.cn/	252	信用厦门	https://www.pingtan.gov.cn/zwgk/ldzc/fld/hdbd/202506/t20250630_99931.htm
https://credit-xm-gov-cnxd4a4968023868xx.ipv6best.cn/	252	信用厦门	https://www.pingtan.gov.cn/zwgk/yw/ptyw/202005/t20200526_20949.htm
https://fjrb-fjdaily-comx2d93967133868xx.ipv6best.cn/pc/col/202311/02/node_01.html	252	福建日报	https://www.pingtan.gov.cn/zwgk/ghxx/gzjzqk/202303/t20230329_45634.htm
https://fjrb-fjdaily-comx2d93967683868xx.ipv6best.cn/pc/col/202311/02/node_01.html	252	福建日报	https://www.pingtan.gov.cn/zwgk/ldzc/fld/hdbd/202506/t20250630_99931.htm
https://fjrb-fjdaily-comx2d93968023868xx.ipv6best.cn/pc/col/202311/02/node_01.html	252	福建日报	https://www.pingtan.gov.cn/zwgk/yw/ptyw/202005/t20200526_20949.htm
https://www-beian-gov-cnx45c8967133868xx.ipv6best.cn/portal/registerSystemInfo?recordcode=35012899001-19002	252	公安备案号：35012899001-19002	https://www.pingtan.gov.cn/zwgk/ghxx/gzjzqk/202303/t20230329_45634.htm
https://www-beian-gov-cnx45c8967683868xx.ipv6best.cn/portal/registerSystemInfo?recordcode=35012899001-19002	252	公安备案号：35012899001-19002	https://www.pingtan.gov.cn/zwgk/ldzc/fld/hdbd/202506/t20250630_99931.htm
https://www-beian-gov-cnx45c8968023868xx.ipv6best.cn/portal/registerSystemInfo?recordcode=35012899001-19002	252	公安备案号：35012899001-19002	https://www.pingtan.gov.cn/zwgk/yw/ptyw/202005/t20200526_20949.htm
http://pt.fjbz.org.cnx1e49966db3868.ipv6best.cn:8060/	250	福建省标准信息服务平台	https://www.pingtan.gov.cn/zwgk/gsgg/201703/t20170309_6818.htm
http://www.acas.org.cnx7a72966db3868.ipv6best.cn/	250	海峡两岸仲裁中心	https://www.pingtan.gov.cn/zwgk/gsgg/201703/t20170309_6818.htm
https://27-151-80-61xe076966db3868xx.ipv6best.cn:91/#/double-publicity-info	250	信用平潭	https://www.pingtan.gov.cn/zwgk/gsgg/201703/t20170309_6818.htm
https://bszs-conac-cnxe103966db3868xx.ipv6best.cn/sitename?method=show&amp;id=21E2BB13660E0D66E053012819ACFD9D	250		https://www.pingtan.gov.cn/zwgk/gsgg/201703/t20170309_6818.htm
https://credit-xm-gov-cnxd4a4966db3868xx.ipv6best.cn/	250	信用厦门	https://www.pingtan.gov.cn/zwgk/gsgg/201703/t20170309_6818.htm
https://fjrb-fjdaily-comx2d93966db3868xx.ipv6best.cn/pc/col/202311/02/node_01.html	250	福建日报	https://www.pingtan.gov.cn/zwgk/gsgg/201703/t20170309_6818.htm
https://www-beian-gov-cnx45c8966db3868xx.ipv6best.cn/portal/registerSystemInfo?recordcode=35012899001-19002	250	公安备案号：35012899001-19002	https://www.pingtan.gov.cn/zwgk/gsgg/201703/t20170309_6818.htm
http://pt.fjbz.org.cnx1e49966ab3868.ipv6best.cn:8060/	247	福建省标准信息服务平台	https://www.pingtan.gov.cn/zwgk/gsgg/202509/t20250924_101673.htm
http://www.acas.org.cnx7a72966ab3868.ipv6best.cn/	247	海峡两岸仲裁中心	https://www.pingtan.gov.cn/zwgk/gsgg/202509/t20250924_101673.htm
https://27-151-80-61xe076966ab3868xx.ipv6best.cn:91/#/double-publicity-info	247	信用平潭	https://www.pingtan.gov.cn/zwgk/gsgg/202509/t20250924_101673.htm
https://bszs-conac-cnxe103966ab3868xx.ipv6best.cn/sitename?method=show&amp;id=21E2BB13660E0D66E053012819ACFD9D	247		https://www.pingtan.gov.cn/zwgk/gsgg/202509/t20250924_101673.htm
https://credit-xm-gov-cnxd4a4966ab3868xx.ipv6best.cn/	247	信用厦门	https://www.pingtan.gov.cn/zwgk/gsgg/202509/t20250924_101673.htm
https://fjrb-fjdaily-comx2d93966ab3868xx.ipv6best.cn/pc/col/202311/02/node_01.html	247	福建日报	https://www.pingtan.gov.cn/zwgk/gsgg/202509/t20250924_101673.htm
https://www-beian-gov-cnx45c8966ab3868xx.ipv6best.cn/portal/registerSystemInfo?recordcode=35012899001-19002	247	公安备案号：35012899001-19002	https://www.pingtan.gov.cn/zwgk/gsgg/202509/t20250924_101673.htm
http://pt.fjbz.org.cnx1e49967013868.ipv6best.cn:8060/	245	福建省标准信息服务平台	https://www.pingtan.gov.cn/zwgk/ghxx/ndjh/202512/t20251215_104026.htm
http://pt.fjbz.org.cnx1e49967793868.ipv6best.cn:8060/	245	福建省标准信息服务平台	https://www.pingtan.gov.cn/zwgk/ldzc/fld/hdbd/202406/t20240603_90649.htm
http://www.acas.org.cnx7a72967013868.ipv6best.cn/	245	海峡两岸仲裁中心	https://www.pingtan.gov.cn/zwgk/ghxx/ndjh/202512/t20251215_104026.htm
http://www.acas.org.cnx7a72967793868.ipv6best.cn/	245	海峡两岸仲裁中心	https://www.pingtan.gov.cn/zwgk/ldzc/fld/hdbd/202406/t20240603_90649.htm
https://27-151-80-61xe076967013868xx.ipv6best.cn:91/#/double-publicity-info	245	信用平潭	https://www.pingtan.gov.cn/zwgk/ghxx/ndjh/202512/t20251215_104026.htm
https://27-151-80-61xe076967793868xx.ipv6best.cn:91/#/double-publicity-info	245	信用平潭	https://www.pingtan.gov.cn/zwgk/ldzc/fld/hdbd/202406/t20240603_90649.htm
https://bszs-conac-cnxe103967013868xx.ipv6best.cn/sitename?method=show&amp;id=21E2BB13660E0D66E053012819ACFD9D	245		https://www.pingtan.gov.cn/zwgk/ghxx/ndjh/202512/t20251215_104026.htm
https://bszs-conac-cnxe103967793868xx.ipv6best.cn/sitename?method=show&amp;id=21E2BB13660E0D66E053012819ACFD9D	245		https://www.pingtan.gov.cn/zwgk/ldzc/fld/hdbd/202406/t20240603_90649.htm
https://credit-xm-gov-cnxd4a4967013868xx.ipv6best.cn/	245	信用厦门	https://www.pingtan.gov.cn/zwgk/ghxx/ndjh/202512/t20251215_104026.htm
https://credit-xm-gov-cnxd4a4967793868xx.ipv6best.cn/	245	信用厦门	https://www.pingtan.gov.cn/zwgk/ldzc/fld/hdbd/202406/t20240603_90649.htm
https://fjrb-fjdaily-comx2d93967013868xx.ipv6best.cn/pc/col/202311/02/node_01.html	245	福建日报	https://www.pingtan.gov.cn/zwgk/ghxx/ndjh/202512/t20251215_104026.htm
https://fjrb-fjdaily-comx2d93967793868xx.ipv6best.cn/pc/col/202311/02/node_01.html	245	福建日报	https://www.pingtan.gov.cn/zwgk/ldzc/fld/hdbd/202406/t20240603_90649.htm
https://www-beian-gov-cnx45c8967013868xx.ipv6best.cn/portal/registerSystemInfo?recordcode=35012899001-19002	245	公安备案号：35012899001-19002	https://www.pingtan.gov.cn/zwgk/ghxx/ndjh/202512/t20251215_104026.htm
https://www-beian-gov-cnx45c8967793868xx.ipv6best.cn/portal/registerSystemInfo?recordcode=35012899001-19002	245	公安备案号：35012899001-19002	https://www.pingtan.gov.cn/zwgk/ldzc/fld/hdbd/202406/t20240603_90649.htm
http://pt.fjbz.org.cnx1e49966ef3868.ipv6best.cn:8060/	244	福建省标准信息服务平台	https://www.pingtan.gov.cn/zwgk/zfxxgk/gwhwj/dfxfgzfgzh/202007/t20200703_70641.htm
http://www.acas.org.cnx7a72966ef3868.ipv6best.cn/	244	海峡两岸仲裁中心	https://www.pingtan.gov.cn/zwgk/zfxxgk/gwhwj/dfxfgzfgzh/202007/t20200703_70641.htm
https://27-151-80-61xe076966ef3868xx.ipv6best.cn:91/#/double-publicity-info	244	信用平潭	https://www.pingtan.gov.cn/zwgk/zfxxgk/gwhwj/dfxfgzfgzh/202007/t20200703_70641.htm
https://bszs-conac-cnxe103966ef3868xx.ipv6best.cn/sitename?method=show&amp;id=21E2BB13660E0D66E053012819ACFD9D	244		https://www.pingtan.gov.cn/zwgk/zfxxgk/gwhwj/dfxfgzfgzh/202007/t20200703_70641.htm
https://credit-xm-gov-cnxd4a4966ef3868xx.ipv6best.cn/	244	信用厦门	https://www.pingtan.gov.cn/zwgk/zfxxgk/gwhwj/dfxfgzfgzh/202007/t20200703_70641.htm
https://fjrb-fjdaily-comx2d93966ef3868xx.ipv6best.cn/pc/col/202311/02/node_01.html	244	福建日报	https://www.pingtan.gov.cn/zwgk/zfxxgk/gwhwj/dfxfgzfgzh/202007/t20200703_70641.htm
https://www-beian-gov-cnx45c8966ef3868xx.ipv6best.cn/portal/registerSystemInfo?recordcode=35012899001-19002	244	公安备案号：35012899001-19002	https://www.pingtan.gov.cn/zwgk/zfxxgk/gwhwj/dfxfgzfgzh/202007/t20200703_70641.htm
http://pt.fjbz.org.cnx1e49966f53868.ipv6best.cn:8060/	242	福建省标准信息服务平台	https://www.pingtan.gov.cn/zwgk/zfxxgk/gwhwj/dfxfgzfgzh/201704/t20170427_62440.htm
http://pt.fjbz.org.cnx1e49967163868.ipv6best.cn:8060/	242	福建省标准信息服务平台	https://www.pingtan.gov.cn/zwgk/ghxx/gzjzqk/202312/t20231215_83294.htm
http://www.acas.org.cnx7a72966f53868.ipv6best.cn/	242	海峡两岸仲裁中心	https://www.pingtan.gov.cn/zwgk/zfxxgk/gwhwj/dfxfgzfgzh/201704/t20170427_62440.htm
http://www.acas.org.cnx7a72967163868.ipv6best.cn/	242	海峡两岸仲裁中心	https://www.pingtan.gov.cn/zwgk/ghxx/gzjzqk/202312/t20231215_83294.htm
https://27-151-80-61xe076966f53868xx.ipv6best.cn:91/#/double-publicity-info	242	信用平潭	https://www.pingtan.gov.cn/zwgk/zfxxgk/gwhwj/dfxfgzfgzh/201704/t20170427_62440.htm
https://27-151-80-61xe076967163868xx.ipv6best.cn:91/#/double-publicity-info	242	信用平潭	https://www.pingtan.gov.cn/zwgk/ghxx/gzjzqk/202312/t20231215_83294.htm
https://bszs-conac-cnxe103966f53868xx.ipv6best.cn/sitename?method=show&amp;id=21E2BB13660E0D66E053012819ACFD9D	242		https://www.pingtan.gov.cn/zwgk/zfxxgk/gwhwj/dfxfgzfgzh/201704/t20170427_62440.htm
https://bszs-conac-cnxe103967163868xx.ipv6best.cn/sitename?method=show&amp;id=21E2BB13660E0D66E053012819ACFD9D	242		https://www.pingtan.gov.cn/zwgk/ghxx/gzjzqk/202312/t20231215_83294.htm
https://credit-xm-gov-cnxd4a4966f53868xx.ipv6best.cn/	242	信用厦门	https://www.pingtan.gov.cn/zwgk/zfxxgk/gwhwj/dfxfgzfgzh/201704/t20170427_62440.htm
https://credit-xm-gov-cnxd4a4967163868xx.ipv6best.cn/	242	信用厦门	https://www.pingtan.gov.cn/zwgk/ghxx/gzjzqk/202312/t20231215_83294.htm
https://fjrb-fjdaily-comx2d93966f53868xx.ipv6best.cn/pc/col/202311/02/node_01.html	242	福建日报	https://www.pingtan.gov.cn/zwgk/zfxxgk/gwhwj/dfxfgzfgzh/201704/t20170427_62440.htm
https://fjrb-fjdaily-comx2d93967163868xx.ipv6best.cn/pc/col/202311/02/node_01.html	242	福建日报	https://www.pingtan.gov.cn/zwgk/ghxx/gzjzqk/202312/t20231215_83294.htm
https://www-beian-gov-cnx45c8966f53868xx.ipv6best.cn/portal/registerSystemInfo?recordcode=35012899001-19002	242	公安备案号：35012899001-19002	https://www.pingtan.gov.cn/zwgk/zfxxgk/gwhwj/dfxfgzfgzh/201704/t20170427_62440.htm
https://www-beian-gov-cnx45c8967163868xx.ipv6best.cn/portal/registerSystemInfo?recordcode=35012899001-19002	242	公安备案号：35012899001-19002	https://www.pingtan.gov.cn/zwgk/ghxx/gzjzqk/202312/t20231215_83294.htm
http://pt.fjbz.org.cnx1e49967fa3868.ipv6best.cn:8060/	239	福建省标准信息服务平台	https://www.pingtan.gov.cn/zwgk/ztzl/dsxxjyzptygd/xxzl/202108/t20210813_27569.htm
http://pt.fjbz.org.cnx1e499680d3868.ipv6best.cn:8060/	239	福建省标准信息服务平台	https://www.pingtan.gov.cn/zwgk/yw/ptyw/201808/t20180809_10505.htm
http://pt.fjbz.org.cnx1e49968553868.ipv6best.cn:8060/	239	福建省标准信息服务平台	https://www.pingtan.gov.cn/zwgk/zfxxgk/dfbmptlj/ptzhsyqbm/ptzhsyqczj/fdzdgknr/10qtwjdzjg/201801/t20180122_64036.htm
http://www.acas.org.cnx7a72967fa3868.ipv6best.cn/	239	海峡两岸仲裁中心	https://www.pingtan.gov.cn/zwgk/ztzl/dsxxjyzptygd/xxzl/202108/t20210813_27569.htm
http://www.acas.org.cnx7a729680d3868.ipv6best.cn/	239	海峡两岸仲裁中心	https://www.pingtan.gov.cn/zwgk/yw/ptyw/201808/t20180809_10505.htm
http://www.acas.org.cnx7a72968553868.ipv6best.cn/	239	海峡两岸仲裁中心	https://www.pingtan.gov.cn/zwgk/zfxxgk/dfbmptlj/ptzhsyqbm/ptzhsyqczj/fdzdgknr/10qtwjdzjg/201801/t20180122_64036.htm
https://27-151-80-61xe076967fa3868xx.ipv6best.cn:91/#/double-publicity-info	239	信用平潭	https://www.pingtan.gov.cn/zwgk/ztzl/dsxxjyzptygd/xxzl/202108/t20210813_27569.htm
https://27-151-80-61xe0769680d3868xx.ipv6best.cn:91/#/double-publicity-info	239	信用平潭	https://www.pingtan.gov.cn/zwgk/yw/ptyw/201808/t20180809_10505.htm
https://27-151-80-61xe076968553868xx.ipv6best.cn:91/#/double-publicity-info	239	信用平潭	https://www.pingtan.gov.cn/zwgk/zfxxgk/dfbmptlj/ptzhsyqbm/ptzhsyqczj/fdzdgknr/10qtwjdzjg/201801/t20180122_64036.htm
https://bszs-conac-cnxe103967fa3868xx.ipv6best.cn/sitename?method=show&amp;id=21E2BB13660E0D66E053012819ACFD9D	239		https://www.pingtan.gov.cn/zwgk/ztzl/dsxxjyzptygd/xxzl/202108/t20210813_27569.htm
https://bszs-conac-cnxe1039680d3868xx.ipv6best.cn/sitename?method=show&amp;id=21E2BB13660E0D66E053012819ACFD9D	239		https://www.pingtan.gov.cn/zwgk/yw/ptyw/201808/t20180809_10505.htm
https://bszs-conac-cnxe103968553868xx.ipv6best.cn/sitename?method=show&amp;id=21E2BB13660E0D66E053012819ACFD9D	239		https://www.pingtan.gov.cn/zwgk/zfxxgk/dfbmptlj/ptzhsyqbm/ptzhsyqczj/fdzdgknr/10qtwjdzjg/201801/t20180122_64036.htm
https://credit-xm-gov-cnxd4a4967fa3868xx.ipv6best.cn/	239	信用厦门	https://www.pingtan.gov.cn/zwgk/ztzl/dsxxjyzptygd/xxzl/202108/t20210813_27569.htm
https://credit-xm-gov-cnxd4a49680d3868xx.ipv6best.cn/	239	信用厦门	https://www.pingtan.gov.cn/zwgk/yw/ptyw/201808/t20180809_10505.htm
https://credit-xm-gov-cnxd4a4968553868xx.ipv6best.cn/	239	信用厦门	https://www.pingtan.gov.cn/zwgk/zfxxgk/dfbmptlj/ptzhsyqbm/ptzhsyqczj/fdzdgknr/10qtwjdzjg/201801/t20180122_64036.htm
https://fjrb-fjdaily-comx2d93967fa3868xx.ipv6best.cn/pc/col/202311/02/node_01.html	239	福建日报	https://www.pingtan.gov.cn/zwgk/ztzl/dsxxjyzptygd/xxzl/202108/t20210813_27569.htm
https://fjrb-fjdaily-comx2d939680d3868xx.ipv6best.cn/pc/col/202311/02/node_01.html	239	福建日报	https://www.pingtan.gov.cn/zwgk/yw/ptyw/201808/t20180809_10505.htm
https://fjrb-fjdaily-comx2d93968553868xx.ipv6best.cn/pc/col/202311/02/node_01.html	239	福建日报	https://www.pingtan.gov.cn/zwgk/zfxxgk/dfbmptlj/ptzhsyqbm/ptzhsyqczj/fdzdgknr/10qtwjdzjg/201801/t20180122_64036.htm
https://www-beian-gov-cnx45c8967fa3868xx.ipv6best.cn/portal/registerSystemInfo?recordcode=35012899001-19002	239	公安备案号：35012899001-19002	https://www.pingtan.gov.cn/zwgk/ztzl/dsxxjyzptygd/xxzl/202108/t20210813_27569.htm
https://www-beian-gov-cnx45c89680d3868xx.ipv6best.cn/portal/registerSystemInfo?recordcode=35012899001-19002	239	公安备案号：35012899001-19002	https://www.pingtan.gov.cn/zwgk/yw/ptyw/201808/t20180809_10505.htm
https://www-beian-gov-cnx45c8968553868xx.ipv6best.cn/portal/registerSystemInfo?recordcode=35012899001-19002	239	公安备案号：35012899001-19002	https://www.pingtan.gov.cn/zwgk/zfxxgk/dfbmptlj/ptzhsyqbm/ptzhsyqczj/fdzdgknr/10qtwjdzjg/201801/t20180122_64036.htm
http://pt.fjbz.org.cnx1e49968563868.ipv6best.cn:8060/	238	福建省标准信息服务平台	https://www.pingtan.gov.cn/zwgk/zfxxgk/dfbmptlj/ptzhsyqbm/ptzhsyqczj/fdzdgknr/12czysjsbg/201712/t20171219_63746.htm
http://www.acas.org.cnx7a72968563868.ipv6best.cn/	238	海峡两岸仲裁中心	https://www.pingtan.gov.cn/zwgk/zfxxgk/dfbmptlj/ptzhsyqbm/ptzhsyqczj/fdzdgknr/12czysjsbg/201712/t20171219_63746.htm
https://27-151-80-61xe076968563868xx.ipv6best.cn:91/#/double-publicity-info	238	信用平潭	https://www.pingtan.gov.cn/zwgk/zfxxgk/dfbmptlj/ptzhsyqbm/ptzhsyqczj/fdzdgknr/12czysjsbg/201712/t20171219_63746.htm
https://bszs-conac-cnxe103968563868xx.ipv6best.cn/sitename?method=show&amp;id=21E2BB13660E0D66E053012819ACFD9D	238		https://www.pingtan.gov.cn/zwgk/zfxxgk/dfbmptlj/ptzhsyqbm/ptzhsyqczj/fdzdgknr/12czysjsbg/201712/t20171219_63746.htm
https://credit-xm-gov-cnxd4a4968563868xx.ipv6best.cn/	238	信用厦门	https://www.pingtan.gov.cn/zwgk/zfxxgk/dfbmptlj/ptzhsyqbm/ptzhsyqczj/fdzdgknr/12czysjsbg/201712/t20171219_63746.htm
https://fjrb-fjdaily-comx2d93968563868xx.ipv6best.cn/pc/col/202311/02/node_01.html	238	福建日报	https://www.pingtan.gov.cn/zwgk/zfxxgk/dfbmptlj/ptzhsyqbm/ptzhsyqczj/fdzdgknr/12czysjsbg/201712/t20171219_63746.htm
https://www-beian-gov-cnx45c8968563868xx.ipv6best.cn/portal/registerSystemInfo?recordcode=35012899001-19002	238	公安备案号：35012899001-19002	https://www.pingtan.gov.cn/zwgk/zfxxgk/dfbmptlj/ptzhsyqbm/ptzhsyqczj/fdzdgknr/12czysjsbg/201712/t20171219_63746.htm
http://pt.fjbz.org.cnx1e49966e63868.ipv6best.cn:8060/	235	福建省标准信息服务平台	https://www.pingtan.gov.cn/zwgk/zfxxgk/gwhwj/dfxfgzfgzh/202206/t20220622_77450.htm
http://pt.fjbz.org.cnx1e49967f73868.ipv6best.cn:8060/	235	福建省标准信息服务平台	https://www.pingtan.gov.cn/zwgk/zfhy/dgwhy/202211/t20221130_41864.htm
http://www.acas.org.cnx7a72966e63868.ipv6best.cn/	235	海峡两岸仲裁中心	https://www.pingtan.gov.cn/zwgk/zfxxgk/gwhwj/dfxfgzfgzh/202206/t20220622_77450.htm
http://www.acas.org.cnx7a72967f73868.ipv6best.cn/	235	海峡两岸仲裁中心	https://www.pingtan.gov.cn/zwgk/zfhy/dgwhy/202211/t20221130_41864.htm
https://27-151-80-61xe076966e63868xx.ipv6best.cn:91/#/double-publicity-info	235	信用平潭	https://www.pingtan.gov.cn/zwgk/zfxxgk/gwhwj/dfxfgzfgzh/202206/t20220622_77450.htm
https://27-151-80-61xe076967f73868xx.ipv6best.cn:91/#/double-publicity-info	235	信用平潭	https://www.pingtan.gov.cn/zwgk/zfhy/dgwhy/202211/t20221130_41864.htm
https://bszs-conac-cnxe103966e63868xx.ipv6best.cn/sitename?method=show&amp;id=21E2BB13660E0D66E053012819ACFD9D	235		https://www.pingtan.gov.cn/zwgk/zfxxgk/gwhwj/dfxfgzfgzh/202206/t20220622_77450.htm
https://bszs-conac-cnxe103967f73868xx.ipv6best.cn/sitename?method=show&amp;id=21E2BB13660E0D66E053012819ACFD9D	235		https://www.pingtan.gov.cn/zwgk/zfhy/dgwhy/202211/t20221130_41864.htm
https://credit-xm-gov-cnxd4a4966e63868xx.ipv6best.cn/	235	信用厦门	https://www.pingtan.gov.cn/zwgk/zfxxgk/gwhwj/dfxfgzfgzh/202206/t20220622_77450.htm
https://credit-xm-gov-cnxd4a4967f73868xx.ipv6best.cn/	235	信用厦门	https://www.pingtan.gov.cn/zwgk/zfhy/dgwhy/202211/t20221130_41864.htm
https://fjrb-fjdaily-comx2d93966e63868xx.ipv6best.cn/pc/col/202311/02/node_01.html	235	福建日报	https://www.pingtan.gov.cn/zwgk/zfxxgk/gwhwj/dfxfgzfgzh/202206/t20220622_77450.htm
https://fjrb-fjdaily-comx2d93967f73868xx.ipv6best.cn/pc/col/202311/02/node_01.html	235	福建日报	https://www.pingtan.gov.cn/zwgk/zfhy/dgwhy/202211/t20221130_41864.htm
https://www-beian-gov-cnx45c8966e63868xx.ipv6best.cn/portal/registerSystemInfo?recordcode=35012899001-19002	235	公安备案号：35012899001-19002	https://www.pingtan.gov.cn/zwgk/zfxxgk/gwhwj/dfxfgzfgzh/202206/t20220622_77450.htm
https://www-beian-gov-cnx45c8967f73868xx.ipv6best.cn/portal/registerSystemInfo?recordcode=35012899001-19002	235	公安备案号：35012899001-19002	https://www.pingtan.gov.cn/zwgk/zfhy/dgwhy/202211/t20221130_41864.htm
http://pt.fjbz.org.cnx1e49966f63868.ipv6best.cn:8060/	234	福建省标准信息服务平台	https://www.pingtan.gov.cn/zwgk/zfxxgk/gwhwj/cxjshgldzd/201607/t20160719_60970.htm
http://www.acas.org.cnx7a72966f63868.ipv6best.cn/	234	海峡两岸仲裁中心	https://www.pingtan.gov.cn/zwgk/zfxxgk/gwhwj/cxjshgldzd/201607/t20160719_60970.htm
https://27-151-80-61xe076966f63868xx.ipv6best.cn:91/#/double-publicity-info	234	信用平潭	https://www.pingtan.gov.cn/zwgk/zfxxgk/gwhwj/cxjshgldzd/201607/t20160719_60970.htm
https://bszs-conac-cnxe103966f63868xx.ipv6best.cn/sitename?method=show&amp;id=21E2BB13660E0D66E053012819ACFD9D	234		https://www.pingtan.gov.cn/zwgk/zfxxgk/gwhwj/cxjshgldzd/201607/t20160719_60970.htm
https://credit-xm-gov-cnxd4a4966f63868xx.ipv6best.cn/	234	信用厦门	https://www.pingtan.gov.cn/zwgk/zfxxgk/gwhwj/cxjshgldzd/201607/t20160719_60970.htm
https://fjrb-fjdaily-comx2d93966f63868xx.ipv6best.cn/pc/col/202311/02/node_01.html	234	福建日报	https://www.pingtan.gov.cn/zwgk/zfxxgk/gwhwj/cxjshgldzd/201607/t20160719_60970.htm
https://www-beian-gov-cnx45c8966f63868xx.ipv6best.cn/portal/registerSystemInfo?recordcode=35012899001-19002	234	公安备案号：35012899001-19002	https://www.pingtan.gov.cn/zwgk/zfxxgk/gwhwj/cxjshgldzd/201607/t20160719_60970.htm
http://pt.fjbz.org.cnx1e49967083868.ipv6best.cn:8060/	233	福建省标准信息服务平台	https://www.pingtan.gov.cn/zwgk/ghxx/gzjzqk/202403/t20240329_88515.htm
http://www.acas.org.cnx7a72967083868.ipv6best.cn/	233	海峡两岸仲裁中心	https://www.pingtan.gov.cn/zwgk/ghxx/gzjzqk/202403/t20240329_88515.htm
https://27-151-80-61xe076967083868xx.ipv6best.cn:91/#/double-publicity-info	233	信用平潭	https://www.pingtan.gov.cn/zwgk/ghxx/gzjzqk/202403/t20240329_88515.htm
https://bszs-conac-cnxe103967083868xx.ipv6best.cn/sitename?method=show&amp;id=21E2BB13660E0D66E053012819ACFD9D	233		https://www.pingtan.gov.cn/zwgk/ghxx/gzjzqk/202403/t20240329_88515.htm
https://credit-xm-gov-cnxd4a4967083868xx.ipv6best.cn/	233	信用厦门	https://www.pingtan.gov.cn/zwgk/ghxx/gzjzqk/202403/t20240329_88515.htm
https://fjrb-fjdaily-comx2d93967083868xx.ipv6best.cn/pc/col/202311/02/node_01.html	233	福建日报	https://www.pingtan.gov.cn/zwgk/ghxx/gzjzqk/202403/t20240329_88515.htm
https://www-beian-gov-cnx45c8967083868xx.ipv6best.cn/portal/registerSystemInfo?recordcode=35012899001-19002	233	公安备案号：35012899001-19002	https://www.pingtan.gov.cn/zwgk/ghxx/gzjzqk/202403/t20240329_88515.htm
http://pt.fjbz.org.cnx1e499670d3868.ipv6best.cn:8060/	231	福建省标准信息服务平台	https://www.pingtan.gov.cn/zwgk/tjxx/jdsj/202310/t20231025_51328.htm
http://pt.fjbz.org.cnx1e49967f03868.ipv6best.cn:8060/	231	福建省标准信息服务平台	https://www.pingtan.gov.cn/zwgk/yw/ptyw/202206/t20220624_34651.htm
http://www.acas.org.cnx7a729670d3868.ipv6best.cn/	231	海峡两岸仲裁中心	https://www.pingtan.gov.cn/zwgk/tjxx/jdsj/202310/t20231025_51328.htm
http://www.acas.org.cnx7a72967f03868.ipv6best.cn/	231	海峡两岸仲裁中心	https://www.pingtan.gov.cn/zwgk/yw/ptyw/202206/t20220624_34651.htm
https://27-151-80-61xe0769670d3868xx.ipv6best.cn:91/#/double-publicity-info	231	信用平潭	https://www.pingtan.gov.cn/zwgk/tjxx/jdsj/202310/t20231025_51328.htm
https://27-151-80-61xe076967f03868xx.ipv6best.cn:91/#/double-publicity-info	231	信用平潭	https://www.pingtan.gov.cn/zwgk/yw/ptyw/202206/t20220624_34651.htm
https://bszs-conac-cnxe1039670d3868xx.ipv6best.cn/sitename?method=show&amp;id=21E2BB13660E0D66E053012819ACFD9D	231		https://www.pingtan.gov.cn/zwgk/tjxx/jdsj/202310/t20231025_51328.htm
https://bszs-conac-cnxe103967f03868xx.ipv6best.cn/sitename?method=show&amp;id=21E2BB13660E0D66E053012819ACFD9D	231		https://www.pingtan.gov.cn/zwgk/yw/ptyw/202206/t20220624_34651.htm
https://credit-xm-gov-cnxd4a49670d3868xx.ipv6best.cn/	231	信用厦门	https://www.pingtan.gov.cn/zwgk/tjxx/jdsj/202310/t20231025_51328.htm
https://credit-xm-gov-cnxd4a4967f03868xx.ipv6best.cn/	231	信用厦门	https://www.pingtan.gov.cn/zwgk/yw/ptyw/202206/t20220624_34651.htm
https://fjrb-fjdaily-comx2d939670d3868xx.ipv6best.cn/pc/col/202311/02/node_01.html	231	福建日报	https://www.pingtan.gov.cn/zwgk/tjxx/jdsj/202310/t20231025_51328.htm
https://fjrb-fjdaily-comx2d93967f03868xx.ipv6best.cn/pc/col/202311/02/node_01.html	231	福建日报	https://www.pingtan.gov.cn/zwgk/yw/ptyw/202206/t20220624_34651.htm
https://www-beian-gov-cnx45c89670d3868xx.ipv6best.cn/portal/registerSystemInfo?recordcode=35012899001-19002	231	公安备案号：35012899001-19002	https://www.pingtan.gov.cn/zwgk/tjxx/jdsj/202310/t20231025_51328.htm
https://www-beian-gov-cnx45c8967f03868xx.ipv6best.cn/portal/registerSystemInfo?recordcode=35012899001-19002	231	公安备案号：35012899001-19002	https://www.pingtan.gov.cn/zwgk/yw/ptyw/202206/t20220624_34651.htm
http://pt.fjbz.org.cnx1e49967383868.ipv6best.cn:8060/	228	福建省标准信息服务平台	https://www.pingtan.gov.cn/zwgk/zdlyxxgk/aqsc_1/hzxk/201908/t20190826_15671.htm
http://www.acas.org.cnx7a72967383868.ipv6best.cn/	228	海峡两岸仲裁中心	https://www.pingtan.gov.cn/zwgk/zdlyxxgk/aqsc_1/hzxk/201908/t20190826_15671.htm
https://27-151-80-61xe076967383868xx.ipv6best.cn:91/#/double-publicity-info	228	信用平潭	https://www.pingtan.gov.cn/zwgk/zdlyxxgk/aqsc_1/hzxk/201908/t20190826_15671.htm
https://bszs-conac-cnxe103967383868xx.ipv6best.cn/sitename?method=show&amp;id=21E2BB13660E0D66E053012819ACFD9D	228		https://www.pingtan.gov.cn/zwgk/zdlyxxgk/aqsc_1/hzxk/201908/t20190826_15671.htm
https://credit-xm-gov-cnxd4a4967383868xx.ipv6best.cn/	228	信用厦门	https://www.pingtan.gov.cn/zwgk/zdlyxxgk/aqsc_1/hzxk/201908/t20190826_15671.htm
https://fjrb-fjdaily-comx2d93967383868xx.ipv6best.cn/pc/col/202311/02/node_01.html	228	福建日报	https://www.pingtan.gov.cn/zwgk/zdlyxxgk/aqsc_1/hzxk/201908/t20190826_15671.htm
https://www-beian-gov-cnx45c8967383868xx.ipv6best.cn/portal/registerSystemInfo?recordcode=35012899001-19002	228	公安备案号：35012899001-19002	https://www.pingtan.gov.cn/zwgk/zdlyxxgk/aqsc_1/hzxk/201908/t20190826_15671.htm
http://pt.fjbz.org.cnx1e49966d83868.ipv6best.cn:8060/	227	福建省标准信息服务平台	https://www.pingtan.gov.cn/zwgk/gsgg/201809/t20180914_10901.htm
http://pt.fjbz.org.cnx1e49967303868.ipv6best.cn:8060/	227	福建省标准信息服务平台	https://www.pingtan.gov.cn/zwgk/zdlyxxgk/aqsc_1/aqjc/202009/t20200906_22819.htm
http://pt.fjbz.org.cnx1e499675c3868.ipv6best.cn:8060/	227	福建省标准信息服务平台	https://www.pingtan.gov.cn/zwgk/ldzc/fld/hdbd/202608/t20260818_108467.htm
http://pt.fjbz.org.cnx1e49967d23868.ipv6best.cn:8060/	227	福建省标准信息服务平台	https://www.pingtan.gov.cn/zwgk/ldzc/fld/hdbd/202310/t20231012_50874.htm
http://www.acas.org.cnx7a72966d83868.ipv6best.cn/	227	海峡两岸仲裁中心	https://www.pingtan.gov.cn/zwgk/gsgg/201809/t20180914_10901.htm
http://www.acas.org.cnx7a72967303868.ipv6best.cn/	227	海峡两岸仲裁中心	https://www.pingtan.gov.cn/zwgk/zdlyxxgk/aqsc_1/aqjc/202009/t20200906_22819.htm
http://www.acas.org.cnx7a729675c3868.ipv6best.cn/	227	海峡两岸仲裁中心	https://www.pingtan.gov.cn/zwgk/ldzc/fld/hdbd/202608/t20260818_108467.htm
http://www.acas.org.cnx7a72967d23868.ipv6best.cn/	227	海峡两岸仲裁中心	https://www.pingtan.gov.cn/zwgk/ldzc/fld/hdbd/202310/t20231012_50874.htm
https://27-151-80-61xe076966d83868xx.ipv6best.cn:91/#/double-publicity-info	227	信用平潭	https://www.pingtan.gov.cn/zwgk/gsgg/201809/t20180914_10901.htm
https://27-151-80-61xe076967303868xx.ipv6best.cn:91/#/double-publicity-info	227	信用平潭	https://www.pingtan.gov.cn/zwgk/zdlyxxgk/aqsc_1/aqjc/202009/t20200906_22819.htm
https://27-151-80-61xe0769675c3868xx.ipv6best.cn:91/#/double-publicity-info	227	信用平潭	https://www.pingtan.gov.cn/zwgk/ldzc/fld/hdbd/202608/t20260818_108467.htm
https://27-151-80-61xe076967d23868xx.ipv6best.cn:91/#/double-publicity-info	227	信用平潭	https://www.pingtan.gov.cn/zwgk/ldzc/fld/hdbd/202310/t20231012_50874.htm
https://bszs-conac-cnxe103966d83868xx.ipv6best.cn/sitename?method=show&amp;id=21E2BB13660E0D66E053012819ACFD9D	227		https://www.pingtan.gov.cn/zwgk/gsgg/201809/t20180914_10901.htm
https://bszs-conac-cnxe103967303868xx.ipv6best.cn/sitename?method=show&amp;id=21E2BB13660E0D66E053012819ACFD9D	227		https://www.pingtan.gov.cn/zwgk/zdlyxxgk/aqsc_1/aqjc/202009/t20200906_22819.htm
https://bszs-conac-cnxe1039675c3868xx.ipv6best.cn/sitename?method=show&amp;id=21E2BB13660E0D66E053012819ACFD9D	227		https://www.pingtan.gov.cn/zwgk/ldzc/fld/hdbd/202608/t20260818_108467.htm
https://bszs-conac-cnxe103967d23868xx.ipv6best.cn/sitename?method=show&amp;id=21E2BB13660E0D66E053012819ACFD9D	227		https://www.pingtan.gov.cn/zwgk/ldzc/fld/hdbd/202310/t20231012_50874.htm
https://credit-xm-gov-cnxd4a4966d83868xx.ipv6best.cn/	227	信用厦门	https://www.pingtan.gov.cn/zwgk/gsgg/201809/t20180914_10901.htm
https://credit-xm-gov-cnxd4a4967303868xx.ipv6best.cn/	227	信用厦门	https://www.pingtan.gov.cn/zwgk/zdlyxxgk/aqsc_1/aqjc/202009/t20200906_22819.htm
https://credit-xm-gov-cnxd4a49675c3868xx.ipv6best.cn/	227	信用厦门	https://www.pingtan.gov.cn/zwgk/ldzc/fld/hdbd/202608/t20260818_108467.htm
https://credit-xm-gov-cnxd4a4967d23868xx.ipv6best.cn/	227	信用厦门	https://www.pingtan.gov.cn/zwgk/ldzc/fld/hdbd/202310/t20231012_50874.htm
https://fjrb-fjdaily-comx2d93966d83868xx.ipv6best.cn/pc/col/202311/02/node_01.html	227	福建日报	https://www.pingtan.gov.cn/zwgk/gsgg/201809/t20180914_10901.htm
https://fjrb-fjdaily-comx2d93967303868xx.ipv6best.cn/pc/col/202311/02/node_01.html	227	福建日报	https://www.pingtan.gov.cn/zwgk/zdlyxxgk/aqsc_1/aqjc/202009/t20200906_22819.htm
https://fjrb-fjdaily-comx2d939675c3868xx.ipv6best.cn/pc/col/202311/02/node_01.html	227	福建日报	https://www.pingtan.gov.cn/zwgk/ldzc/fld/hdbd/202608/t20260818_108467.htm
https://fjrb-fjdaily-comx2d93967d23868xx.ipv6best.cn/pc/col/202311/02/node_01.html	227	福建日报	https://www.pingtan.gov.cn/zwgk/ldzc/fld/hdbd/202310/t20231012_50874.htm
https://www-beian-gov-cnx45c8966d83868xx.ipv6best.cn/portal/registerSystemInfo?recordcode=35012899001-19002	227	公安备案号：35012899001-19002	https://www.pingtan.gov.cn/zwgk/gsgg/201809/t20180914_10901.htm
https://www-beian-gov-cnx45c8967303868xx.ipv6best.cn/portal/registerSystemInfo?recordcode=35012899001-19002	227	公安备案号：35012899001-19002	https://www.pingtan.gov.cn/zwgk/zdlyxxgk/aqsc_1/aqjc/202009/t20200906_22819.htm
https://www-beian-gov-cnx45c89675c3868xx.ipv6best.cn/portal/registerSystemInfo?recordcode=35012899001-19002	227	公安备案号：35012899001-19002	https://www.pingtan.gov.cn/zwgk/ldzc/fld/hdbd/202608/t20260818_108467.htm
https://www-beian-gov-cnx45c8967d23868xx.ipv6best.cn/portal/registerSystemInfo?recordcode=35012899001-19002	227	公安备案号：35012899001-19002	https://www.pingtan.gov.cn/zwgk/ldzc/fld/hdbd/202310/t20231012_50874.htm
http://pt.fjbz.org.cnx1e49966af3868.ipv6best.cn:8060/	226	福建省标准信息服务平台	https://www.pingtan.gov.cn/zwgk/gsgg/202503/t20250312_97820.htm
http://pt.fjbz.org.cnx1e49968053868.ipv6best.cn:8060/	226	福建省标准信息服务平台	https://www.pingtan.gov.cn/zwgk/yw/ptyw/201912/t20191231_18818.htm
http://www.acas.org.cnx7a72966af3868.ipv6best.cn/	226	海峡两岸仲裁中心	https://www.pingtan.gov.cn/zwgk/gsgg/202503/t20250312_97820.htm
http://www.acas.org.cnx7a72968053868.ipv6best.cn/	226	海峡两岸仲裁中心	https://www.pingtan.gov.cn/zwgk/yw/ptyw/201912/t20191231_18818.htm
https://27-151-80-61xe076966af3868xx.ipv6best.cn:91/#/double-publicity-info	226	信用平潭	https://www.pingtan.gov.cn/zwgk/gsgg/202503/t20250312_97820.htm
https://27-151-80-61xe076968053868xx.ipv6best.cn:91/#/double-publicity-info	226	信用平潭	https://www.pingtan.gov.cn/zwgk/yw/ptyw/201912/t20191231_18818.htm
https://bszs-conac-cnxe103966af3868xx.ipv6best.cn/sitename?method=show&amp;id=21E2BB13660E0D66E053012819ACFD9D	226		https://www.pingtan.gov.cn/zwgk/gsgg/202503/t20250312_97820.htm
https://bszs-conac-cnxe103968053868xx.ipv6best.cn/sitename?method=show&amp;id=21E2BB13660E0D66E053012819ACFD9D	226		https://www.pingtan.gov.cn/zwgk/yw/ptyw/201912/t20191231_18818.htm
https://credit-xm-gov-cnxd4a4966af3868xx.ipv6best.cn/	226	信用厦门	https://www.pingtan.gov.cn/zwgk/gsgg/202503/t20250312_97820.htm
https://credit-xm-gov-cnxd4a4968053868xx.ipv6best.cn/	226	信用厦门	https://www.pingtan.gov.cn/zwgk/yw/ptyw/201912/t20191231_18818.htm
https://fjrb-fjdaily-comx2d93966af3868xx.ipv6best.cn/pc/col/202311/02/node_01.html	226	福建日报	https://www.pingtan.gov.cn/zwgk/gsgg/202503/t20250312_97820.htm
https://fjrb-fjdaily-comx2d93968053868xx.ipv6best.cn/pc/col/202311/02/node_01.html	226	福建日报	https://www.pingtan.gov.cn/zwgk/yw/ptyw/201912/t20191231_18818.htm
https://www-beian-gov-cnx45c8966af3868xx.ipv6best.cn/portal/registerSystemInfo?recordcode=35012899001-19002	226	公安备案号：35012899001-19002	https://www.pingtan.gov.cn/zwgk/gsgg/202503/t20250312_97820.htm
https://www-beian-gov-cnx45c8968053868xx.ipv6best.cn/portal/registerSystemInfo?recordcode=35012899001-19002	226	公安备案号：35012899001-19002	https://www.pingtan.gov.cn/zwgk/yw/ptyw/201912/t20191231_18818.htm
http://pt.fjbz.org.cnx1e49967753868.ipv6best.cn:8060/	225	福建省标准信息服务平台	https://www.pingtan.gov.cn/zwgk/ldzc/fld/hdbd/202407/t20240724_92175.htm
http://pt.fjbz.org.cnx1e499681b3868.ipv6best.cn:8060/	225	福建省标准信息服务平台	https://www.pingtan.gov.cn/zwgk/yw/ptyw/201606/t20160622_4682.htm
http://pt.fjbz.org.cnx1e49968573868.ipv6best.cn:8060/	225	福建省标准信息服务平台	https://www.pingtan.gov.cn/zwgk/zfxxgk/dfbmptlj/ptzhsyqbm/ptzhsyqczj/fdzdgknr/161qxjzyfj/201710/t20171018_63210.htm
http://www.acas.org.cnx7a72967753868.ipv6best.cn/	225	海峡两岸仲裁中心	https://www.pingtan.gov.cn/zwgk/ldzc/fld/hdbd/202407/t20240724_92175.htm
http://www.acas.org.cnx7a729681b3868.ipv6best.cn/	225	海峡两岸仲裁中心	https://www.pingtan.gov.cn/zwgk/yw/ptyw/201606/t20160622_4682.htm
http://www.acas.org.cnx7a72968573868.ipv6best.cn/	225	海峡两岸仲裁中心	https://www.pingtan.gov.cn/zwgk/zfxxgk/dfbmptlj/ptzhsyqbm/ptzhsyqczj/fdzdgknr/161qxjzyfj/201710/t20171018_63210.htm
https://27-151-80-61xe076967753868xx.ipv6best.cn:91/#/double-publicity-info	225	信用平潭	https://www.pingtan.gov.cn/zwgk/ldzc/fld/hdbd/202407/t20240724_92175.htm
https://27-151-80-61xe0769681b3868xx.ipv6best.cn:91/#/double-publicity-info	225	信用平潭	https://www.pingtan.gov.cn/zwgk/yw/ptyw/201606/t20160622_4682.htm
https://27-151-80-61xe076968573868xx.ipv6best.cn:91/#/double-publicity-info	225	信用平潭	https://www.pingtan.gov.cn/zwgk/zfxxgk/dfbmptlj/ptzhsyqbm/ptzhsyqczj/fdzdgknr/161qxjzyfj/201710/t20171018_63210.htm
https://bszs-conac-cnxe103967753868xx.ipv6best.cn/sitename?method=show&amp;id=21E2BB13660E0D66E053012819ACFD9D	225		https://www.pingtan.gov.cn/zwgk/ldzc/fld/hdbd/202407/t20240724_92175.htm
https://bszs-conac-cnxe1039681b3868xx.ipv6best.cn/sitename?method=show&amp;id=21E2BB13660E0D66E053012819ACFD9D	225		https://www.pingtan.gov.cn/zwgk/yw/ptyw/201606/t20160622_4682.htm
https://bszs-conac-cnxe103968573868xx.ipv6best.cn/sitename?method=show&amp;id=21E2BB13660E0D66E053012819ACFD9D	225		https://www.pingtan.gov.cn/zwgk/zfxxgk/dfbmptlj/ptzhsyqbm/ptzhsyqczj/fdzdgknr/161qxjzyfj/201710/t20171018_63210.htm
https://credit-xm-gov-cnxd4a4967753868xx.ipv6best.cn/	225	信用厦门	https://www.pingtan.gov.cn/zwgk/ldzc/fld/hdbd/202407/t20240724_92175.htm
https://credit-xm-gov-cnxd4a49681b3868xx.ipv6best.cn/	225	信用厦门	https://www.pingtan.gov.cn/zwgk/yw/ptyw/201606/t20160622_4682.htm
https://credit-xm-gov-cnxd4a4968573868xx.ipv6best.cn/	225	信用厦门	https://www.pingtan.gov.cn/zwgk/zfxxgk/dfbmptlj/ptzhsyqbm/ptzhsyqczj/fdzdgknr/161qxjzyfj/201710/t20171018_63210.htm
https://fjrb-fjdaily-comx2d93967753868xx.ipv6best.cn/pc/col/202311/02/node_01.html	225	福建日报	https://www.pingtan.gov.cn/zwgk/ldzc/fld/hdbd/202407/t20240724_92175.htm
https://fjrb-fjdaily-comx2d939681b3868xx.ipv6best.cn/pc/col/202311/02/node_01.html	225	福建日报	https://www.pingtan.gov.cn/zwgk/yw/ptyw/201606/t20160622_4682.htm
https://fjrb-fjdaily-comx2d93968573868xx.ipv6best.cn/pc/col/202311/02/node_01.html	225	福建日报	https://www.pingtan.gov.cn/zwgk/zfxxgk/dfbmptlj/ptzhsyqbm/ptzhsyqczj/fdzdgknr/161qxjzyfj/201710/t20171018_63210.htm
https://www-beian-gov-cnx45c8967753868xx.ipv6best.cn/portal/registerSystemInfo?recordcode=35012899001-19002	225	公安备案号：35012899001-19002	https://www.pingtan.gov.cn/zwgk/ldzc/fld/hdbd/202407/t20240724_92175.htm
https://www-beian-gov-cnx45c89681b3868xx.ipv6best.cn/portal/registerSystemInfo?recordcode=35012899001-19002	225	公安备案号：35012899001-19002	https://www.pingtan.gov.cn/zwgk/yw/ptyw/201606/t20160622_4682.htm
https://www-beian-gov-cnx45c8968573868xx.ipv6best.cn/portal/registerSystemInfo?recordcode=35012899001-19002	225	公安备案号：35012899001-19002	https://www.pingtan.gov.cn/zwgk/zfxxgk/dfbmptlj/ptzhsyqbm/ptzhsyqczj/fdzdgknr/161qxjzyfj/201710/t20171018_63210.htm
http://pt.fjbz.org.cnx1e49966d43868.ipv6best.cn:8060/	224	福建省标准信息服务平台	https://www.pingtan.gov.cn/zwgk/gsgg/201906/t20190625_14455.htm
http://pt.fjbz.org.cnx1e499686d3868.ipv6best.cn:8060/	224	福建省标准信息服务平台	https://www.pingtan.gov.cn/zwgk/zfxxgk/dfbmptlj/ptzhsyqbm/ptzhsyqczj/fdzdgknr/12czysjsbg/201212/t20121214_54038.htm
http://www.acas.org.cnx7a72966d43868.ipv6best.cn/	224	海峡两岸仲裁中心	https://www.pingtan.gov.cn/zwgk/gsgg/201906/t20190625_14455.htm
http://www.acas.org.cnx7a729686d3868.ipv6best.cn/	224	海峡两岸仲裁中心	https://www.pingtan.gov.cn/zwgk/zfxxgk/dfbmptlj/ptzhsyqbm/ptzhsyqczj/fdzdgknr/12czysjsbg/201212/t20121214_54038.htm
https://27-151-80-61xe076966d43868xx.ipv6best.cn:91/#/double-publicity-info	224	信用平潭	https://www.pingtan.gov.cn/zwgk/gsgg/201906/t20190625_14455.htm
https://27-151-80-61xe0769686d3868xx.ipv6best.cn:91/#/double-publicity-info	224	信用平潭	https://www.pingtan.gov.cn/zwgk/zfxxgk/dfbmptlj/ptzhsyqbm/ptzhsyqczj/fdzdgknr/12czysjsbg/201212/t20121214_54038.htm
https://bszs-conac-cnxe103966d43868xx.ipv6best.cn/sitename?method=show&amp;id=21E2BB13660E0D66E053012819ACFD9D	224		https://www.pingtan.gov.cn/zwgk/gsgg/201906/t20190625_14455.htm
https://bszs-conac-cnxe1039686d3868xx.ipv6best.cn/sitename?method=show&amp;id=21E2BB13660E0D66E053012819ACFD9D	224		https://www.pingtan.gov.cn/zwgk/zfxxgk/dfbmptlj/ptzhsyqbm/ptzhsyqczj/fdzdgknr/12czysjsbg/201212/t20121214_54038.htm
https://credit-xm-gov-cnxd4a4966d43868xx.ipv6best.cn/	224	信用厦门	https://www.pingtan.gov.cn/zwgk/gsgg/201906/t20190625_14455.htm
https://credit-xm-gov-cnxd4a49686d3868xx.ipv6best.cn/	224	信用厦门	https://www.pingtan.gov.cn/zwgk/zfxxgk/dfbmptlj/ptzhsyqbm/ptzhsyqczj/fdzdgknr/12czysjsbg/201212/t20121214_54038.htm
https://fjrb-fjdaily-comx2d93966d43868xx.ipv6best.cn/pc/col/202311/02/node_01.html	224	福建日报	https://www.pingtan.gov.cn/zwgk/gsgg/201906/t20190625_14455.htm
https://fjrb-fjdaily-comx2d939686d3868xx.ipv6best.cn/pc/col/202311/02/node_01.html	224	福建日报	https://www.pingtan.gov.cn/zwgk/zfxxgk/dfbmptlj/ptzhsyqbm/ptzhsyqczj/fdzdgknr/12czysjsbg/201212/t20121214_54038.htm
https://www-beian-gov-cnx45c8966d43868xx.ipv6best.cn/portal/registerSystemInfo?recordcode=35012899001-19002	224	公安备案号：35012899001-19002	https://www.pingtan.gov.cn/zwgk/gsgg/201906/t20190625_14455.htm
https://www-beian-gov-cnx45c89686d3868xx.ipv6best.cn/portal/registerSystemInfo?recordcode=35012899001-19002	224	公安备案号：35012899001-19002	https://www.pingtan.gov.cn/zwgk/zfxxgk/dfbmptlj/ptzhsyqbm/ptzhsyqczj/fdzdgknr/12czysjsbg/201212/t20121214_54038.htm
http://pt.fjbz.org.cnx1e49966cb3868.ipv6best.cn:8060/	223	福建省标准信息服务平台	https://www.pingtan.gov.cn/zwgk/gsgg/202103/t20210312_25144.htm
http://pt.fjbz.org.cnx1e49968323868.ipv6best.cn:8060/	223	福建省标准信息服务平台	https://www.pingtan.gov.cn/zwgk/zfxxgk/dfbmptlj/ptzhsyqbm/ptzhsyqczj/fdzdgknr/10qtwjdzjg/202209/t20220902_76876.htm
http://www.acas.org.cnx7a72966cb3868.ipv6best.cn/	223	海峡两岸仲裁中心	https://www.pingtan.gov.cn/zwgk/gsgg/202103/t20210312_25144.htm
http://www.acas.org.cnx7a72968323868.ipv6best.cn/	223	海峡两岸仲裁中心	https://www.pingtan.gov.cn/zwgk/zfxxgk/dfbmptlj/ptzhsyqbm/ptzhsyqczj/fdzdgknr/10qtwjdzjg/202209/t20220902_76876.htm
https://27-151-80-61xe076966cb3868xx.ipv6best.cn:91/#/double-publicity-info	223	信用平潭	https://www.pingtan.gov.cn/zwgk/gsgg/202103/t20210312_25144.htm
https://27-151-80-61xe076968323868xx.ipv6best.cn:91/#/double-publicity-info	223	信用平潭	https://www.pingtan.gov.cn/zwgk/zfxxgk/dfbmptlj/ptzhsyqbm/ptzhsyqczj/fdzdgknr/10qtwjdzjg/202209/t20220902_76876.htm
https://bszs-conac-cnxe103966cb3868xx.ipv6best.cn/sitename?method=show&amp;id=21E2BB13660E0D66E053012819ACFD9D	223		https://www.pingtan.gov.cn/zwgk/gsgg/202103/t20210312_25144.htm
https://bszs-conac-cnxe103968323868xx.ipv6best.cn/sitename?method=show&amp;id=21E2BB13660E0D66E053012819ACFD9D	223		https://www.pingtan.gov.cn/zwgk/zfxxgk/dfbmptlj/ptzhsyqbm/ptzhsyqczj/fdzdgknr/10qtwjdzjg/202209/t20220902_76876.htm
https://credit-xm-gov-cnxd4a4966cb3868xx.ipv6best.cn/	223	信用厦门	https://www.pingtan.gov.cn/zwgk/gsgg/202103/t20210312_25144.htm
https://credit-xm-gov-cnxd4a4968323868xx.ipv6best.cn/	223	信用厦门	https://www.pingtan.gov.cn/zwgk/zfxxgk/dfbmptlj/ptzhsyqbm/ptzhsyqczj/fdzdgknr/10qtwjdzjg/202209/t20220902_76876.htm
https://fjrb-fjdaily-comx2d93966cb3868xx.ipv6best.cn/pc/col/202311/02/node_01.html	223	福建日报	https://www.pingtan.gov.cn/zwgk/gsgg/202103/t20210312_25144.htm
https://fjrb-fjdaily-comx2d93968323868xx.ipv6best.cn/pc/col/202311/02/node_01.html	223	福建日报	https://www.pingtan.gov.cn/zwgk/zfxxgk/dfbmptlj/ptzhsyqbm/ptzhsyqczj/fdzdgknr/10qtwjdzjg/202209/t20220902_76876.htm
https://www-beian-gov-cnx45c8966cb3868xx.ipv6best.cn/portal/registerSystemInfo?recordcode=35012899001-19002	223	公安备案号：35012899001-19002	https://www.pingtan.gov.cn/zwgk/gsgg/202103/t20210312_25144.htm
https://www-beian-gov-cnx45c8968323868xx.ipv6best.cn/portal/registerSystemInfo?recordcode=35012899001-19002	223	公安备案号：35012899001-19002	https://www.pingtan.gov.cn/zwgk/zfxxgk/dfbmptlj/ptzhsyqbm/ptzhsyqczj/fdzdgknr/10qtwjdzjg/202209/t20220902_76876.htm
http://pt.fjbz.org.cnx1e49966f03868.ipv6best.cn:8060/	222	福建省标准信息服务平台	https://www.pingtan.gov.cn/zwgk/zfxxgk/gwhwj/hjbhggwsaq/202004/t20200422_70307.htm
http://www.acas.org.cnx7a72966f03868.ipv6best.cn/	222	海峡两岸仲裁中心	https://www.pingtan.gov.cn/zwgk/zfxxgk/gwhwj/hjbhggwsaq/202004/t20200422_70307.htm
https://27-151-80-61xe076966f03868xx.ipv6best.cn:91/#/double-publicity-info	222	信用平潭	https://www.pingtan.gov.cn/zwgk/zfxxgk/gwhwj/hjbhggwsaq/202004/t20200422_70307.htm
https://bszs-conac-cnxe103966f03868xx.ipv6best.cn/sitename?method=show&amp;id=21E2BB13660E0D66E053012819ACFD9D	222		https://www.pingtan.gov.cn/zwgk/zfxxgk/gwhwj/hjbhggwsaq/202004/t20200422_70307.htm
https://credit-xm-gov-cnxd4a4966f03868xx.ipv6best.cn/	222	信用厦门	https://www.pingtan.gov.cn/zwgk/zfxxgk/gwhwj/hjbhggwsaq/202004/t20200422_70307.htm
https://fjrb-fjdaily-comx2d93966f03868xx.ipv6best.cn/pc/col/202311/02/node_01.html	222	福建日报	https://www.pingtan.gov.cn/zwgk/zfxxgk/gwhwj/hjbhggwsaq/202004/t20200422_70307.htm
https://www-beian-gov-cnx45c8966f03868xx.ipv6best.cn/portal/registerSystemInfo?recordcode=35012899001-19002	222	公安备案号：35012899001-19002	https://www.pingtan.gov.cn/zwgk/zfxxgk/gwhwj/hjbhggwsaq/202004/t20200422_70307.htm
http://pt.fjbz.org.cnx1e49968183868.ipv6best.cn:8060/	219	福建省标准信息服务平台	https://www.pingtan.gov.cn/zwgk/yw/ptyw/201612/t20161217_6233.htm
http://www.acas.org.cnx7a72968183868.ipv6best.cn/	219	海峡两岸仲裁中心	https://www.pingtan.gov.cn/zwgk/yw/ptyw/201612/t20161217_6233.htm
https://27-151-80-61xe076968183868xx.ipv6best.cn:91/#/double-publicity-info	219	信用平潭	https://www.pingtan.gov.cn/zwgk/yw/ptyw/201612/t20161217_6233.htm
https://bszs-conac-cnxe103968183868xx.ipv6best.cn/sitename?method=show&amp;id=21E2BB13660E0D66E053012819ACFD9D	219		https://www.pingtan.gov.cn/zwgk/yw/ptyw/201612/t20161217_6233.htm
https://credit-xm-gov-cnxd4a4968183868xx.ipv6best.cn/	219	信用厦门	https://www.pingtan.gov.cn/zwgk/yw/ptyw/201612/t20161217_6233.htm
https://fjrb-fjdaily-comx2d93968183868xx.ipv6best.cn/pc/col/202311/02/node_01.html	219	福建日报	https://www.pingtan.gov.cn/zwgk/yw/ptyw/201612/t20161217_6233.htm
https://www-beian-gov-cnx45c8968183868xx.ipv6best.cn/portal/registerSystemInfo?recordcode=35012899001-19002	219	公安备案号：35012899001-19002	https://www.pingtan.gov.cn/zwgk/yw/ptyw/201612/t20161217_6233.htm
http://pt.fjbz.org.cnx1e49966da3868.ipv6best.cn:8060/	217	福建省标准信息服务平台	https://www.pingtan.gov.cn/zwgk/gsgg/201802/t20180213_9044.htm
http://pt.fjbz.org.cnx1e49967673868.ipv6best.cn:8060/	217	福建省标准信息服务平台	https://www.pingtan.gov.cn/zwgk/ldzc/hjb/hdbd/202507/t20250708_100160.htm
http://pt.fjbz.org.cnx1e49967d53868.ipv6best.cn:8060/	217	福建省标准信息服务平台	https://www.pingtan.gov.cn/zwgk/ldzc/fld/hdbd/202308/t20230831_49676.htm
http://www.acas.org.cnx7a72966da3868.ipv6best.cn/	217	海峡两岸仲裁中心	https://www.pingtan.gov.cn/zwgk/gsgg/201802/t20180213_9044.htm
http://www.acas.org.cnx7a72967673868.ipv6best.cn/	217	海峡两岸仲裁中心	https://www.pingtan.gov.cn/zwgk/ldzc/hjb/hdbd/202507/t20250708_100160.htm
http://www.acas.org.cnx7a72967d53868.ipv6best.cn/	217	海峡两岸仲裁中心	https://www.pingtan.gov.cn/zwgk/ldzc/fld/hdbd/202308/t20230831_49676.htm
https://27-151-80-61xe076966da3868xx.ipv6best.cn:91/#/double-publicity-info	217	信用平潭	https://www.pingtan.gov.cn/zwgk/gsgg/201802/t20180213_9044.htm
https://27-151-80-61xe076967673868xx.ipv6best.cn:91/#/double-publicity-info	217	信用平潭	https://www.pingtan.gov.cn/zwgk/ldzc/hjb/hdbd/202507/t20250708_100160.htm
https://27-151-80-61xe076967d53868xx.ipv6best.cn:91/#/double-publicity-info	217	信用平潭	https://www.pingtan.gov.cn/zwgk/ldzc/fld/hdbd/202308/t20230831_49676.htm
https://bszs-conac-cnxe103966da3868xx.ipv6best.cn/sitename?method=show&amp;id=21E2BB13660E0D66E053012819ACFD9D	217		https://www.pingtan.gov.cn/zwgk/gsgg/201802/t20180213_9044.htm
https://bszs-conac-cnxe103967673868xx.ipv6best.cn/sitename?method=show&amp;id=21E2BB13660E0D66E053012819ACFD9D	217		https://www.pingtan.gov.cn/zwgk/ldzc/hjb/hdbd/202507/t20250708_100160.htm
https://bszs-conac-cnxe103967d53868xx.ipv6best.cn/sitename?method=show&amp;id=21E2BB13660E0D66E053012819ACFD9D	217		https://www.pingtan.gov.cn/zwgk/ldzc/fld/hdbd/202308/t20230831_49676.htm
https://credit-xm-gov-cnxd4a4966da3868xx.ipv6best.cn/	217	信用厦门	https://www.pingtan.gov.cn/zwgk/gsgg/201802/t20180213_9044.htm
https://credit-xm-gov-cnxd4a4967673868xx.ipv6best.cn/	217	信用厦门	https://www.pingtan.gov.cn/zwgk/ldzc/hjb/hdbd/202507/t20250708_100160.htm
https://credit-xm-gov-cnxd4a4967d53868xx.ipv6best.cn/	217	信用厦门	https://www.pingtan.gov.cn/zwgk/ldzc/fld/hdbd/202308/t20230831_49676.htm
https://fjrb-fjdaily-comx2d93966da3868xx.ipv6best.cn/pc/col/202311/02/node_01.html	217	福建日报	https://www.pingtan.gov.cn/zwgk/gsgg/201802/t20180213_9044.htm
https://fjrb-fjdaily-comx2d93967673868xx.ipv6best.cn/pc/col/202311/02/node_01.html	217	福建日报	https://www.pingtan.gov.cn/zwgk/ldzc/hjb/hdbd/202507/t20250708_100160.htm
https://fjrb-fjdaily-comx2d93967d53868xx.ipv6best.cn/pc/col/202311/02/node_01.html	217	福建日报	https://www.pingtan.gov.cn/zwgk/ldzc/fld/hdbd/202308/t20230831_49676.htm
https://www-beian-gov-cnx45c8966da3868xx.ipv6best.cn/portal/registerSystemInfo?recordcode=35012899001-19002	217	公安备案号：35012899001-19002	https://www.pingtan.gov.cn/zwgk/gsgg/201802/t20180213_9044.htm
https://www-beian-gov-cnx45c8967673868xx.ipv6best.cn/portal/registerSystemInfo?recordcode=35012899001-19002	217	公安备案号：35012899001-19002	https://www.pingtan.gov.cn/zwgk/ldzc/hjb/hdbd/202507/t20250708_100160.htm
https://www-beian-gov-cnx45c8967d53868xx.ipv6best.cn/portal/registerSystemInfo?recordcode=35012899001-19002	217	公安备案号：35012899001-19002	https://www.pingtan.gov.cn/zwgk/ldzc/fld/hdbd/202308/t20230831_49676.htm
http://pt.fjbz.org.cnx1e49966e03868.ipv6best.cn:8060/	216	福建省标准信息服务平台	https://www.pingtan.gov.cn/zwgk/gsgg/201406/t20140602_1252.htm
http://www.acas.org.cnx7a72966e03868.ipv6best.cn/	216	海峡两岸仲裁中心	https://www.pingtan.gov.cn/zwgk/gsgg/201406/t20140602_1252.htm
https://27-151-80-61xe076966e03868xx.ipv6best.cn:91/#/double-publicity-info	216	信用平潭	https://www.pingtan.gov.cn/zwgk/gsgg/201406/t20140602_1252.htm
https://bszs-conac-cnxe103966e03868xx.ipv6best.cn/sitename?method=show&amp;id=21E2BB13660E0D66E053012819ACFD9D	216		https://www.pingtan.gov.cn/zwgk/gsgg/201406/t20140602_1252.htm
https://credit-xm-gov-cnxd4a4966e03868xx.ipv6best.cn/	216	信用厦门	https://www.pingtan.gov.cn/zwgk/gsgg/201406/t20140602_1252.htm
https://fjrb-fjdaily-comx2d93966e03868xx.ipv6best.cn/pc/col/202311/02/node_01.html	216	福建日报	https://www.pingtan.gov.cn/zwgk/gsgg/201406/t20140602_1252.htm
https://www-beian-gov-cnx45c8966e03868xx.ipv6best.cn/portal/registerSystemInfo?recordcode=35012899001-19002	216	公安备案号：35012899001-19002	https://www.pingtan.gov.cn/zwgk/gsgg/201406/t20140602_1252.htm
http://pt.fjbz.org.cnx1e49967563868.ipv6best.cn:8060/	215	福建省标准信息服务平台	https://www.pingtan.gov.cn/zwgk/zdlyxxgk/aqsc_1/aqjc/201601/t20160104_3114.htm
http://www.acas.org.cnx7a72967563868.ipv6best.cn/	215	海峡两岸仲裁中心	https://www.pingtan.gov.cn/zwgk/zdlyxxgk/aqsc_1/aqjc/201601/t20160104_3114.htm
https://27-151-80-61xe076967563868xx.ipv6best.cn:91/#/double-publicity-info	215	信用平潭	https://www.pingtan.gov.cn/zwgk/zdlyxxgk/aqsc_1/aqjc/201601/t20160104_3114.htm
https://bszs-conac-cnxe103967563868xx.ipv6best.cn/sitename?method=show&amp;id=21E2BB13660E0D66E053012819ACFD9D	215		https://www.pingtan.gov.cn/zwgk/zdlyxxgk/aqsc_1/aqjc/201601/t20160104_3114.htm
https://credit-xm-gov-cnxd4a4967563868xx.ipv6best.cn/	215	信用厦门	https://www.pingtan.gov.cn/zwgk/zdlyxxgk/aqsc_1/aqjc/201601/t20160104_3114.htm
https://fjrb-fjdaily-comx2d93967563868xx.ipv6best.cn/pc/col/202311/02/node_01.html	215	福建日报	https://www.pingtan.gov.cn/zwgk/zdlyxxgk/aqsc_1/aqjc/201601/t20160104_3114.htm
https://www-beian-gov-cnx45c8967563868xx.ipv6best.cn/portal/registerSystemInfo?recordcode=35012899001-19002	215	公安备案号：35012899001-19002	https://www.pingtan.gov.cn/zwgk/zdlyxxgk/aqsc_1/aqjc/201601/t20160104_3114.htm
http://pt.fjbz.org.cnx1e49966d23868.ipv6best.cn:8060/	213	福建省标准信息服务平台	https://www.pingtan.gov.cn/zwgk/gsgg/201910/t20191012_16261.htm
http://www.acas.org.cnx7a72966d23868.ipv6best.cn/	213	海峡两岸仲裁中心	https://www.pingtan.gov.cn/zwgk/gsgg/201910/t20191012_16261.htm
https://27-151-80-61xe076966d23868xx.ipv6best.cn:91/#/double-publicity-info	213	信用平潭	https://www.pingtan.gov.cn/zwgk/gsgg/201910/t20191012_16261.htm
https://bszs-conac-cnxe103966d23868xx.ipv6best.cn/sitename?method=show&amp;id=21E2BB13660E0D66E053012819ACFD9D	213		https://www.pingtan.gov.cn/zwgk/gsgg/201910/t20191012_16261.htm
https://credit-xm-gov-cnxd4a4966d23868xx.ipv6best.cn/	213	信用厦门	https://www.pingtan.gov.cn/zwgk/gsgg/201910/t20191012_16261.htm
https://fjrb-fjdaily-comx2d93966d23868xx.ipv6best.cn/pc/col/202311/02/node_01.html	213	福建日报	https://www.pingtan.gov.cn/zwgk/gsgg/201910/t20191012_16261.htm
https://www-beian-gov-cnx45c8966d23868xx.ipv6best.cn/portal/registerSystemInfo?recordcode=35012899001-19002	213	公安备案号：35012899001-19002	https://www.pingtan.gov.cn/zwgk/gsgg/201910/t20191012_16261.htm
http://pt.fjbz.org.cnx1e49967193868.ipv6best.cn:8060/	212	福建省标准信息服务平台	https://www.pingtan.gov.cn/zwgk/zdlyxxgk/aqsc_1/aqjc/202209/t20220905_35996.htm
http://www.acas.org.cnx7a72967193868.ipv6best.cn/	212	海峡两岸仲裁中心	https://www.pingtan.gov.cn/zwgk/zdlyxxgk/aqsc_1/aqjc/202209/t20220905_35996.htm
https://27-151-80-61xe076967193868xx.ipv6best.cn:91/#/double-publicity-info	212	信用平潭	https://www.pingtan.gov.cn/zwgk/zdlyxxgk/aqsc_1/aqjc/202209/t20220905_35996.htm
https://bszs-conac-cnxe103967193868xx.ipv6best.cn/sitename?method=show&amp;id=21E2BB13660E0D66E053012819ACFD9D	212		https://www.pingtan.gov.cn/zwgk/zdlyxxgk/aqsc_1/aqjc/202209/t20220905_35996.htm
https://credit-xm-gov-cnxd4a4967193868xx.ipv6best.cn/	212	信用厦门	https://www.pingtan.gov.cn/zwgk/zdlyxxgk/aqsc_1/aqjc/202209/t20220905_35996.htm
https://fjrb-fjdaily-comx2d93967193868xx.ipv6best.cn/pc/col/202311/02/node_01.html	212	福建日报	https://www.pingtan.gov.cn/zwgk/zdlyxxgk/aqsc_1/aqjc/202209/t20220905_35996.htm
https://www-beian-gov-cnx45c8967193868xx.ipv6best.cn/portal/registerSystemInfo?recordcode=35012899001-19002	212	公安备案号：35012899001-19002	https://www.pingtan.gov.cn/zwgk/zdlyxxgk/aqsc_1/aqjc/202209/t20220905_35996.htm
http://pt.fjbz.org.cnx1e499675d3868.ipv6best.cn:8060/	210	福建省标准信息服务平台	https://www.pingtan.gov.cn/zwgk/ldzc/hjb/hdbd/202606/t20260624_107497.htm
http://www.acas.org.cnx7a729675d3868.ipv6best.cn/	210	海峡两岸仲裁中心	https://www.pingtan.gov.cn/zwgk/ldzc/hjb/hdbd/202606/t20260624_107497.htm
https://27-151-80-61xe0769675d3868xx.ipv6best.cn:91/#/double-publicity-info	210	信用平潭	https://www.pingtan.gov.cn/zwgk/ldzc/hjb/hdbd/202606/t20260624_107497.htm
https://bszs-conac-cnxe1039675d3868xx.ipv6best.cn/sitename?method=show&amp;id=21E2BB13660E0D66E053012819ACFD9D	210		https://www.pingtan.gov.cn/zwgk/ldzc/hjb/hdbd/202606/t20260624_107497.htm
https://credit-xm-gov-cnxd4a49675d3868xx.ipv6best.cn/	210	信用厦门	https://www.pingtan.gov.cn/zwgk/ldzc/hjb/hdbd/202606/t20260624_107497.htm
https://fjrb-fjdaily-comx2d939675d3868xx.ipv6best.cn/pc/col/202311/02/node_01.html	210	福建日报	https://www.pingtan.gov.cn/zwgk/ldzc/hjb/hdbd/202606/t20260624_107497.htm
https://www-beian-gov-cnx45c89675d3868xx.ipv6best.cn/portal/registerSystemInfo?recordcode=35012899001-19002	210	公安备案号：35012899001-19002	https://www.pingtan.gov.cn/zwgk/ldzc/hjb/hdbd/202606/t20260624_107497.htm
http://pt.fjbz.org.cnx1e49967123868.ipv6best.cn:8060/	209	福建省标准信息服务平台	https://www.pingtan.gov.cn/zwgk/ghxx/qygh/202304/t20230428_46175.htm
http://pt.fjbz.org.cnx1e49967e03868.ipv6best.cn:8060/	209	福建省标准信息服务平台	https://www.pingtan.gov.cn/zwgk/ldzc/fld/hdbd/202302/t20230228_44478.htm
http://www.acas.org.cnx7a72967123868.ipv6best.cn/	209	海峡两岸仲裁中心	https://www.pingtan.gov.cn/zwgk/ghxx/qygh/202304/t20230428_46175.htm
http://www.acas.org.cnx7a72967e03868.ipv6best.cn/	209	海峡两岸仲裁中心	https://www.pingtan.gov.cn/zwgk/ldzc/fld/hdbd/202302/t20230228_44478.htm
https://27-151-80-61xe076967123868xx.ipv6best.cn:91/#/double-publicity-info	209	信用平潭	https://www.pingtan.gov.cn/zwgk/ghxx/qygh/202304/t20230428_46175.htm
https://27-151-80-61xe076967e03868xx.ipv6best.cn:91/#/double-publicity-info	209	信用平潭	https://www.pingtan.gov.cn/zwgk/ldzc/fld/hdbd/202302/t20230228_44478.htm
https://bszs-conac-cnxe103967123868xx.ipv6best.cn/sitename?method=show&amp;id=21E2BB13660E0D66E053012819ACFD9D	209		https://www.pingtan.gov.cn/zwgk/ghxx/qygh/202304/t20230428_46175.htm
https://bszs-conac-cnxe103967e03868xx.ipv6best.cn/sitename?method=show&amp;id=21E2BB13660E0D66E053012819ACFD9D	209		https://www.pingtan.gov.cn/zwgk/ldzc/fld/hdbd/202302/t20230228_44478.htm
https://credit-xm-gov-cnxd4a4967123868xx.ipv6best.cn/	209	信用厦门	https://www.pingtan.gov.cn/zwgk/ghxx/qygh/202304/t20230428_46175.htm
https://credit-xm-gov-cnxd4a4967e03868xx.ipv6best.cn/	209	信用厦门	https://www.pingtan.gov.cn/zwgk/ldzc/fld/hdbd/202302/t20230228_44478.htm
https://fjrb-fjdaily-comx2d93967123868xx.ipv6best.cn/pc/col/202311/02/node_01.html	209	福建日报	https://www.pingtan.gov.cn/zwgk/ghxx/qygh/202304/t20230428_46175.htm
https://fjrb-fjdaily-comx2d93967e03868xx.ipv6best.cn/pc/col/202311/02/node_01.html	209	福建日报	https://www.pingtan.gov.cn/zwgk/ldzc/fld/hdbd/202302/t20230228_44478.htm
https://www-beian-gov-cnx45c8967123868xx.ipv6best.cn/portal/registerSystemInfo?recordcode=35012899001-19002	209	公安备案号：35012899001-19002	https://www.pingtan.gov.cn/zwgk/ghxx/qygh/202304/t20230428_46175.htm
https://www-beian-gov-cnx45c8967e03868xx.ipv6best.cn/portal/registerSystemInfo?recordcode=35012899001-19002	209	公安备案号：35012899001-19002	https://www.pingtan.gov.cn/zwgk/ldzc/fld/hdbd/202302/t20230228_44478.htm
http://pt.fjbz.org.cnx1e49967f83868.ipv6best.cn:8060/	208	福建省标准信息服务平台	https://www.pingtan.gov.cn/zwgk/zfhy/dgwhy/202306/t20230626_47606.htm
http://pt.fjbz.org.cnx1e499685c3868.ipv6best.cn:8060/	208	福建省标准信息服务平台	https://www.pingtan.gov.cn/zwgk/zfxxgk/dfbmptlj/ptzhsyqbm/ptzhsyqczj/fdzdgknr/165fpjyyls/201609/t20160920_61752.htm
http://www.acas.org.cnx7a72967f83868.ipv6best.cn/	208	海峡两岸仲裁中心	https://www.pingtan.gov.cn/zwgk/zfhy/dgwhy/202306/t20230626_47606.htm
http://www.acas.org.cnx7a729685c3868.ipv6best.cn/	208	海峡两岸仲裁中心	https://www.pingtan.gov.cn/zwgk/zfxxgk/dfbmptlj/ptzhsyqbm/ptzhsyqczj/fdzdgknr/165fpjyyls/201609/t20160920_61752.htm
https://27-151-80-61xe076967f83868xx.ipv6best.cn:91/#/double-publicity-info	208	信用平潭	https://www.pingtan.gov.cn/zwgk/zfhy/dgwhy/202306/t20230626_47606.htm
https://27-151-80-61xe0769685c3868xx.ipv6best.cn:91/#/double-publicity-info	208	信用平潭	https://www.pingtan.gov.cn/zwgk/zfxxgk/dfbmptlj/ptzhsyqbm/ptzhsyqczj/fdzdgknr/165fpjyyls/201609/t20160920_61752.htm
https://bszs-conac-cnxe103967f83868xx.ipv6best.cn/sitename?method=show&amp;id=21E2BB13660E0D66E053012819ACFD9D	208		https://www.pingtan.gov.cn/zwgk/zfhy/dgwhy/202306/t20230626_47606.htm
https://bszs-conac-cnxe1039685c3868xx.ipv6best.cn/sitename?method=show&amp;id=21E2BB13660E0D66E053012819ACFD9D	208		https://www.pingtan.gov.cn/zwgk/zfxxgk/dfbmptlj/ptzhsyqbm/ptzhsyqczj/fdzdgknr/165fpjyyls/201609/t20160920_61752.htm
https://credit-xm-gov-cnxd4a4967f83868xx.ipv6best.cn/	208	信用厦门	https://www.pingtan.gov.cn/zwgk/zfhy/dgwhy/202306/t20230626_47606.htm
https://credit-xm-gov-cnxd4a49685c3868xx.ipv6best.cn/	208	信用厦门	https://www.pingtan.gov.cn/zwgk/zfxxgk/dfbmptlj/ptzhsyqbm/ptzhsyqczj/fdzdgknr/165fpjyyls/201609/t20160920_61752.htm
https://fjrb-fjdaily-comx2d93967f83868xx.ipv6best.cn/pc/col/202311/02/node_01.html	208	福建日报	https://www.pingtan.gov.cn/zwgk/zfhy/dgwhy/202306/t20230626_47606.htm
https://fjrb-fjdaily-comx2d939685c3868xx.ipv6best.cn/pc/col/202311/02/node_01.html	208	福建日报	https://www.pingtan.gov.cn/zwgk/zfxxgk/dfbmptlj/ptzhsyqbm/ptzhsyqczj/fdzdgknr/165fpjyyls/201609/t20160920_61752.htm
https://www-beian-gov-cnx45c8967f83868xx.ipv6best.cn/portal/registerSystemInfo?recordcode=35012899001-19002	208	公安备案号：35012899001-19002	https://www.pingtan.gov.cn/zwgk/zfhy/dgwhy/202306/t20230626_47606.htm
https://www-beian-gov-cnx45c89685c3868xx.ipv6best.cn/portal/registerSystemInfo?recordcode=35012899001-19002	208	公安备案号：35012899001-19002	https://www.pingtan.gov.cn/zwgk/zfxxgk/dfbmptlj/ptzhsyqbm/ptzhsyqczj/fdzdgknr/165fpjyyls/201609/t20160920_61752.htm
http://pt.fjbz.org.cnx1e49966b83868.ipv6best.cn:8060/	206	福建省标准信息服务平台	https://www.pingtan.gov.cn/zwgk/gsgg/202311/t20231124_82337.htm
http://pt.fjbz.org.cnx1e49967233868.ipv6best.cn:8060/	206	福建省标准信息服务平台	https://www.pingtan.gov.cn/zwgk/ghxx/ztgh/202211/t20221114_38577.htm
http://www.acas.org.cnx7a72966b83868.ipv6best.cn/	206	海峡两岸仲裁中心	https://www.pingtan.gov.cn/zwgk/gsgg/202311/t20231124_82337.htm
http://www.acas.org.cnx7a72967233868.ipv6best.cn/	206	海峡两岸仲裁中心	https://www.pingtan.gov.cn/zwgk/ghxx/ztgh/202211/t20221114_38577.htm
https://27-151-80-61xe076966b83868xx.ipv6best.cn:91/#/double-publicity-info	206	信用平潭	https://www.pingtan.gov.cn/zwgk/gsgg/202311/t20231124_82337.htm
https://27-151-80-61xe076967233868xx.ipv6best.cn:91/#/double-publicity-info	206	信用平潭	https://www.pingtan.gov.cn/zwgk/ghxx/ztgh/202211/t20221114_38577.htm
https://bszs-conac-cnxe103966b83868xx.ipv6best.cn/sitename?method=show&amp;id=21E2BB13660E0D66E053012819ACFD9D	206		https://www.pingtan.gov.cn/zwgk/gsgg/202311/t20231124_82337.htm
https://bszs-conac-cnxe103967233868xx.ipv6best.cn/sitename?method=show&amp;id=21E2BB13660E0D66E053012819ACFD9D	206		https://www.pingtan.gov.cn/zwgk/ghxx/ztgh/202211/t20221114_38577.htm
https://credit-xm-gov-cnxd4a4966b83868xx.ipv6best.cn/	206	信用厦门	https://www.pingtan.gov.cn/zwgk/gsgg/202311/t20231124_82337.htm
https://credit-xm-gov-cnxd4a4967233868xx.ipv6best.cn/	206	信用厦门	https://www.pingtan.gov.cn/zwgk/ghxx/ztgh/202211/t20221114_38577.htm
https://fjrb-fjdaily-comx2d93966b83868xx.ipv6best.cn/pc/col/202311/02/node_01.html	206	福建日报	https://www.pingtan.gov.cn/zwgk/gsgg/202311/t20231124_82337.htm
https://fjrb-fjdaily-comx2d93967233868xx.ipv6best.cn/pc/col/202311/02/node_01.html	206	福建日报	https://www.pingtan.gov.cn/zwgk/ghxx/ztgh/202211/t20221114_38577.htm
https://www-beian-gov-cnx45c8966b83868xx.ipv6best.cn/portal/registerSystemInfo?recordcode=35012899001-19002	206	公安备案号：35012899001-19002	https://www.pingtan.gov.cn/zwgk/gsgg/202311/t20231124_82337.htm
https://www-beian-gov-cnx45c8967233868xx.ipv6best.cn/portal/registerSystemInfo?recordcode=35012899001-19002	206	公安备案号：35012899001-19002	https://www.pingtan.gov.cn/zwgk/ghxx/ztgh/202211/t20221114_38577.htm
http://pt.fjbz.org.cnx1e499673a3868.ipv6best.cn:8060/	203	福建省标准信息服务平台	https://www.pingtan.gov.cn/zwgk/zdlyxxgk/aqsc_1/aqjc/202211/t20221103_38145.htm
http://www.acas.org.cnx7a729673a3868.ipv6best.cn/	203	海峡两岸仲裁中心	https://www.pingtan.gov.cn/zwgk/zdlyxxgk/aqsc_1/aqjc/202211/t20221103_38145.htm
https://27-151-80-61xe0769673a3868xx.ipv6best.cn:91/#/double-publicity-info	203	信用平潭	https://www.pingtan.gov.cn/zwgk/zdlyxxgk/aqsc_1/aqjc/202211/t20221103_38145.htm
https://bszs-conac-cnxe1039673a3868xx.ipv6best.cn/sitename?method=show&amp;id=21E2BB13660E0D66E053012819ACFD9D	203		https://www.pingtan.gov.cn/zwgk/zdlyxxgk/aqsc_1/aqjc/202211/t20221103_38145.htm
https://credit-xm-gov-cnxd4a49673a3868xx.ipv6best.cn/	203	信用厦门	https://www.pingtan.gov.cn/zwgk/zdlyxxgk/aqsc_1/aqjc/202211/t20221103_38145.htm
https://fjrb-fjdaily-comx2d939673a3868xx.ipv6best.cn/pc/col/202311/02/node_01.html	203	福建日报	https://www.pingtan.gov.cn/zwgk/zdlyxxgk/aqsc_1/aqjc/202211/t20221103_38145.htm
https://www-beian-gov-cnx45c89673a3868xx.ipv6best.cn/portal/registerSystemInfo?recordcode=35012899001-19002	203	公安备案号：35012899001-19002	https://www.pingtan.gov.cn/zwgk/zdlyxxgk/aqsc_1/aqjc/202211/t20221103_38145.htm
http://pt.fjbz.org.cnx1e49968673868.ipv6best.cn:8060/	201	福建省标准信息服务平台	https://www.pingtan.gov.cn/zwgk/zfxxgk/dfbmptlj/ptzhsyqbm/ptzhsyqgaj/fdzdgknr/gzdt/201503/t20150310_57661.htm
http://www.acas.org.cnx7a72968673868.ipv6best.cn/	201	海峡两岸仲裁中心	https://www.pingtan.gov.cn/zwgk/zfxxgk/dfbmptlj/ptzhsyqbm/ptzhsyqgaj/fdzdgknr/gzdt/201503/t20150310_57661.htm
https://27-151-80-61xe076968673868xx.ipv6best.cn:91/#/double-publicity-info	201	信用平潭	https://www.pingtan.gov.cn/zwgk/zfxxgk/dfbmptlj/ptzhsyqbm/ptzhsyqgaj/fdzdgknr/gzdt/201503/t20150310_57661.htm
https://bszs-conac-cnxe103968673868xx.ipv6best.cn/sitename?method=show&amp;id=21E2BB13660E0D66E053012819ACFD9D	201		https://www.pingtan.gov.cn/zwgk/zfxxgk/dfbmptlj/ptzhsyqbm/ptzhsyqgaj/fdzdgknr/gzdt/201503/t20150310_57661.htm
https://credit-xm-gov-cnxd4a4968673868xx.ipv6best.cn/	201	信用厦门	https://www.pingtan.gov.cn/zwgk/zfxxgk/dfbmptlj/ptzhsyqbm/ptzhsyqgaj/fdzdgknr/gzdt/201503/t20150310_57661.htm
https://fjrb-fjdaily-comx2d93968673868xx.ipv6best.cn/pc/col/202311/02/node_01.html	201	福建日报	https://www.pingtan.gov.cn/zwgk/zfxxgk/dfbmptlj/ptzhsyqbm/ptzhsyqgaj/fdzdgknr/gzdt/201503/t20150310_57661.htm
https://www-beian-gov-cnx45c8968673868xx.ipv6best.cn/portal/registerSystemInfo?recordcode=35012899001-19002	201	公安备案号：35012899001-19002	https://www.pingtan.gov.cn/zwgk/zfxxgk/dfbmptlj/ptzhsyqbm/ptzhsyqgaj/fdzdgknr/gzdt/201503/t20150310_57661.htm
http://pt.fjbz.org.cnx1e49967ca3868.ipv6best.cn:8060/	198	福建省标准信息服务平台	https://www.pingtan.gov.cn/zwgk/ldzc/fld/hdbd/202401/t20240130_86670.htm
http://www.acas.org.cnx7a72967ca3868.ipv6best.cn/	198	海峡两岸仲裁中心	https://www.pingtan.gov.cn/zwgk/ldzc/fld/hdbd/202401/t20240130_86670.htm
https://27-151-80-61xe076967ca3868xx.ipv6best.cn:91/#/double-publicity-info	198	信用平潭	https://www.pingtan.gov.cn/zwgk/ldzc/fld/hdbd/202401/t20240130_86670.htm
https://bszs-conac-cnxe103967ca3868xx.ipv6best.cn/sitename?method=show&amp;id=21E2BB13660E0D66E053012819ACFD9D	198		https://www.pingtan.gov.cn/zwgk/ldzc/fld/hdbd/202401/t20240130_86670.htm
https://credit-xm-gov-cnxd4a4967ca3868xx.ipv6best.cn/	198	信用厦门	https://www.pingtan.gov.cn/zwgk/ldzc/fld/hdbd/202401/t20240130_86670.htm
https://fjrb-fjdaily-comx2d93967ca3868xx.ipv6best.cn/pc/col/202311/02/node_01.html	198	福建日报	https://www.pingtan.gov.cn/zwgk/ldzc/fld/hdbd/202401/t20240130_86670.htm
https://www-beian-gov-cnx45c8967ca3868xx.ipv6best.cn/portal/registerSystemInfo?recordcode=35012899001-19002	198	公安备案号：35012899001-19002	https://www.pingtan.gov.cn/zwgk/ldzc/fld/hdbd/202401/t20240130_86670.htm
http://pt.fjbz.org.cnx1e499674d3868.ipv6best.cn:8060/	196	福建省标准信息服务平台	https://www.pingtan.gov.cn/zwgk/zdlyxxgk/aqsc_1/aqjc/201702/t20170207_6633.htm
http://www.acas.org.cnx7a729674d3868.ipv6best.cn/	196	海峡两岸仲裁中心	https://www.pingtan.gov.cn/zwgk/zdlyxxgk/aqsc_1/aqjc/201702/t20170207_6633.htm
https://27-151-80-61xe0769674d3868xx.ipv6best.cn:91/#/double-publicity-info	196	信用平潭	https://www.pingtan.gov.cn/zwgk/zdlyxxgk/aqsc_1/aqjc/201702/t20170207_6633.htm
https://bszs-conac-cnxe1039674d3868xx.ipv6best.cn/sitename?method=show&amp;id=21E2BB13660E0D66E053012819ACFD9D	196		https://www.pingtan.gov.cn/zwgk/zdlyxxgk/aqsc_1/aqjc/201702/t20170207_6633.htm
https://credit-xm-gov-cnxd4a49674d3868xx.ipv6best.cn/	196	信用厦门	https://www.pingtan.gov.cn/zwgk/zdlyxxgk/aqsc_1/aqjc/201702/t20170207_6633.htm
https://fjrb-fjdaily-comx2d939674d3868xx.ipv6best.cn/pc/col/202311/02/node_01.html	196	福建日报	https://www.pingtan.gov.cn/zwgk/zdlyxxgk/aqsc_1/aqjc/201702/t20170207_6633.htm
https://www-beian-gov-cnx45c89674d3868xx.ipv6best.cn/portal/registerSystemInfo?recordcode=35012899001-19002	196	公安备案号：35012899001-19002	https://www.pingtan.gov.cn/zwgk/zdlyxxgk/aqsc_1/aqjc/201702/t20170207_6633.htm
http://pt.fjbz.org.cnx1e49966c03868.ipv6best.cn:8060/	194	福建省标准信息服务平台	https://www.pingtan.gov.cn/zwgk/gsgg/202301/t20230130_43618.htm
http://pt.fjbz.org.cnx1e49967c43868.ipv6best.cn:8060/	194	福建省标准信息服务平台	https://www.pingtan.gov.cn/zwgk/ldzc/hhy/hdbd/202404/t20240410_88929.htm
http://pt.fjbz.org.cnx1e49968083868.ipv6best.cn:8060/	194	福建省标准信息服务平台	https://www.pingtan.gov.cn/zwgk/yw/ptyw/201903/t20190314_12953.htm
http://www.acas.org.cnx7a72966c03868.ipv6best.cn/	194	海峡两岸仲裁中心	https://www.pingtan.gov.cn/zwgk/gsgg/202301/t20230130_43618.htm
http://www.acas.org.cnx7a72967c43868.ipv6best.cn/	194	海峡两岸仲裁中心	https://www.pingtan.gov.cn/zwgk/ldzc/hhy/hdbd/202404/t20240410_88929.htm
http://www.acas.org.cnx7a72968083868.ipv6best.cn/	194	海峡两岸仲裁中心	https://www.pingtan.gov.cn/zwgk/yw/ptyw/201903/t20190314_12953.htm
https://27-151-80-61xe076966c03868xx.ipv6best.cn:91/#/double-publicity-info	194	信用平潭	https://www.pingtan.gov.cn/zwgk/gsgg/202301/t20230130_43618.htm
https://27-151-80-61xe076967c43868xx.ipv6best.cn:91/#/double-publicity-info	194	信用平潭	https://www.pingtan.gov.cn/zwgk/ldzc/hhy/hdbd/202404/t20240410_88929.htm
https://27-151-80-61xe076968083868xx.ipv6best.cn:91/#/double-publicity-info	194	信用平潭	https://www.pingtan.gov.cn/zwgk/yw/ptyw/201903/t20190314_12953.htm
https://bszs-conac-cnxe103966c03868xx.ipv6best.cn/sitename?method=show&amp;id=21E2BB13660E0D66E053012819ACFD9D	194		https://www.pingtan.gov.cn/zwgk/gsgg/202301/t20230130_43618.htm
https://bszs-conac-cnxe103967c43868xx.ipv6best.cn/sitename?method=show&amp;id=21E2BB13660E0D66E053012819ACFD9D	194		https://www.pingtan.gov.cn/zwgk/ldzc/hhy/hdbd/202404/t20240410_88929.htm
https://bszs-conac-cnxe103968083868xx.ipv6best.cn/sitename?method=show&amp;id=21E2BB13660E0D66E053012819ACFD9D	194		https://www.pingtan.gov.cn/zwgk/yw/ptyw/201903/t20190314_12953.htm
https://credit-xm-gov-cnxd4a4966c03868xx.ipv6best.cn/	194	信用厦门	https://www.pingtan.gov.cn/zwgk/gsgg/202301/t20230130_43618.htm
https://credit-xm-gov-cnxd4a4967c43868xx.ipv6best.cn/	194	信用厦门	https://www.pingtan.gov.cn/zwgk/ldzc/hhy/hdbd/202404/t20240410_88929.htm
https://credit-xm-gov-cnxd4a4968083868xx.ipv6best.cn/	194	信用厦门	https://www.pingtan.gov.cn/zwgk/yw/ptyw/201903/t20190314_12953.htm
https://fjrb-fjdaily-comx2d93966c03868xx.ipv6best.cn/pc/col/202311/02/node_01.html	194	福建日报	https://www.pingtan.gov.cn/zwgk/gsgg/202301/t20230130_43618.htm
https://fjrb-fjdaily-comx2d93967c43868xx.ipv6best.cn/pc/col/202311/02/node_01.html	194	福建日报	https://www.pingtan.gov.cn/zwgk/ldzc/hhy/hdbd/202404/t20240410_88929.htm
https://fjrb-fjdaily-comx2d93968083868xx.ipv6best.cn/pc/col/202311/02/node_01.html	194	福建日报	https://www.pingtan.gov.cn/zwgk/yw/ptyw/201903/t20190314_12953.htm
https://www-beian-gov-cnx45c8966c03868xx.ipv6best.cn/portal/registerSystemInfo?recordcode=35012899001-19002	194	公安备案号：35012899001-19002	https://www.pingtan.gov.cn/zwgk/gsgg/202301/t20230130_43618.htm
https://www-beian-gov-cnx45c8967c43868xx.ipv6best.cn/portal/registerSystemInfo?recordcode=35012899001-19002	194	公安备案号：35012899001-19002	https://www.pingtan.gov.cn/zwgk/ldzc/hhy/hdbd/202404/t20240410_88929.htm
https://www-beian-gov-cnx45c8968083868xx.ipv6best.cn/portal/registerSystemInfo?recordcode=35012899001-19002	194	公安备案号：35012899001-19002	https://www.pingtan.gov.cn/zwgk/yw/ptyw/201903/t20190314_12953.htm
http://pt.fjbz.org.cnx1e49968583868.ipv6best.cn:8060/	193	福建省标准信息服务平台	https://www.pingtan.gov.cn/zwgk/zfxxgk/dfbmptlj/ptzhsyqbm/ptzhsyqczj/fdzdgknr/161qxjzyfj/201708/t20170809_63205.htm
http://www.acas.org.cnx7a72968583868.ipv6best.cn/	193	海峡两岸仲裁中心	https://www.pingtan.gov.cn/zwgk/zfxxgk/dfbmptlj/ptzhsyqbm/ptzhsyqczj/fdzdgknr/161qxjzyfj/201708/t20170809_63205.htm
https://27-151-80-61xe076968583868xx.ipv6best.cn:91/#/double-publicity-info	193	信用平潭	https://www.pingtan.gov.cn/zwgk/zfxxgk/dfbmptlj/ptzhsyqbm/ptzhsyqczj/fdzdgknr/161qxjzyfj/201708/t20170809_63205.htm
https://bszs-conac-cnxe103968583868xx.ipv6best.cn/sitename?method=show&amp;id=21E2BB13660E0D66E053012819ACFD9D	193		https://www.pingtan.gov.cn/zwgk/zfxxgk/dfbmptlj/ptzhsyqbm/ptzhsyqczj/fdzdgknr/161qxjzyfj/201708/t20170809_63205.htm
https://credit-xm-gov-cnxd4a4968583868xx.ipv6best.cn/	193	信用厦门	https://www.pingtan.gov.cn/zwgk/zfxxgk/dfbmptlj/ptzhsyqbm/ptzhsyqczj/fdzdgknr/161qxjzyfj/201708/t20170809_63205.htm
https://fjrb-fjdaily-comx2d93968583868xx.ipv6best.cn/pc/col/202311/02/node_01.html	193	福建日报	https://www.pingtan.gov.cn/zwgk/zfxxgk/dfbmptlj/ptzhsyqbm/ptzhsyqczj/fdzdgknr/161qxjzyfj/201708/t20170809_63205.htm
https://www-beian-gov-cnx45c8968583868xx.ipv6best.cn/portal/registerSystemInfo?recordcode=35012899001-19002	193	公安备案号：35012899001-19002	https://www.pingtan.gov.cn/zwgk/zfxxgk/dfbmptlj/ptzhsyqbm/ptzhsyqczj/fdzdgknr/161qxjzyfj/201708/t20170809_63205.htm
http://pt.fjbz.org.cnx1e49968173868.ipv6best.cn:8060/	191	福建省标准信息服务平台	https://www.pingtan.gov.cn/zwgk/yw/ptyw/201701/t20170111_6481.htm
http://pt.fjbz.org.cnx1e49968603868.ipv6best.cn:8060/	191	福建省标准信息服务平台	https://www.pingtan.gov.cn/zwgk/zfxxgk/dfbmptlj/ptzhsyqbm/ptzhsyqczj/fdzdgknr/12czysjsbg/201601/t20160108_61716.htm
http://www.acas.org.cnx7a72968173868.ipv6best.cn/	191	海峡两岸仲裁中心	https://www.pingtan.gov.cn/zwgk/yw/ptyw/201701/t20170111_6481.htm
http://www.acas.org.cnx7a72968603868.ipv6best.cn/	191	海峡两岸仲裁中心	https://www.pingtan.gov.cn/zwgk/zfxxgk/dfbmptlj/ptzhsyqbm/ptzhsyqczj/fdzdgknr/12czysjsbg/201601/t20160108_61716.htm
https://27-151-80-61xe076968173868xx.ipv6best.cn:91/#/double-publicity-info	191	信用平潭	https://www.pingtan.gov.cn/zwgk/yw/ptyw/201701/t20170111_6481.htm
https://27-151-80-61xe076968603868xx.ipv6best.cn:91/#/double-publicity-info	191	信用平潭	https://www.pingtan.gov.cn/zwgk/zfxxgk/dfbmptlj/ptzhsyqbm/ptzhsyqczj/fdzdgknr/12czysjsbg/201601/t20160108_61716.htm
https://bszs-conac-cnxe103968173868xx.ipv6best.cn/sitename?method=show&amp;id=21E2BB13660E0D66E053012819ACFD9D	191		https://www.pingtan.gov.cn/zwgk/yw/ptyw/201701/t20170111_6481.htm
https://bszs-conac-cnxe103968603868xx.ipv6best.cn/sitename?method=show&amp;id=21E2BB13660E0D66E053012819ACFD9D	191		https://www.pingtan.gov.cn/zwgk/zfxxgk/dfbmptlj/ptzhsyqbm/ptzhsyqczj/fdzdgknr/12czysjsbg/201601/t20160108_61716.htm
https://credit-xm-gov-cnxd4a4968173868xx.ipv6best.cn/	191	信用厦门	https://www.pingtan.gov.cn/zwgk/yw/ptyw/201701/t20170111_6481.htm
https://credit-xm-gov-cnxd4a4968603868xx.ipv6best.cn/	191	信用厦门	https://www.pingtan.gov.cn/zwgk/zfxxgk/dfbmptlj/ptzhsyqbm/ptzhsyqczj/fdzdgknr/12czysjsbg/201601/t20160108_61716.htm
https://fjrb-fjdaily-comx2d93968173868xx.ipv6best.cn/pc/col/202311/02/node_01.html	191	福建日报	https://www.pingtan.gov.cn/zwgk/yw/ptyw/201701/t20170111_6481.htm
https://fjrb-fjdaily-comx2d93968603868xx.ipv6best.cn/pc/col/202311/02/node_01.html	191	福建日报	https://www.pingtan.gov.cn/zwgk/zfxxgk/dfbmptlj/ptzhsyqbm/ptzhsyqczj/fdzdgknr/12czysjsbg/201601/t20160108_61716.htm
https://www-beian-gov-cnx45c8968173868xx.ipv6best.cn/portal/registerSystemInfo?recordcode=35012899001-19002	191	公安备案号：35012899001-19002	https://www.pingtan.gov.cn/zwgk/yw/ptyw/201701/t20170111_6481.htm
https://www-beian-gov-cnx45c8968603868xx.ipv6best.cn/portal/registerSystemInfo?recordcode=35012899001-19002	191	公安备案号：35012899001-19002	https://www.pingtan.gov.cn/zwgk/zfxxgk/dfbmptlj/ptzhsyqbm/ptzhsyqczj/fdzdgknr/12czysjsbg/201601/t20160108_61716.htm
http://pt.fjbz.org.cnx1e49967143868.ipv6best.cn:8060/	190	福建省标准信息服务平台	https://www.pingtan.gov.cn/zwgk/zdlyxxgk/aqsc_1/aqjc/202301/t20230122_43455.htm
http://www.acas.org.cnx7a72967143868.ipv6best.cn/	190	海峡两岸仲裁中心	https://www.pingtan.gov.cn/zwgk/zdlyxxgk/aqsc_1/aqjc/202301/t20230122_43455.htm
https://27-151-80-61xe076967143868xx.ipv6best.cn:91/#/double-publicity-info	190	信用平潭	https://www.pingtan.gov.cn/zwgk/zdlyxxgk/aqsc_1/aqjc/202301/t20230122_43455.htm
https://bszs-conac-cnxe103967143868xx.ipv6best.cn/sitename?method=show&amp;id=21E2BB13660E0D66E053012819ACFD9D	190		https://www.pingtan.gov.cn/zwgk/zdlyxxgk/aqsc_1/aqjc/202301/t20230122_43455.htm
https://credit-xm-gov-cnxd4a4967143868xx.ipv6best.cn/	190	信用厦门	https://www.pingtan.gov.cn/zwgk/zdlyxxgk/aqsc_1/aqjc/202301/t20230122_43455.htm
https://fjrb-fjdaily-comx2d93967143868xx.ipv6best.cn/pc/col/202311/02/node_01.html	190	福建日报	https://www.pingtan.gov.cn/zwgk/zdlyxxgk/aqsc_1/aqjc/202301/t20230122_43455.htm
https://www-beian-gov-cnx45c8967143868xx.ipv6best.cn/portal/registerSystemInfo?recordcode=35012899001-19002	190	公安备案号：35012899001-19002	https://www.pingtan.gov.cn/zwgk/zdlyxxgk/aqsc_1/aqjc/202301/t20230122_43455.htm
http://pt.fjbz.org.cnx1e49967d73868.ipv6best.cn:8060/	189	福建省标准信息服务平台	https://www.pingtan.gov.cn/zwgk/ldzc/fld/hdbd/202308/t20230810_48994.htm
http://pt.fjbz.org.cnx1e49967de3868.ipv6best.cn:8060/	189	福建省标准信息服务平台	https://www.pingtan.gov.cn/zwgk/yw/szywn/202303/t20230322_84774.htm
http://www.acas.org.cnx7a72967d73868.ipv6best.cn/	189	海峡两岸仲裁中心	https://www.pingtan.gov.cn/zwgk/ldzc/fld/hdbd/202308/t20230810_48994.htm
http://www.acas.org.cnx7a72967de3868.ipv6best.cn/	189	海峡两岸仲裁中心	https://www.pingtan.gov.cn/zwgk/yw/szywn/202303/t20230322_84774.htm
https://27-151-80-61xe076967d73868xx.ipv6best.cn:91/#/double-publicity-info	189	信用平潭	https://www.pingtan.gov.cn/zwgk/ldzc/fld/hdbd/202308/t20230810_48994.htm
https://27-151-80-61xe076967de3868xx.ipv6best.cn:91/#/double-publicity-info	189	信用平潭	https://www.pingtan.gov.cn/zwgk/yw/szywn/202303/t20230322_84774.htm
https://bszs-conac-cnxe103967d73868xx.ipv6best.cn/sitename?method=show&amp;id=21E2BB13660E0D66E053012819ACFD9D	189		https://www.pingtan.gov.cn/zwgk/ldzc/fld/hdbd/202308/t20230810_48994.htm
https://bszs-conac-cnxe103967de3868xx.ipv6best.cn/sitename?method=show&amp;id=21E2BB13660E0D66E053012819ACFD9D	189		https://www.pingtan.gov.cn/zwgk/yw/szywn/202303/t20230322_84774.htm
https://credit-xm-gov-cnxd4a4967d73868xx.ipv6best.cn/	189	信用厦门	https://www.pingtan.gov.cn/zwgk/ldzc/fld/hdbd/202308/t20230810_48994.htm
https://credit-xm-gov-cnxd4a4967de3868xx.ipv6best.cn/	189	信用厦门	https://www.pingtan.gov.cn/zwgk/yw/szywn/202303/t20230322_84774.htm
https://fjrb-fjdaily-comx2d93967d73868xx.ipv6best.cn/pc/col/202311/02/node_01.html	189	福建日报	https://www.pingtan.gov.cn/zwgk/ldzc/fld/hdbd/202308/t20230810_48994.htm
https://fjrb-fjdaily-comx2d93967de3868xx.ipv6best.cn/pc/col/202311/02/node_01.html	189	福建日报	https://www.pingtan.gov.cn/zwgk/yw/szywn/202303/t20230322_84774.htm
https://www-beian-gov-cnx45c8967d73868xx.ipv6best.cn/portal/registerSystemInfo?recordcode=35012899001-19002	189	公安备案号：35012899001-19002	https://www.pingtan.gov.cn/zwgk/ldzc/fld/hdbd/202308/t20230810_48994.htm
https://www-beian-gov-cnx45c8967de3868xx.ipv6best.cn/portal/registerSystemInfo?recordcode=35012899001-19002	189	公安备案号：35012899001-19002	https://www.pingtan.gov.cn/zwgk/yw/szywn/202303/t20230322_84774.htm
http://pt.fjbz.org.cnx1e49967d43868.ipv6best.cn:8060/	188	福建省标准信息服务平台	https://www.pingtan.gov.cn/zwgk/ldzc/fld/hdbd/202309/t20230915_50133.htm
http://www.acas.org.cnx7a72967d43868.ipv6best.cn/	188	海峡两岸仲裁中心	https://www.pingtan.gov.cn/zwgk/ldzc/fld/hdbd/202309/t20230915_50133.htm
https://27-151-80-61xe076967d43868xx.ipv6best.cn:91/#/double-publicity-info	188	信用平潭	https://www.pingtan.gov.cn/zwgk/ldzc/fld/hdbd/202309/t20230915_50133.htm
https://bszs-conac-cnxe103967d43868xx.ipv6best.cn/sitename?method=show&amp;id=21E2BB13660E0D66E053012819ACFD9D	188		https://www.pingtan.gov.cn/zwgk/ldzc/fld/hdbd/202309/t20230915_50133.htm
https://credit-xm-gov-cnxd4a4967d43868xx.ipv6best.cn/	188	信用厦门	https://www.pingtan.gov.cn/zwgk/ldzc/fld/hdbd/202309/t20230915_50133.htm
https://fjrb-fjdaily-comx2d93967d43868xx.ipv6best.cn/pc/col/202311/02/node_01.html	188	福建日报	https://www.pingtan.gov.cn/zwgk/ldzc/fld/hdbd/202309/t20230915_50133.htm
https://www-beian-gov-cnx45c8967d43868xx.ipv6best.cn/portal/registerSystemInfo?recordcode=35012899001-19002	188	公安备案号：35012899001-19002	https://www.pingtan.gov.cn/zwgk/ldzc/fld/hdbd/202309/t20230915_50133.htm
http://pt.fjbz.org.cnx1e49966f73868.ipv6best.cn:8060/	187	福建省标准信息服务平台	https://www.pingtan.gov.cn/zwgk/zfxxgk/gwhwj/gmjjhshfzg/201603/t20160302_59576.htm
http://pt.fjbz.org.cnx1e499682a3868.ipv6best.cn:8060/	187	福建省标准信息服务平台	https://www.pingtan.gov.cn/zwgk/zfxxgk/dfbmptlj/ptzhsyqbm/ptzhsyqczj/fdzdgknr/10qtwjdzjg/202404/t20240429_89589.htm
http://www.acas.org.cnx7a72966f73868.ipv6best.cn/	187	海峡两岸仲裁中心	https://www.pingtan.gov.cn/zwgk/zfxxgk/gwhwj/gmjjhshfzg/201603/t20160302_59576.htm
http://www.acas.org.cnx7a729682a3868.ipv6best.cn/	187	海峡两岸仲裁中心	https://www.pingtan.gov.cn/zwgk/zfxxgk/dfbmptlj/ptzhsyqbm/ptzhsyqczj/fdzdgknr/10qtwjdzjg/202404/t20240429_89589.htm
https://27-151-80-61xe076966f73868xx.ipv6best.cn:91/#/double-publicity-info	187	信用平潭	https://www.pingtan.gov.cn/zwgk/zfxxgk/gwhwj/gmjjhshfzg/201603/t20160302_59576.htm
https://27-151-80-61xe0769682a3868xx.ipv6best.cn:91/#/double-publicity-info	187	信用平潭	https://www.pingtan.gov.cn/zwgk/zfxxgk/dfbmptlj/ptzhsyqbm/ptzhsyqczj/fdzdgknr/10qtwjdzjg/202404/t20240429_89589.htm
https://bszs-conac-cnxe103966f73868xx.ipv6best.cn/sitename?method=show&amp;id=21E2BB13660E0D66E053012819ACFD9D	187		https://www.pingtan.gov.cn/zwgk/zfxxgk/gwhwj/gmjjhshfzg/201603/t20160302_59576.htm
https://bszs-conac-cnxe1039682a3868xx.ipv6best.cn/sitename?method=show&amp;id=21E2BB13660E0D66E053012819ACFD9D	187		https://www.pingtan.gov.cn/zwgk/zfxxgk/dfbmptlj/ptzhsyqbm/ptzhsyqczj/fdzdgknr/10qtwjdzjg/202404/t20240429_89589.htm
https://credit-xm-gov-cnxd4a4966f73868xx.ipv6best.cn/	187	信用厦门	https://www.pingtan.gov.cn/zwgk/zfxxgk/gwhwj/gmjjhshfzg/201603/t20160302_59576.htm
https://credit-xm-gov-cnxd4a49682a3868xx.ipv6best.cn/	187	信用厦门	https://www.pingtan.gov.cn/zwgk/zfxxgk/dfbmptlj/ptzhsyqbm/ptzhsyqczj/fdzdgknr/10qtwjdzjg/202404/t20240429_89589.htm
https://fjrb-fjdaily-comx2d93966f73868xx.ipv6best.cn/pc/col/202311/02/node_01.html	187	福建日报	https://www.pingtan.gov.cn/zwgk/zfxxgk/gwhwj/gmjjhshfzg/201603/t20160302_59576.htm
https://fjrb-fjdaily-comx2d939682a3868xx.ipv6best.cn/pc/col/202311/02/node_01.html	187	福建日报	https://www.pingtan.gov.cn/zwgk/zfxxgk/dfbmptlj/ptzhsyqbm/ptzhsyqczj/fdzdgknr/10qtwjdzjg/202404/t20240429_89589.htm
https://www-beian-gov-cnx45c8966f73868xx.ipv6best.cn/portal/registerSystemInfo?recordcode=35012899001-19002	187	公安备案号：35012899001-19002	https://www.pingtan.gov.cn/zwgk/zfxxgk/gwhwj/gmjjhshfzg/201603/t20160302_59576.htm
https://www-beian-gov-cnx45c89682a3868xx.ipv6best.cn/portal/registerSystemInfo?recordcode=35012899001-19002	187	公安备案号：35012899001-19002	https://www.pingtan.gov.cn/zwgk/zfxxgk/dfbmptlj/ptzhsyqbm/ptzhsyqczj/fdzdgknr/10qtwjdzjg/202404/t20240429_89589.htm
http://pt.fjbz.org.cnx1e49967f93868.ipv6best.cn:8060/	186	福建省标准信息服务平台	https://www.pingtan.gov.cn/zwgk/zfhy/dgwhy/202306/t20230626_47607.htm
http://pt.fjbz.org.cnx1e49968233868.ipv6best.cn:8060/	186	福建省标准信息服务平台	https://www.pingtan.gov.cn/zwgk/yw/ptyw/201510/t20151029_1565.htm
http://www.acas.org.cnx7a72967f93868.ipv6best.cn/	186	海峡两岸仲裁中心	https://www.pingtan.gov.cn/zwgk/zfhy/dgwhy/202306/t20230626_47607.htm
http://www.acas.org.cnx7a72968233868.ipv6best.cn/	186	海峡两岸仲裁中心	https://www.pingtan.gov.cn/zwgk/yw/ptyw/201510/t20151029_1565.htm
https://27-151-80-61xe076967f93868xx.ipv6best.cn:91/#/double-publicity-info	186	信用平潭	https://www.pingtan.gov.cn/zwgk/zfhy/dgwhy/202306/t20230626_47607.htm
https://27-151-80-61xe076968233868xx.ipv6best.cn:91/#/double-publicity-info	186	信用平潭	https://www.pingtan.gov.cn/zwgk/yw/ptyw/201510/t20151029_1565.htm
https://bszs-conac-cnxe103967f93868xx.ipv6best.cn/sitename?method=show&amp;id=21E2BB13660E0D66E053012819ACFD9D	186		https://www.pingtan.gov.cn/zwgk/zfhy/dgwhy/202306/t20230626_47607.htm
https://bszs-conac-cnxe103968233868xx.ipv6best.cn/sitename?method=show&amp;id=21E2BB13660E0D66E053012819ACFD9D	186		https://www.pingtan.gov.cn/zwgk/yw/ptyw/201510/t20151029_1565.htm
https://credit-xm-gov-cnxd4a4967f93868xx.ipv6best.cn/	186	信用厦门	https://www.pingtan.gov.cn/zwgk/zfhy/dgwhy/202306/t20230626_47607.htm
https://credit-xm-gov-cnxd4a4968233868xx.ipv6best.cn/	186	信用厦门	https://www.pingtan.gov.cn/zwgk/yw/ptyw/201510/t20151029_1565.htm
https://fjrb-fjdaily-comx2d93967f93868xx.ipv6best.cn/pc/col/202311/02/node_01.html	186	福建日报	https://www.pingtan.gov.cn/zwgk/zfhy/dgwhy/202306/t20230626_47607.htm
https://fjrb-fjdaily-comx2d93968233868xx.ipv6best.cn/pc/col/202311/02/node_01.html	186	福建日报	https://www.pingtan.gov.cn/zwgk/yw/ptyw/201510/t20151029_1565.htm
https://www-beian-gov-cnx45c8967f93868xx.ipv6best.cn/portal/registerSystemInfo?recordcode=35012899001-19002	186	公安备案号：35012899001-19002	https://www.pingtan.gov.cn/zwgk/zfhy/dgwhy/202306/t20230626_47607.htm
https://www-beian-gov-cnx45c8968233868xx.ipv6best.cn/portal/registerSystemInfo?recordcode=35012899001-19002	186	公安备案号：35012899001-19002	https://www.pingtan.gov.cn/zwgk/yw/ptyw/201510/t20151029_1565.htm
http://pt.fjbz.org.cnx1e49967ff3868.ipv6best.cn:8060/	185	福建省标准信息服务平台	https://www.pingtan.gov.cn/zwgk/yw/ptyw/202102/t20210224_24980.htm
http://www.acas.org.cnx7a72967ff3868.ipv6best.cn/	185	海峡两岸仲裁中心	https://www.pingtan.gov.cn/zwgk/yw/ptyw/202102/t20210224_24980.htm
https://27-151-80-61xe076967ff3868xx.ipv6best.cn:91/#/double-publicity-info	185	信用平潭	https://www.pingtan.gov.cn/zwgk/yw/ptyw/202102/t20210224_24980.htm
https://bszs-conac-cnxe103967ff3868xx.ipv6best.cn/sitename?method=show&amp;id=21E2BB13660E0D66E053012819ACFD9D	185		https://www.pingtan.gov.cn/zwgk/yw/ptyw/202102/t20210224_24980.htm
https://credit-xm-gov-cnxd4a4967ff3868xx.ipv6best.cn/	185	信用厦门	https://www.pingtan.gov.cn/zwgk/yw/ptyw/202102/t20210224_24980.htm
https://fjrb-fjdaily-comx2d93967ff3868xx.ipv6best.cn/pc/col/202311/02/node_01.html	185	福建日报	https://www.pingtan.gov.cn/zwgk/yw/ptyw/202102/t20210224_24980.htm
https://www-beian-gov-cnx45c8967ff3868xx.ipv6best.cn/portal/registerSystemInfo?recordcode=35012899001-19002	185	公安备案号：35012899001-19002	https://www.pingtan.gov.cn/zwgk/yw/ptyw/202102/t20210224_24980.htm
http://pt.fjbz.org.cnx1e49967243868.ipv6best.cn:8060/	184	福建省标准信息服务平台	https://www.pingtan.gov.cn/zwgk/ghxx/zxgh/202211/t20221128_41767.htm
http://www.acas.org.cnx7a72967243868.ipv6best.cn/	184	海峡两岸仲裁中心	https://www.pingtan.gov.cn/zwgk/ghxx/zxgh/202211/t20221128_41767.htm
https://27-151-80-61xe076967243868xx.ipv6best.cn:91/#/double-publicity-info	184	信用平潭	https://www.pingtan.gov.cn/zwgk/ghxx/zxgh/202211/t20221128_41767.htm
https://bszs-conac-cnxe103967243868xx.ipv6best.cn/sitename?method=show&amp;id=21E2BB13660E0D66E053012819ACFD9D	184		https://www.pingtan.gov.cn/zwgk/ghxx/zxgh/202211/t20221128_41767.htm
https://credit-xm-gov-cnxd4a4967243868xx.ipv6best.cn/	184	信用厦门	https://www.pingtan.gov.cn/zwgk/ghxx/zxgh/202211/t20221128_41767.htm
https://fjrb-fjdaily-comx2d93967243868xx.ipv6best.cn/pc/col/202311/02/node_01.html	184	福建日报	https://www.pingtan.gov.cn/zwgk/ghxx/zxgh/202211/t20221128_41767.htm
https://www-beian-gov-cnx45c8967243868xx.ipv6best.cn/portal/registerSystemInfo?recordcode=35012899001-19002	184	公安备案号：35012899001-19002	https://www.pingtan.gov.cn/zwgk/ghxx/zxgh/202211/t20221128_41767.htm
http://pt.fjbz.org.cnx1e49966e93868.ipv6best.cn:8060/	183	福建省标准信息服务平台	https://www.pingtan.gov.cn/zwgk/zfxxgk/gwhwj/gmjjhshfzg/202111/t20211110_74861.htm
http://pt.fjbz.org.cnx1e49967253868.ipv6best.cn:8060/	183	福建省标准信息服务平台	https://www.pingtan.gov.cn/zwgk/zdlyxxgk/aqsc_1/aqjc/202109/t20210926_28288.htm
http://pt.fjbz.org.cnx1e49967d63868.ipv6best.cn:8060/	183	福建省标准信息服务平台	https://www.pingtan.gov.cn/zwgk/ldzc/fld/hdbd/202308/t20230828_49467.htm
http://www.acas.org.cnx7a72966e93868.ipv6best.cn/	183	海峡两岸仲裁中心	https://www.pingtan.gov.cn/zwgk/zfxxgk/gwhwj/gmjjhshfzg/202111/t20211110_74861.htm
http://www.acas.org.cnx7a72967253868.ipv6best.cn/	183	海峡两岸仲裁中心	https://www.pingtan.gov.cn/zwgk/zdlyxxgk/aqsc_1/aqjc/202109/t20210926_28288.htm
http://www.acas.org.cnx7a72967d63868.ipv6best.cn/	183	海峡两岸仲裁中心	https://www.pingtan.gov.cn/zwgk/ldzc/fld/hdbd/202308/t20230828_49467.htm
https://27-151-80-61xe076966e93868xx.ipv6best.cn:91/#/double-publicity-info	183	信用平潭	https://www.pingtan.gov.cn/zwgk/zfxxgk/gwhwj/gmjjhshfzg/202111/t20211110_74861.htm
https://27-151-80-61xe076967253868xx.ipv6best.cn:91/#/double-publicity-info	183	信用平潭	https://www.pingtan.gov.cn/zwgk/zdlyxxgk/aqsc_1/aqjc/202109/t20210926_28288.htm
https://27-151-80-61xe076967d63868xx.ipv6best.cn:91/#/double-publicity-info	183	信用平潭	https://www.pingtan.gov.cn/zwgk/ldzc/fld/hdbd/202308/t20230828_49467.htm
https://bszs-conac-cnxe103966e93868xx.ipv6best.cn/sitename?method=show&amp;id=21E2BB13660E0D66E053012819ACFD9D	183		https://www.pingtan.gov.cn/zwgk/zfxxgk/gwhwj/gmjjhshfzg/202111/t20211110_74861.htm
https://bszs-conac-cnxe103967253868xx.ipv6best.cn/sitename?method=show&amp;id=21E2BB13660E0D66E053012819ACFD9D	183		https://www.pingtan.gov.cn/zwgk/zdlyxxgk/aqsc_1/aqjc/202109/t20210926_28288.htm
https://bszs-conac-cnxe103967d63868xx.ipv6best.cn/sitename?method=show&amp;id=21E2BB13660E0D66E053012819ACFD9D	183		https://www.pingtan.gov.cn/zwgk/ldzc/fld/hdbd/202308/t20230828_49467.htm
https://credit-xm-gov-cnxd4a4966e93868xx.ipv6best.cn/	183	信用厦门	https://www.pingtan.gov.cn/zwgk/zfxxgk/gwhwj/gmjjhshfzg/202111/t20211110_74861.htm
https://credit-xm-gov-cnxd4a4967253868xx.ipv6best.cn/	183	信用厦门	https://www.pingtan.gov.cn/zwgk/zdlyxxgk/aqsc_1/aqjc/202109/t20210926_28288.htm
https://credit-xm-gov-cnxd4a4967d63868xx.ipv6best.cn/	183	信用厦门	https://www.pingtan.gov.cn/zwgk/ldzc/fld/hdbd/202308/t20230828_49467.htm
https://fjrb-fjdaily-comx2d93966e93868xx.ipv6best.cn/pc/col/202311/02/node_01.html	183	福建日报	https://www.pingtan.gov.cn/zwgk/zfxxgk/gwhwj/gmjjhshfzg/202111/t20211110_74861.htm
https://fjrb-fjdaily-comx2d93967253868xx.ipv6best.cn/pc/col/202311/02/node_01.html	183	福建日报	https://www.pingtan.gov.cn/zwgk/zdlyxxgk/aqsc_1/aqjc/202109/t20210926_28288.htm
https://fjrb-fjdaily-comx2d93967d63868xx.ipv6best.cn/pc/col/202311/02/node_01.html	183	福建日报	https://www.pingtan.gov.cn/zwgk/ldzc/fld/hdbd/202308/t20230828_49467.htm
https://www-beian-gov-cnx45c8966e93868xx.ipv6best.cn/portal/registerSystemInfo?recordcode=35012899001-19002	183	公安备案号：35012899001-19002	https://www.pingtan.gov.cn/zwgk/zfxxgk/gwhwj/gmjjhshfzg/202111/t20211110_74861.htm
https://www-beian-gov-cnx45c8967253868xx.ipv6best.cn/portal/registerSystemInfo?recordcode=35012899001-19002	183	公安备案号：35012899001-19002	https://www.pingtan.gov.cn/zwgk/zdlyxxgk/aqsc_1/aqjc/202109/t20210926_28288.htm
https://www-beian-gov-cnx45c8967d63868xx.ipv6best.cn/portal/registerSystemInfo?recordcode=35012899001-19002	183	公安备案号：35012899001-19002	https://www.pingtan.gov.cn/zwgk/ldzc/fld/hdbd/202308/t20230828_49467.htm
http://pt.fjbz.org.cnx1e49966b03868.ipv6best.cn:8060/	180	福建省标准信息服务平台	https://www.pingtan.gov.cn/zwgk/gsgg/202211/t20221114_38753.htm
http://pt.fjbz.org.cnx1e49967093868.ipv6best.cn:8060/	180	福建省标准信息服务平台	https://www.pingtan.gov.cn/zwgk/tjxx/sjtj/202401/t20240129_86588.htm
http://pt.fjbz.org.cnx1e49968433868.ipv6best.cn:8060/	180	福建省标准信息服务平台	https://www.pingtan.gov.cn/zwgk/zfxxgk/dfbmptlj/ptzhsyqbm/ptzhsyqczj/fdzdgknr/165fpjyyls/202010/t20201020_71972.htm
http://www.acas.org.cnx7a72966b03868.ipv6best.cn/	180	海峡两岸仲裁中心	https://www.pingtan.gov.cn/zwgk/gsgg/202211/t20221114_38753.htm
http://www.acas.org.cnx7a72967093868.ipv6best.cn/	180	海峡两岸仲裁中心	https://www.pingtan.gov.cn/zwgk/tjxx/sjtj/202401/t20240129_86588.htm
http://www.acas.org.cnx7a72968433868.ipv6best.cn/	180	海峡两岸仲裁中心	https://www.pingtan.gov.cn/zwgk/zfxxgk/dfbmptlj/ptzhsyqbm/ptzhsyqczj/fdzdgknr/165fpjyyls/202010/t20201020_71972.htm
https://27-151-80-61xe076966b03868xx.ipv6best.cn:91/#/double-publicity-info	180	信用平潭	https://www.pingtan.gov.cn/zwgk/gsgg/202211/t20221114_38753.htm
https://27-151-80-61xe076967093868xx.ipv6best.cn:91/#/double-publicity-info	180	信用平潭	https://www.pingtan.gov.cn/zwgk/tjxx/sjtj/202401/t20240129_86588.htm
https://27-151-80-61xe076968433868xx.ipv6best.cn:91/#/double-publicity-info	180	信用平潭	https://www.pingtan.gov.cn/zwgk/zfxxgk/dfbmptlj/ptzhsyqbm/ptzhsyqczj/fdzdgknr/165fpjyyls/202010/t20201020_71972.htm
https://bszs-conac-cnxe103966b03868xx.ipv6best.cn/sitename?method=show&amp;id=21E2BB13660E0D66E053012819ACFD9D	180		https://www.pingtan.gov.cn/zwgk/gsgg/202211/t20221114_38753.htm
https://bszs-conac-cnxe103967093868xx.ipv6best.cn/sitename?method=show&amp;id=21E2BB13660E0D66E053012819ACFD9D	180		https://www.pingtan.gov.cn/zwgk/tjxx/sjtj/202401/t20240129_86588.htm
https://bszs-conac-cnxe103968433868xx.ipv6best.cn/sitename?method=show&amp;id=21E2BB13660E0D66E053012819ACFD9D	180		https://www.pingtan.gov.cn/zwgk/zfxxgk/dfbmptlj/ptzhsyqbm/ptzhsyqczj/fdzdgknr/165fpjyyls/202010/t20201020_71972.htm
https://credit-xm-gov-cnxd4a4966b03868xx.ipv6best.cn/	180	信用厦门	https://www.pingtan.gov.cn/zwgk/gsgg/202211/t20221114_38753.htm
https://credit-xm-gov-cnxd4a4967093868xx.ipv6best.cn/	180	信用厦门	https://www.pingtan.gov.cn/zwgk/tjxx/sjtj/202401/t20240129_86588.htm
https://credit-xm-gov-cnxd4a4968433868xx.ipv6best.cn/	180	信用厦门	https://www.pingtan.gov.cn/zwgk/zfxxgk/dfbmptlj/ptzhsyqbm/ptzhsyqczj/fdzdgknr/165fpjyyls/202010/t20201020_71972.htm
https://fjrb-fjdaily-comx2d93966b03868xx.ipv6best.cn/pc/col/202311/02/node_01.html	180	福建日报	https://www.pingtan.gov.cn/zwgk/gsgg/202211/t20221114_38753.htm
https://fjrb-fjdaily-comx2d93967093868xx.ipv6best.cn/pc/col/202311/02/node_01.html	180	福建日报	https://www.pingtan.gov.cn/zwgk/tjxx/sjtj/202401/t20240129_86588.htm
https://fjrb-fjdaily-comx2d93968433868xx.ipv6best.cn/pc/col/202311/02/node_01.html	180	福建日报	https://www.pingtan.gov.cn/zwgk/zfxxgk/dfbmptlj/ptzhsyqbm/ptzhsyqczj/fdzdgknr/165fpjyyls/202010/t20201020_71972.htm
https://www-beian-gov-cnx45c8966b03868xx.ipv6best.cn/portal/registerSystemInfo?recordcode=35012899001-19002	180	公安备案号：35012899001-19002	https://www.pingtan.gov.cn/zwgk/gsgg/202211/t20221114_38753.htm
https://www-beian-gov-cnx45c8967093868xx.ipv6best.cn/portal/registerSystemInfo?recordcode=35012899001-19002	180	公安备案号：35012899001-19002	https://www.pingtan.gov.cn/zwgk/tjxx/sjtj/202401/t20240129_86588.htm
https://www-beian-gov-cnx45c8968433868xx.ipv6best.cn/portal/registerSystemInfo?recordcode=35012899001-19002	180	公安备案号：35012899001-19002	https://www.pingtan.gov.cn/zwgk/zfxxgk/dfbmptlj/ptzhsyqbm/ptzhsyqczj/fdzdgknr/165fpjyyls/202010/t20201020_71972.htm
http://pt.fjbz.org.cnx1e49966ed3868.ipv6best.cn:8060/	179	福建省标准信息服务平台	https://www.pingtan.gov.cn/zwgk/zfxxgk/gwhwj/cxjshgldzd/202012/t20201229_72129.htm
http://pt.fjbz.org.cnx1e499682d3868.ipv6best.cn:8060/	179	福建省标准信息服务平台	https://www.pingtan.gov.cn/zwgk/zfxxgk/dfbmptlj/ptzhsyqbm/ptzhsyqczj/fdzdgknr/10qtwjdzjg/202309/t20230907_80173.htm
http://pt.fjbz.org.cnx1e499685e3868.ipv6best.cn:8060/	179	福建省标准信息服务平台	https://www.pingtan.gov.cn/zwgk/zfxxgk/dfbmptlj/ptzhsyqbm/ptzhsyqczj/fdzdgknr/1jgszzyznb/201606/t20160623_61781.htm
http://www.acas.org.cnx7a72966ed3868.ipv6best.cn/	179	海峡两岸仲裁中心	https://www.pingtan.gov.cn/zwgk/zfxxgk/gwhwj/cxjshgldzd/202012/t20201229_72129.htm
http://www.acas.org.cnx7a729682d3868.ipv6best.cn/	179	海峡两岸仲裁中心	https://www.pingtan.gov.cn/zwgk/zfxxgk/dfbmptlj/ptzhsyqbm/ptzhsyqczj/fdzdgknr/10qtwjdzjg/202309/t20230907_80173.htm
http://www.acas.org.cnx7a729685e3868.ipv6best.cn/	179	海峡两岸仲裁中心	https://www.pingtan.gov.cn/zwgk/zfxxgk/dfbmptlj/ptzhsyqbm/ptzhsyqczj/fdzdgknr/1jgszzyznb/201606/t20160623_61781.htm
https://27-151-80-61xe076966ed3868xx.ipv6best.cn:91/#/double-publicity-info	179	信用平潭	https://www.pingtan.gov.cn/zwgk/zfxxgk/gwhwj/cxjshgldzd/202012/t20201229_72129.htm
https://27-151-80-61xe0769682d3868xx.ipv6best.cn:91/#/double-publicity-info	179	信用平潭	https://www.pingtan.gov.cn/zwgk/zfxxgk/dfbmptlj/ptzhsyqbm/ptzhsyqczj/fdzdgknr/10qtwjdzjg/202309/t20230907_80173.htm
https://27-151-80-61xe0769685e3868xx.ipv6best.cn:91/#/double-publicity-info	179	信用平潭	https://www.pingtan.gov.cn/zwgk/zfxxgk/dfbmptlj/ptzhsyqbm/ptzhsyqczj/fdzdgknr/1jgszzyznb/201606/t20160623_61781.htm
https://bszs-conac-cnxe103966ed3868xx.ipv6best.cn/sitename?method=show&amp;id=21E2BB13660E0D66E053012819ACFD9D	179		https://www.pingtan.gov.cn/zwgk/zfxxgk/gwhwj/cxjshgldzd/202012/t20201229_72129.htm
https://bszs-conac-cnxe1039682d3868xx.ipv6best.cn/sitename?method=show&amp;id=21E2BB13660E0D66E053012819ACFD9D	179		https://www.pingtan.gov.cn/zwgk/zfxxgk/dfbmptlj/ptzhsyqbm/ptzhsyqczj/fdzdgknr/10qtwjdzjg/202309/t20230907_80173.htm
https://bszs-conac-cnxe1039685e3868xx.ipv6best.cn/sitename?method=show&amp;id=21E2BB13660E0D66E053012819ACFD9D	179		https://www.pingtan.gov.cn/zwgk/zfxxgk/dfbmptlj/ptzhsyqbm/ptzhsyqczj/fdzdgknr/1jgszzyznb/201606/t20160623_61781.htm
https://credit-xm-gov-cnxd4a4966ed3868xx.ipv6best.cn/	179	信用厦门	https://www.pingtan.gov.cn/zwgk/zfxxgk/gwhwj/cxjshgldzd/202012/t20201229_72129.htm
https://credit-xm-gov-cnxd4a49682d3868xx.ipv6best.cn/	179	信用厦门	https://www.pingtan.gov.cn/zwgk/zfxxgk/dfbmptlj/ptzhsyqbm/ptzhsyqczj/fdzdgknr/10qtwjdzjg/202309/t20230907_80173.htm
https://credit-xm-gov-cnxd4a49685e3868xx.ipv6best.cn/	179	信用厦门	https://www.pingtan.gov.cn/zwgk/zfxxgk/dfbmptlj/ptzhsyqbm/ptzhsyqczj/fdzdgknr/1jgszzyznb/201606/t20160623_61781.htm
https://fjrb-fjdaily-comx2d93966ed3868xx.ipv6best.cn/pc/col/202311/02/node_01.html	179	福建日报	https://www.pingtan.gov.cn/zwgk/zfxxgk/gwhwj/cxjshgldzd/202012/t20201229_72129.htm
https://fjrb-fjdaily-comx2d939682d3868xx.ipv6best.cn/pc/col/202311/02/node_01.html	179	福建日报	https://www.pingtan.gov.cn/zwgk/zfxxgk/dfbmptlj/ptzhsyqbm/ptzhsyqczj/fdzdgknr/10qtwjdzjg/202309/t20230907_80173.htm
https://fjrb-fjdaily-comx2d939685e3868xx.ipv6best.cn/pc/col/202311/02/node_01.html	179	福建日报	https://www.pingtan.gov.cn/zwgk/zfxxgk/dfbmptlj/ptzhsyqbm/ptzhsyqczj/fdzdgknr/1jgszzyznb/201606/t20160623_61781.htm
https://www-beian-gov-cnx45c8966ed3868xx.ipv6best.cn/portal/registerSystemInfo?recordcode=35012899001-19002	179	公安备案号：35012899001-19002	https://www.pingtan.gov.cn/zwgk/zfxxgk/gwhwj/cxjshgldzd/202012/t20201229_72129.htm
https://www-beian-gov-cnx45c89682d3868xx.ipv6best.cn/portal/registerSystemInfo?recordcode=35012899001-19002	179	公安备案号：35012899001-19002	https://www.pingtan.gov.cn/zwgk/zfxxgk/dfbmptlj/ptzhsyqbm/ptzhsyqczj/fdzdgknr/10qtwjdzjg/202309/t20230907_80173.htm
https://www-beian-gov-cnx45c89685e3868xx.ipv6best.cn/portal/registerSystemInfo?recordcode=35012899001-19002	179	公安备案号：35012899001-19002	https://www.pingtan.gov.cn/zwgk/zfxxgk/dfbmptlj/ptzhsyqbm/ptzhsyqczj/fdzdgknr/1jgszzyznb/201606/t20160623_61781.htm
http://pt.fjbz.org.cnx1e49966c43868.ipv6best.cn:8060/	178	福建省标准信息服务平台	https://www.pingtan.gov.cn/zwgk/gsgg/202205/t20220510_33670.htm
http://pt.fjbz.org.cnx1e49967d93868.ipv6best.cn:8060/	178	福建省标准信息服务平台	https://www.pingtan.gov.cn/zwgk/ldzc/fld/hdbd/202306/t20230630_47737.htm
http://www.acas.org.cnx7a72966c43868.ipv6best.cn/	178	海峡两岸仲裁中心	https://www.pingtan.gov.cn/zwgk/gsgg/202205/t20220510_33670.htm
http://www.acas.org.cnx7a72967d93868.ipv6best.cn/	178	海峡两岸仲裁中心	https://www.pingtan.gov.cn/zwgk/ldzc/fld/hdbd/202306/t20230630_47737.htm
https://27-151-80-61xe076966c43868xx.ipv6best.cn:91/#/double-publicity-info	178	信用平潭	https://www.pingtan.gov.cn/zwgk/gsgg/202205/t20220510_33670.htm
https://27-151-80-61xe076967d93868xx.ipv6best.cn:91/#/double-publicity-info	178	信用平潭	https://www.pingtan.gov.cn/zwgk/ldzc/fld/hdbd/202306/t20230630_47737.htm
https://bszs-conac-cnxe103966c43868xx.ipv6best.cn/sitename?method=show&amp;id=21E2BB13660E0D66E053012819ACFD9D	178		https://www.pingtan.gov.cn/zwgk/gsgg/202205/t20220510_33670.htm
https://bszs-conac-cnxe103967d93868xx.ipv6best.cn/sitename?method=show&amp;id=21E2BB13660E0D66E053012819ACFD9D	178		https://www.pingtan.gov.cn/zwgk/ldzc/fld/hdbd/202306/t20230630_47737.htm
https://credit-xm-gov-cnxd4a4966c43868xx.ipv6best.cn/	178	信用厦门	https://www.pingtan.gov.cn/zwgk/gsgg/202205/t20220510_33670.htm
https://credit-xm-gov-cnxd4a4967d93868xx.ipv6best.cn/	178	信用厦门	https://www.pingtan.gov.cn/zwgk/ldzc/fld/hdbd/202306/t20230630_47737.htm
https://fjrb-fjdaily-comx2d93966c43868xx.ipv6best.cn/pc/col/202311/02/node_01.html	178	福建日报	https://www.pingtan.gov.cn/zwgk/gsgg/202205/t20220510_33670.htm
https://fjrb-fjdaily-comx2d93967d93868xx.ipv6best.cn/pc/col/202311/02/node_01.html	178	福建日报	https://www.pingtan.gov.cn/zwgk/ldzc/fld/hdbd/202306/t20230630_47737.htm
https://www-beian-gov-cnx45c8966c43868xx.ipv6best.cn/portal/registerSystemInfo?recordcode=35012899001-19002	178	公安备案号：35012899001-19002	https://www.pingtan.gov.cn/zwgk/gsgg/202205/t20220510_33670.htm
https://www-beian-gov-cnx45c8967d93868xx.ipv6best.cn/portal/registerSystemInfo?recordcode=35012899001-19002	178	公安备案号：35012899001-19002	https://www.pingtan.gov.cn/zwgk/ldzc/fld/hdbd/202306/t20230630_47737.htm
http://pt.fjbz.org.cnx1e499683f3868.ipv6best.cn:8060/	177	福建省标准信息服务平台	https://www.pingtan.gov.cn/zwgk/zfxxgk/dfbmptlj/ptzhsyqbm/ptzhsyqczj/fdzdgknr/12czysjsbg/202102/t20210204_72789.htm
http://pt.fjbz.org.cnx1e49968623868.ipv6best.cn:8060/	177	福建省标准信息服务平台	https://www.pingtan.gov.cn/zwgk/zfxxgk/dfbmptlj/ptzhsyqbm/ptzhsyqczj/fdzdgknr/10qtwjdzjg/201508/t20150825_58447.htm
http://www.acas.org.cnx7a729683f3868.ipv6best.cn/	177	海峡两岸仲裁中心	https://www.pingtan.gov.cn/zwgk/zfxxgk/dfbmptlj/ptzhsyqbm/ptzhsyqczj/fdzdgknr/12czysjsbg/202102/t20210204_72789.htm
http://www.acas.org.cnx7a72968623868.ipv6best.cn/	177	海峡两岸仲裁中心	https://www.pingtan.gov.cn/zwgk/zfxxgk/dfbmptlj/ptzhsyqbm/ptzhsyqczj/fdzdgknr/10qtwjdzjg/201508/t20150825_58447.htm
https://27-151-80-61xe0769683f3868xx.ipv6best.cn:91/#/double-publicity-info	177	信用平潭	https://www.pingtan.gov.cn/zwgk/zfxxgk/dfbmptlj/ptzhsyqbm/ptzhsyqczj/fdzdgknr/12czysjsbg/202102/t20210204_72789.htm
https://27-151-80-61xe076968623868xx.ipv6best.cn:91/#/double-publicity-info	177	信用平潭	https://www.pingtan.gov.cn/zwgk/zfxxgk/dfbmptlj/ptzhsyqbm/ptzhsyqczj/fdzdgknr/10qtwjdzjg/201508/t20150825_58447.htm
https://bszs-conac-cnxe1039683f3868xx.ipv6best.cn/sitename?method=show&amp;id=21E2BB13660E0D66E053012819ACFD9D	177		https://www.pingtan.gov.cn/zwgk/zfxxgk/dfbmptlj/ptzhsyqbm/ptzhsyqczj/fdzdgknr/12czysjsbg/202102/t20210204_72789.htm
https://bszs-conac-cnxe103968623868xx.ipv6best.cn/sitename?method=show&amp;id=21E2BB13660E0D66E053012819ACFD9D	177		https://www.pingtan.gov.cn/zwgk/zfxxgk/dfbmptlj/ptzhsyqbm/ptzhsyqczj/fdzdgknr/10qtwjdzjg/201508/t20150825_58447.htm
https://credit-xm-gov-cnxd4a49683f3868xx.ipv6best.cn/	177	信用厦门	https://www.pingtan.gov.cn/zwgk/zfxxgk/dfbmptlj/ptzhsyqbm/ptzhsyqczj/fdzdgknr/12czysjsbg/202102/t20210204_72789.htm
https://credit-xm-gov-cnxd4a4968623868xx.ipv6best.cn/	177	信用厦门	https://www.pingtan.gov.cn/zwgk/zfxxgk/dfbmptlj/ptzhsyqbm/ptzhsyqczj/fdzdgknr/10qtwjdzjg/201508/t20150825_58447.htm
https://fjrb-fjdaily-comx2d939683f3868xx.ipv6best.cn/pc/col/202311/02/node_01.html	177	福建日报	https://www.pingtan.gov.cn/zwgk/zfxxgk/dfbmptlj/ptzhsyqbm/ptzhsyqczj/fdzdgknr/12czysjsbg/202102/t20210204_72789.htm
https://fjrb-fjdaily-comx2d93968623868xx.ipv6best.cn/pc/col/202311/02/node_01.html	177	福建日报	https://www.pingtan.gov.cn/zwgk/zfxxgk/dfbmptlj/ptzhsyqbm/ptzhsyqczj/fdzdgknr/10qtwjdzjg/201508/t20150825_58447.htm
https://www-beian-gov-cnx45c89683f3868xx.ipv6best.cn/portal/registerSystemInfo?recordcode=35012899001-19002	177	公安备案号：35012899001-19002	https://www.pingtan.gov.cn/zwgk/zfxxgk/dfbmptlj/ptzhsyqbm/ptzhsyqczj/fdzdgknr/12czysjsbg/202102/t20210204_72789.htm
https://www-beian-gov-cnx45c8968623868xx.ipv6best.cn/portal/registerSystemInfo?recordcode=35012899001-19002	177	公安备案号：35012899001-19002	https://www.pingtan.gov.cn/zwgk/zfxxgk/dfbmptlj/ptzhsyqbm/ptzhsyqczj/fdzdgknr/10qtwjdzjg/201508/t20150825_58447.htm
http://pt.fjbz.org.cnx1e49966b73868.ipv6best.cn:8060/	176	福建省标准信息服务平台	https://www.pingtan.gov.cn/zwgk/gsgg/202404/t20240428_89507.htm
http://pt.fjbz.org.cnx1e49967103868.ipv6best.cn:8060/	176	福建省标准信息服务平台	https://www.pingtan.gov.cn/zwgk/ghxx/qygh/202307/t20230713_48123.htm
http://pt.fjbz.org.cnx1e49967473868.ipv6best.cn:8060/	176	福建省标准信息服务平台	https://www.pingtan.gov.cn/zwgk/zdlyxxgk/aqsc_1/aqjc/201712/t20171218_8564.htm
http://pt.fjbz.org.cnx1e49968093868.ipv6best.cn:8060/	176	福建省标准信息服务平台	https://www.pingtan.gov.cn/zwgk/yw/ptyw/201902/t20190227_12730.htm
http://www.acas.org.cnx7a72966b73868.ipv6best.cn/	176	海峡两岸仲裁中心	https://www.pingtan.gov.cn/zwgk/gsgg/202404/t20240428_89507.htm
http://www.acas.org.cnx7a72967103868.ipv6best.cn/	176	海峡两岸仲裁中心	https://www.pingtan.gov.cn/zwgk/ghxx/qygh/202307/t20230713_48123.htm
http://www.acas.org.cnx7a72967473868.ipv6best.cn/	176	海峡两岸仲裁中心	https://www.pingtan.gov.cn/zwgk/zdlyxxgk/aqsc_1/aqjc/201712/t20171218_8564.htm
http://www.acas.org.cnx7a72968093868.ipv6best.cn/	176	海峡两岸仲裁中心	https://www.pingtan.gov.cn/zwgk/yw/ptyw/201902/t20190227_12730.htm
https://27-151-80-61xe076966b73868xx.ipv6best.cn:91/#/double-publicity-info	176	信用平潭	https://www.pingtan.gov.cn/zwgk/gsgg/202404/t20240428_89507.htm
https://27-151-80-61xe076967103868xx.ipv6best.cn:91/#/double-publicity-info	176	信用平潭	https://www.pingtan.gov.cn/zwgk/ghxx/qygh/202307/t20230713_48123.htm
https://27-151-80-61xe076967473868xx.ipv6best.cn:91/#/double-publicity-info	176	信用平潭	https://www.pingtan.gov.cn/zwgk/zdlyxxgk/aqsc_1/aqjc/201712/t20171218_8564.htm
https://27-151-80-61xe076968093868xx.ipv6best.cn:91/#/double-publicity-info	176	信用平潭	https://www.pingtan.gov.cn/zwgk/yw/ptyw/201902/t20190227_12730.htm
https://bszs-conac-cnxe103966b73868xx.ipv6best.cn/sitename?method=show&amp;id=21E2BB13660E0D66E053012819ACFD9D	176		https://www.pingtan.gov.cn/zwgk/gsgg/202404/t20240428_89507.htm
https://bszs-conac-cnxe103967103868xx.ipv6best.cn/sitename?method=show&amp;id=21E2BB13660E0D66E053012819ACFD9D	176		https://www.pingtan.gov.cn/zwgk/ghxx/qygh/202307/t20230713_48123.htm
https://bszs-conac-cnxe103967473868xx.ipv6best.cn/sitename?method=show&amp;id=21E2BB13660E0D66E053012819ACFD9D	176		https://www.pingtan.gov.cn/zwgk/zdlyxxgk/aqsc_1/aqjc/201712/t20171218_8564.htm
https://bszs-conac-cnxe103968093868xx.ipv6best.cn/sitename?method=show&amp;id=21E2BB13660E0D66E053012819ACFD9D	176		https://www.pingtan.gov.cn/zwgk/yw/ptyw/201902/t20190227_12730.htm
https://credit-xm-gov-cnxd4a4966b73868xx.ipv6best.cn/	176	信用厦门	https://www.pingtan.gov.cn/zwgk/gsgg/202404/t20240428_89507.htm
https://credit-xm-gov-cnxd4a4967103868xx.ipv6best.cn/	176	信用厦门	https://www.pingtan.gov.cn/zwgk/ghxx/qygh/202307/t20230713_48123.htm
https://credit-xm-gov-cnxd4a4967473868xx.ipv6best.cn/	176	信用厦门	https://www.pingtan.gov.cn/zwgk/zdlyxxgk/aqsc_1/aqjc/201712/t20171218_8564.htm
https://credit-xm-gov-cnxd4a4968093868xx.ipv6best.cn/	176	信用厦门	https://www.pingtan.gov.cn/zwgk/yw/ptyw/201902/t20190227_12730.htm
https://fjrb-fjdaily-comx2d93966b73868xx.ipv6best.cn/pc/col/202311/02/node_01.html	176	福建日报	https://www.pingtan.gov.cn/zwgk/gsgg/202404/t20240428_89507.htm
https://fjrb-fjdaily-comx2d93967103868xx.ipv6best.cn/pc/col/202311/02/node_01.html	176	福建日报	https://www.pingtan.gov.cn/zwgk/ghxx/qygh/202307/t20230713_48123.htm
https://fjrb-fjdaily-comx2d93967473868xx.ipv6best.cn/pc/col/202311/02/node_01.html	176	福建日报	https://www.pingtan.gov.cn/zwgk/zdlyxxgk/aqsc_1/aqjc/201712/t20171218_8564.htm
https://fjrb-fjdaily-comx2d93968093868xx.ipv6best.cn/pc/col/202311/02/node_01.html	176	福建日报	https://www.pingtan.gov.cn/zwgk/yw/ptyw/201902/t20190227_12730.htm
https://www-beian-gov-cnx45c8966b73868xx.ipv6best.cn/portal/registerSystemInfo?recordcode=35012899001-19002	176	公安备案号：35012899001-19002	https://www.pingtan.gov.cn/zwgk/gsgg/202404/t20240428_89507.htm
https://www-beian-gov-cnx45c8967103868xx.ipv6best.cn/portal/registerSystemInfo?recordcode=35012899001-19002	176	公安备案号：35012899001-19002	https://www.pingtan.gov.cn/zwgk/ghxx/qygh/202307/t20230713_48123.htm
https://www-beian-gov-cnx45c8967473868xx.ipv6best.cn/portal/registerSystemInfo?recordcode=35012899001-19002	176	公安备案号：35012899001-19002	https://www.pingtan.gov.cn/zwgk/zdlyxxgk/aqsc_1/aqjc/201712/t20171218_8564.htm
https://www-beian-gov-cnx45c8968093868xx.ipv6best.cn/portal/registerSystemInfo?recordcode=35012899001-19002	176	公安备案号：35012899001-19002	https://www.pingtan.gov.cn/zwgk/yw/ptyw/201902/t20190227_12730.htm
http://pt.fjbz.org.cnx1e499672b3868.ipv6best.cn:8060/	175	福建省标准信息服务平台	https://www.pingtan.gov.cn/zwgk/zdlyxxgk/aqsc_1/aqjc/202104/t20210422_25795.htm
http://www.acas.org.cnx7a729672b3868.ipv6best.cn/	175	海峡两岸仲裁中心	https://www.pingtan.gov.cn/zwgk/zdlyxxgk/aqsc_1/aqjc/202104/t20210422_25795.htm
https://27-151-80-61xe0769672b3868xx.ipv6best.cn:91/#/double-publicity-info	175	信用平潭	https://www.pingtan.gov.cn/zwgk/zdlyxxgk/aqsc_1/aqjc/202104/t20210422_25795.htm
https://bszs-conac-cnxe1039672b3868xx.ipv6best.cn/sitename?method=show&amp;id=21E2BB13660E0D66E053012819ACFD9D	175		https://www.pingtan.gov.cn/zwgk/zdlyxxgk/aqsc_1/aqjc/202104/t20210422_25795.htm
https://credit-xm-gov-cnxd4a49672b3868xx.ipv6best.cn/	175	信用厦门	https://www.pingtan.gov.cn/zwgk/zdlyxxgk/aqsc_1/aqjc/202104/t20210422_25795.htm
https://fjrb-fjdaily-comx2d939672b3868xx.ipv6best.cn/pc/col/202311/02/node_01.html	175	福建日报	https://www.pingtan.gov.cn/zwgk/zdlyxxgk/aqsc_1/aqjc/202104/t20210422_25795.htm
https://www-beian-gov-cnx45c89672b3868xx.ipv6best.cn/portal/registerSystemInfo?recordcode=35012899001-19002	175	公安备案号：35012899001-19002	https://www.pingtan.gov.cn/zwgk/zdlyxxgk/aqsc_1/aqjc/202104/t20210422_25795.htm
http://pt.fjbz.org.cnx1e49966b53868.ipv6best.cn:8060/	174	福建省标准信息服务平台	https://www.pingtan.gov.cn/zwgk/gsgg/202407/t20240719_92081.htm
http://www.acas.org.cnx7a72966b53868.ipv6best.cn/	174	海峡两岸仲裁中心	https://www.pingtan.gov.cn/zwgk/gsgg/202407/t20240719_92081.htm
https://27-151-80-61xe076966b53868xx.ipv6best.cn:91/#/double-publicity-info	174	信用平潭	https://www.pingtan.gov.cn/zwgk/gsgg/202407/t20240719_92081.htm
https://bszs-conac-cnxe103966b53868xx.ipv6best.cn/sitename?method=show&amp;id=21E2BB13660E0D66E053012819ACFD9D	174		https://www.pingtan.gov.cn/zwgk/gsgg/202407/t20240719_92081.htm
https://credit-xm-gov-cnxd4a4966b53868xx.ipv6best.cn/	174	信用厦门	https://www.pingtan.gov.cn/zwgk/gsgg/202407/t20240719_92081.htm
https://fjrb-fjdaily-comx2d93966b53868xx.ipv6best.cn/pc/col/202311/02/node_01.html	174	福建日报	https://www.pingtan.gov.cn/zwgk/gsgg/202407/t20240719_92081.htm
https://www-beian-gov-cnx45c8966b53868xx.ipv6best.cn/portal/registerSystemInfo?recordcode=35012899001-19002	174	公安备案号：35012899001-19002	https://www.pingtan.gov.cn/zwgk/gsgg/202407/t20240719_92081.htm
http://pt.fjbz.org.cnx1e49967543868.ipv6best.cn:8060/	173	福建省标准信息服务平台	https://www.pingtan.gov.cn/zwgk/zdlyxxgk/aqsc_1/aqjc/201604/t20160412_4042.htm
http://www.acas.org.cnx7a72967543868.ipv6best.cn/	173	海峡两岸仲裁中心	https://www.pingtan.gov.cn/zwgk/zdlyxxgk/aqsc_1/aqjc/201604/t20160412_4042.htm
https://27-151-80-61xe076967543868xx.ipv6best.cn:91/#/double-publicity-info	173	信用平潭	https://www.pingtan.gov.cn/zwgk/zdlyxxgk/aqsc_1/aqjc/201604/t20160412_4042.htm
https://bszs-conac-cnxe103967543868xx.ipv6best.cn/sitename?method=show&amp;id=21E2BB13660E0D66E053012819ACFD9D	173		https://www.pingtan.gov.cn/zwgk/zdlyxxgk/aqsc_1/aqjc/201604/t20160412_4042.htm
https://credit-xm-gov-cnxd4a4967543868xx.ipv6best.cn/	173	信用厦门	https://www.pingtan.gov.cn/zwgk/zdlyxxgk/aqsc_1/aqjc/201604/t20160412_4042.htm
https://fjrb-fjdaily-comx2d93967543868xx.ipv6best.cn/pc/col/202311/02/node_01.html	173	福建日报	https://www.pingtan.gov.cn/zwgk/zdlyxxgk/aqsc_1/aqjc/201604/t20160412_4042.htm
https://www-beian-gov-cnx45c8967543868xx.ipv6best.cn/portal/registerSystemInfo?recordcode=35012899001-19002	173	公安备案号：35012899001-19002	https://www.pingtan.gov.cn/zwgk/zdlyxxgk/aqsc_1/aqjc/201604/t20160412_4042.htm
http://pt.fjbz.org.cnx1e499675f3868.ipv6best.cn:8060/	172	福建省标准信息服务平台	https://www.pingtan.gov.cn/zwgk/ldzc/hjb/hdbd/202604/t20260409_106084.htm
http://pt.fjbz.org.cnx1e49967ec3868.ipv6best.cn:8060/	172	福建省标准信息服务平台	https://www.pingtan.gov.cn/zwgk/yw/szywn/202208/t20220812_84011.htm
http://www.acas.org.cnx7a729675f3868.ipv6best.cn/	172	海峡两岸仲裁中心	https://www.pingtan.gov.cn/zwgk/ldzc/hjb/hdbd/202604/t20260409_106084.htm
http://www.acas.org.cnx7a72967ec3868.ipv6best.cn/	172	海峡两岸仲裁中心	https://www.pingtan.gov.cn/zwgk/yw/szywn/202208/t20220812_84011.htm
https://27-151-80-61xe0769675f3868xx.ipv6best.cn:91/#/double-publicity-info	172	信用平潭	https://www.pingtan.gov.cn/zwgk/ldzc/hjb/hdbd/202604/t20260409_106084.htm
https://27-151-80-61xe076967ec3868xx.ipv6best.cn:91/#/double-publicity-info	172	信用平潭	https://www.pingtan.gov.cn/zwgk/yw/szywn/202208/t20220812_84011.htm
https://bszs-conac-cnxe1039675f3868xx.ipv6best.cn/sitename?method=show&amp;id=21E2BB13660E0D66E053012819ACFD9D	172		https://www.pingtan.gov.cn/zwgk/ldzc/hjb/hdbd/202604/t20260409_106084.htm
https://bszs-conac-cnxe103967ec3868xx.ipv6best.cn/sitename?method=show&amp;id=21E2BB13660E0D66E053012819ACFD9D	172		https://www.pingtan.gov.cn/zwgk/yw/szywn/202208/t20220812_84011.htm
https://credit-xm-gov-cnxd4a49675f3868xx.ipv6best.cn/	172	信用厦门	https://www.pingtan.gov.cn/zwgk/ldzc/hjb/hdbd/202604/t20260409_106084.htm
https://credit-xm-gov-cnxd4a4967ec3868xx.ipv6best.cn/	172	信用厦门	https://www.pingtan.gov.cn/zwgk/yw/szywn/202208/t20220812_84011.htm
https://fjrb-fjdaily-comx2d939675f3868xx.ipv6best.cn/pc/col/202311/02/node_01.html	172	福建日报	https://www.pingtan.gov.cn/zwgk/ldzc/hjb/hdbd/202604/t20260409_106084.htm
https://fjrb-fjdaily-comx2d93967ec3868xx.ipv6best.cn/pc/col/202311/02/node_01.html	172	福建日报	https://www.pingtan.gov.cn/zwgk/yw/szywn/202208/t20220812_84011.htm
https://www-beian-gov-cnx45c89675f3868xx.ipv6best.cn/portal/registerSystemInfo?recordcode=35012899001-19002	172	公安备案号：35012899001-19002	https://www.pingtan.gov.cn/zwgk/ldzc/hjb/hdbd/202604/t20260409_106084.htm
https://www-beian-gov-cnx45c8967ec3868xx.ipv6best.cn/portal/registerSystemInfo?recordcode=35012899001-19002	172	公安备案号：35012899001-19002	https://www.pingtan.gov.cn/zwgk/yw/szywn/202208/t20220812_84011.htm
http://pt.fjbz.org.cnx1e49967573868.ipv6best.cn:8060/	171	福建省标准信息服务平台	https://www.pingtan.gov.cn/zwgk/ghxx/zxgh/202211/t20221114_38591.htm
http://www.acas.org.cnx7a72967573868.ipv6best.cn/	171	海峡两岸仲裁中心	https://www.pingtan.gov.cn/zwgk/ghxx/zxgh/202211/t20221114_38591.htm
https://27-151-80-61xe076967573868xx.ipv6best.cn:91/#/double-publicity-info	171	信用平潭	https://www.pingtan.gov.cn/zwgk/ghxx/zxgh/202211/t20221114_38591.htm
https://bszs-conac-cnxe103967573868xx.ipv6best.cn/sitename?method=show&amp;id=21E2BB13660E0D66E053012819ACFD9D	171		https://www.pingtan.gov.cn/zwgk/ghxx/zxgh/202211/t20221114_38591.htm
https://credit-xm-gov-cnxd4a4967573868xx.ipv6best.cn/	171	信用厦门	https://www.pingtan.gov.cn/zwgk/ghxx/zxgh/202211/t20221114_38591.htm
https://fjrb-fjdaily-comx2d93967573868xx.ipv6best.cn/pc/col/202311/02/node_01.html	171	福建日报	https://www.pingtan.gov.cn/zwgk/ghxx/zxgh/202211/t20221114_38591.htm
https://www-beian-gov-cnx45c8967573868xx.ipv6best.cn/portal/registerSystemInfo?recordcode=35012899001-19002	171	公安备案号：35012899001-19002	https://www.pingtan.gov.cn/zwgk/ghxx/zxgh/202211/t20221114_38591.htm
http://pt.fjbz.org.cnx1e499671a3868.ipv6best.cn:8060/	169	福建省标准信息服务平台	https://www.pingtan.gov.cn/zwgk/ghxx/qygh/202211/t20221111_38471.htm
http://pt.fjbz.org.cnx1e499680c3868.ipv6best.cn:8060/	169	福建省标准信息服务平台	https://www.pingtan.gov.cn/zwgk/yw/ptyw/201809/t20180910_10835.htm
http://www.acas.org.cnx7a729671a3868.ipv6best.cn/	169	海峡两岸仲裁中心	https://www.pingtan.gov.cn/zwgk/ghxx/qygh/202211/t20221111_38471.htm
http://www.acas.org.cnx7a729680c3868.ipv6best.cn/	169	海峡两岸仲裁中心	https://www.pingtan.gov.cn/zwgk/yw/ptyw/201809/t20180910_10835.htm
https://27-151-80-61xe0769671a3868xx.ipv6best.cn:91/#/double-publicity-info	169	信用平潭	https://www.pingtan.gov.cn/zwgk/ghxx/qygh/202211/t20221111_38471.htm
https://27-151-80-61xe0769680c3868xx.ipv6best.cn:91/#/double-publicity-info	169	信用平潭	https://www.pingtan.gov.cn/zwgk/yw/ptyw/201809/t20180910_10835.htm
https://bszs-conac-cnxe1039671a3868xx.ipv6best.cn/sitename?method=show&amp;id=21E2BB13660E0D66E053012819ACFD9D	169		https://www.pingtan.gov.cn/zwgk/ghxx/qygh/202211/t20221111_38471.htm
https://bszs-conac-cnxe1039680c3868xx.ipv6best.cn/sitename?method=show&amp;id=21E2BB13660E0D66E053012819ACFD9D	169		https://www.pingtan.gov.cn/zwgk/yw/ptyw/201809/t20180910_10835.htm
https://credit-xm-gov-cnxd4a49671a3868xx.ipv6best.cn/	169	信用厦门	https://www.pingtan.gov.cn/zwgk/ghxx/qygh/202211/t20221111_38471.htm
https://credit-xm-gov-cnxd4a49680c3868xx.ipv6best.cn/	169	信用厦门	https://www.pingtan.gov.cn/zwgk/yw/ptyw/201809/t20180910_10835.htm
https://fjrb-fjdaily-comx2d939671a3868xx.ipv6best.cn/pc/col/202311/02/node_01.html	169	福建日报	https://www.pingtan.gov.cn/zwgk/ghxx/qygh/202211/t20221111_38471.htm
https://fjrb-fjdaily-comx2d939680c3868xx.ipv6best.cn/pc/col/202311/02/node_01.html	169	福建日报	https://www.pingtan.gov.cn/zwgk/yw/ptyw/201809/t20180910_10835.htm
https://www-beian-gov-cnx45c89671a3868xx.ipv6best.cn/portal/registerSystemInfo?recordcode=35012899001-19002	169	公安备案号：35012899001-19002	https://www.pingtan.gov.cn/zwgk/ghxx/qygh/202211/t20221111_38471.htm
https://www-beian-gov-cnx45c89680c3868xx.ipv6best.cn/portal/registerSystemInfo?recordcode=35012899001-19002	169	公安备案号：35012899001-19002	https://www.pingtan.gov.cn/zwgk/yw/ptyw/201809/t20180910_10835.htm
http://pt.fjbz.org.cnx1e49967ef3868.ipv6best.cn:8060/	168	福建省标准信息服务平台	https://www.pingtan.gov.cn/zwgk/yw/ptyw/202207/t20220714_34980.htm
http://www.acas.org.cnx7a72967ef3868.ipv6best.cn/	168	海峡两岸仲裁中心	https://www.pingtan.gov.cn/zwgk/yw/ptyw/202207/t20220714_34980.htm
https://27-151-80-61xe076967ef3868xx.ipv6best.cn:91/#/double-publicity-info	168	信用平潭	https://www.pingtan.gov.cn/zwgk/yw/ptyw/202207/t20220714_34980.htm
https://bszs-conac-cnxe103967ef3868xx.ipv6best.cn/sitename?method=show&amp;id=21E2BB13660E0D66E053012819ACFD9D	168		https://www.pingtan.gov.cn/zwgk/yw/ptyw/202207/t20220714_34980.htm
https://credit-xm-gov-cnxd4a4967ef3868xx.ipv6best.cn/	168	信用厦门	https://www.pingtan.gov.cn/zwgk/yw/ptyw/202207/t20220714_34980.htm
https://fjrb-fjdaily-comx2d93967ef3868xx.ipv6best.cn/pc/col/202311/02/node_01.html	168	福建日报	https://www.pingtan.gov.cn/zwgk/yw/ptyw/202207/t20220714_34980.htm
https://www-beian-gov-cnx45c8967ef3868xx.ipv6best.cn/portal/registerSystemInfo?recordcode=35012899001-19002	168	公安备案号：35012899001-19002	https://www.pingtan.gov.cn/zwgk/yw/ptyw/202207/t20220714_34980.htm
http://pt.fjbz.org.cnx1e49966e53868.ipv6best.cn:8060/	167	福建省标准信息服务平台	https://www.pingtan.gov.cn/zwgk/zfxxgk/gwhwj/gmjjhshfzg/202208/t20220821_77939.htm
http://pt.fjbz.org.cnx1e49967c93868.ipv6best.cn:8060/	167	福建省标准信息服务平台	https://www.pingtan.gov.cn/zwgk/ldzc/fld/hdbd/202402/t20240206_86985.htm
http://pt.fjbz.org.cnx1e49968293868.ipv6best.cn:8060/	167	福建省标准信息服务平台	https://www.pingtan.gov.cn/zwgk/zfxxgk/dfbmptlj/ptzhsyqbm/ptzhsyqczj/fdzdgknr/10qtwjdzjg/202412/t20241218_96056.htm
http://www.acas.org.cnx7a72966e53868.ipv6best.cn/	167	海峡两岸仲裁中心	https://www.pingtan.gov.cn/zwgk/zfxxgk/gwhwj/gmjjhshfzg/202208/t20220821_77939.htm
http://www.acas.org.cnx7a72967c93868.ipv6best.cn/	167	海峡两岸仲裁中心	https://www.pingtan.gov.cn/zwgk/ldzc/fld/hdbd/202402/t20240206_86985.htm
http://www.acas.org.cnx7a72968293868.ipv6best.cn/	167	海峡两岸仲裁中心	https://www.pingtan.gov.cn/zwgk/zfxxgk/dfbmptlj/ptzhsyqbm/ptzhsyqczj/fdzdgknr/10qtwjdzjg/202412/t20241218_96056.htm
https://27-151-80-61xe076966e53868xx.ipv6best.cn:91/#/double-publicity-info	167	信用平潭	https://www.pingtan.gov.cn/zwgk/zfxxgk/gwhwj/gmjjhshfzg/202208/t20220821_77939.htm
https://27-151-80-61xe076967c93868xx.ipv6best.cn:91/#/double-publicity-info	167	信用平潭	https://www.pingtan.gov.cn/zwgk/ldzc/fld/hdbd/202402/t20240206_86985.htm
https://27-151-80-61xe076968293868xx.ipv6best.cn:91/#/double-publicity-info	167	信用平潭	https://www.pingtan.gov.cn/zwgk/zfxxgk/dfbmptlj/ptzhsyqbm/ptzhsyqczj/fdzdgknr/10qtwjdzjg/202412/t20241218_96056.htm
https://bszs-conac-cnxe103966e53868xx.ipv6best.cn/sitename?method=show&amp;id=21E2BB13660E0D66E053012819ACFD9D	167		https://www.pingtan.gov.cn/zwgk/zfxxgk/gwhwj/gmjjhshfzg/202208/t20220821_77939.htm
https://bszs-conac-cnxe103967c93868xx.ipv6best.cn/sitename?method=show&amp;id=21E2BB13660E0D66E053012819ACFD9D	167		https://www.pingtan.gov.cn/zwgk/ldzc/fld/hdbd/202402/t20240206_86985.htm
https://bszs-conac-cnxe103968293868xx.ipv6best.cn/sitename?method=show&amp;id=21E2BB13660E0D66E053012819ACFD9D	167		https://www.pingtan.gov.cn/zwgk/zfxxgk/dfbmptlj/ptzhsyqbm/ptzhsyqczj/fdzdgknr/10qtwjdzjg/202412/t20241218_96056.htm
https://credit-xm-gov-cnxd4a4966e53868xx.ipv6best.cn/	167	信用厦门	https://www.pingtan.gov.cn/zwgk/zfxxgk/gwhwj/gmjjhshfzg/202208/t20220821_77939.htm
https://credit-xm-gov-cnxd4a4967c93868xx.ipv6best.cn/	167	信用厦门	https://www.pingtan.gov.cn/zwgk/ldzc/fld/hdbd/202402/t20240206_86985.htm
https://credit-xm-gov-cnxd4a4968293868xx.ipv6best.cn/	167	信用厦门	https://www.pingtan.gov.cn/zwgk/zfxxgk/dfbmptlj/ptzhsyqbm/ptzhsyqczj/fdzdgknr/10qtwjdzjg/202412/t20241218_96056.htm
https://fjrb-fjdaily-comx2d93966e53868xx.ipv6best.cn/pc/col/202311/02/node_01.html	167	福建日报	https://www.pingtan.gov.cn/zwgk/zfxxgk/gwhwj/gmjjhshfzg/202208/t20220821_77939.htm
https://fjrb-fjdaily-comx2d93967c93868xx.ipv6best.cn/pc/col/202311/02/node_01.html	167	福建日报	https://www.pingtan.gov.cn/zwgk/ldzc/fld/hdbd/202402/t20240206_86985.htm
https://fjrb-fjdaily-comx2d93968293868xx.ipv6best.cn/pc/col/202311/02/node_01.html	167	福建日报	https://www.pingtan.gov.cn/zwgk/zfxxgk/dfbmptlj/ptzhsyqbm/ptzhsyqczj/fdzdgknr/10qtwjdzjg/202412/t20241218_96056.htm
https://www-beian-gov-cnx45c8966e53868xx.ipv6best.cn/portal/registerSystemInfo?recordcode=35012899001-19002	167	公安备案号：35012899001-19002	https://www.pingtan.gov.cn/zwgk/zfxxgk/gwhwj/gmjjhshfzg/202208/t20220821_77939.htm
https://www-beian-gov-cnx45c8967c93868xx.ipv6best.cn/portal/registerSystemInfo?recordcode=35012899001-19002	167	公安备案号：35012899001-19002	https://www.pingtan.gov.cn/zwgk/ldzc/fld/hdbd/202402/t20240206_86985.htm
https://www-beian-gov-cnx45c8968293868xx.ipv6best.cn/portal/registerSystemInfo?recordcode=35012899001-19002	167	公安备案号：35012899001-19002	https://www.pingtan.gov.cn/zwgk/zfxxgk/dfbmptlj/ptzhsyqbm/ptzhsyqczj/fdzdgknr/10qtwjdzjg/202412/t20241218_96056.htm
http://pt.fjbz.org.cnx1e49967323868.ipv6best.cn:8060/	166	福建省标准信息服务平台	https://www.pingtan.gov.cn/zwgk/ghxx/zxgh/202211/t20221128_41768.htm
http://pt.fjbz.org.cnx1e49968663868.ipv6best.cn:8060/	166	福建省标准信息服务平台	https://www.pingtan.gov.cn/zwgk/zfxxgk/dfbmptlj/ptzhsyqbm/ptzhsyqczj/fdzdgknr/10qtwjdzjg/201505/t20150530_57829.htm
http://pt.fjbz.org.cnx1e499686c3868.ipv6best.cn:8060/	166	福建省标准信息服务平台	https://www.pingtan.gov.cn/zwgk/zfxxgk/dfbmptlj/ptzhsyqbm/ptzhsyqczj/fdzdgknr/10qtwjdzjg/201305/t20130517_54573.htm
http://www.acas.org.cnx7a72967323868.ipv6best.cn/	166	海峡两岸仲裁中心	https://www.pingtan.gov.cn/zwgk/ghxx/zxgh/202211/t20221128_41768.htm
http://www.acas.org.cnx7a72968663868.ipv6best.cn/	166	海峡两岸仲裁中心	https://www.pingtan.gov.cn/zwgk/zfxxgk/dfbmptlj/ptzhsyqbm/ptzhsyqczj/fdzdgknr/10qtwjdzjg/201505/t20150530_57829.htm
http://www.acas.org.cnx7a729686c3868.ipv6best.cn/	166	海峡两岸仲裁中心	https://www.pingtan.gov.cn/zwgk/zfxxgk/dfbmptlj/ptzhsyqbm/ptzhsyqczj/fdzdgknr/10qtwjdzjg/201305/t20130517_54573.htm
https://27-151-80-61xe076967323868xx.ipv6best.cn:91/#/double-publicity-info	166	信用平潭	https://www.pingtan.gov.cn/zwgk/ghxx/zxgh/202211/t20221128_41768.htm
https://27-151-80-61xe076968663868xx.ipv6best.cn:91/#/double-publicity-info	166	信用平潭	https://www.pingtan.gov.cn/zwgk/zfxxgk/dfbmptlj/ptzhsyqbm/ptzhsyqczj/fdzdgknr/10qtwjdzjg/201505/t20150530_57829.htm
https://27-151-80-61xe0769686c3868xx.ipv6best.cn:91/#/double-publicity-info	166	信用平潭	https://www.pingtan.gov.cn/zwgk/zfxxgk/dfbmptlj/ptzhsyqbm/ptzhsyqczj/fdzdgknr/10qtwjdzjg/201305/t20130517_54573.htm
https://bszs-conac-cnxe103967323868xx.ipv6best.cn/sitename?method=show&amp;id=21E2BB13660E0D66E053012819ACFD9D	166		https://www.pingtan.gov.cn/zwgk/ghxx/zxgh/202211/t20221128_41768.htm
https://bszs-conac-cnxe103968663868xx.ipv6best.cn/sitename?method=show&amp;id=21E2BB13660E0D66E053012819ACFD9D	166		https://www.pingtan.gov.cn/zwgk/zfxxgk/dfbmptlj/ptzhsyqbm/ptzhsyqczj/fdzdgknr/10qtwjdzjg/201505/t20150530_57829.htm
https://bszs-conac-cnxe1039686c3868xx.ipv6best.cn/sitename?method=show&amp;id=21E2BB13660E0D66E053012819ACFD9D	166		https://www.pingtan.gov.cn/zwgk/zfxxgk/dfbmptlj/ptzhsyqbm/ptzhsyqczj/fdzdgknr/10qtwjdzjg/201305/t20130517_54573.htm
https://credit-xm-gov-cnxd4a4967323868xx.ipv6best.cn/	166	信用厦门	https://www.pingtan.gov.cn/zwgk/ghxx/zxgh/202211/t20221128_41768.htm
https://credit-xm-gov-cnxd4a4968663868xx.ipv6best.cn/	166	信用厦门	https://www.pingtan.gov.cn/zwgk/zfxxgk/dfbmptlj/ptzhsyqbm/ptzhsyqczj/fdzdgknr/10qtwjdzjg/201505/t20150530_57829.htm
https://credit-xm-gov-cnxd4a49686c3868xx.ipv6best.cn/	166	信用厦门	https://www.pingtan.gov.cn/zwgk/zfxxgk/dfbmptlj/ptzhsyqbm/ptzhsyqczj/fdzdgknr/10qtwjdzjg/201305/t20130517_54573.htm
https://fjrb-fjdaily-comx2d93967323868xx.ipv6best.cn/pc/col/202311/02/node_01.html	166	福建日报	https://www.pingtan.gov.cn/zwgk/ghxx/zxgh/202211/t20221128_41768.htm
https://fjrb-fjdaily-comx2d93968663868xx.ipv6best.cn/pc/col/202311/02/node_01.html	166	福建日报	https://www.pingtan.gov.cn/zwgk/zfxxgk/dfbmptlj/ptzhsyqbm/ptzhsyqczj/fdzdgknr/10qtwjdzjg/201505/t20150530_57829.htm
https://fjrb-fjdaily-comx2d939686c3868xx.ipv6best.cn/pc/col/202311/02/node_01.html	166	福建日报	https://www.pingtan.gov.cn/zwgk/zfxxgk/dfbmptlj/ptzhsyqbm/ptzhsyqczj/fdzdgknr/10qtwjdzjg/201305/t20130517_54573.htm
https://www-beian-gov-cnx45c8967323868xx.ipv6best.cn/portal/registerSystemInfo?recordcode=35012899001-19002	166	公安备案号：35012899001-19002	https://www.pingtan.gov.cn/zwgk/ghxx/zxgh/202211/t20221128_41768.htm
https://www-beian-gov-cnx45c8968663868xx.ipv6best.cn/portal/registerSystemInfo?recordcode=35012899001-19002	166	公安备案号：35012899001-19002	https://www.pingtan.gov.cn/zwgk/zfxxgk/dfbmptlj/ptzhsyqbm/ptzhsyqczj/fdzdgknr/10qtwjdzjg/201505/t20150530_57829.htm
https://www-beian-gov-cnx45c89686c3868xx.ipv6best.cn/portal/registerSystemInfo?recordcode=35012899001-19002	166	公安备案号：35012899001-19002	https://www.pingtan.gov.cn/zwgk/zfxxgk/dfbmptlj/ptzhsyqbm/ptzhsyqczj/fdzdgknr/10qtwjdzjg/201305/t20130517_54573.htm
http://pt.fjbz.org.cnx1e49967f53868.ipv6best.cn:8060/	165	福建省标准信息服务平台	https://www.pingtan.gov.cn/zwgk/yw/szywn/202203/t20220307_83800.htm
http://pt.fjbz.org.cnx1e49967fc3868.ipv6best.cn:8060/	165	福建省标准信息服务平台	https://www.pingtan.gov.cn/zwgk/ztzl/dsxxjyzptygd/xxzl/202107/t20210702_26940.htm
http://www.acas.org.cnx7a72967f53868.ipv6best.cn/	165	海峡两岸仲裁中心	https://www.pingtan.gov.cn/zwgk/yw/szywn/202203/t20220307_83800.htm
http://www.acas.org.cnx7a72967fc3868.ipv6best.cn/	165	海峡两岸仲裁中心	https://www.pingtan.gov.cn/zwgk/ztzl/dsxxjyzptygd/xxzl/202107/t20210702_26940.htm
https://27-151-80-61xe076967f53868xx.ipv6best.cn:91/#/double-publicity-info	165	信用平潭	https://www.pingtan.gov.cn/zwgk/yw/szywn/202203/t20220307_83800.htm
https://27-151-80-61xe076967fc3868xx.ipv6best.cn:91/#/double-publicity-info	165	信用平潭	https://www.pingtan.gov.cn/zwgk/ztzl/dsxxjyzptygd/xxzl/202107/t20210702_26940.htm
https://bszs-conac-cnxe103967f53868xx.ipv6best.cn/sitename?method=show&amp;id=21E2BB13660E0D66E053012819ACFD9D	165		https://www.pingtan.gov.cn/zwgk/yw/szywn/202203/t20220307_83800.htm
https://bszs-conac-cnxe103967fc3868xx.ipv6best.cn/sitename?method=show&amp;id=21E2BB13660E0D66E053012819ACFD9D	165		https://www.pingtan.gov.cn/zwgk/ztzl/dsxxjyzptygd/xxzl/202107/t20210702_26940.htm
https://credit-xm-gov-cnxd4a4967f53868xx.ipv6best.cn/	165	信用厦门	https://www.pingtan.gov.cn/zwgk/yw/szywn/202203/t20220307_83800.htm
https://credit-xm-gov-cnxd4a4967fc3868xx.ipv6best.cn/	165	信用厦门	https://www.pingtan.gov.cn/zwgk/ztzl/dsxxjyzptygd/xxzl/202107/t20210702_26940.htm
https://fjrb-fjdaily-comx2d93967f53868xx.ipv6best.cn/pc/col/202311/02/node_01.html	165	福建日报	https://www.pingtan.gov.cn/zwgk/yw/szywn/202203/t20220307_83800.htm
https://fjrb-fjdaily-comx2d93967fc3868xx.ipv6best.cn/pc/col/202311/02/node_01.html	165	福建日报	https://www.pingtan.gov.cn/zwgk/ztzl/dsxxjyzptygd/xxzl/202107/t20210702_26940.htm
https://www-beian-gov-cnx45c8967f53868xx.ipv6best.cn/portal/registerSystemInfo?recordcode=35012899001-19002	165	公安备案号：35012899001-19002	https://www.pingtan.gov.cn/zwgk/yw/szywn/202203/t20220307_83800.htm
https://www-beian-gov-cnx45c8967fc3868xx.ipv6best.cn/portal/registerSystemInfo?recordcode=35012899001-19002	165	公安备案号：35012899001-19002	https://www.pingtan.gov.cn/zwgk/ztzl/dsxxjyzptygd/xxzl/202107/t20210702_26940.htm
http://pt.fjbz.org.cnx1e49967f63868.ipv6best.cn:8060/	162	福建省标准信息服务平台	https://www.pingtan.gov.cn/zwgk/yw/ptyw/202203/t20220302_31574.htm
http://www.acas.org.cnx7a72967f63868.ipv6best.cn/	162	海峡两岸仲裁中心	https://www.pingtan.gov.cn/zwgk/yw/ptyw/202203/t20220302_31574.htm
https://27-151-80-61xe076967f63868xx.ipv6best.cn:91/#/double-publicity-info	162	信用平潭	https://www.pingtan.gov.cn/zwgk/yw/ptyw/202203/t20220302_31574.htm
https://bszs-conac-cnxe103967f63868xx.ipv6best.cn/sitename?method=show&amp;id=21E2BB13660E0D66E053012819ACFD9D	162		https://www.pingtan.gov.cn/zwgk/yw/ptyw/202203/t20220302_31574.htm
https://credit-xm-gov-cnxd4a4967f63868xx.ipv6best.cn/	162	信用厦门	https://www.pingtan.gov.cn/zwgk/yw/ptyw/202203/t20220302_31574.htm
https://fjrb-fjdaily-comx2d93967f63868xx.ipv6best.cn/pc/col/202311/02/node_01.html	162	福建日报	https://www.pingtan.gov.cn/zwgk/yw/ptyw/202203/t20220302_31574.htm
https://www-beian-gov-cnx45c8967f63868xx.ipv6best.cn/portal/registerSystemInfo?recordcode=35012899001-19002	162	公安备案号：35012899001-19002	https://www.pingtan.gov.cn/zwgk/yw/ptyw/202203/t20220302_31574.htm
http://pt.fjbz.org.cnx1e49968163868.ipv6best.cn:8060/	161	福建省标准信息服务平台	https://www.pingtan.gov.cn/zwgk/yw/ptyw/201707/t20170731_7529.htm
http://www.acas.org.cnx7a72968163868.ipv6best.cn/	161	海峡两岸仲裁中心	https://www.pingtan.gov.cn/zwgk/yw/ptyw/201707/t20170731_7529.htm
https://27-151-80-61xe076968163868xx.ipv6best.cn:91/#/double-publicity-info	161	信用平潭	https://www.pingtan.gov.cn/zwgk/yw/ptyw/201707/t20170731_7529.htm
https://bszs-conac-cnxe103968163868xx.ipv6best.cn/sitename?method=show&amp;id=21E2BB13660E0D66E053012819ACFD9D	161		https://www.pingtan.gov.cn/zwgk/yw/ptyw/201707/t20170731_7529.htm
https://credit-xm-gov-cnxd4a4968163868xx.ipv6best.cn/	161	信用厦门	https://www.pingtan.gov.cn/zwgk/yw/ptyw/201707/t20170731_7529.htm
https://fjrb-fjdaily-comx2d93968163868xx.ipv6best.cn/pc/col/202311/02/node_01.html	161	福建日报	https://www.pingtan.gov.cn/zwgk/yw/ptyw/201707/t20170731_7529.htm
https://www-beian-gov-cnx45c8968163868xx.ipv6best.cn/portal/registerSystemInfo?recordcode=35012899001-19002	161	公安备案号：35012899001-19002	https://www.pingtan.gov.cn/zwgk/yw/ptyw/201707/t20170731_7529.htm
http://pt.fjbz.org.cnx1e49966cf3868.ipv6best.cn:8060/	160	福建省标准信息服务平台	https://www.pingtan.gov.cn/zwgk/gsgg/202005/t20200506_20602.htm
http://www.acas.org.cnx7a72966cf3868.ipv6best.cn/	160	海峡两岸仲裁中心	https://www.pingtan.gov.cn/zwgk/gsgg/202005/t20200506_20602.htm
https://27-151-80-61xe076966cf3868xx.ipv6best.cn:91/#/double-publicity-info	160	信用平潭	https://www.pingtan.gov.cn/zwgk/gsgg/202005/t20200506_20602.htm
https://bszs-conac-cnxe103966cf3868xx.ipv6best.cn/sitename?method=show&amp;id=21E2BB13660E0D66E053012819ACFD9D	160		https://www.pingtan.gov.cn/zwgk/gsgg/202005/t20200506_20602.htm
https://credit-xm-gov-cnxd4a4966cf3868xx.ipv6best.cn/	160	信用厦门	https://www.pingtan.gov.cn/zwgk/gsgg/202005/t20200506_20602.htm
https://fjrb-fjdaily-comx2d93966cf3868xx.ipv6best.cn/pc/col/202311/02/node_01.html	160	福建日报	https://www.pingtan.gov.cn/zwgk/gsgg/202005/t20200506_20602.htm
https://www-beian-gov-cnx45c8966cf3868xx.ipv6best.cn/portal/registerSystemInfo?recordcode=35012899001-19002	160	公安备案号：35012899001-19002	https://www.pingtan.gov.cn/zwgk/gsgg/202005/t20200506_20602.htm
http://pt.fjbz.org.cnx1e49967783868.ipv6best.cn:8060/	157	福建省标准信息服务平台	https://www.pingtan.gov.cn/zwgk/ldzc/fld/hdbd/202406/t20240627_91386.htm
http://www.acas.org.cnx7a72967783868.ipv6best.cn/	157	海峡两岸仲裁中心	https://www.pingtan.gov.cn/zwgk/ldzc/fld/hdbd/202406/t20240627_91386.htm
https://27-151-80-61xe076967783868xx.ipv6best.cn:91/#/double-publicity-info	157	信用平潭	https://www.pingtan.gov.cn/zwgk/ldzc/fld/hdbd/202406/t20240627_91386.htm
https://bszs-conac-cnxe103967783868xx.ipv6best.cn/sitename?method=show&amp;id=21E2BB13660E0D66E053012819ACFD9D	157		https://www.pingtan.gov.cn/zwgk/ldzc/fld/hdbd/202406/t20240627_91386.htm
https://credit-xm-gov-cnxd4a4967783868xx.ipv6best.cn/	157	信用厦门	https://www.pingtan.gov.cn/zwgk/ldzc/fld/hdbd/202406/t20240627_91386.htm
https://fjrb-fjdaily-comx2d93967783868xx.ipv6best.cn/pc/col/202311/02/node_01.html	157	福建日报	https://www.pingtan.gov.cn/zwgk/ldzc/fld/hdbd/202406/t20240627_91386.htm
https://www-beian-gov-cnx45c8967783868xx.ipv6best.cn/portal/registerSystemInfo?recordcode=35012899001-19002	157	公安备案号：35012899001-19002	https://www.pingtan.gov.cn/zwgk/ldzc/fld/hdbd/202406/t20240627_91386.htm
http://pt.fjbz.org.cnx1e49966ff3868.ipv6best.cn:8060/	156	福建省标准信息服务平台	https://www.pingtan.gov.cn/zwgk/ghxx/ndjh/202509/t20250918_101525.htm
http://pt.fjbz.org.cnx1e499674b3868.ipv6best.cn:8060/	156	福建省标准信息服务平台	https://www.pingtan.gov.cn/zwgk/zdlyxxgk/aqsc_1/aqjc/201707/t20170711_7459.htm
http://www.acas.org.cnx7a72966ff3868.ipv6best.cn/	156	海峡两岸仲裁中心	https://www.pingtan.gov.cn/zwgk/ghxx/ndjh/202509/t20250918_101525.htm
http://www.acas.org.cnx7a729674b3868.ipv6best.cn/	156	海峡两岸仲裁中心	https://www.pingtan.gov.cn/zwgk/zdlyxxgk/aqsc_1/aqjc/201707/t20170711_7459.htm
https://27-151-80-61xe076966ff3868xx.ipv6best.cn:91/#/double-publicity-info	156	信用平潭	https://www.pingtan.gov.cn/zwgk/ghxx/ndjh/202509/t20250918_101525.htm
https://27-151-80-61xe0769674b3868xx.ipv6best.cn:91/#/double-publicity-info	156	信用平潭	https://www.pingtan.gov.cn/zwgk/zdlyxxgk/aqsc_1/aqjc/201707/t20170711_7459.htm
https://bszs-conac-cnxe103966ff3868xx.ipv6best.cn/sitename?method=show&amp;id=21E2BB13660E0D66E053012819ACFD9D	156		https://www.pingtan.gov.cn/zwgk/ghxx/ndjh/202509/t20250918_101525.htm
https://bszs-conac-cnxe1039674b3868xx.ipv6best.cn/sitename?method=show&amp;id=21E2BB13660E0D66E053012819ACFD9D	156		https://www.pingtan.gov.cn/zwgk/zdlyxxgk/aqsc_1/aqjc/201707/t20170711_7459.htm
https://credit-xm-gov-cnxd4a4966ff3868xx.ipv6best.cn/	156	信用厦门	https://www.pingtan.gov.cn/zwgk/ghxx/ndjh/202509/t20250918_101525.htm
https://credit-xm-gov-cnxd4a49674b3868xx.ipv6best.cn/	156	信用厦门	https://www.pingtan.gov.cn/zwgk/zdlyxxgk/aqsc_1/aqjc/201707/t20170711_7459.htm
https://fjrb-fjdaily-comx2d93966ff3868xx.ipv6best.cn/pc/col/202311/02/node_01.html	156	福建日报	https://www.pingtan.gov.cn/zwgk/ghxx/ndjh/202509/t20250918_101525.htm
https://fjrb-fjdaily-comx2d939674b3868xx.ipv6best.cn/pc/col/202311/02/node_01.html	156	福建日报	https://www.pingtan.gov.cn/zwgk/zdlyxxgk/aqsc_1/aqjc/201707/t20170711_7459.htm
https://www-beian-gov-cnx45c8966ff3868xx.ipv6best.cn/portal/registerSystemInfo?recordcode=35012899001-19002	156	公安备案号：35012899001-19002	https://www.pingtan.gov.cn/zwgk/ghxx/ndjh/202509/t20250918_101525.htm
https://www-beian-gov-cnx45c89674b3868xx.ipv6best.cn/portal/registerSystemInfo?recordcode=35012899001-19002	156	公安备案号：35012899001-19002	https://www.pingtan.gov.cn/zwgk/zdlyxxgk/aqsc_1/aqjc/201707/t20170711_7459.htm
http://pt.fjbz.org.cnx1e49967513868.ipv6best.cn:8060/	155	福建省标准信息服务平台	https://www.pingtan.gov.cn/zwgk/ghxx/zxgh/202211/t20221114_38590.htm
http://pt.fjbz.org.cnx1e499682b3868.ipv6best.cn:8060/	155	福建省标准信息服务平台	https://www.pingtan.gov.cn/zwgk/zfxxgk/dfbmptlj/ptzhsyqbm/ptzhsyqczj/fdzdgknr/10qtwjdzjg/202403/t20240306_87756.htm
http://www.acas.org.cnx7a72967513868.ipv6best.cn/	155	海峡两岸仲裁中心	https://www.pingtan.gov.cn/zwgk/ghxx/zxgh/202211/t20221114_38590.htm
http://www.acas.org.cnx7a729682b3868.ipv6best.cn/	155	海峡两岸仲裁中心	https://www.pingtan.gov.cn/zwgk/zfxxgk/dfbmptlj/ptzhsyqbm/ptzhsyqczj/fdzdgknr/10qtwjdzjg/202403/t20240306_87756.htm
https://27-151-80-61xe076967513868xx.ipv6best.cn:91/#/double-publicity-info	155	信用平潭	https://www.pingtan.gov.cn/zwgk/ghxx/zxgh/202211/t20221114_38590.htm
https://27-151-80-61xe0769682b3868xx.ipv6best.cn:91/#/double-publicity-info	155	信用平潭	https://www.pingtan.gov.cn/zwgk/zfxxgk/dfbmptlj/ptzhsyqbm/ptzhsyqczj/fdzdgknr/10qtwjdzjg/202403/t20240306_87756.htm
https://bszs-conac-cnxe103967513868xx.ipv6best.cn/sitename?method=show&amp;id=21E2BB13660E0D66E053012819ACFD9D	155		https://www.pingtan.gov.cn/zwgk/ghxx/zxgh/202211/t20221114_38590.htm
https://bszs-conac-cnxe1039682b3868xx.ipv6best.cn/sitename?method=show&amp;id=21E2BB13660E0D66E053012819ACFD9D	155		https://www.pingtan.gov.cn/zwgk/zfxxgk/dfbmptlj/ptzhsyqbm/ptzhsyqczj/fdzdgknr/10qtwjdzjg/202403/t20240306_87756.htm
https://credit-xm-gov-cnxd4a4967513868xx.ipv6best.cn/	155	信用厦门	https://www.pingtan.gov.cn/zwgk/ghxx/zxgh/202211/t20221114_38590.htm
https://credit-xm-gov-cnxd4a49682b3868xx.ipv6best.cn/	155	信用厦门	https://www.pingtan.gov.cn/zwgk/zfxxgk/dfbmptlj/ptzhsyqbm/ptzhsyqczj/fdzdgknr/10qtwjdzjg/202403/t20240306_87756.htm
https://fjrb-fjdaily-comx2d93967513868xx.ipv6best.cn/pc/col/202311/02/node_01.html	155	福建日报	https://www.pingtan.gov.cn/zwgk/ghxx/zxgh/202211/t20221114_38590.htm
https://fjrb-fjdaily-comx2d939682b3868xx.ipv6best.cn/pc/col/202311/02/node_01.html	155	福建日报	https://www.pingtan.gov.cn/zwgk/zfxxgk/dfbmptlj/ptzhsyqbm/ptzhsyqczj/fdzdgknr/10qtwjdzjg/202403/t20240306_87756.htm
https://www-beian-gov-cnx45c8967513868xx.ipv6best.cn/portal/registerSystemInfo?recordcode=35012899001-19002	155	公安备案号：35012899001-19002	https://www.pingtan.gov.cn/zwgk/ghxx/zxgh/202211/t20221114_38590.htm
https://www-beian-gov-cnx45c89682b3868xx.ipv6best.cn/portal/registerSystemInfo?recordcode=35012899001-19002	155	公安备案号：35012899001-19002	https://www.pingtan.gov.cn/zwgk/zfxxgk/dfbmptlj/ptzhsyqbm/ptzhsyqczj/fdzdgknr/10qtwjdzjg/202403/t20240306_87756.htm
http://pt.fjbz.org.cnx1e499681e3868.ipv6best.cn:8060/	154	福建省标准信息服务平台	https://www.pingtan.gov.cn/zwgk/yw/ptyw/201603/t20160331_3947.htm
http://pt.fjbz.org.cnx1e499682e3868.ipv6best.cn:8060/	154	福建省标准信息服务平台	https://www.pingtan.gov.cn/zwgk/zfxxgk/dfbmptlj/ptzhsyqbm/ptzhsyqczj/fdzdgknr/10qtwjdzjg/202308/t20230831_80122.htm
http://www.acas.org.cnx7a729681e3868.ipv6best.cn/	154	海峡两岸仲裁中心	https://www.pingtan.gov.cn/zwgk/yw/ptyw/201603/t20160331_3947.htm
http://www.acas.org.cnx7a729682e3868.ipv6best.cn/	154	海峡两岸仲裁中心	https://www.pingtan.gov.cn/zwgk/zfxxgk/dfbmptlj/ptzhsyqbm/ptzhsyqczj/fdzdgknr/10qtwjdzjg/202308/t20230831_80122.htm
https://27-151-80-61xe0769681e3868xx.ipv6best.cn:91/#/double-publicity-info	154	信用平潭	https://www.pingtan.gov.cn/zwgk/yw/ptyw/201603/t20160331_3947.htm
https://27-151-80-61xe0769682e3868xx.ipv6best.cn:91/#/double-publicity-info	154	信用平潭	https://www.pingtan.gov.cn/zwgk/zfxxgk/dfbmptlj/ptzhsyqbm/ptzhsyqczj/fdzdgknr/10qtwjdzjg/202308/t20230831_80122.htm
https://bszs-conac-cnxe1039681e3868xx.ipv6best.cn/sitename?method=show&amp;id=21E2BB13660E0D66E053012819ACFD9D	154		https://www.pingtan.gov.cn/zwgk/yw/ptyw/201603/t20160331_3947.htm
https://bszs-conac-cnxe1039682e3868xx.ipv6best.cn/sitename?method=show&amp;id=21E2BB13660E0D66E053012819ACFD9D	154		https://www.pingtan.gov.cn/zwgk/zfxxgk/dfbmptlj/ptzhsyqbm/ptzhsyqczj/fdzdgknr/10qtwjdzjg/202308/t20230831_80122.htm
https://credit-xm-gov-cnxd4a49681e3868xx.ipv6best.cn/	154	信用厦门	https://www.pingtan.gov.cn/zwgk/yw/ptyw/201603/t20160331_3947.htm
https://credit-xm-gov-cnxd4a49682e3868xx.ipv6best.cn/	154	信用厦门	https://www.pingtan.gov.cn/zwgk/zfxxgk/dfbmptlj/ptzhsyqbm/ptzhsyqczj/fdzdgknr/10qtwjdzjg/202308/t20230831_80122.htm
https://fjrb-fjdaily-comx2d939681e3868xx.ipv6best.cn/pc/col/202311/02/node_01.html	154	福建日报	https://www.pingtan.gov.cn/zwgk/yw/ptyw/201603/t20160331_3947.htm
https://fjrb-fjdaily-comx2d939682e3868xx.ipv6best.cn/pc/col/202311/02/node_01.html	154	福建日报	https://www.pingtan.gov.cn/zwgk/zfxxgk/dfbmptlj/ptzhsyqbm/ptzhsyqczj/fdzdgknr/10qtwjdzjg/202308/t20230831_80122.htm
https://www-beian-gov-cnx45c89681e3868xx.ipv6best.cn/portal/registerSystemInfo?recordcode=35012899001-19002	154	公安备案号：35012899001-19002	https://www.pingtan.gov.cn/zwgk/yw/ptyw/201603/t20160331_3947.htm
https://www-beian-gov-cnx45c89682e3868xx.ipv6best.cn/portal/registerSystemInfo?recordcode=35012899001-19002	154	公安备案号：35012899001-19002	https://www.pingtan.gov.cn/zwgk/zfxxgk/dfbmptlj/ptzhsyqbm/ptzhsyqczj/fdzdgknr/10qtwjdzjg/202308/t20230831_80122.htm
http://pt.fjbz.org.cnx1e49967033868.ipv6best.cn:8060/	153	福建省标准信息服务平台	https://www.pingtan.gov.cn/zwgk/ghxx/gzjzqk/202503/t20250321_97999.htm
http://pt.fjbz.org.cnx1e49967e83868.ipv6best.cn:8060/	153	福建省标准信息服务平台	https://www.pingtan.gov.cn/zwgk/yw/ptyw/202210/t20221028_37633.htm
http://www.acas.org.cnx7a72967033868.ipv6best.cn/	153	海峡两岸仲裁中心	https://www.pingtan.gov.cn/zwgk/ghxx/gzjzqk/202503/t20250321_97999.htm
http://www.acas.org.cnx7a72967e83868.ipv6best.cn/	153	海峡两岸仲裁中心	https://www.pingtan.gov.cn/zwgk/yw/ptyw/202210/t20221028_37633.htm
https://27-151-80-61xe076967033868xx.ipv6best.cn:91/#/double-publicity-info	153	信用平潭	https://www.pingtan.gov.cn/zwgk/ghxx/gzjzqk/202503/t20250321_97999.htm
https://27-151-80-61xe076967e83868xx.ipv6best.cn:91/#/double-publicity-info	153	信用平潭	https://www.pingtan.gov.cn/zwgk/yw/ptyw/202210/t20221028_37633.htm
https://bszs-conac-cnxe103967033868xx.ipv6best.cn/sitename?method=show&amp;id=21E2BB13660E0D66E053012819ACFD9D	153		https://www.pingtan.gov.cn/zwgk/ghxx/gzjzqk/202503/t20250321_97999.htm
https://bszs-conac-cnxe103967e83868xx.ipv6best.cn/sitename?method=show&amp;id=21E2BB13660E0D66E053012819ACFD9D	153		https://www.pingtan.gov.cn/zwgk/yw/ptyw/202210/t20221028_37633.htm
https://credit-xm-gov-cnxd4a4967033868xx.ipv6best.cn/	153	信用厦门	https://www.pingtan.gov.cn/zwgk/ghxx/gzjzqk/202503/t20250321_97999.htm
https://credit-xm-gov-cnxd4a4967e83868xx.ipv6best.cn/	153	信用厦门	https://www.pingtan.gov.cn/zwgk/yw/ptyw/202210/t20221028_37633.htm
https://fjrb-fjdaily-comx2d93967033868xx.ipv6best.cn/pc/col/202311/02/node_01.html	153	福建日报	https://www.pingtan.gov.cn/zwgk/ghxx/gzjzqk/202503/t20250321_97999.htm
https://fjrb-fjdaily-comx2d93967e83868xx.ipv6best.cn/pc/col/202311/02/node_01.html	153	福建日报	https://www.pingtan.gov.cn/zwgk/yw/ptyw/202210/t20221028_37633.htm
https://www-beian-gov-cnx45c8967033868xx.ipv6best.cn/portal/registerSystemInfo?recordcode=35012899001-19002	153	公安备案号：35012899001-19002	https://www.pingtan.gov.cn/zwgk/ghxx/gzjzqk/202503/t20250321_97999.htm
https://www-beian-gov-cnx45c8967e83868xx.ipv6best.cn/portal/registerSystemInfo?recordcode=35012899001-19002	153	公安备案号：35012899001-19002	https://www.pingtan.gov.cn/zwgk/yw/ptyw/202210/t20221028_37633.htm
http://pt.fjbz.org.cnx1e49967d33868.ipv6best.cn:8060/	149	福建省标准信息服务平台	https://www.pingtan.gov.cn/zwgk/ldzc/pxy/hdbd/202310/t20231009_50776.htm
http://pt.fjbz.org.cnx1e49967eb3868.ipv6best.cn:8060/	149	福建省标准信息服务平台	https://www.pingtan.gov.cn/zwgk/yw/szywn/202208/t20220824_84024.htm
http://www.acas.org.cnx7a72967d33868.ipv6best.cn/	149	海峡两岸仲裁中心	https://www.pingtan.gov.cn/zwgk/ldzc/pxy/hdbd/202310/t20231009_50776.htm
http://www.acas.org.cnx7a72967eb3868.ipv6best.cn/	149	海峡两岸仲裁中心	https://www.pingtan.gov.cn/zwgk/yw/szywn/202208/t20220824_84024.htm
https://27-151-80-61xe076967d33868xx.ipv6best.cn:91/#/double-publicity-info	149	信用平潭	https://www.pingtan.gov.cn/zwgk/ldzc/pxy/hdbd/202310/t20231009_50776.htm
https://27-151-80-61xe076967eb3868xx.ipv6best.cn:91/#/double-publicity-info	149	信用平潭	https://www.pingtan.gov.cn/zwgk/yw/szywn/202208/t20220824_84024.htm
https://bszs-conac-cnxe103967d33868xx.ipv6best.cn/sitename?method=show&amp;id=21E2BB13660E0D66E053012819ACFD9D	149		https://www.pingtan.gov.cn/zwgk/ldzc/pxy/hdbd/202310/t20231009_50776.htm
https://bszs-conac-cnxe103967eb3868xx.ipv6best.cn/sitename?method=show&amp;id=21E2BB13660E0D66E053012819ACFD9D	149		https://www.pingtan.gov.cn/zwgk/yw/szywn/202208/t20220824_84024.htm
https://credit-xm-gov-cnxd4a4967d33868xx.ipv6best.cn/	149	信用厦门	https://www.pingtan.gov.cn/zwgk/ldzc/pxy/hdbd/202310/t20231009_50776.htm
https://credit-xm-gov-cnxd4a4967eb3868xx.ipv6best.cn/	149	信用厦门	https://www.pingtan.gov.cn/zwgk/yw/szywn/202208/t20220824_84024.htm
https://fjrb-fjdaily-comx2d93967d33868xx.ipv6best.cn/pc/col/202311/02/node_01.html	149	福建日报	https://www.pingtan.gov.cn/zwgk/ldzc/pxy/hdbd/202310/t20231009_50776.htm
https://fjrb-fjdaily-comx2d93967eb3868xx.ipv6best.cn/pc/col/202311/02/node_01.html	149	福建日报	https://www.pingtan.gov.cn/zwgk/yw/szywn/202208/t20220824_84024.htm
https://www-beian-gov-cnx45c8967d33868xx.ipv6best.cn/portal/registerSystemInfo?recordcode=35012899001-19002	149	公安备案号：35012899001-19002	https://www.pingtan.gov.cn/zwgk/ldzc/pxy/hdbd/202310/t20231009_50776.htm
https://www-beian-gov-cnx45c8967eb3868xx.ipv6best.cn/portal/registerSystemInfo?recordcode=35012899001-19002	149	公安备案号：35012899001-19002	https://www.pingtan.gov.cn/zwgk/yw/szywn/202208/t20220824_84024.htm
http://pt.fjbz.org.cnx1e499675b3868.ipv6best.cn:8060/	147	福建省标准信息服务平台	https://www.pingtan.gov.cn/zwgk/ldzc/hjb/hdbd/202608/t20260818_108472.htm
http://pt.fjbz.org.cnx1e49967e43868.ipv6best.cn:8060/	147	福建省标准信息服务平台	https://www.pingtan.gov.cn/zwgk/ldzc/fld/hdbd/202301/t20230118_43327.htm
http://www.acas.org.cnx7a729675b3868.ipv6best.cn/	147	海峡两岸仲裁中心	https://www.pingtan.gov.cn/zwgk/ldzc/hjb/hdbd/202608/t20260818_108472.htm
http://www.acas.org.cnx7a72967e43868.ipv6best.cn/	147	海峡两岸仲裁中心	https://www.pingtan.gov.cn/zwgk/ldzc/fld/hdbd/202301/t20230118_43327.htm
https://27-151-80-61xe0769675b3868xx.ipv6best.cn:91/#/double-publicity-info	147	信用平潭	https://www.pingtan.gov.cn/zwgk/ldzc/hjb/hdbd/202608/t20260818_108472.htm
https://27-151-80-61xe076967e43868xx.ipv6best.cn:91/#/double-publicity-info	147	信用平潭	https://www.pingtan.gov.cn/zwgk/ldzc/fld/hdbd/202301/t20230118_43327.htm
https://bszs-conac-cnxe1039675b3868xx.ipv6best.cn/sitename?method=show&amp;id=21E2BB13660E0D66E053012819ACFD9D	147		https://www.pingtan.gov.cn/zwgk/ldzc/hjb/hdbd/202608/t20260818_108472.htm
https://bszs-conac-cnxe103967e43868xx.ipv6best.cn/sitename?method=show&amp;id=21E2BB13660E0D66E053012819ACFD9D	147		https://www.pingtan.gov.cn/zwgk/ldzc/fld/hdbd/202301/t20230118_43327.htm
https://credit-xm-gov-cnxd4a49675b3868xx.ipv6best.cn/	147	信用厦门	https://www.pingtan.gov.cn/zwgk/ldzc/hjb/hdbd/202608/t20260818_108472.htm
https://credit-xm-gov-cnxd4a4967e43868xx.ipv6best.cn/	147	信用厦门	https://www.pingtan.gov.cn/zwgk/ldzc/fld/hdbd/202301/t20230118_43327.htm
https://fjrb-fjdaily-comx2d939675b3868xx.ipv6best.cn/pc/col/202311/02/node_01.html	147	福建日报	https://www.pingtan.gov.cn/zwgk/ldzc/hjb/hdbd/202608/t20260818_108472.htm
https://fjrb-fjdaily-comx2d93967e43868xx.ipv6best.cn/pc/col/202311/02/node_01.html	147	福建日报	https://www.pingtan.gov.cn/zwgk/ldzc/fld/hdbd/202301/t20230118_43327.htm
https://www-beian-gov-cnx45c89675b3868xx.ipv6best.cn/portal/registerSystemInfo?recordcode=35012899001-19002	147	公安备案号：35012899001-19002	https://www.pingtan.gov.cn/zwgk/ldzc/hjb/hdbd/202608/t20260818_108472.htm
https://www-beian-gov-cnx45c8967e43868xx.ipv6best.cn/portal/registerSystemInfo?recordcode=35012899001-19002	147	公安备案号：35012899001-19002	https://www.pingtan.gov.cn/zwgk/ldzc/fld/hdbd/202301/t20230118_43327.htm
http://pt.fjbz.org.cnx1e49968133868.ipv6best.cn:8060/	146	福建省标准信息服务平台	https://www.pingtan.gov.cn/zwgk/ztzl/gazl/jwzxjxxgk/201711/t20171106_8210.htm
http://www.acas.org.cnx7a72968133868.ipv6best.cn/	146	海峡两岸仲裁中心	https://www.pingtan.gov.cn/zwgk/ztzl/gazl/jwzxjxxgk/201711/t20171106_8210.htm
https://27-151-80-61xe076968133868xx.ipv6best.cn:91/#/double-publicity-info	146	信用平潭	https://www.pingtan.gov.cn/zwgk/ztzl/gazl/jwzxjxxgk/201711/t20171106_8210.htm
https://bszs-conac-cnxe103968133868xx.ipv6best.cn/sitename?method=show&amp;id=21E2BB13660E0D66E053012819ACFD9D	146		https://www.pingtan.gov.cn/zwgk/ztzl/gazl/jwzxjxxgk/201711/t20171106_8210.htm
https://credit-xm-gov-cnxd4a4968133868xx.ipv6best.cn/	146	信用厦门	https://www.pingtan.gov.cn/zwgk/ztzl/gazl/jwzxjxxgk/201711/t20171106_8210.htm
https://fjrb-fjdaily-comx2d93968133868xx.ipv6best.cn/pc/col/202311/02/node_01.html	146	福建日报	https://www.pingtan.gov.cn/zwgk/ztzl/gazl/jwzxjxxgk/201711/t20171106_8210.htm
https://www-beian-gov-cnx45c8968133868xx.ipv6best.cn/portal/registerSystemInfo?recordcode=35012899001-19002	146	公安备案号：35012899001-19002	https://www.pingtan.gov.cn/zwgk/ztzl/gazl/jwzxjxxgk/201711/t20171106_8210.htm
http://pt.fjbz.org.cnx1e49968073868.ipv6best.cn:8060/	144	福建省标准信息服务平台	https://www.pingtan.gov.cn/zwgk/ztzl/gazl/jwzxjxxgk/201906/t20190610_14276.htm
http://www.acas.org.cnx7a72968073868.ipv6best.cn/	144	海峡两岸仲裁中心	https://www.pingtan.gov.cn/zwgk/ztzl/gazl/jwzxjxxgk/201906/t20190610_14276.htm
https://27-151-80-61xe076968073868xx.ipv6best.cn:91/#/double-publicity-info	144	信用平潭	https://www.pingtan.gov.cn/zwgk/ztzl/gazl/jwzxjxxgk/201906/t20190610_14276.htm
https://bszs-conac-cnxe103968073868xx.ipv6best.cn/sitename?method=show&amp;id=21E2BB13660E0D66E053012819ACFD9D	144		https://www.pingtan.gov.cn/zwgk/ztzl/gazl/jwzxjxxgk/201906/t20190610_14276.htm
https://credit-xm-gov-cnxd4a4968073868xx.ipv6best.cn/	144	信用厦门	https://www.pingtan.gov.cn/zwgk/ztzl/gazl/jwzxjxxgk/201906/t20190610_14276.htm
https://fjrb-fjdaily-comx2d93968073868xx.ipv6best.cn/pc/col/202311/02/node_01.html	144	福建日报	https://www.pingtan.gov.cn/zwgk/ztzl/gazl/jwzxjxxgk/201906/t20190610_14276.htm
https://www-beian-gov-cnx45c8968073868xx.ipv6best.cn/portal/registerSystemInfo?recordcode=35012899001-19002	144	公安备案号：35012899001-19002	https://www.pingtan.gov.cn/zwgk/ztzl/gazl/jwzxjxxgk/201906/t20190610_14276.htm
http://pt.fjbz.org.cnx1e49967f13868.ipv6best.cn:8060/	143	福建省标准信息服务平台	https://www.pingtan.gov.cn/zwgk/yw/szywn/202205/t20220508_83877.htm
http://www.acas.org.cnx7a72967f13868.ipv6best.cn/	143	海峡两岸仲裁中心	https://www.pingtan.gov.cn/zwgk/yw/szywn/202205/t20220508_83877.htm
https://27-151-80-61xe076967f13868xx.ipv6best.cn:91/#/double-publicity-info	143	信用平潭	https://www.pingtan.gov.cn/zwgk/yw/szywn/202205/t20220508_83877.htm
https://bszs-conac-cnxe103967f13868xx.ipv6best.cn/sitename?method=show&amp;id=21E2BB13660E0D66E053012819ACFD9D	143		https://www.pingtan.gov.cn/zwgk/yw/szywn/202205/t20220508_83877.htm
https://credit-xm-gov-cnxd4a4967f13868xx.ipv6best.cn/	143	信用厦门	https://www.pingtan.gov.cn/zwgk/yw/szywn/202205/t20220508_83877.htm
https://fjrb-fjdaily-comx2d93967f13868xx.ipv6best.cn/pc/col/202311/02/node_01.html	143	福建日报	https://www.pingtan.gov.cn/zwgk/yw/szywn/202205/t20220508_83877.htm
https://www-beian-gov-cnx45c8967f13868xx.ipv6best.cn/portal/registerSystemInfo?recordcode=35012899001-19002	143	公安备案号：35012899001-19002	https://www.pingtan.gov.cn/zwgk/yw/szywn/202205/t20220508_83877.htm
http://pt.fjbz.org.cnx1e49966dc3868.ipv6best.cn:8060/	139	福建省标准信息服务平台	https://www.pingtan.gov.cn/zwgk/gsgg/201706/t20170622_7345.htm
http://pt.fjbz.org.cnx1e49968313868.ipv6best.cn:8060/	139	福建省标准信息服务平台	https://www.pingtan.gov.cn/zwgk/zfxxgk/dfbmptlj/ptzhsyqbm/ptzhsyqczj/fdzdgknr/10qtwjdzjg/202302/t20230213_77806.htm
http://www.acas.org.cnx7a72966dc3868.ipv6best.cn/	139	海峡两岸仲裁中心	https://www.pingtan.gov.cn/zwgk/gsgg/201706/t20170622_7345.htm
http://www.acas.org.cnx7a72968313868.ipv6best.cn/	139	海峡两岸仲裁中心	https://www.pingtan.gov.cn/zwgk/zfxxgk/dfbmptlj/ptzhsyqbm/ptzhsyqczj/fdzdgknr/10qtwjdzjg/202302/t20230213_77806.htm
https://27-151-80-61xe076966dc3868xx.ipv6best.cn:91/#/double-publicity-info	139	信用平潭	https://www.pingtan.gov.cn/zwgk/gsgg/201706/t20170622_7345.htm
https://27-151-80-61xe076968313868xx.ipv6best.cn:91/#/double-publicity-info	139	信用平潭	https://www.pingtan.gov.cn/zwgk/zfxxgk/dfbmptlj/ptzhsyqbm/ptzhsyqczj/fdzdgknr/10qtwjdzjg/202302/t20230213_77806.htm
https://bszs-conac-cnxe103966dc3868xx.ipv6best.cn/sitename?method=show&amp;id=21E2BB13660E0D66E053012819ACFD9D	139		https://www.pingtan.gov.cn/zwgk/gsgg/201706/t20170622_7345.htm
https://bszs-conac-cnxe103968313868xx.ipv6best.cn/sitename?method=show&amp;id=21E2BB13660E0D66E053012819ACFD9D	139		https://www.pingtan.gov.cn/zwgk/zfxxgk/dfbmptlj/ptzhsyqbm/ptzhsyqczj/fdzdgknr/10qtwjdzjg/202302/t20230213_77806.htm
https://credit-xm-gov-cnxd4a4966dc3868xx.ipv6best.cn/	139	信用厦门	https://www.pingtan.gov.cn/zwgk/gsgg/201706/t20170622_7345.htm
https://credit-xm-gov-cnxd4a4968313868xx.ipv6best.cn/	139	信用厦门	https://www.pingtan.gov.cn/zwgk/zfxxgk/dfbmptlj/ptzhsyqbm/ptzhsyqczj/fdzdgknr/10qtwjdzjg/202302/t20230213_77806.htm
https://fjrb-fjdaily-comx2d93966dc3868xx.ipv6best.cn/pc/col/202311/02/node_01.html	139	福建日报	https://www.pingtan.gov.cn/zwgk/gsgg/201706/t20170622_7345.htm
https://fjrb-fjdaily-comx2d93968313868xx.ipv6best.cn/pc/col/202311/02/node_01.html	139	福建日报	https://www.pingtan.gov.cn/zwgk/zfxxgk/dfbmptlj/ptzhsyqbm/ptzhsyqczj/fdzdgknr/10qtwjdzjg/202302/t20230213_77806.htm
https://www-beian-gov-cnx45c8966dc3868xx.ipv6best.cn/portal/registerSystemInfo?recordcode=35012899001-19002	139	公安备案号：35012899001-19002	https://www.pingtan.gov.cn/zwgk/gsgg/201706/t20170622_7345.htm
https://www-beian-gov-cnx45c8968313868xx.ipv6best.cn/portal/registerSystemInfo?recordcode=35012899001-19002	139	公安备案号：35012899001-19002	https://www.pingtan.gov.cn/zwgk/zfxxgk/dfbmptlj/ptzhsyqbm/ptzhsyqczj/fdzdgknr/10qtwjdzjg/202302/t20230213_77806.htm
http://pt.fjbz.org.cnx1e49967d13868.ipv6best.cn:8060/	138	福建省标准信息服务平台	https://www.pingtan.gov.cn/zwgk/ldzc/fld/hdbd/202310/t20231025_51342.htm
http://www.acas.org.cnx7a72967d13868.ipv6best.cn/	138	海峡两岸仲裁中心	https://www.pingtan.gov.cn/zwgk/ldzc/fld/hdbd/202310/t20231025_51342.htm
https://27-151-80-61xe076967d13868xx.ipv6best.cn:91/#/double-publicity-info	138	信用平潭	https://www.pingtan.gov.cn/zwgk/ldzc/fld/hdbd/202310/t20231025_51342.htm
https://bszs-conac-cnxe103967d13868xx.ipv6best.cn/sitename?method=show&amp;id=21E2BB13660E0D66E053012819ACFD9D	138		https://www.pingtan.gov.cn/zwgk/ldzc/fld/hdbd/202310/t20231025_51342.htm
https://credit-xm-gov-cnxd4a4967d13868xx.ipv6best.cn/	138	信用厦门	https://www.pingtan.gov.cn/zwgk/ldzc/fld/hdbd/202310/t20231025_51342.htm
https://fjrb-fjdaily-comx2d93967d13868xx.ipv6best.cn/pc/col/202311/02/node_01.html	138	福建日报	https://www.pingtan.gov.cn/zwgk/ldzc/fld/hdbd/202310/t20231025_51342.htm
https://www-beian-gov-cnx45c8967d13868xx.ipv6best.cn/portal/registerSystemInfo?recordcode=35012899001-19002	138	公安备案号：35012899001-19002	https://www.pingtan.gov.cn/zwgk/ldzc/fld/hdbd/202310/t20231025_51342.htm
http://pt.fjbz.org.cnx1e49966ca3868.ipv6best.cn:8060/	137	福建省标准信息服务平台	https://www.pingtan.gov.cn/zwgk/gsgg/202105/t20210517_26201.htm
http://www.acas.org.cnx7a72966ca3868.ipv6best.cn/	137	海峡两岸仲裁中心	https://www.pingtan.gov.cn/zwgk/gsgg/202105/t20210517_26201.htm
https://27-151-80-61xe076966ca3868xx.ipv6best.cn:91/#/double-publicity-info	137	信用平潭	https://www.pingtan.gov.cn/zwgk/gsgg/202105/t20210517_26201.htm
https://bszs-conac-cnxe103966ca3868xx.ipv6best.cn/sitename?method=show&amp;id=21E2BB13660E0D66E053012819ACFD9D	137		https://www.pingtan.gov.cn/zwgk/gsgg/202105/t20210517_26201.htm
https://credit-xm-gov-cnxd4a4966ca3868xx.ipv6best.cn/	137	信用厦门	https://www.pingtan.gov.cn/zwgk/gsgg/202105/t20210517_26201.htm
https://fjrb-fjdaily-comx2d93966ca3868xx.ipv6best.cn/pc/col/202311/02/node_01.html	137	福建日报	https://www.pingtan.gov.cn/zwgk/gsgg/202105/t20210517_26201.htm
https://www-beian-gov-cnx45c8966ca3868xx.ipv6best.cn/portal/registerSystemInfo?recordcode=35012899001-19002	137	公安备案号：35012899001-19002	https://www.pingtan.gov.cn/zwgk/gsgg/202105/t20210517_26201.htm
http://pt.fjbz.org.cnx1e499676a3868.ipv6best.cn:8060/	135	福建省标准信息服务平台	https://www.pingtan.gov.cn/zwgk/ldzc/hjb/hdbd/202505/t20250516_99041.htm
http://pt.fjbz.org.cnx1e49968243868.ipv6best.cn:8060/	135	福建省标准信息服务平台	https://www.pingtan.gov.cn/zwgk/yw/ptyw/201510/t20151029_1717.htm
http://pt.fjbz.org.cnx1e49968633868.ipv6best.cn:8060/	135	福建省标准信息服务平台	https://www.pingtan.gov.cn/zwgk/zfxxgk/dfbmptlj/ptzhsyqbm/ptzhsyqczj/fdzdgknr/10qtwjdzjg/201507/t20150718_57949.htm
http://www.acas.org.cnx7a729676a3868.ipv6best.cn/	135	海峡两岸仲裁中心	https://www.pingtan.gov.cn/zwgk/ldzc/hjb/hdbd/202505/t20250516_99041.htm
http://www.acas.org.cnx7a72968243868.ipv6best.cn/	135	海峡两岸仲裁中心	https://www.pingtan.gov.cn/zwgk/yw/ptyw/201510/t20151029_1717.htm
http://www.acas.org.cnx7a72968633868.ipv6best.cn/	135	海峡两岸仲裁中心	https://www.pingtan.gov.cn/zwgk/zfxxgk/dfbmptlj/ptzhsyqbm/ptzhsyqczj/fdzdgknr/10qtwjdzjg/201507/t20150718_57949.htm
https://27-151-80-61xe0769676a3868xx.ipv6best.cn:91/#/double-publicity-info	135	信用平潭	https://www.pingtan.gov.cn/zwgk/ldzc/hjb/hdbd/202505/t20250516_99041.htm
https://27-151-80-61xe076968243868xx.ipv6best.cn:91/#/double-publicity-info	135	信用平潭	https://www.pingtan.gov.cn/zwgk/yw/ptyw/201510/t20151029_1717.htm
https://27-151-80-61xe076968633868xx.ipv6best.cn:91/#/double-publicity-info	135	信用平潭	https://www.pingtan.gov.cn/zwgk/zfxxgk/dfbmptlj/ptzhsyqbm/ptzhsyqczj/fdzdgknr/10qtwjdzjg/201507/t20150718_57949.htm
https://bszs-conac-cnxe1039676a3868xx.ipv6best.cn/sitename?method=show&amp;id=21E2BB13660E0D66E053012819ACFD9D	135		https://www.pingtan.gov.cn/zwgk/ldzc/hjb/hdbd/202505/t20250516_99041.htm
https://bszs-conac-cnxe103968243868xx.ipv6best.cn/sitename?method=show&amp;id=21E2BB13660E0D66E053012819ACFD9D	135		https://www.pingtan.gov.cn/zwgk/yw/ptyw/201510/t20151029_1717.htm
https://bszs-conac-cnxe103968633868xx.ipv6best.cn/sitename?method=show&amp;id=21E2BB13660E0D66E053012819ACFD9D	135		https://www.pingtan.gov.cn/zwgk/zfxxgk/dfbmptlj/ptzhsyqbm/ptzhsyqczj/fdzdgknr/10qtwjdzjg/201507/t20150718_57949.htm
https://credit-xm-gov-cnxd4a49676a3868xx.ipv6best.cn/	135	信用厦门	https://www.pingtan.gov.cn/zwgk/ldzc/hjb/hdbd/202505/t20250516_99041.htm
https://credit-xm-gov-cnxd4a4968243868xx.ipv6best.cn/	135	信用厦门	https://www.pingtan.gov.cn/zwgk/yw/ptyw/201510/t20151029_1717.htm
https://credit-xm-gov-cnxd4a4968633868xx.ipv6best.cn/	135	信用厦门	https://www.pingtan.gov.cn/zwgk/zfxxgk/dfbmptlj/ptzhsyqbm/ptzhsyqczj/fdzdgknr/10qtwjdzjg/201507/t20150718_57949.htm
https://fjrb-fjdaily-comx2d939676a3868xx.ipv6best.cn/pc/col/202311/02/node_01.html	135	福建日报	https://www.pingtan.gov.cn/zwgk/ldzc/hjb/hdbd/202505/t20250516_99041.htm
https://fjrb-fjdaily-comx2d93968243868xx.ipv6best.cn/pc/col/202311/02/node_01.html	135	福建日报	https://www.pingtan.gov.cn/zwgk/yw/ptyw/201510/t20151029_1717.htm
https://fjrb-fjdaily-comx2d93968633868xx.ipv6best.cn/pc/col/202311/02/node_01.html	135	福建日报	https://www.pingtan.gov.cn/zwgk/zfxxgk/dfbmptlj/ptzhsyqbm/ptzhsyqczj/fdzdgknr/10qtwjdzjg/201507/t20150718_57949.htm
https://www-beian-gov-cnx45c89676a3868xx.ipv6best.cn/portal/registerSystemInfo?recordcode=35012899001-19002	135	公安备案号：35012899001-19002	https://www.pingtan.gov.cn/zwgk/ldzc/hjb/hdbd/202505/t20250516_99041.htm
https://www-beian-gov-cnx45c8968243868xx.ipv6best.cn/portal/registerSystemInfo?recordcode=35012899001-19002	135	公安备案号：35012899001-19002	https://www.pingtan.gov.cn/zwgk/yw/ptyw/201510/t20151029_1717.htm
https://www-beian-gov-cnx45c8968633868xx.ipv6best.cn/portal/registerSystemInfo?recordcode=35012899001-19002	135	公安备案号：35012899001-19002	https://www.pingtan.gov.cn/zwgk/zfxxgk/dfbmptlj/ptzhsyqbm/ptzhsyqczj/fdzdgknr/10qtwjdzjg/201507/t20150718_57949.htm
http://pt.fjbz.org.cnx1e49966be3868.ipv6best.cn:8060/	132	福建省标准信息服务平台	https://www.pingtan.gov.cn/zwgk/gsgg/202305/t20230530_46915.htm
http://pt.fjbz.org.cnx1e49966c33868.ipv6best.cn:8060/	132	福建省标准信息服务平台	https://www.pingtan.gov.cn/zwgk/gsgg/202206/t20220607_34253.htm
http://pt.fjbz.org.cnx1e49968503868.ipv6best.cn:8060/	132	福建省标准信息服务平台	https://www.pingtan.gov.cn/zwgk/zfxxgk/dfbmptlj/ptzhsyqbm/ptzhsyqczj/fdzdgknr/165fpjyyls/201901/t20190116_71138.htm
http://www.acas.org.cnx7a72966be3868.ipv6best.cn/	132	海峡两岸仲裁中心	https://www.pingtan.gov.cn/zwgk/gsgg/202305/t20230530_46915.htm
http://www.acas.org.cnx7a72966c33868.ipv6best.cn/	132	海峡两岸仲裁中心	https://www.pingtan.gov.cn/zwgk/gsgg/202206/t20220607_34253.htm
http://www.acas.org.cnx7a72968503868.ipv6best.cn/	132	海峡两岸仲裁中心	https://www.pingtan.gov.cn/zwgk/zfxxgk/dfbmptlj/ptzhsyqbm/ptzhsyqczj/fdzdgknr/165fpjyyls/201901/t20190116_71138.htm
https://27-151-80-61xe076966be3868xx.ipv6best.cn:91/#/double-publicity-info	132	信用平潭	https://www.pingtan.gov.cn/zwgk/gsgg/202305/t20230530_46915.htm
https://27-151-80-61xe076966c33868xx.ipv6best.cn:91/#/double-publicity-info	132	信用平潭	https://www.pingtan.gov.cn/zwgk/gsgg/202206/t20220607_34253.htm
https://27-151-80-61xe076968503868xx.ipv6best.cn:91/#/double-publicity-info	132	信用平潭	https://www.pingtan.gov.cn/zwgk/zfxxgk/dfbmptlj/ptzhsyqbm/ptzhsyqczj/fdzdgknr/165fpjyyls/201901/t20190116_71138.htm
https://bszs-conac-cnxe103966be3868xx.ipv6best.cn/sitename?method=show&amp;id=21E2BB13660E0D66E053012819ACFD9D	132		https://www.pingtan.gov.cn/zwgk/gsgg/202305/t20230530_46915.htm
https://bszs-conac-cnxe103966c33868xx.ipv6best.cn/sitename?method=show&amp;id=21E2BB13660E0D66E053012819ACFD9D	132		https://www.pingtan.gov.cn/zwgk/gsgg/202206/t20220607_34253.htm
https://bszs-conac-cnxe103968503868xx.ipv6best.cn/sitename?method=show&amp;id=21E2BB13660E0D66E053012819ACFD9D	132		https://www.pingtan.gov.cn/zwgk/zfxxgk/dfbmptlj/ptzhsyqbm/ptzhsyqczj/fdzdgknr/165fpjyyls/201901/t20190116_71138.htm
https://credit-xm-gov-cnxd4a4966be3868xx.ipv6best.cn/	132	信用厦门	https://www.pingtan.gov.cn/zwgk/gsgg/202305/t20230530_46915.htm
https://credit-xm-gov-cnxd4a4966c33868xx.ipv6best.cn/	132	信用厦门	https://www.pingtan.gov.cn/zwgk/gsgg/202206/t20220607_34253.htm
https://credit-xm-gov-cnxd4a4968503868xx.ipv6best.cn/	132	信用厦门	https://www.pingtan.gov.cn/zwgk/zfxxgk/dfbmptlj/ptzhsyqbm/ptzhsyqczj/fdzdgknr/165fpjyyls/201901/t20190116_71138.htm
https://fjrb-fjdaily-comx2d93966be3868xx.ipv6best.cn/pc/col/202311/02/node_01.html	132	福建日报	https://www.pingtan.gov.cn/zwgk/gsgg/202305/t20230530_46915.htm
https://fjrb-fjdaily-comx2d93966c33868xx.ipv6best.cn/pc/col/202311/02/node_01.html	132	福建日报	https://www.pingtan.gov.cn/zwgk/gsgg/202206/t20220607_34253.htm
https://fjrb-fjdaily-comx2d93968503868xx.ipv6best.cn/pc/col/202311/02/node_01.html	132	福建日报	https://www.pingtan.gov.cn/zwgk/zfxxgk/dfbmptlj/ptzhsyqbm/ptzhsyqczj/fdzdgknr/165fpjyyls/201901/t20190116_71138.htm
https://www-beian-gov-cnx45c8966be3868xx.ipv6best.cn/portal/registerSystemInfo?recordcode=35012899001-19002	132	公安备案号：35012899001-19002	https://www.pingtan.gov.cn/zwgk/gsgg/202305/t20230530_46915.htm
https://www-beian-gov-cnx45c8966c33868xx.ipv6best.cn/portal/registerSystemInfo?recordcode=35012899001-19002	132	公安备案号：35012899001-19002	https://www.pingtan.gov.cn/zwgk/gsgg/202206/t20220607_34253.htm
https://www-beian-gov-cnx45c8968503868xx.ipv6best.cn/portal/registerSystemInfo?recordcode=35012899001-19002	132	公安备案号：35012899001-19002	https://www.pingtan.gov.cn/zwgk/zfxxgk/dfbmptlj/ptzhsyqbm/ptzhsyqczj/fdzdgknr/165fpjyyls/201901/t20190116_71138.htm
http://pt.fjbz.org.cnx1e49968003868.ipv6best.cn:8060/	131	福建省标准信息服务平台	https://www.pingtan.gov.cn/zwgk/yw/ptyw/202101/t20210125_24578.htm
http://www.acas.org.cnx7a72968003868.ipv6best.cn/	131	海峡两岸仲裁中心	https://www.pingtan.gov.cn/zwgk/yw/ptyw/202101/t20210125_24578.htm
https://27-151-80-61xe076968003868xx.ipv6best.cn:91/#/double-publicity-info	131	信用平潭	https://www.pingtan.gov.cn/zwgk/yw/ptyw/202101/t20210125_24578.htm
https://bszs-conac-cnxe103968003868xx.ipv6best.cn/sitename?method=show&amp;id=21E2BB13660E0D66E053012819ACFD9D	131		https://www.pingtan.gov.cn/zwgk/yw/ptyw/202101/t20210125_24578.htm
https://credit-xm-gov-cnxd4a4968003868xx.ipv6best.cn/	131	信用厦门	https://www.pingtan.gov.cn/zwgk/yw/ptyw/202101/t20210125_24578.htm
https://fjrb-fjdaily-comx2d93968003868xx.ipv6best.cn/pc/col/202311/02/node_01.html	131	福建日报	https://www.pingtan.gov.cn/zwgk/yw/ptyw/202101/t20210125_24578.htm
https://www-beian-gov-cnx45c8968003868xx.ipv6best.cn/portal/registerSystemInfo?recordcode=35012899001-19002	131	公安备案号：35012899001-19002	https://www.pingtan.gov.cn/zwgk/yw/ptyw/202101/t20210125_24578.htm
http://pt.fjbz.org.cnx1e49968343868.ipv6best.cn:8060/	129	福建省标准信息服务平台	https://www.pingtan.gov.cn/zwgk/zfxxgk/dfbmptlj/ptzhsyqbm/ptzhsyqczj/fdzdgknr/10qtwjdzjg/202207/t20220704_76443.htm
http://www.acas.org.cnx7a72968343868.ipv6best.cn/	129	海峡两岸仲裁中心	https://www.pingtan.gov.cn/zwgk/zfxxgk/dfbmptlj/ptzhsyqbm/ptzhsyqczj/fdzdgknr/10qtwjdzjg/202207/t20220704_76443.htm
https://27-151-80-61xe076968343868xx.ipv6best.cn:91/#/double-publicity-info	129	信用平潭	https://www.pingtan.gov.cn/zwgk/zfxxgk/dfbmptlj/ptzhsyqbm/ptzhsyqczj/fdzdgknr/10qtwjdzjg/202207/t20220704_76443.htm
https://bszs-conac-cnxe103968343868xx.ipv6best.cn/sitename?method=show&amp;id=21E2BB13660E0D66E053012819ACFD9D	129		https://www.pingtan.gov.cn/zwgk/zfxxgk/dfbmptlj/ptzhsyqbm/ptzhsyqczj/fdzdgknr/10qtwjdzjg/202207/t20220704_76443.htm
https://credit-xm-gov-cnxd4a4968343868xx.ipv6best.cn/	129	信用厦门	https://www.pingtan.gov.cn/zwgk/zfxxgk/dfbmptlj/ptzhsyqbm/ptzhsyqczj/fdzdgknr/10qtwjdzjg/202207/t20220704_76443.htm
https://fjrb-fjdaily-comx2d93968343868xx.ipv6best.cn/pc/col/202311/02/node_01.html	129	福建日报	https://www.pingtan.gov.cn/zwgk/zfxxgk/dfbmptlj/ptzhsyqbm/ptzhsyqczj/fdzdgknr/10qtwjdzjg/202207/t20220704_76443.htm
https://www-beian-gov-cnx45c8968343868xx.ipv6best.cn/portal/registerSystemInfo?recordcode=35012899001-19002	129	公安备案号：35012899001-19002	https://www.pingtan.gov.cn/zwgk/zfxxgk/dfbmptlj/ptzhsyqbm/ptzhsyqczj/fdzdgknr/10qtwjdzjg/202207/t20220704_76443.htm
http://pt.fjbz.org.cnx1e499671b3868.ipv6best.cn:8060/	128	福建省标准信息服务平台	https://www.pingtan.gov.cn/zwgk/ghxx/ndjh/202211/t20221117_38788.htm
http://pt.fjbz.org.cnx1e499676b3868.ipv6best.cn:8060/	128	福建省标准信息服务平台	https://www.pingtan.gov.cn/zwgk/ldzc/hjb/hdbd/202504/t20250402_98184.htm
http://pt.fjbz.org.cnx1e49967f33868.ipv6best.cn:8060/	128	福建省标准信息服务平台	https://www.pingtan.gov.cn/zwgk/yw/szywn/202203/t20220325_83824.htm
http://www.acas.org.cnx7a729671b3868.ipv6best.cn/	128	海峡两岸仲裁中心	https://www.pingtan.gov.cn/zwgk/ghxx/ndjh/202211/t20221117_38788.htm
http://www.acas.org.cnx7a729676b3868.ipv6best.cn/	128	海峡两岸仲裁中心	https://www.pingtan.gov.cn/zwgk/ldzc/hjb/hdbd/202504/t20250402_98184.htm
http://www.acas.org.cnx7a72967f33868.ipv6best.cn/	128	海峡两岸仲裁中心	https://www.pingtan.gov.cn/zwgk/yw/szywn/202203/t20220325_83824.htm
https://27-151-80-61xe0769671b3868xx.ipv6best.cn:91/#/double-publicity-info	128	信用平潭	https://www.pingtan.gov.cn/zwgk/ghxx/ndjh/202211/t20221117_38788.htm
https://27-151-80-61xe0769676b3868xx.ipv6best.cn:91/#/double-publicity-info	128	信用平潭	https://www.pingtan.gov.cn/zwgk/ldzc/hjb/hdbd/202504/t20250402_98184.htm
https://27-151-80-61xe076967f33868xx.ipv6best.cn:91/#/double-publicity-info	128	信用平潭	https://www.pingtan.gov.cn/zwgk/yw/szywn/202203/t20220325_83824.htm
https://bszs-conac-cnxe1039671b3868xx.ipv6best.cn/sitename?method=show&amp;id=21E2BB13660E0D66E053012819ACFD9D	128		https://www.pingtan.gov.cn/zwgk/ghxx/ndjh/202211/t20221117_38788.htm
https://bszs-conac-cnxe1039676b3868xx.ipv6best.cn/sitename?method=show&amp;id=21E2BB13660E0D66E053012819ACFD9D	128		https://www.pingtan.gov.cn/zwgk/ldzc/hjb/hdbd/202504/t20250402_98184.htm
https://bszs-conac-cnxe103967f33868xx.ipv6best.cn/sitename?method=show&amp;id=21E2BB13660E0D66E053012819ACFD9D	128		https://www.pingtan.gov.cn/zwgk/yw/szywn/202203/t20220325_83824.htm
https://credit-xm-gov-cnxd4a49671b3868xx.ipv6best.cn/	128	信用厦门	https://www.pingtan.gov.cn/zwgk/ghxx/ndjh/202211/t20221117_38788.htm
https://credit-xm-gov-cnxd4a49676b3868xx.ipv6best.cn/	128	信用厦门	https://www.pingtan.gov.cn/zwgk/ldzc/hjb/hdbd/202504/t20250402_98184.htm
https://credit-xm-gov-cnxd4a4967f33868xx.ipv6best.cn/	128	信用厦门	https://www.pingtan.gov.cn/zwgk/yw/szywn/202203/t20220325_83824.htm
https://fjrb-fjdaily-comx2d939671b3868xx.ipv6best.cn/pc/col/202311/02/node_01.html	128	福建日报	https://www.pingtan.gov.cn/zwgk/ghxx/ndjh/202211/t20221117_38788.htm
https://fjrb-fjdaily-comx2d939676b3868xx.ipv6best.cn/pc/col/202311/02/node_01.html	128	福建日报	https://www.pingtan.gov.cn/zwgk/ldzc/hjb/hdbd/202504/t20250402_98184.htm
https://fjrb-fjdaily-comx2d93967f33868xx.ipv6best.cn/pc/col/202311/02/node_01.html	128	福建日报	https://www.pingtan.gov.cn/zwgk/yw/szywn/202203/t20220325_83824.htm
https://www-beian-gov-cnx45c89671b3868xx.ipv6best.cn/portal/registerSystemInfo?recordcode=35012899001-19002	128	公安备案号：35012899001-19002	https://www.pingtan.gov.cn/zwgk/ghxx/ndjh/202211/t20221117_38788.htm
https://www-beian-gov-cnx45c89676b3868xx.ipv6best.cn/portal/registerSystemInfo?recordcode=35012899001-19002	128	公安备案号：35012899001-19002	https://www.pingtan.gov.cn/zwgk/ldzc/hjb/hdbd/202504/t20250402_98184.htm
https://www-beian-gov-cnx45c8967f33868xx.ipv6best.cn/portal/registerSystemInfo?recordcode=35012899001-19002	128	公安备案号：35012899001-19002	https://www.pingtan.gov.cn/zwgk/yw/szywn/202203/t20220325_83824.htm
http://pt.fjbz.org.cnx1e49967623868.ipv6best.cn:8060/	127	福建省标准信息服务平台	https://www.pingtan.gov.cn/zwgk/ldzc/hjb/hdbd/202511/t20251111_103150.htm
http://pt.fjbz.org.cnx1e499685a3868.ipv6best.cn:8060/	127	福建省标准信息服务平台	https://www.pingtan.gov.cn/zwgk/zfxxgk/dfbmptlj/ptzhsyqbm/ptzhsyqczj/fdzdgknr/163hjbhggw/201704/t20170428_63249.htm
http://pt.fjbz.org.cnx1e499686a3868.ipv6best.cn:8060/	127	福建省标准信息服务平台	https://www.pingtan.gov.cn/zwgk/zfxxgk/dfbmptlj/ptzhsyqbm/ptzhsyqjjf/fdzdgknr/gzdt/201308/t20130802_54913.htm
http://www.acas.org.cnx7a72967623868.ipv6best.cn/	127	海峡两岸仲裁中心	https://www.pingtan.gov.cn/zwgk/ldzc/hjb/hdbd/202511/t20251111_103150.htm
http://www.acas.org.cnx7a729685a3868.ipv6best.cn/	127	海峡两岸仲裁中心	https://www.pingtan.gov.cn/zwgk/zfxxgk/dfbmptlj/ptzhsyqbm/ptzhsyqczj/fdzdgknr/163hjbhggw/201704/t20170428_63249.htm
http://www.acas.org.cnx7a729686a3868.ipv6best.cn/	127	海峡两岸仲裁中心	https://www.pingtan.gov.cn/zwgk/zfxxgk/dfbmptlj/ptzhsyqbm/ptzhsyqjjf/fdzdgknr/gzdt/201308/t20130802_54913.htm
https://27-151-80-61xe076967623868xx.ipv6best.cn:91/#/double-publicity-info	127	信用平潭	https://www.pingtan.gov.cn/zwgk/ldzc/hjb/hdbd/202511/t20251111_103150.htm
https://27-151-80-61xe0769685a3868xx.ipv6best.cn:91/#/double-publicity-info	127	信用平潭	https://www.pingtan.gov.cn/zwgk/zfxxgk/dfbmptlj/ptzhsyqbm/ptzhsyqczj/fdzdgknr/163hjbhggw/201704/t20170428_63249.htm
https://27-151-80-61xe0769686a3868xx.ipv6best.cn:91/#/double-publicity-info	127	信用平潭	https://www.pingtan.gov.cn/zwgk/zfxxgk/dfbmptlj/ptzhsyqbm/ptzhsyqjjf/fdzdgknr/gzdt/201308/t20130802_54913.htm
https://bszs-conac-cnxe103967623868xx.ipv6best.cn/sitename?method=show&amp;id=21E2BB13660E0D66E053012819ACFD9D	127		https://www.pingtan.gov.cn/zwgk/ldzc/hjb/hdbd/202511/t20251111_103150.htm
https://bszs-conac-cnxe1039685a3868xx.ipv6best.cn/sitename?method=show&amp;id=21E2BB13660E0D66E053012819ACFD9D	127		https://www.pingtan.gov.cn/zwgk/zfxxgk/dfbmptlj/ptzhsyqbm/ptzhsyqczj/fdzdgknr/163hjbhggw/201704/t20170428_63249.htm
https://bszs-conac-cnxe1039686a3868xx.ipv6best.cn/sitename?method=show&amp;id=21E2BB13660E0D66E053012819ACFD9D	127		https://www.pingtan.gov.cn/zwgk/zfxxgk/dfbmptlj/ptzhsyqbm/ptzhsyqjjf/fdzdgknr/gzdt/201308/t20130802_54913.htm
https://credit-xm-gov-cnxd4a4967623868xx.ipv6best.cn/	127	信用厦门	https://www.pingtan.gov.cn/zwgk/ldzc/hjb/hdbd/202511/t20251111_103150.htm
https://credit-xm-gov-cnxd4a49685a3868xx.ipv6best.cn/	127	信用厦门	https://www.pingtan.gov.cn/zwgk/zfxxgk/dfbmptlj/ptzhsyqbm/ptzhsyqczj/fdzdgknr/163hjbhggw/201704/t20170428_63249.htm
https://credit-xm-gov-cnxd4a49686a3868xx.ipv6best.cn/	127	信用厦门	https://www.pingtan.gov.cn/zwgk/zfxxgk/dfbmptlj/ptzhsyqbm/ptzhsyqjjf/fdzdgknr/gzdt/201308/t20130802_54913.htm
https://fjrb-fjdaily-comx2d93967623868xx.ipv6best.cn/pc/col/202311/02/node_01.html	127	福建日报	https://www.pingtan.gov.cn/zwgk/ldzc/hjb/hdbd/202511/t20251111_103150.htm
https://fjrb-fjdaily-comx2d939685a3868xx.ipv6best.cn/pc/col/202311/02/node_01.html	127	福建日报	https://www.pingtan.gov.cn/zwgk/zfxxgk/dfbmptlj/ptzhsyqbm/ptzhsyqczj/fdzdgknr/163hjbhggw/201704/t20170428_63249.htm
https://fjrb-fjdaily-comx2d939686a3868xx.ipv6best.cn/pc/col/202311/02/node_01.html	127	福建日报	https://www.pingtan.gov.cn/zwgk/zfxxgk/dfbmptlj/ptzhsyqbm/ptzhsyqjjf/fdzdgknr/gzdt/201308/t20130802_54913.htm
https://www-beian-gov-cnx45c8967623868xx.ipv6best.cn/portal/registerSystemInfo?recordcode=35012899001-19002	127	公安备案号：35012899001-19002	https://www.pingtan.gov.cn/zwgk/ldzc/hjb/hdbd/202511/t20251111_103150.htm
https://www-beian-gov-cnx45c89685a3868xx.ipv6best.cn/portal/registerSystemInfo?recordcode=35012899001-19002	127	公安备案号：35012899001-19002	https://www.pingtan.gov.cn/zwgk/zfxxgk/dfbmptlj/ptzhsyqbm/ptzhsyqczj/fdzdgknr/163hjbhggw/201704/t20170428_63249.htm
https://www-beian-gov-cnx45c89686a3868xx.ipv6best.cn/portal/registerSystemInfo?recordcode=35012899001-19002	127	公安备案号：35012899001-19002	https://www.pingtan.gov.cn/zwgk/zfxxgk/dfbmptlj/ptzhsyqbm/ptzhsyqjjf/fdzdgknr/gzdt/201308/t20130802_54913.htm
http://pt.fjbz.org.cnx1e499684b3868.ipv6best.cn:8060/	126	福建省标准信息服务平台	https://www.pingtan.gov.cn/zwgk/zfxxgk/dfbmptlj/ptzhsyqbm/ptzhsyqczj/fdzdgknr/12czysjsbg/201910/t20191012_68523.htm
http://www.acas.org.cnx7a729684b3868.ipv6best.cn/	126	海峡两岸仲裁中心	https://www.pingtan.gov.cn/zwgk/zfxxgk/dfbmptlj/ptzhsyqbm/ptzhsyqczj/fdzdgknr/12czysjsbg/201910/t20191012_68523.htm
https://27-151-80-61xe0769684b3868xx.ipv6best.cn:91/#/double-publicity-info	126	信用平潭	https://www.pingtan.gov.cn/zwgk/zfxxgk/dfbmptlj/ptzhsyqbm/ptzhsyqczj/fdzdgknr/12czysjsbg/201910/t20191012_68523.htm
https://bszs-conac-cnxe1039684b3868xx.ipv6best.cn/sitename?method=show&amp;id=21E2BB13660E0D66E053012819ACFD9D	126		https://www.pingtan.gov.cn/zwgk/zfxxgk/dfbmptlj/ptzhsyqbm/ptzhsyqczj/fdzdgknr/12czysjsbg/201910/t20191012_68523.htm
https://credit-xm-gov-cnxd4a49684b3868xx.ipv6best.cn/	126	信用厦门	https://www.pingtan.gov.cn/zwgk/zfxxgk/dfbmptlj/ptzhsyqbm/ptzhsyqczj/fdzdgknr/12czysjsbg/201910/t20191012_68523.htm
https://fjrb-fjdaily-comx2d939684b3868xx.ipv6best.cn/pc/col/202311/02/node_01.html	126	福建日报	https://www.pingtan.gov.cn/zwgk/zfxxgk/dfbmptlj/ptzhsyqbm/ptzhsyqczj/fdzdgknr/12czysjsbg/201910/t20191012_68523.htm
https://www-beian-gov-cnx45c89684b3868xx.ipv6best.cn/portal/registerSystemInfo?recordcode=35012899001-19002	126	公安备案号：35012899001-19002	https://www.pingtan.gov.cn/zwgk/zfxxgk/dfbmptlj/ptzhsyqbm/ptzhsyqczj/fdzdgknr/12czysjsbg/201910/t20191012_68523.htm
http://pt.fjbz.org.cnx1e499670f3868.ipv6best.cn:8060/	125	福建省标准信息服务平台	https://www.pingtan.gov.cn/zwgk/tjxx/jdsj/202308/t20230822_49321.htm
http://pt.fjbz.org.cnx1e49967c63868.ipv6best.cn:8060/	125	福建省标准信息服务平台	https://www.pingtan.gov.cn/zwgk/ldzc/fld/hdbd/202403/t20240326_88409.htm
http://www.acas.org.cnx7a729670f3868.ipv6best.cn/	125	海峡两岸仲裁中心	https://www.pingtan.gov.cn/zwgk/tjxx/jdsj/202308/t20230822_49321.htm
http://www.acas.org.cnx7a72967c63868.ipv6best.cn/	125	海峡两岸仲裁中心	https://www.pingtan.gov.cn/zwgk/ldzc/fld/hdbd/202403/t20240326_88409.htm
https://27-151-80-61xe0769670f3868xx.ipv6best.cn:91/#/double-publicity-info	125	信用平潭	https://www.pingtan.gov.cn/zwgk/tjxx/jdsj/202308/t20230822_49321.htm
https://27-151-80-61xe076967c63868xx.ipv6best.cn:91/#/double-publicity-info	125	信用平潭	https://www.pingtan.gov.cn/zwgk/ldzc/fld/hdbd/202403/t20240326_88409.htm
https://bszs-conac-cnxe1039670f3868xx.ipv6best.cn/sitename?method=show&amp;id=21E2BB13660E0D66E053012819ACFD9D	125		https://www.pingtan.gov.cn/zwgk/tjxx/jdsj/202308/t20230822_49321.htm
https://bszs-conac-cnxe103967c63868xx.ipv6best.cn/sitename?method=show&amp;id=21E2BB13660E0D66E053012819ACFD9D	125		https://www.pingtan.gov.cn/zwgk/ldzc/fld/hdbd/202403/t20240326_88409.htm
https://credit-xm-gov-cnxd4a49670f3868xx.ipv6best.cn/	125	信用厦门	https://www.pingtan.gov.cn/zwgk/tjxx/jdsj/202308/t20230822_49321.htm
https://credit-xm-gov-cnxd4a4967c63868xx.ipv6best.cn/	125	信用厦门	https://www.pingtan.gov.cn/zwgk/ldzc/fld/hdbd/202403/t20240326_88409.htm
https://fjrb-fjdaily-comx2d939670f3868xx.ipv6best.cn/pc/col/202311/02/node_01.html	125	福建日报	https://www.pingtan.gov.cn/zwgk/tjxx/jdsj/202308/t20230822_49321.htm
https://fjrb-fjdaily-comx2d93967c63868xx.ipv6best.cn/pc/col/202311/02/node_01.html	125	福建日报	https://www.pingtan.gov.cn/zwgk/ldzc/fld/hdbd/202403/t20240326_88409.htm
https://www-beian-gov-cnx45c89670f3868xx.ipv6best.cn/portal/registerSystemInfo?recordcode=35012899001-19002	125	公安备案号：35012899001-19002	https://www.pingtan.gov.cn/zwgk/tjxx/jdsj/202308/t20230822_49321.htm
https://www-beian-gov-cnx45c8967c63868xx.ipv6best.cn/portal/registerSystemInfo?recordcode=35012899001-19002	125	公安备案号：35012899001-19002	https://www.pingtan.gov.cn/zwgk/ldzc/fld/hdbd/202403/t20240326_88409.htm
http://pt.fjbz.org.cnx1e49966ba3868.ipv6best.cn:8060/	124	福建省标准信息服务平台	https://www.pingtan.gov.cn/zwgk/gsgg/202309/t20230906_49854.htm
http://pt.fjbz.org.cnx1e49967703868.ipv6best.cn:8060/	124	福建省标准信息服务平台	https://www.pingtan.gov.cn/zwgk/ldzc/hhy/hdbd/202412/t20241208_95530.htm
http://www.acas.org.cnx7a72966ba3868.ipv6best.cn/	124	海峡两岸仲裁中心	https://www.pingtan.gov.cn/zwgk/gsgg/202309/t20230906_49854.htm
http://www.acas.org.cnx7a72967703868.ipv6best.cn/	124	海峡两岸仲裁中心	https://www.pingtan.gov.cn/zwgk/ldzc/hhy/hdbd/202412/t20241208_95530.htm
https://27-151-80-61xe076966ba3868xx.ipv6best.cn:91/#/double-publicity-info	124	信用平潭	https://www.pingtan.gov.cn/zwgk/gsgg/202309/t20230906_49854.htm
https://27-151-80-61xe076967703868xx.ipv6best.cn:91/#/double-publicity-info	124	信用平潭	https://www.pingtan.gov.cn/zwgk/ldzc/hhy/hdbd/202412/t20241208_95530.htm
https://bszs-conac-cnxe103966ba3868xx.ipv6best.cn/sitename?method=show&amp;id=21E2BB13660E0D66E053012819ACFD9D	124		https://www.pingtan.gov.cn/zwgk/gsgg/202309/t20230906_49854.htm
https://bszs-conac-cnxe103967703868xx.ipv6best.cn/sitename?method=show&amp;id=21E2BB13660E0D66E053012819ACFD9D	124		https://www.pingtan.gov.cn/zwgk/ldzc/hhy/hdbd/202412/t20241208_95530.htm
https://credit-xm-gov-cnxd4a4966ba3868xx.ipv6best.cn/	124	信用厦门	https://www.pingtan.gov.cn/zwgk/gsgg/202309/t20230906_49854.htm
https://credit-xm-gov-cnxd4a4967703868xx.ipv6best.cn/	124	信用厦门	https://www.pingtan.gov.cn/zwgk/ldzc/hhy/hdbd/202412/t20241208_95530.htm
https://fjrb-fjdaily-comx2d93966ba3868xx.ipv6best.cn/pc/col/202311/02/node_01.html	124	福建日报	https://www.pingtan.gov.cn/zwgk/gsgg/202309/t20230906_49854.htm
https://fjrb-fjdaily-comx2d93967703868xx.ipv6best.cn/pc/col/202311/02/node_01.html	124	福建日报	https://www.pingtan.gov.cn/zwgk/ldzc/hhy/hdbd/202412/t20241208_95530.htm
https://www-beian-gov-cnx45c8966ba3868xx.ipv6best.cn/portal/registerSystemInfo?recordcode=35012899001-19002	124	公安备案号：35012899001-19002	https://www.pingtan.gov.cn/zwgk/gsgg/202309/t20230906_49854.htm
https://www-beian-gov-cnx45c8967703868xx.ipv6best.cn/portal/registerSystemInfo?recordcode=35012899001-19002	124	公安备案号：35012899001-19002	https://www.pingtan.gov.cn/zwgk/ldzc/hhy/hdbd/202412/t20241208_95530.htm
http://pt.fjbz.org.cnx1e49966b33868.ipv6best.cn:8060/	123	福建省标准信息服务平台	https://www.pingtan.gov.cn/zwgk/gsgg/202410/t20241031_94757.htm
http://www.acas.org.cnx7a72966b33868.ipv6best.cn/	123	海峡两岸仲裁中心	https://www.pingtan.gov.cn/zwgk/gsgg/202410/t20241031_94757.htm
https://27-151-80-61xe076966b33868xx.ipv6best.cn:91/#/double-publicity-info	123	信用平潭	https://www.pingtan.gov.cn/zwgk/gsgg/202410/t20241031_94757.htm
https://bszs-conac-cnxe103966b33868xx.ipv6best.cn/sitename?method=show&amp;id=21E2BB13660E0D66E053012819ACFD9D	123		https://www.pingtan.gov.cn/zwgk/gsgg/202410/t20241031_94757.htm
https://credit-xm-gov-cnxd4a4966b33868xx.ipv6best.cn/	123	信用厦门	https://www.pingtan.gov.cn/zwgk/gsgg/202410/t20241031_94757.htm
https://fjrb-fjdaily-comx2d93966b33868xx.ipv6best.cn/pc/col/202311/02/node_01.html	123	福建日报	https://www.pingtan.gov.cn/zwgk/gsgg/202410/t20241031_94757.htm
https://www-beian-gov-cnx45c8966b33868xx.ipv6best.cn/portal/registerSystemInfo?recordcode=35012899001-19002	123	公安备案号：35012899001-19002	https://www.pingtan.gov.cn/zwgk/gsgg/202410/t20241031_94757.htm
http://pt.fjbz.org.cnx1e49967003868.ipv6best.cn:8060/	122	福建省标准信息服务平台	https://www.pingtan.gov.cn/zwgk/zdlyxxgk/aqsc_1/aqjc/202506/t20250603_99373.htm
http://pt.fjbz.org.cnx1e49967523868.ipv6best.cn:8060/	122	福建省标准信息服务平台	https://www.pingtan.gov.cn/zwgk/zdlyxxgk/aqsc_1/aqjc/201607/t20160707_5911.htm
http://www.acas.org.cnx7a72967003868.ipv6best.cn/	122	海峡两岸仲裁中心	https://www.pingtan.gov.cn/zwgk/zdlyxxgk/aqsc_1/aqjc/202506/t20250603_99373.htm
http://www.acas.org.cnx7a72967523868.ipv6best.cn/	122	海峡两岸仲裁中心	https://www.pingtan.gov.cn/zwgk/zdlyxxgk/aqsc_1/aqjc/201607/t20160707_5911.htm
https://27-151-80-61xe076967003868xx.ipv6best.cn:91/#/double-publicity-info	122	信用平潭	https://www.pingtan.gov.cn/zwgk/zdlyxxgk/aqsc_1/aqjc/202506/t20250603_99373.htm
https://27-151-80-61xe076967523868xx.ipv6best.cn:91/#/double-publicity-info	122	信用平潭	https://www.pingtan.gov.cn/zwgk/zdlyxxgk/aqsc_1/aqjc/201607/t20160707_5911.htm
https://bszs-conac-cnxe103967003868xx.ipv6best.cn/sitename?method=show&amp;id=21E2BB13660E0D66E053012819ACFD9D	122		https://www.pingtan.gov.cn/zwgk/zdlyxxgk/aqsc_1/aqjc/202506/t20250603_99373.htm
https://bszs-conac-cnxe103967523868xx.ipv6best.cn/sitename?method=show&amp;id=21E2BB13660E0D66E053012819ACFD9D	122		https://www.pingtan.gov.cn/zwgk/zdlyxxgk/aqsc_1/aqjc/201607/t20160707_5911.htm
https://credit-xm-gov-cnxd4a4967003868xx.ipv6best.cn/	122	信用厦门	https://www.pingtan.gov.cn/zwgk/zdlyxxgk/aqsc_1/aqjc/202506/t20250603_99373.htm
https://credit-xm-gov-cnxd4a4967523868xx.ipv6best.cn/	122	信用厦门	https://www.pingtan.gov.cn/zwgk/zdlyxxgk/aqsc_1/aqjc/201607/t20160707_5911.htm
https://fjrb-fjdaily-comx2d93967003868xx.ipv6best.cn/pc/col/202311/02/node_01.html	122	福建日报	https://www.pingtan.gov.cn/zwgk/zdlyxxgk/aqsc_1/aqjc/202506/t20250603_99373.htm
https://fjrb-fjdaily-comx2d93967523868xx.ipv6best.cn/pc/col/202311/02/node_01.html	122	福建日报	https://www.pingtan.gov.cn/zwgk/zdlyxxgk/aqsc_1/aqjc/201607/t20160707_5911.htm
https://www-beian-gov-cnx45c8967003868xx.ipv6best.cn/portal/registerSystemInfo?recordcode=35012899001-19002	122	公安备案号：35012899001-19002	https://www.pingtan.gov.cn/zwgk/zdlyxxgk/aqsc_1/aqjc/202506/t20250603_99373.htm
https://www-beian-gov-cnx45c8967523868xx.ipv6best.cn/portal/registerSystemInfo?recordcode=35012899001-19002	122	公安备案号：35012899001-19002	https://www.pingtan.gov.cn/zwgk/zdlyxxgk/aqsc_1/aqjc/201607/t20160707_5911.htm
http://pt.fjbz.org.cnx1e49966c83868.ipv6best.cn:8060/	121	福建省标准信息服务平台	https://www.pingtan.gov.cn/zwgk/gsgg/202111/t20211116_29039.htm
http://pt.fjbz.org.cnx1e49967343868.ipv6best.cn:8060/	121	福建省标准信息服务平台	https://www.pingtan.gov.cn/zwgk/zdlyxxgk/aqsc_1/aqjc/202003/t20200324_24190.htm
http://pt.fjbz.org.cnx1e49967e53868.ipv6best.cn:8060/	121	福建省标准信息服务平台	https://www.pingtan.gov.cn/zwgk/ldzc/fld/hdbd/202212/t20221207_42116.htm
http://www.acas.org.cnx7a72966c83868.ipv6best.cn/	121	海峡两岸仲裁中心	https://www.pingtan.gov.cn/zwgk/gsgg/202111/t20211116_29039.htm
http://www.acas.org.cnx7a72967343868.ipv6best.cn/	121	海峡两岸仲裁中心	https://www.pingtan.gov.cn/zwgk/zdlyxxgk/aqsc_1/aqjc/202003/t20200324_24190.htm
http://www.acas.org.cnx7a72967e53868.ipv6best.cn/	121	海峡两岸仲裁中心	https://www.pingtan.gov.cn/zwgk/ldzc/fld/hdbd/202212/t20221207_42116.htm
https://27-151-80-61xe076966c83868xx.ipv6best.cn:91/#/double-publicity-info	121	信用平潭	https://www.pingtan.gov.cn/zwgk/gsgg/202111/t20211116_29039.htm
https://27-151-80-61xe076967343868xx.ipv6best.cn:91/#/double-publicity-info	121	信用平潭	https://www.pingtan.gov.cn/zwgk/zdlyxxgk/aqsc_1/aqjc/202003/t20200324_24190.htm
https://27-151-80-61xe076967e53868xx.ipv6best.cn:91/#/double-publicity-info	121	信用平潭	https://www.pingtan.gov.cn/zwgk/ldzc/fld/hdbd/202212/t20221207_42116.htm
https://bszs-conac-cnxe103966c83868xx.ipv6best.cn/sitename?method=show&amp;id=21E2BB13660E0D66E053012819ACFD9D	121		https://www.pingtan.gov.cn/zwgk/gsgg/202111/t20211116_29039.htm
https://bszs-conac-cnxe103967343868xx.ipv6best.cn/sitename?method=show&amp;id=21E2BB13660E0D66E053012819ACFD9D	121		https://www.pingtan.gov.cn/zwgk/zdlyxxgk/aqsc_1/aqjc/202003/t20200324_24190.htm
https://bszs-conac-cnxe103967e53868xx.ipv6best.cn/sitename?method=show&amp;id=21E2BB13660E0D66E053012819ACFD9D	121		https://www.pingtan.gov.cn/zwgk/ldzc/fld/hdbd/202212/t20221207_42116.htm
https://credit-xm-gov-cnxd4a4966c83868xx.ipv6best.cn/	121	信用厦门	https://www.pingtan.gov.cn/zwgk/gsgg/202111/t20211116_29039.htm
https://credit-xm-gov-cnxd4a4967343868xx.ipv6best.cn/	121	信用厦门	https://www.pingtan.gov.cn/zwgk/zdlyxxgk/aqsc_1/aqjc/202003/t20200324_24190.htm
https://credit-xm-gov-cnxd4a4967e53868xx.ipv6best.cn/	121	信用厦门	https://www.pingtan.gov.cn/zwgk/ldzc/fld/hdbd/202212/t20221207_42116.htm
https://fjrb-fjdaily-comx2d93966c83868xx.ipv6best.cn/pc/col/202311/02/node_01.html	121	福建日报	https://www.pingtan.gov.cn/zwgk/gsgg/202111/t20211116_29039.htm
https://fjrb-fjdaily-comx2d93967343868xx.ipv6best.cn/pc/col/202311/02/node_01.html	121	福建日报	https://www.pingtan.gov.cn/zwgk/zdlyxxgk/aqsc_1/aqjc/202003/t20200324_24190.htm
https://fjrb-fjdaily-comx2d93967e53868xx.ipv6best.cn/pc/col/202311/02/node_01.html	121	福建日报	https://www.pingtan.gov.cn/zwgk/ldzc/fld/hdbd/202212/t20221207_42116.htm
https://www-beian-gov-cnx45c8966c83868xx.ipv6best.cn/portal/registerSystemInfo?recordcode=35012899001-19002	121	公安备案号：35012899001-19002	https://www.pingtan.gov.cn/zwgk/gsgg/202111/t20211116_29039.htm
https://www-beian-gov-cnx45c8967343868xx.ipv6best.cn/portal/registerSystemInfo?recordcode=35012899001-19002	121	公安备案号：35012899001-19002	https://www.pingtan.gov.cn/zwgk/zdlyxxgk/aqsc_1/aqjc/202003/t20200324_24190.htm
https://www-beian-gov-cnx45c8967e53868xx.ipv6best.cn/portal/registerSystemInfo?recordcode=35012899001-19002	121	公安备案号：35012899001-19002	https://www.pingtan.gov.cn/zwgk/ldzc/fld/hdbd/202212/t20221207_42116.htm
http://pt.fjbz.org.cnx1e49967c83868.ipv6best.cn:8060/	120	福建省标准信息服务平台	https://www.pingtan.gov.cn/zwgk/ldzc/fld/hdbd/202402/t20240219_87348.htm
http://www.acas.org.cnx7a72967c83868.ipv6best.cn/	120	海峡两岸仲裁中心	https://www.pingtan.gov.cn/zwgk/ldzc/fld/hdbd/202402/t20240219_87348.htm
https://27-151-80-61xe076967c83868xx.ipv6best.cn:91/#/double-publicity-info	120	信用平潭	https://www.pingtan.gov.cn/zwgk/ldzc/fld/hdbd/202402/t20240219_87348.htm
https://bszs-conac-cnxe103967c83868xx.ipv6best.cn/sitename?method=show&amp;id=21E2BB13660E0D66E053012819ACFD9D	120		https://www.pingtan.gov.cn/zwgk/ldzc/fld/hdbd/202402/t20240219_87348.htm
https://credit-xm-gov-cnxd4a4967c83868xx.ipv6best.cn/	120	信用厦门	https://www.pingtan.gov.cn/zwgk/ldzc/fld/hdbd/202402/t20240219_87348.htm
https://fjrb-fjdaily-comx2d93967c83868xx.ipv6best.cn/pc/col/202311/02/node_01.html	120	福建日报	https://www.pingtan.gov.cn/zwgk/ldzc/fld/hdbd/202402/t20240219_87348.htm
https://www-beian-gov-cnx45c8967c83868xx.ipv6best.cn/portal/registerSystemInfo?recordcode=35012899001-19002	120	公安备案号：35012899001-19002	https://www.pingtan.gov.cn/zwgk/ldzc/fld/hdbd/202402/t20240219_87348.htm
http://pt.fjbz.org.cnx1e499683a3868.ipv6best.cn:8060/	118	福建省标准信息服务平台	https://www.pingtan.gov.cn/zwgk/zfxxgk/dfbmptlj/ptzhsyqbm/ptzhsyqczj/fdzdgknr/165fpjyyls/202112/t20211227_75719.htm
http://www.acas.org.cnx7a729683a3868.ipv6best.cn/	118	海峡两岸仲裁中心	https://www.pingtan.gov.cn/zwgk/zfxxgk/dfbmptlj/ptzhsyqbm/ptzhsyqczj/fdzdgknr/165fpjyyls/202112/t20211227_75719.htm
https://27-151-80-61xe0769683a3868xx.ipv6best.cn:91/#/double-publicity-info	118	信用平潭	https://www.pingtan.gov.cn/zwgk/zfxxgk/dfbmptlj/ptzhsyqbm/ptzhsyqczj/fdzdgknr/165fpjyyls/202112/t20211227_75719.htm
https://bszs-conac-cnxe1039683a3868xx.ipv6best.cn/sitename?method=show&amp;id=21E2BB13660E0D66E053012819ACFD9D	118		https://www.pingtan.gov.cn/zwgk/zfxxgk/dfbmptlj/ptzhsyqbm/ptzhsyqczj/fdzdgknr/165fpjyyls/202112/t20211227_75719.htm
https://credit-xm-gov-cnxd4a49683a3868xx.ipv6best.cn/	118	信用厦门	https://www.pingtan.gov.cn/zwgk/zfxxgk/dfbmptlj/ptzhsyqbm/ptzhsyqczj/fdzdgknr/165fpjyyls/202112/t20211227_75719.htm
https://fjrb-fjdaily-comx2d939683a3868xx.ipv6best.cn/pc/col/202311/02/node_01.html	118	福建日报	https://www.pingtan.gov.cn/zwgk/zfxxgk/dfbmptlj/ptzhsyqbm/ptzhsyqczj/fdzdgknr/165fpjyyls/202112/t20211227_75719.htm
https://www-beian-gov-cnx45c89683a3868xx.ipv6best.cn/portal/registerSystemInfo?recordcode=35012899001-19002	118	公安备案号：35012899001-19002	https://www.pingtan.gov.cn/zwgk/zfxxgk/dfbmptlj/ptzhsyqbm/ptzhsyqczj/fdzdgknr/165fpjyyls/202112/t20211227_75719.htm
http://pt.fjbz.org.cnx1e49966b13868.ipv6best.cn:8060/	117	福建省标准信息服务平台	https://www.pingtan.gov.cn/zwgk/gsgg/202412/t20241209_95583.htm
http://pt.fjbz.org.cnx1e49967dd3868.ipv6best.cn:8060/	117	福建省标准信息服务平台	https://www.pingtan.gov.cn/zwgk/ldzc/hhy/hdbd/202304/t20230402_45298.htm
http://www.acas.org.cnx7a72966b13868.ipv6best.cn/	117	海峡两岸仲裁中心	https://www.pingtan.gov.cn/zwgk/gsgg/202412/t20241209_95583.htm
http://www.acas.org.cnx7a72967dd3868.ipv6best.cn/	117	海峡两岸仲裁中心	https://www.pingtan.gov.cn/zwgk/ldzc/hhy/hdbd/202304/t20230402_45298.htm
https://27-151-80-61xe076966b13868xx.ipv6best.cn:91/#/double-publicity-info	117	信用平潭	https://www.pingtan.gov.cn/zwgk/gsgg/202412/t20241209_95583.htm
https://27-151-80-61xe076967dd3868xx.ipv6best.cn:91/#/double-publicity-info	117	信用平潭	https://www.pingtan.gov.cn/zwgk/ldzc/hhy/hdbd/202304/t20230402_45298.htm
https://bszs-conac-cnxe103966b13868xx.ipv6best.cn/sitename?method=show&amp;id=21E2BB13660E0D66E053012819ACFD9D	117		https://www.pingtan.gov.cn/zwgk/gsgg/202412/t20241209_95583.htm
https://bszs-conac-cnxe103967dd3868xx.ipv6best.cn/sitename?method=show&amp;id=21E2BB13660E0D66E053012819ACFD9D	117		https://www.pingtan.gov.cn/zwgk/ldzc/hhy/hdbd/202304/t20230402_45298.htm
https://credit-xm-gov-cnxd4a4966b13868xx.ipv6best.cn/	117	信用厦门	https://www.pingtan.gov.cn/zwgk/gsgg/202412/t20241209_95583.htm
https://credit-xm-gov-cnxd4a4967dd3868xx.ipv6best.cn/	117	信用厦门	https://www.pingtan.gov.cn/zwgk/ldzc/hhy/hdbd/202304/t20230402_45298.htm
https://fjrb-fjdaily-comx2d93966b13868xx.ipv6best.cn/pc/col/202311/02/node_01.html	117	福建日报	https://www.pingtan.gov.cn/zwgk/gsgg/202412/t20241209_95583.htm
https://fjrb-fjdaily-comx2d93967dd3868xx.ipv6best.cn/pc/col/202311/02/node_01.html	117	福建日报	https://www.pingtan.gov.cn/zwgk/ldzc/hhy/hdbd/202304/t20230402_45298.htm
https://www-beian-gov-cnx45c8966b13868xx.ipv6best.cn/portal/registerSystemInfo?recordcode=35012899001-19002	117	公安备案号：35012899001-19002	https://www.pingtan.gov.cn/zwgk/gsgg/202412/t20241209_95583.htm
https://www-beian-gov-cnx45c8967dd3868xx.ipv6best.cn/portal/registerSystemInfo?recordcode=35012899001-19002	117	公安备案号：35012899001-19002	https://www.pingtan.gov.cn/zwgk/ldzc/hhy/hdbd/202304/t20230402_45298.htm
http://pt.fjbz.org.cnx1e49967273868.ipv6best.cn:8060/	116	福建省标准信息服务平台	https://www.pingtan.gov.cn/zwgk/zdlyxxgk/aqsc_1/aqjc/202104/t20210427_25974.htm
http://pt.fjbz.org.cnx1e499676f3868.ipv6best.cn:8060/	116	福建省标准信息服务平台	https://www.pingtan.gov.cn/zwgk/ldzc/fld/hdbd/202412/t20241208_95543.htm
http://www.acas.org.cnx7a72967273868.ipv6best.cn/	116	海峡两岸仲裁中心	https://www.pingtan.gov.cn/zwgk/zdlyxxgk/aqsc_1/aqjc/202104/t20210427_25974.htm
http://www.acas.org.cnx7a729676f3868.ipv6best.cn/	116	海峡两岸仲裁中心	https://www.pingtan.gov.cn/zwgk/ldzc/fld/hdbd/202412/t20241208_95543.htm
https://27-151-80-61xe076967273868xx.ipv6best.cn:91/#/double-publicity-info	116	信用平潭	https://www.pingtan.gov.cn/zwgk/zdlyxxgk/aqsc_1/aqjc/202104/t20210427_25974.htm
https://27-151-80-61xe0769676f3868xx.ipv6best.cn:91/#/double-publicity-info	116	信用平潭	https://www.pingtan.gov.cn/zwgk/ldzc/fld/hdbd/202412/t20241208_95543.htm
https://bszs-conac-cnxe103967273868xx.ipv6best.cn/sitename?method=show&amp;id=21E2BB13660E0D66E053012819ACFD9D	116		https://www.pingtan.gov.cn/zwgk/zdlyxxgk/aqsc_1/aqjc/202104/t20210427_25974.htm
https://bszs-conac-cnxe1039676f3868xx.ipv6best.cn/sitename?method=show&amp;id=21E2BB13660E0D66E053012819ACFD9D	116		https://www.pingtan.gov.cn/zwgk/ldzc/fld/hdbd/202412/t20241208_95543.htm
https://credit-xm-gov-cnxd4a4967273868xx.ipv6best.cn/	116	信用厦门	https://www.pingtan.gov.cn/zwgk/zdlyxxgk/aqsc_1/aqjc/202104/t20210427_25974.htm
https://credit-xm-gov-cnxd4a49676f3868xx.ipv6best.cn/	116	信用厦门	https://www.pingtan.gov.cn/zwgk/ldzc/fld/hdbd/202412/t20241208_95543.htm
https://fjrb-fjdaily-comx2d93967273868xx.ipv6best.cn/pc/col/202311/02/node_01.html	116	福建日报	https://www.pingtan.gov.cn/zwgk/zdlyxxgk/aqsc_1/aqjc/202104/t20210427_25974.htm
https://fjrb-fjdaily-comx2d939676f3868xx.ipv6best.cn/pc/col/202311/02/node_01.html	116	福建日报	https://www.pingtan.gov.cn/zwgk/ldzc/fld/hdbd/202412/t20241208_95543.htm
https://www-beian-gov-cnx45c8967273868xx.ipv6best.cn/portal/registerSystemInfo?recordcode=35012899001-19002	116	公安备案号：35012899001-19002	https://www.pingtan.gov.cn/zwgk/zdlyxxgk/aqsc_1/aqjc/202104/t20210427_25974.htm
https://www-beian-gov-cnx45c89676f3868xx.ipv6best.cn/portal/registerSystemInfo?recordcode=35012899001-19002	116	公安备案号：35012899001-19002	https://www.pingtan.gov.cn/zwgk/ldzc/fld/hdbd/202412/t20241208_95543.htm
http://pt.fjbz.org.cnx1e499686f3868.ipv6best.cn:8060/	115	福建省标准信息服务平台	https://www.pingtan.gov.cn/zwgk/zfxxgk/dfbmptlj/ptzhsyqbm/ptzhsyqczj/zfxxgknb/201005/t20100512_80646.htm
http://www.acas.org.cnx7a729686f3868.ipv6best.cn/	115	海峡两岸仲裁中心	https://www.pingtan.gov.cn/zwgk/zfxxgk/dfbmptlj/ptzhsyqbm/ptzhsyqczj/zfxxgknb/201005/t20100512_80646.htm
https://27-151-80-61xe0769686f3868xx.ipv6best.cn:91/#/double-publicity-info	115	信用平潭	https://www.pingtan.gov.cn/zwgk/zfxxgk/dfbmptlj/ptzhsyqbm/ptzhsyqczj/zfxxgknb/201005/t20100512_80646.htm
https://bszs-conac-cnxe1039686f3868xx.ipv6best.cn/sitename?method=show&amp;id=21E2BB13660E0D66E053012819ACFD9D	115		https://www.pingtan.gov.cn/zwgk/zfxxgk/dfbmptlj/ptzhsyqbm/ptzhsyqczj/zfxxgknb/201005/t20100512_80646.htm
https://credit-xm-gov-cnxd4a49686f3868xx.ipv6best.cn/	115	信用厦门	https://www.pingtan.gov.cn/zwgk/zfxxgk/dfbmptlj/ptzhsyqbm/ptzhsyqczj/zfxxgknb/201005/t20100512_80646.htm
https://fjrb-fjdaily-comx2d939686f3868xx.ipv6best.cn/pc/col/202311/02/node_01.html	115	福建日报	https://www.pingtan.gov.cn/zwgk/zfxxgk/dfbmptlj/ptzhsyqbm/ptzhsyqczj/zfxxgknb/201005/t20100512_80646.htm
https://www-beian-gov-cnx45c89686f3868xx.ipv6best.cn/portal/registerSystemInfo?recordcode=35012899001-19002	115	公安备案号：35012899001-19002	https://www.pingtan.gov.cn/zwgk/zfxxgk/dfbmptlj/ptzhsyqbm/ptzhsyqczj/zfxxgknb/201005/t20100512_80646.htm
http://pt.fjbz.org.cnx1e499672e3868.ipv6best.cn:8060/	114	福建省标准信息服务平台	https://www.pingtan.gov.cn/zwgk/zdlyxxgk/aqsc_1/aqjc/202101/t20210108_24430.htm
http://pt.fjbz.org.cnx1e49967633868.ipv6best.cn:8060/	114	福建省标准信息服务平台	https://www.pingtan.gov.cn/zwgk/ldzc/hjb/hdbd/202508/t20250827_101121.htm
http://www.acas.org.cnx7a729672e3868.ipv6best.cn/	114	海峡两岸仲裁中心	https://www.pingtan.gov.cn/zwgk/zdlyxxgk/aqsc_1/aqjc/202101/t20210108_24430.htm
http://www.acas.org.cnx7a72967633868.ipv6best.cn/	114	海峡两岸仲裁中心	https://www.pingtan.gov.cn/zwgk/ldzc/hjb/hdbd/202508/t20250827_101121.htm
https://27-151-80-61xe0769672e3868xx.ipv6best.cn:91/#/double-publicity-info	114	信用平潭	https://www.pingtan.gov.cn/zwgk/zdlyxxgk/aqsc_1/aqjc/202101/t20210108_24430.htm
https://27-151-80-61xe076967633868xx.ipv6best.cn:91/#/double-publicity-info	114	信用平潭	https://www.pingtan.gov.cn/zwgk/ldzc/hjb/hdbd/202508/t20250827_101121.htm
https://bszs-conac-cnxe1039672e3868xx.ipv6best.cn/sitename?method=show&amp;id=21E2BB13660E0D66E053012819ACFD9D	114		https://www.pingtan.gov.cn/zwgk/zdlyxxgk/aqsc_1/aqjc/202101/t20210108_24430.htm
https://bszs-conac-cnxe103967633868xx.ipv6best.cn/sitename?method=show&amp;id=21E2BB13660E0D66E053012819ACFD9D	114		https://www.pingtan.gov.cn/zwgk/ldzc/hjb/hdbd/202508/t20250827_101121.htm
https://credit-xm-gov-cnxd4a49672e3868xx.ipv6best.cn/	114	信用厦门	https://www.pingtan.gov.cn/zwgk/zdlyxxgk/aqsc_1/aqjc/202101/t20210108_24430.htm
https://credit-xm-gov-cnxd4a4967633868xx.ipv6best.cn/	114	信用厦门	https://www.pingtan.gov.cn/zwgk/ldzc/hjb/hdbd/202508/t20250827_101121.htm
https://fjrb-fjdaily-comx2d939672e3868xx.ipv6best.cn/pc/col/202311/02/node_01.html	114	福建日报	https://www.pingtan.gov.cn/zwgk/zdlyxxgk/aqsc_1/aqjc/202101/t20210108_24430.htm
https://fjrb-fjdaily-comx2d93967633868xx.ipv6best.cn/pc/col/202311/02/node_01.html	114	福建日报	https://www.pingtan.gov.cn/zwgk/ldzc/hjb/hdbd/202508/t20250827_101121.htm
https://www-beian-gov-cnx45c89672e3868xx.ipv6best.cn/portal/registerSystemInfo?recordcode=35012899001-19002	114	公安备案号：35012899001-19002	https://www.pingtan.gov.cn/zwgk/zdlyxxgk/aqsc_1/aqjc/202101/t20210108_24430.htm
https://www-beian-gov-cnx45c8967633868xx.ipv6best.cn/portal/registerSystemInfo?recordcode=35012899001-19002	114	公安备案号：35012899001-19002	https://www.pingtan.gov.cn/zwgk/ldzc/hjb/hdbd/202508/t20250827_101121.htm
http://pt.fjbz.org.cnx1e49966bd3868.ipv6best.cn:8060/	113	福建省标准信息服务平台	https://www.pingtan.gov.cn/zwgk/gsgg/202307/t20230712_48099.htm
http://pt.fjbz.org.cnx1e49966bf3868.ipv6best.cn:8060/	113	福建省标准信息服务平台	https://www.pingtan.gov.cn/zwgk/gsgg/202304/t20230419_45841.htm
http://www.acas.org.cnx7a72966bd3868.ipv6best.cn/	113	海峡两岸仲裁中心	https://www.pingtan.gov.cn/zwgk/gsgg/202307/t20230712_48099.htm
http://www.acas.org.cnx7a72966bf3868.ipv6best.cn/	113	海峡两岸仲裁中心	https://www.pingtan.gov.cn/zwgk/gsgg/202304/t20230419_45841.htm
https://27-151-80-61xe076966bd3868xx.ipv6best.cn:91/#/double-publicity-info	113	信用平潭	https://www.pingtan.gov.cn/zwgk/gsgg/202307/t20230712_48099.htm
https://27-151-80-61xe076966bf3868xx.ipv6best.cn:91/#/double-publicity-info	113	信用平潭	https://www.pingtan.gov.cn/zwgk/gsgg/202304/t20230419_45841.htm
https://bszs-conac-cnxe103966bd3868xx.ipv6best.cn/sitename?method=show&amp;id=21E2BB13660E0D66E053012819ACFD9D	113		https://www.pingtan.gov.cn/zwgk/gsgg/202307/t20230712_48099.htm
https://bszs-conac-cnxe103966bf3868xx.ipv6best.cn/sitename?method=show&amp;id=21E2BB13660E0D66E053012819ACFD9D	113		https://www.pingtan.gov.cn/zwgk/gsgg/202304/t20230419_45841.htm
https://credit-xm-gov-cnxd4a4966bd3868xx.ipv6best.cn/	113	信用厦门	https://www.pingtan.gov.cn/zwgk/gsgg/202307/t20230712_48099.htm
https://credit-xm-gov-cnxd4a4966bf3868xx.ipv6best.cn/	113	信用厦门	https://www.pingtan.gov.cn/zwgk/gsgg/202304/t20230419_45841.htm
https://fjrb-fjdaily-comx2d93966bd3868xx.ipv6best.cn/pc/col/202311/02/node_01.html	113	福建日报	https://www.pingtan.gov.cn/zwgk/gsgg/202307/t20230712_48099.htm
https://fjrb-fjdaily-comx2d93966bf3868xx.ipv6best.cn/pc/col/202311/02/node_01.html	113	福建日报	https://www.pingtan.gov.cn/zwgk/gsgg/202304/t20230419_45841.htm
https://www-beian-gov-cnx45c8966bd3868xx.ipv6best.cn/portal/registerSystemInfo?recordcode=35012899001-19002	113	公安备案号：35012899001-19002	https://www.pingtan.gov.cn/zwgk/gsgg/202307/t20230712_48099.htm
https://www-beian-gov-cnx45c8966bf3868xx.ipv6best.cn/portal/registerSystemInfo?recordcode=35012899001-19002	113	公安备案号：35012899001-19002	https://www.pingtan.gov.cn/zwgk/gsgg/202304/t20230419_45841.htm
http://pt.fjbz.org.cnx1e49968353868.ipv6best.cn:8060/	112	福建省标准信息服务平台	https://www.pingtan.gov.cn/zwgk/zfxxgk/dfbmptlj/ptzhsyqbm/ptzhsyqczj/fdzdgknr/10qtwjdzjg/202205/t20220505_77258.htm
http://www.acas.org.cnx7a72968353868.ipv6best.cn/	112	海峡两岸仲裁中心	https://www.pingtan.gov.cn/zwgk/zfxxgk/dfbmptlj/ptzhsyqbm/ptzhsyqczj/fdzdgknr/10qtwjdzjg/202205/t20220505_77258.htm
https://27-151-80-61xe076968353868xx.ipv6best.cn:91/#/double-publicity-info	112	信用平潭	https://www.pingtan.gov.cn/zwgk/zfxxgk/dfbmptlj/ptzhsyqbm/ptzhsyqczj/fdzdgknr/10qtwjdzjg/202205/t20220505_77258.htm
https://bszs-conac-cnxe103968353868xx.ipv6best.cn/sitename?method=show&amp;id=21E2BB13660E0D66E053012819ACFD9D	112		https://www.pingtan.gov.cn/zwgk/zfxxgk/dfbmptlj/ptzhsyqbm/ptzhsyqczj/fdzdgknr/10qtwjdzjg/202205/t20220505_77258.htm
https://credit-xm-gov-cnxd4a4968353868xx.ipv6best.cn/	112	信用厦门	https://www.pingtan.gov.cn/zwgk/zfxxgk/dfbmptlj/ptzhsyqbm/ptzhsyqczj/fdzdgknr/10qtwjdzjg/202205/t20220505_77258.htm
https://fjrb-fjdaily-comx2d93968353868xx.ipv6best.cn/pc/col/202311/02/node_01.html	112	福建日报	https://www.pingtan.gov.cn/zwgk/zfxxgk/dfbmptlj/ptzhsyqbm/ptzhsyqczj/fdzdgknr/10qtwjdzjg/202205/t20220505_77258.htm
https://www-beian-gov-cnx45c8968353868xx.ipv6best.cn/portal/registerSystemInfo?recordcode=35012899001-19002	112	公安备案号：35012899001-19002	https://www.pingtan.gov.cn/zwgk/zfxxgk/dfbmptlj/ptzhsyqbm/ptzhsyqczj/fdzdgknr/10qtwjdzjg/202205/t20220505_77258.htm
http://pt.fjbz.org.cnx1e49967113868.ipv6best.cn:8060/	111	福建省标准信息服务平台	https://www.pingtan.gov.cn/zwgk/ghxx/qygh/202307/t20230711_48064.htm
http://www.acas.org.cnx7a72967113868.ipv6best.cn/	111	海峡两岸仲裁中心	https://www.pingtan.gov.cn/zwgk/ghxx/qygh/202307/t20230711_48064.htm
https://27-151-80-61xe076967113868xx.ipv6best.cn:91/#/double-publicity-info	111	信用平潭	https://www.pingtan.gov.cn/zwgk/ghxx/qygh/202307/t20230711_48064.htm
https://bszs-conac-cnxe103967113868xx.ipv6best.cn/sitename?method=show&amp;id=21E2BB13660E0D66E053012819ACFD9D	111		https://www.pingtan.gov.cn/zwgk/ghxx/qygh/202307/t20230711_48064.htm
https://credit-xm-gov-cnxd4a4967113868xx.ipv6best.cn/	111	信用厦门	https://www.pingtan.gov.cn/zwgk/ghxx/qygh/202307/t20230711_48064.htm
https://fjrb-fjdaily-comx2d93967113868xx.ipv6best.cn/pc/col/202311/02/node_01.html	111	福建日报	https://www.pingtan.gov.cn/zwgk/ghxx/qygh/202307/t20230711_48064.htm
https://www-beian-gov-cnx45c8967113868xx.ipv6best.cn/portal/registerSystemInfo?recordcode=35012899001-19002	111	公安备案号：35012899001-19002	https://www.pingtan.gov.cn/zwgk/ghxx/qygh/202307/t20230711_48064.htm
http://pt.fjbz.org.cnx1e49967403868.ipv6best.cn:8060/	109	福建省标准信息服务平台	https://www.pingtan.gov.cn/zwgk/zdlyxxgk/aqsc_1/aqjc/201809/t20180926_11019.htm
http://www.acas.org.cnx7a72967403868.ipv6best.cn/	109	海峡两岸仲裁中心	https://www.pingtan.gov.cn/zwgk/zdlyxxgk/aqsc_1/aqjc/201809/t20180926_11019.htm
https://27-151-80-61xe076967403868xx.ipv6best.cn:91/#/double-publicity-info	109	信用平潭	https://www.pingtan.gov.cn/zwgk/zdlyxxgk/aqsc_1/aqjc/201809/t20180926_11019.htm
https://bszs-conac-cnxe103967403868xx.ipv6best.cn/sitename?method=show&amp;id=21E2BB13660E0D66E053012819ACFD9D	109		https://www.pingtan.gov.cn/zwgk/zdlyxxgk/aqsc_1/aqjc/201809/t20180926_11019.htm
https://credit-xm-gov-cnxd4a4967403868xx.ipv6best.cn/	109	信用厦门	https://www.pingtan.gov.cn/zwgk/zdlyxxgk/aqsc_1/aqjc/201809/t20180926_11019.htm
https://fjrb-fjdaily-comx2d93967403868xx.ipv6best.cn/pc/col/202311/02/node_01.html	109	福建日报	https://www.pingtan.gov.cn/zwgk/zdlyxxgk/aqsc_1/aqjc/201809/t20180926_11019.htm
https://www-beian-gov-cnx45c8967403868xx.ipv6best.cn/portal/registerSystemInfo?recordcode=35012899001-19002	109	公安备案号：35012899001-19002	https://www.pingtan.gov.cn/zwgk/zdlyxxgk/aqsc_1/aqjc/201809/t20180926_11019.htm
http://pt.fjbz.org.cnx1e49967ce3868.ipv6best.cn:8060/	108	福建省标准信息服务平台	https://www.pingtan.gov.cn/zwgk/ldzc/fld/hdbd/202312/t20231201_82699.htm
http://www.acas.org.cnx7a72967ce3868.ipv6best.cn/	108	海峡两岸仲裁中心	https://www.pingtan.gov.cn/zwgk/ldzc/fld/hdbd/202312/t20231201_82699.htm
https://27-151-80-61xe076967ce3868xx.ipv6best.cn:91/#/double-publicity-info	108	信用平潭	https://www.pingtan.gov.cn/zwgk/ldzc/fld/hdbd/202312/t20231201_82699.htm
https://bszs-conac-cnxe103967ce3868xx.ipv6best.cn/sitename?method=show&amp;id=21E2BB13660E0D66E053012819ACFD9D	108		https://www.pingtan.gov.cn/zwgk/ldzc/fld/hdbd/202312/t20231201_82699.htm
https://credit-xm-gov-cnxd4a4967ce3868xx.ipv6best.cn/	108	信用厦门	https://www.pingtan.gov.cn/zwgk/ldzc/fld/hdbd/202312/t20231201_82699.htm
https://fjrb-fjdaily-comx2d93967ce3868xx.ipv6best.cn/pc/col/202311/02/node_01.html	108	福建日报	https://www.pingtan.gov.cn/zwgk/ldzc/fld/hdbd/202312/t20231201_82699.htm
https://www-beian-gov-cnx45c8967ce3868xx.ipv6best.cn/portal/registerSystemInfo?recordcode=35012899001-19002	108	公安备案号：35012899001-19002	https://www.pingtan.gov.cn/zwgk/ldzc/fld/hdbd/202312/t20231201_82699.htm
http://pt.fjbz.org.cnx1e49967da3868.ipv6best.cn:8060/	107	福建省标准信息服务平台	https://www.pingtan.gov.cn/zwgk/yw/szywn/202306/t20230602_84918.htm
http://pt.fjbz.org.cnx1e49968193868.ipv6best.cn:8060/	107	福建省标准信息服务平台	https://www.pingtan.gov.cn/zwgk/yw/ptyw/201610/t20161010_5657.htm
http://pt.fjbz.org.cnx1e499684c3868.ipv6best.cn:8060/	107	福建省标准信息服务平台	https://www.pingtan.gov.cn/zwgk/zfxxgk/dfbmptlj/ptzhsyqbm/ptzhsyqczj/fdzdgknr/163hjbhggw/201909/t20190920_69412.htm
http://www.acas.org.cnx7a72967da3868.ipv6best.cn/	107	海峡两岸仲裁中心	https://www.pingtan.gov.cn/zwgk/yw/szywn/202306/t20230602_84918.htm
http://www.acas.org.cnx7a72968193868.ipv6best.cn/	107	海峡两岸仲裁中心	https://www.pingtan.gov.cn/zwgk/yw/ptyw/201610/t20161010_5657.htm
http://www.acas.org.cnx7a729684c3868.ipv6best.cn/	107	海峡两岸仲裁中心	https://www.pingtan.gov.cn/zwgk/zfxxgk/dfbmptlj/ptzhsyqbm/ptzhsyqczj/fdzdgknr/163hjbhggw/201909/t20190920_69412.htm
https://27-151-80-61xe076967da3868xx.ipv6best.cn:91/#/double-publicity-info	107	信用平潭	https://www.pingtan.gov.cn/zwgk/yw/szywn/202306/t20230602_84918.htm
https://27-151-80-61xe076968193868xx.ipv6best.cn:91/#/double-publicity-info	107	信用平潭	https://www.pingtan.gov.cn/zwgk/yw/ptyw/201610/t20161010_5657.htm
https://27-151-80-61xe0769684c3868xx.ipv6best.cn:91/#/double-publicity-info	107	信用平潭	https://www.pingtan.gov.cn/zwgk/zfxxgk/dfbmptlj/ptzhsyqbm/ptzhsyqczj/fdzdgknr/163hjbhggw/201909/t20190920_69412.htm
https://bszs-conac-cnxe103967da3868xx.ipv6best.cn/sitename?method=show&amp;id=21E2BB13660E0D66E053012819ACFD9D	107		https://www.pingtan.gov.cn/zwgk/yw/szywn/202306/t20230602_84918.htm
https://bszs-conac-cnxe103968193868xx.ipv6best.cn/sitename?method=show&amp;id=21E2BB13660E0D66E053012819ACFD9D	107		https://www.pingtan.gov.cn/zwgk/yw/ptyw/201610/t20161010_5657.htm
https://bszs-conac-cnxe1039684c3868xx.ipv6best.cn/sitename?method=show&amp;id=21E2BB13660E0D66E053012819ACFD9D	107		https://www.pingtan.gov.cn/zwgk/zfxxgk/dfbmptlj/ptzhsyqbm/ptzhsyqczj/fdzdgknr/163hjbhggw/201909/t20190920_69412.htm
https://credit-xm-gov-cnxd4a4967da3868xx.ipv6best.cn/	107	信用厦门	https://www.pingtan.gov.cn/zwgk/yw/szywn/202306/t20230602_84918.htm
https://credit-xm-gov-cnxd4a4968193868xx.ipv6best.cn/	107	信用厦门	https://www.pingtan.gov.cn/zwgk/yw/ptyw/201610/t20161010_5657.htm
https://credit-xm-gov-cnxd4a49684c3868xx.ipv6best.cn/	107	信用厦门	https://www.pingtan.gov.cn/zwgk/zfxxgk/dfbmptlj/ptzhsyqbm/ptzhsyqczj/fdzdgknr/163hjbhggw/201909/t20190920_69412.htm
https://fjrb-fjdaily-comx2d93967da3868xx.ipv6best.cn/pc/col/202311/02/node_01.html	107	福建日报	https://www.pingtan.gov.cn/zwgk/yw/szywn/202306/t20230602_84918.htm
https://fjrb-fjdaily-comx2d93968193868xx.ipv6best.cn/pc/col/202311/02/node_01.html	107	福建日报	https://www.pingtan.gov.cn/zwgk/yw/ptyw/201610/t20161010_5657.htm
https://fjrb-fjdaily-comx2d939684c3868xx.ipv6best.cn/pc/col/202311/02/node_01.html	107	福建日报	https://www.pingtan.gov.cn/zwgk/zfxxgk/dfbmptlj/ptzhsyqbm/ptzhsyqczj/fdzdgknr/163hjbhggw/201909/t20190920_69412.htm
https://www-beian-gov-cnx45c8967da3868xx.ipv6best.cn/portal/registerSystemInfo?recordcode=35012899001-19002	107	公安备案号：35012899001-19002	https://www.pingtan.gov.cn/zwgk/yw/szywn/202306/t20230602_84918.htm
https://www-beian-gov-cnx45c8968193868xx.ipv6best.cn/portal/registerSystemInfo?recordcode=35012899001-19002	107	公安备案号：35012899001-19002	https://www.pingtan.gov.cn/zwgk/yw/ptyw/201610/t20161010_5657.htm
https://www-beian-gov-cnx45c89684c3868xx.ipv6best.cn/portal/registerSystemInfo?recordcode=35012899001-19002	107	公安备案号：35012899001-19002	https://www.pingtan.gov.cn/zwgk/zfxxgk/dfbmptlj/ptzhsyqbm/ptzhsyqczj/fdzdgknr/163hjbhggw/201909/t20190920_69412.htm
http://pt.fjbz.org.cnx1e49967363868.ipv6best.cn:8060/	106	福建省标准信息服务平台	https://www.pingtan.gov.cn/zwgk/zdlyxxgk/aqsc_1/hzxk/202001/t20200113_19118.htm
http://www.acas.org.cnx7a72967363868.ipv6best.cn/	106	海峡两岸仲裁中心	https://www.pingtan.gov.cn/zwgk/zdlyxxgk/aqsc_1/hzxk/202001/t20200113_19118.htm
https://27-151-80-61xe076967363868xx.ipv6best.cn:91/#/double-publicity-info	106	信用平潭	https://www.pingtan.gov.cn/zwgk/zdlyxxgk/aqsc_1/hzxk/202001/t20200113_19118.htm
https://bszs-conac-cnxe103967363868xx.ipv6best.cn/sitename?method=show&amp;id=21E2BB13660E0D66E053012819ACFD9D	106		https://www.pingtan.gov.cn/zwgk/zdlyxxgk/aqsc_1/hzxk/202001/t20200113_19118.htm
https://credit-xm-gov-cnxd4a4967363868xx.ipv6best.cn/	106	信用厦门	https://www.pingtan.gov.cn/zwgk/zdlyxxgk/aqsc_1/hzxk/202001/t20200113_19118.htm
https://fjrb-fjdaily-comx2d93967363868xx.ipv6best.cn/pc/col/202311/02/node_01.html	106	福建日报	https://www.pingtan.gov.cn/zwgk/zdlyxxgk/aqsc_1/hzxk/202001/t20200113_19118.htm
https://www-beian-gov-cnx45c8967363868xx.ipv6best.cn/portal/registerSystemInfo?recordcode=35012899001-19002	106	公安备案号：35012899001-19002	https://www.pingtan.gov.cn/zwgk/zdlyxxgk/aqsc_1/hzxk/202001/t20200113_19118.htm
http://pt.fjbz.org.cnx1e49967433868.ipv6best.cn:8060/	105	福建省标准信息服务平台	https://www.pingtan.gov.cn/zwgk/zdlyxxgk/czzj/bmyjsgk/bmjsgk/201808/t20180806_10466.htm
http://www.acas.org.cnx7a72967433868.ipv6best.cn/	105	海峡两岸仲裁中心	https://www.pingtan.gov.cn/zwgk/zdlyxxgk/czzj/bmyjsgk/bmjsgk/201808/t20180806_10466.htm
https://27-151-80-61xe076967433868xx.ipv6best.cn:91/#/double-publicity-info	105	信用平潭	https://www.pingtan.gov.cn/zwgk/zdlyxxgk/czzj/bmyjsgk/bmjsgk/201808/t20180806_10466.htm
https://bszs-conac-cnxe103967433868xx.ipv6best.cn/sitename?method=show&amp;id=21E2BB13660E0D66E053012819ACFD9D	105		https://www.pingtan.gov.cn/zwgk/zdlyxxgk/czzj/bmyjsgk/bmjsgk/201808/t20180806_10466.htm
https://credit-xm-gov-cnxd4a4967433868xx.ipv6best.cn/	105	信用厦门	https://www.pingtan.gov.cn/zwgk/zdlyxxgk/czzj/bmyjsgk/bmjsgk/201808/t20180806_10466.htm
https://fjrb-fjdaily-comx2d93967433868xx.ipv6best.cn/pc/col/202311/02/node_01.html	105	福建日报	https://www.pingtan.gov.cn/zwgk/zdlyxxgk/czzj/bmyjsgk/bmjsgk/201808/t20180806_10466.htm
https://www-beian-gov-cnx45c8967433868xx.ipv6best.cn/portal/registerSystemInfo?recordcode=35012899001-19002	105	公安备案号：35012899001-19002	https://www.pingtan.gov.cn/zwgk/zdlyxxgk/czzj/bmyjsgk/bmjsgk/201808/t20180806_10466.htm
http://pt.fjbz.org.cnx1e49966b63868.ipv6best.cn:8060/	104	福建省标准信息服务平台	https://www.pingtan.gov.cn/zwgk/gsgg/202406/t20240619_91138.htm
http://www.acas.org.cnx7a72966b63868.ipv6best.cn/	104	海峡两岸仲裁中心	https://www.pingtan.gov.cn/zwgk/gsgg/202406/t20240619_91138.htm
https://27-151-80-61xe076966b63868xx.ipv6best.cn:91/#/double-publicity-info	104	信用平潭	https://www.pingtan.gov.cn/zwgk/gsgg/202406/t20240619_91138.htm
https://bszs-conac-cnxe103966b63868xx.ipv6best.cn/sitename?method=show&amp;id=21E2BB13660E0D66E053012819ACFD9D	104		https://www.pingtan.gov.cn/zwgk/gsgg/202406/t20240619_91138.htm
https://credit-xm-gov-cnxd4a4966b63868xx.ipv6best.cn/	104	信用厦门	https://www.pingtan.gov.cn/zwgk/gsgg/202406/t20240619_91138.htm
https://fjrb-fjdaily-comx2d93966b63868xx.ipv6best.cn/pc/col/202311/02/node_01.html	104	福建日报	https://www.pingtan.gov.cn/zwgk/gsgg/202406/t20240619_91138.htm
https://www-beian-gov-cnx45c8966b63868xx.ipv6best.cn/portal/registerSystemInfo?recordcode=35012899001-19002	104	公安备案号：35012899001-19002	https://www.pingtan.gov.cn/zwgk/gsgg/202406/t20240619_91138.htm
http://pt.fjbz.org.cnx1e499672f3868.ipv6best.cn:8060/	103	福建省标准信息服务平台	https://www.pingtan.gov.cn/zwgk/zdlyxxgk/aqsc_1/aqjc/202009/t20200915_22880.htm
http://www.acas.org.cnx7a729672f3868.ipv6best.cn/	103	海峡两岸仲裁中心	https://www.pingtan.gov.cn/zwgk/zdlyxxgk/aqsc_1/aqjc/202009/t20200915_22880.htm
https://27-151-80-61xe0769672f3868xx.ipv6best.cn:91/#/double-publicity-info	103	信用平潭	https://www.pingtan.gov.cn/zwgk/zdlyxxgk/aqsc_1/aqjc/202009/t20200915_22880.htm
https://bszs-conac-cnxe1039672f3868xx.ipv6best.cn/sitename?method=show&amp;id=21E2BB13660E0D66E053012819ACFD9D	103		https://www.pingtan.gov.cn/zwgk/zdlyxxgk/aqsc_1/aqjc/202009/t20200915_22880.htm
https://credit-xm-gov-cnxd4a49672f3868xx.ipv6best.cn/	103	信用厦门	https://www.pingtan.gov.cn/zwgk/zdlyxxgk/aqsc_1/aqjc/202009/t20200915_22880.htm
https://fjrb-fjdaily-comx2d939672f3868xx.ipv6best.cn/pc/col/202311/02/node_01.html	103	福建日报	https://www.pingtan.gov.cn/zwgk/zdlyxxgk/aqsc_1/aqjc/202009/t20200915_22880.htm
https://www-beian-gov-cnx45c89672f3868xx.ipv6best.cn/portal/registerSystemInfo?recordcode=35012899001-19002	103	公安备案号：35012899001-19002	https://www.pingtan.gov.cn/zwgk/zdlyxxgk/aqsc_1/aqjc/202009/t20200915_22880.htm
http://pt.fjbz.org.cnx1e49966f93868.ipv6best.cn:8060/	102	福建省标准信息服务平台	https://www.pingtan.gov.cn/zwgk/zfgzbg/202301/t20230111_43112.htm
http://www.acas.org.cnx7a72966f93868.ipv6best.cn/	102	海峡两岸仲裁中心	https://www.pingtan.gov.cn/zwgk/zfgzbg/202301/t20230111_43112.htm
https://27-151-80-61xe076966f93868xx.ipv6best.cn:91/#/double-publicity-info	102	信用平潭	https://www.pingtan.gov.cn/zwgk/zfgzbg/202301/t20230111_43112.htm
https://bszs-conac-cnxe103966f93868xx.ipv6best.cn/sitename?method=show&amp;id=21E2BB13660E0D66E053012819ACFD9D	102		https://www.pingtan.gov.cn/zwgk/zfgzbg/202301/t20230111_43112.htm
https://credit-xm-gov-cnxd4a4966f93868xx.ipv6best.cn/	102	信用厦门	https://www.pingtan.gov.cn/zwgk/zfgzbg/202301/t20230111_43112.htm
https://fjrb-fjdaily-comx2d93966f93868xx.ipv6best.cn/pc/col/202311/02/node_01.html	102	福建日报	https://www.pingtan.gov.cn/zwgk/zfgzbg/202301/t20230111_43112.htm
https://www-beian-gov-cnx45c8966f93868xx.ipv6best.cn/portal/registerSystemInfo?recordcode=35012899001-19002	102	公安备案号：35012899001-19002	https://www.pingtan.gov.cn/zwgk/zfgzbg/202301/t20230111_43112.htm
http://pt.fjbz.org.cnx1e49966cd3868.ipv6best.cn:8060/	101	福建省标准信息服务平台	https://www.pingtan.gov.cn/zwgk/gsgg/202012/t20201229_24286.htm
http://pt.fjbz.org.cnx1e49967e33868.ipv6best.cn:8060/	101	福建省标准信息服务平台	https://www.pingtan.gov.cn/zwgk/ldzc/fld/hdbd/202302/t20230207_43843.htm
http://www.acas.org.cnx7a72966cd3868.ipv6best.cn/	101	海峡两岸仲裁中心	https://www.pingtan.gov.cn/zwgk/gsgg/202012/t20201229_24286.htm
http://www.acas.org.cnx7a72967e33868.ipv6best.cn/	101	海峡两岸仲裁中心	https://www.pingtan.gov.cn/zwgk/ldzc/fld/hdbd/202302/t20230207_43843.htm
https://27-151-80-61xe076966cd3868xx.ipv6best.cn:91/#/double-publicity-info	101	信用平潭	https://www.pingtan.gov.cn/zwgk/gsgg/202012/t20201229_24286.htm
https://27-151-80-61xe076967e33868xx.ipv6best.cn:91/#/double-publicity-info	101	信用平潭	https://www.pingtan.gov.cn/zwgk/ldzc/fld/hdbd/202302/t20230207_43843.htm
https://bszs-conac-cnxe103966cd3868xx.ipv6best.cn/sitename?method=show&amp;id=21E2BB13660E0D66E053012819ACFD9D	101		https://www.pingtan.gov.cn/zwgk/gsgg/202012/t20201229_24286.htm
https://bszs-conac-cnxe103967e33868xx.ipv6best.cn/sitename?method=show&amp;id=21E2BB13660E0D66E053012819ACFD9D	101		https://www.pingtan.gov.cn/zwgk/ldzc/fld/hdbd/202302/t20230207_43843.htm
https://credit-xm-gov-cnxd4a4966cd3868xx.ipv6best.cn/	101	信用厦门	https://www.pingtan.gov.cn/zwgk/gsgg/202012/t20201229_24286.htm
https://credit-xm-gov-cnxd4a4967e33868xx.ipv6best.cn/	101	信用厦门	https://www.pingtan.gov.cn/zwgk/ldzc/fld/hdbd/202302/t20230207_43843.htm
https://fjrb-fjdaily-comx2d93966cd3868xx.ipv6best.cn/pc/col/202311/02/node_01.html	101	福建日报	https://www.pingtan.gov.cn/zwgk/gsgg/202012/t20201229_24286.htm
https://fjrb-fjdaily-comx2d93967e33868xx.ipv6best.cn/pc/col/202311/02/node_01.html	101	福建日报	https://www.pingtan.gov.cn/zwgk/ldzc/fld/hdbd/202302/t20230207_43843.htm
https://www-beian-gov-cnx45c8966cd3868xx.ipv6best.cn/portal/registerSystemInfo?recordcode=35012899001-19002	101	公安备案号：35012899001-19002	https://www.pingtan.gov.cn/zwgk/gsgg/202012/t20201229_24286.htm
https://www-beian-gov-cnx45c8967e33868xx.ipv6best.cn/portal/registerSystemInfo?recordcode=35012899001-19002	101	公安备案号：35012899001-19002	https://www.pingtan.gov.cn/zwgk/ldzc/fld/hdbd/202302/t20230207_43843.htm
http://pt.fjbz.org.cnx1e499674f3868.ipv6best.cn:8060/	100	福建省标准信息服务平台	https://www.pingtan.gov.cn/zwgk/zdlyxxgk/aqsc_1/aqjc/201611/t20161103_5836.htm
http://pt.fjbz.org.cnx1e499680a3868.ipv6best.cn:8060/	100	福建省标准信息服务平台	https://www.pingtan.gov.cn/zwgk/yw/ptyw/201812/t20181212_11851.htm
http://www.acas.org.cnx7a729674f3868.ipv6best.cn/	100	海峡两岸仲裁中心	https://www.pingtan.gov.cn/zwgk/zdlyxxgk/aqsc_1/aqjc/201611/t20161103_5836.htm
http://www.acas.org.cnx7a729680a3868.ipv6best.cn/	100	海峡两岸仲裁中心	https://www.pingtan.gov.cn/zwgk/yw/ptyw/201812/t20181212_11851.htm
https://27-151-80-61xe0769674f3868xx.ipv6best.cn:91/#/double-publicity-info	100	信用平潭	https://www.pingtan.gov.cn/zwgk/zdlyxxgk/aqsc_1/aqjc/201611/t20161103_5836.htm
https://27-151-80-61xe0769680a3868xx.ipv6best.cn:91/#/double-publicity-info	100	信用平潭	https://www.pingtan.gov.cn/zwgk/yw/ptyw/201812/t20181212_11851.htm
https://bszs-conac-cnxe1039674f3868xx.ipv6best.cn/sitename?method=show&amp;id=21E2BB13660E0D66E053012819ACFD9D	100		https://www.pingtan.gov.cn/zwgk/zdlyxxgk/aqsc_1/aqjc/201611/t20161103_5836.htm
https://bszs-conac-cnxe1039680a3868xx.ipv6best.cn/sitename?method=show&amp;id=21E2BB13660E0D66E053012819ACFD9D	100		https://www.pingtan.gov.cn/zwgk/yw/ptyw/201812/t20181212_11851.htm
https://credit-xm-gov-cnxd4a49674f3868xx.ipv6best.cn/	100	信用厦门	https://www.pingtan.gov.cn/zwgk/zdlyxxgk/aqsc_1/aqjc/201611/t20161103_5836.htm
https://credit-xm-gov-cnxd4a49680a3868xx.ipv6best.cn/	100	信用厦门	https://www.pingtan.gov.cn/zwgk/yw/ptyw/201812/t20181212_11851.htm
https://fjrb-fjdaily-comx2d939674f3868xx.ipv6best.cn/pc/col/202311/02/node_01.html	100	福建日报	https://www.pingtan.gov.cn/zwgk/zdlyxxgk/aqsc_1/aqjc/201611/t20161103_5836.htm
https://fjrb-fjdaily-comx2d939680a3868xx.ipv6best.cn/pc/col/202311/02/node_01.html	100	福建日报	https://www.pingtan.gov.cn/zwgk/yw/ptyw/201812/t20181212_11851.htm
https://www-beian-gov-cnx45c89674f3868xx.ipv6best.cn/portal/registerSystemInfo?recordcode=35012899001-19002	100	公安备案号：35012899001-19002	https://www.pingtan.gov.cn/zwgk/zdlyxxgk/aqsc_1/aqjc/201611/t20161103_5836.htm
https://www-beian-gov-cnx45c89680a3868xx.ipv6best.cn/portal/registerSystemInfo?recordcode=35012899001-19002	100	公安备案号：35012899001-19002	https://www.pingtan.gov.cn/zwgk/yw/ptyw/201812/t20181212_11851.htm
http://pt.fjbz.org.cnx1e49966e43868.ipv6best.cn:8060/	99	福建省标准信息服务平台	https://www.pingtan.gov.cn/zwgk/zfxxgk/gwhwj/hjbhggwsaq/202305/t20230529_78338.htm
http://pt.fjbz.org.cnx1e49968033868.ipv6best.cn:8060/	99	福建省标准信息服务平台	https://www.pingtan.gov.cn/zwgk/yw/ptyw/202004/t20200427_20479.htm
http://www.acas.org.cnx7a72966e43868.ipv6best.cn/	99	海峡两岸仲裁中心	https://www.pingtan.gov.cn/zwgk/zfxxgk/gwhwj/hjbhggwsaq/202305/t20230529_78338.htm
http://www.acas.org.cnx7a72968033868.ipv6best.cn/	99	海峡两岸仲裁中心	https://www.pingtan.gov.cn/zwgk/yw/ptyw/202004/t20200427_20479.htm
https://27-151-80-61xe076966e43868xx.ipv6best.cn:91/#/double-publicity-info	99	信用平潭	https://www.pingtan.gov.cn/zwgk/zfxxgk/gwhwj/hjbhggwsaq/202305/t20230529_78338.htm
https://27-151-80-61xe076968033868xx.ipv6best.cn:91/#/double-publicity-info	99	信用平潭	https://www.pingtan.gov.cn/zwgk/yw/ptyw/202004/t20200427_20479.htm
https://bszs-conac-cnxe103966e43868xx.ipv6best.cn/sitename?method=show&amp;id=21E2BB13660E0D66E053012819ACFD9D	99		https://www.pingtan.gov.cn/zwgk/zfxxgk/gwhwj/hjbhggwsaq/202305/t20230529_78338.htm
https://bszs-conac-cnxe103968033868xx.ipv6best.cn/sitename?method=show&amp;id=21E2BB13660E0D66E053012819ACFD9D	99		https://www.pingtan.gov.cn/zwgk/yw/ptyw/202004/t20200427_20479.htm
https://credit-xm-gov-cnxd4a4966e43868xx.ipv6best.cn/	99	信用厦门	https://www.pingtan.gov.cn/zwgk/zfxxgk/gwhwj/hjbhggwsaq/202305/t20230529_78338.htm
https://credit-xm-gov-cnxd4a4968033868xx.ipv6best.cn/	99	信用厦门	https://www.pingtan.gov.cn/zwgk/yw/ptyw/202004/t20200427_20479.htm
https://fjrb-fjdaily-comx2d93966e43868xx.ipv6best.cn/pc/col/202311/02/node_01.html	99	福建日报	https://www.pingtan.gov.cn/zwgk/zfxxgk/gwhwj/hjbhggwsaq/202305/t20230529_78338.htm
https://fjrb-fjdaily-comx2d93968033868xx.ipv6best.cn/pc/col/202311/02/node_01.html	99	福建日报	https://www.pingtan.gov.cn/zwgk/yw/ptyw/202004/t20200427_20479.htm
https://www-beian-gov-cnx45c8966e43868xx.ipv6best.cn/portal/registerSystemInfo?recordcode=35012899001-19002	99	公安备案号：35012899001-19002	https://www.pingtan.gov.cn/zwgk/zfxxgk/gwhwj/hjbhggwsaq/202305/t20230529_78338.htm
https://www-beian-gov-cnx45c8968033868xx.ipv6best.cn/portal/registerSystemInfo?recordcode=35012899001-19002	99	公安备案号：35012899001-19002	https://www.pingtan.gov.cn/zwgk/yw/ptyw/202004/t20200427_20479.htm
http://pt.fjbz.org.cnx1e49967583868.ipv6best.cn:8060/	98	福建省标准信息服务平台	https://www.pingtan.gov.cn/zwgk/zdlyxxgk/aqsc_1/xgwj/201503/t20150326_1411.htm
http://www.acas.org.cnx7a72967583868.ipv6best.cn/	98	海峡两岸仲裁中心	https://www.pingtan.gov.cn/zwgk/zdlyxxgk/aqsc_1/xgwj/201503/t20150326_1411.htm
https://27-151-80-61xe076967583868xx.ipv6best.cn:91/#/double-publicity-info	98	信用平潭	https://www.pingtan.gov.cn/zwgk/zdlyxxgk/aqsc_1/xgwj/201503/t20150326_1411.htm
https://bszs-conac-cnxe103967583868xx.ipv6best.cn/sitename?method=show&amp;id=21E2BB13660E0D66E053012819ACFD9D	98		https://www.pingtan.gov.cn/zwgk/zdlyxxgk/aqsc_1/xgwj/201503/t20150326_1411.htm
https://credit-xm-gov-cnxd4a4967583868xx.ipv6best.cn/	98	信用厦门	https://www.pingtan.gov.cn/zwgk/zdlyxxgk/aqsc_1/xgwj/201503/t20150326_1411.htm
https://fjrb-fjdaily-comx2d93967583868xx.ipv6best.cn/pc/col/202311/02/node_01.html	98	福建日报	https://www.pingtan.gov.cn/zwgk/zdlyxxgk/aqsc_1/xgwj/201503/t20150326_1411.htm
https://www-beian-gov-cnx45c8967583868xx.ipv6best.cn/portal/registerSystemInfo?recordcode=35012899001-19002	98	公安备案号：35012899001-19002	https://www.pingtan.gov.cn/zwgk/zdlyxxgk/aqsc_1/xgwj/201503/t20150326_1411.htm
http://pt.fjbz.org.cnx1e499671c3868.ipv6best.cn:8060/	97	福建省标准信息服务平台	https://www.pingtan.gov.cn/zwgk/zdlyxxgk/aqsc_1/aqjc/202207/t20220720_35100.htm
http://pt.fjbz.org.cnx1e49967e73868.ipv6best.cn:8060/	97	福建省标准信息服务平台	https://www.pingtan.gov.cn/zwgk/ldzc/fld/hdbd/202212/t20221201_41929.htm
http://www.acas.org.cnx7a729671c3868.ipv6best.cn/	97	海峡两岸仲裁中心	https://www.pingtan.gov.cn/zwgk/zdlyxxgk/aqsc_1/aqjc/202207/t20220720_35100.htm
http://www.acas.org.cnx7a72967e73868.ipv6best.cn/	97	海峡两岸仲裁中心	https://www.pingtan.gov.cn/zwgk/ldzc/fld/hdbd/202212/t20221201_41929.htm
https://27-151-80-61xe0769671c3868xx.ipv6best.cn:91/#/double-publicity-info	97	信用平潭	https://www.pingtan.gov.cn/zwgk/zdlyxxgk/aqsc_1/aqjc/202207/t20220720_35100.htm
https://27-151-80-61xe076967e73868xx.ipv6best.cn:91/#/double-publicity-info	97	信用平潭	https://www.pingtan.gov.cn/zwgk/ldzc/fld/hdbd/202212/t20221201_41929.htm
https://bszs-conac-cnxe1039671c3868xx.ipv6best.cn/sitename?method=show&amp;id=21E2BB13660E0D66E053012819ACFD9D	97		https://www.pingtan.gov.cn/zwgk/zdlyxxgk/aqsc_1/aqjc/202207/t20220720_35100.htm
https://bszs-conac-cnxe103967e73868xx.ipv6best.cn/sitename?method=show&amp;id=21E2BB13660E0D66E053012819ACFD9D	97		https://www.pingtan.gov.cn/zwgk/ldzc/fld/hdbd/202212/t20221201_41929.htm
https://credit-xm-gov-cnxd4a49671c3868xx.ipv6best.cn/	97	信用厦门	https://www.pingtan.gov.cn/zwgk/zdlyxxgk/aqsc_1/aqjc/202207/t20220720_35100.htm
https://credit-xm-gov-cnxd4a4967e73868xx.ipv6best.cn/	97	信用厦门	https://www.pingtan.gov.cn/zwgk/ldzc/fld/hdbd/202212/t20221201_41929.htm
https://fjrb-fjdaily-comx2d939671c3868xx.ipv6best.cn/pc/col/202311/02/node_01.html	97	福建日报	https://www.pingtan.gov.cn/zwgk/zdlyxxgk/aqsc_1/aqjc/202207/t20220720_35100.htm
https://fjrb-fjdaily-comx2d93967e73868xx.ipv6best.cn/pc/col/202311/02/node_01.html	97	福建日报	https://www.pingtan.gov.cn/zwgk/ldzc/fld/hdbd/202212/t20221201_41929.htm
https://www-beian-gov-cnx45c89671c3868xx.ipv6best.cn/portal/registerSystemInfo?recordcode=35012899001-19002	97	公安备案号：35012899001-19002	https://www.pingtan.gov.cn/zwgk/zdlyxxgk/aqsc_1/aqjc/202207/t20220720_35100.htm
https://www-beian-gov-cnx45c8967e73868xx.ipv6best.cn/portal/registerSystemInfo?recordcode=35012899001-19002	97	公安备案号：35012899001-19002	https://www.pingtan.gov.cn/zwgk/ldzc/fld/hdbd/202212/t20221201_41929.htm
http://pt.fjbz.org.cnx1e49966c13868.ipv6best.cn:8060/	96	福建省标准信息服务平台	https://www.pingtan.gov.cn/zwgk/gsgg/202212/t20221202_42008.htm
http://www.acas.org.cnx7a72966c13868.ipv6best.cn/	96	海峡两岸仲裁中心	https://www.pingtan.gov.cn/zwgk/gsgg/202212/t20221202_42008.htm
https://27-151-80-61xe076966c13868xx.ipv6best.cn:91/#/double-publicity-info	96	信用平潭	https://www.pingtan.gov.cn/zwgk/gsgg/202212/t20221202_42008.htm
https://bszs-conac-cnxe103966c13868xx.ipv6best.cn/sitename?method=show&amp;id=21E2BB13660E0D66E053012819ACFD9D	96		https://www.pingtan.gov.cn/zwgk/gsgg/202212/t20221202_42008.htm
https://credit-xm-gov-cnxd4a4966c13868xx.ipv6best.cn/	96	信用厦门	https://www.pingtan.gov.cn/zwgk/gsgg/202212/t20221202_42008.htm
https://fjrb-fjdaily-comx2d93966c13868xx.ipv6best.cn/pc/col/202311/02/node_01.html	96	福建日报	https://www.pingtan.gov.cn/zwgk/gsgg/202212/t20221202_42008.htm
https://www-beian-gov-cnx45c8966c13868xx.ipv6best.cn/portal/registerSystemInfo?recordcode=35012899001-19002	96	公安备案号：35012899001-19002	https://www.pingtan.gov.cn/zwgk/gsgg/202212/t20221202_42008.htm
http://pt.fjbz.org.cnx1e499677b3868.ipv6best.cn:8060/	94	福建省标准信息服务平台	https://www.pingtan.gov.cn/zwgk/ldzc/fld/hdbd/202405/t20240509_89805.htm
http://www.acas.org.cnx7a729677b3868.ipv6best.cn/	94	海峡两岸仲裁中心	https://www.pingtan.gov.cn/zwgk/ldzc/fld/hdbd/202405/t20240509_89805.htm
https://27-151-80-61xe0769677b3868xx.ipv6best.cn:91/#/double-publicity-info	94	信用平潭	https://www.pingtan.gov.cn/zwgk/ldzc/fld/hdbd/202405/t20240509_89805.htm
https://bszs-conac-cnxe1039677b3868xx.ipv6best.cn/sitename?method=show&amp;id=21E2BB13660E0D66E053012819ACFD9D	94		https://www.pingtan.gov.cn/zwgk/ldzc/fld/hdbd/202405/t20240509_89805.htm
https://credit-xm-gov-cnxd4a49677b3868xx.ipv6best.cn/	94	信用厦门	https://www.pingtan.gov.cn/zwgk/ldzc/fld/hdbd/202405/t20240509_89805.htm
https://fjrb-fjdaily-comx2d939677b3868xx.ipv6best.cn/pc/col/202311/02/node_01.html	94	福建日报	https://www.pingtan.gov.cn/zwgk/ldzc/fld/hdbd/202405/t20240509_89805.htm
https://www-beian-gov-cnx45c89677b3868xx.ipv6best.cn/portal/registerSystemInfo?recordcode=35012899001-19002	94	公安备案号：35012899001-19002	https://www.pingtan.gov.cn/zwgk/ldzc/fld/hdbd/202405/t20240509_89805.htm
http://pt.fjbz.org.cnx1e499673d3868.ipv6best.cn:8060/	93	福建省标准信息服务平台	https://www.pingtan.gov.cn/zwgk/zdlyxxgk/aqsc_1/aqjc/201902/t20190228_12784.htm
http://www.acas.org.cnx7a729673d3868.ipv6best.cn/	93	海峡两岸仲裁中心	https://www.pingtan.gov.cn/zwgk/zdlyxxgk/aqsc_1/aqjc/201902/t20190228_12784.htm
https://27-151-80-61xe0769673d3868xx.ipv6best.cn:91/#/double-publicity-info	93	信用平潭	https://www.pingtan.gov.cn/zwgk/zdlyxxgk/aqsc_1/aqjc/201902/t20190228_12784.htm
https://bszs-conac-cnxe1039673d3868xx.ipv6best.cn/sitename?method=show&amp;id=21E2BB13660E0D66E053012819ACFD9D	93		https://www.pingtan.gov.cn/zwgk/zdlyxxgk/aqsc_1/aqjc/201902/t20190228_12784.htm
https://credit-xm-gov-cnxd4a49673d3868xx.ipv6best.cn/	93	信用厦门	https://www.pingtan.gov.cn/zwgk/zdlyxxgk/aqsc_1/aqjc/201902/t20190228_12784.htm
https://fjrb-fjdaily-comx2d939673d3868xx.ipv6best.cn/pc/col/202311/02/node_01.html	93	福建日报	https://www.pingtan.gov.cn/zwgk/zdlyxxgk/aqsc_1/aqjc/201902/t20190228_12784.htm
https://www-beian-gov-cnx45c89673d3868xx.ipv6best.cn/portal/registerSystemInfo?recordcode=35012899001-19002	93	公安备案号：35012899001-19002	https://www.pingtan.gov.cn/zwgk/zdlyxxgk/aqsc_1/aqjc/201902/t20190228_12784.htm
http://pt.fjbz.org.cnx1e49966c23868.ipv6best.cn:8060/	87	福建省标准信息服务平台	https://www.pingtan.gov.cn/zwgk/gsgg/202210/t20221025_36834.htm
http://www.acas.org.cnx7a72966c23868.ipv6best.cn/	87	海峡两岸仲裁中心	https://www.pingtan.gov.cn/zwgk/gsgg/202210/t20221025_36834.htm
https://27-151-80-61xe076966c23868xx.ipv6best.cn:91/#/double-publicity-info	87	信用平潭	https://www.pingtan.gov.cn/zwgk/gsgg/202210/t20221025_36834.htm
https://bszs-conac-cnxe103966c23868xx.ipv6best.cn/sitename?method=show&amp;id=21E2BB13660E0D66E053012819ACFD9D	87		https://www.pingtan.gov.cn/zwgk/gsgg/202210/t20221025_36834.htm
https://credit-xm-gov-cnxd4a4966c23868xx.ipv6best.cn/	87	信用厦门	https://www.pingtan.gov.cn/zwgk/gsgg/202210/t20221025_36834.htm
https://fjrb-fjdaily-comx2d93966c23868xx.ipv6best.cn/pc/col/202311/02/node_01.html	87	福建日报	https://www.pingtan.gov.cn/zwgk/gsgg/202210/t20221025_36834.htm
https://www-beian-gov-cnx45c8966c23868xx.ipv6best.cn/portal/registerSystemInfo?recordcode=35012899001-19002	87	公安备案号：35012899001-19002	https://www.pingtan.gov.cn/zwgk/gsgg/202210/t20221025_36834.htm
http://pt.fjbz.org.cnx1e49967663868.ipv6best.cn:8060/	85	福建省标准信息服务平台	https://www.pingtan.gov.cn/zwgk/ldzc/lj/hdbd/202508/t20250806_100773.htm
http://pt.fjbz.org.cnx1e49968643868.ipv6best.cn:8060/	85	福建省标准信息服务平台	https://www.pingtan.gov.cn/zwgk/zfxxgk/dfbmptlj/ptzhsyqbm/ptzhsyqgaj/fdzdgknr/gzdt/201506/t20150619_58116.htm
http://pt.fjbz.org.cnx1e499686b3868.ipv6best.cn:8060/	85	福建省标准信息服务平台	https://www.pingtan.gov.cn/zwgk/zfxxgk/dfbmptlj/ptzhsyqbm/ptzhsyqczj/fdzdgknr/12czysjsbg/201307/t20130718_54875.htm
http://www.acas.org.cnx7a72967663868.ipv6best.cn/	85	海峡两岸仲裁中心	https://www.pingtan.gov.cn/zwgk/ldzc/lj/hdbd/202508/t20250806_100773.htm
http://www.acas.org.cnx7a72968643868.ipv6best.cn/	85	海峡两岸仲裁中心	https://www.pingtan.gov.cn/zwgk/zfxxgk/dfbmptlj/ptzhsyqbm/ptzhsyqgaj/fdzdgknr/gzdt/201506/t20150619_58116.htm
http://www.acas.org.cnx7a729686b3868.ipv6best.cn/	85	海峡两岸仲裁中心	https://www.pingtan.gov.cn/zwgk/zfxxgk/dfbmptlj/ptzhsyqbm/ptzhsyqczj/fdzdgknr/12czysjsbg/201307/t20130718_54875.htm
https://27-151-80-61xe076967663868xx.ipv6best.cn:91/#/double-publicity-info	85	信用平潭	https://www.pingtan.gov.cn/zwgk/ldzc/lj/hdbd/202508/t20250806_100773.htm
https://27-151-80-61xe076968643868xx.ipv6best.cn:91/#/double-publicity-info	85	信用平潭	https://www.pingtan.gov.cn/zwgk/zfxxgk/dfbmptlj/ptzhsyqbm/ptzhsyqgaj/fdzdgknr/gzdt/201506/t20150619_58116.htm
https://27-151-80-61xe0769686b3868xx.ipv6best.cn:91/#/double-publicity-info	85	信用平潭	https://www.pingtan.gov.cn/zwgk/zfxxgk/dfbmptlj/ptzhsyqbm/ptzhsyqczj/fdzdgknr/12czysjsbg/201307/t20130718_54875.htm
https://bszs-conac-cnxe103967663868xx.ipv6best.cn/sitename?method=show&amp;id=21E2BB13660E0D66E053012819ACFD9D	85		https://www.pingtan.gov.cn/zwgk/ldzc/lj/hdbd/202508/t20250806_100773.htm
https://bszs-conac-cnxe103968643868xx.ipv6best.cn/sitename?method=show&amp;id=21E2BB13660E0D66E053012819ACFD9D	85		https://www.pingtan.gov.cn/zwgk/zfxxgk/dfbmptlj/ptzhsyqbm/ptzhsyqgaj/fdzdgknr/gzdt/201506/t20150619_58116.htm
https://bszs-conac-cnxe1039686b3868xx.ipv6best.cn/sitename?method=show&amp;id=21E2BB13660E0D66E053012819ACFD9D	85		https://www.pingtan.gov.cn/zwgk/zfxxgk/dfbmptlj/ptzhsyqbm/ptzhsyqczj/fdzdgknr/12czysjsbg/201307/t20130718_54875.htm
https://credit-xm-gov-cnxd4a4967663868xx.ipv6best.cn/	85	信用厦门	https://www.pingtan.gov.cn/zwgk/ldzc/lj/hdbd/202508/t20250806_100773.htm
https://credit-xm-gov-cnxd4a4968643868xx.ipv6best.cn/	85	信用厦门	https://www.pingtan.gov.cn/zwgk/zfxxgk/dfbmptlj/ptzhsyqbm/ptzhsyqgaj/fdzdgknr/gzdt/201506/t20150619_58116.htm
https://credit-xm-gov-cnxd4a49686b3868xx.ipv6best.cn/	85	信用厦门	https://www.pingtan.gov.cn/zwgk/zfxxgk/dfbmptlj/ptzhsyqbm/ptzhsyqczj/fdzdgknr/12czysjsbg/201307/t20130718_54875.htm
https://fjrb-fjdaily-comx2d93967663868xx.ipv6best.cn/pc/col/202311/02/node_01.html	85	福建日报	https://www.pingtan.gov.cn/zwgk/ldzc/lj/hdbd/202508/t20250806_100773.htm
https://fjrb-fjdaily-comx2d93968643868xx.ipv6best.cn/pc/col/202311/02/node_01.html	85	福建日报	https://www.pingtan.gov.cn/zwgk/zfxxgk/dfbmptlj/ptzhsyqbm/ptzhsyqgaj/fdzdgknr/gzdt/201506/t20150619_58116.htm
https://fjrb-fjdaily-comx2d939686b3868xx.ipv6best.cn/pc/col/202311/02/node_01.html	85	福建日报	https://www.pingtan.gov.cn/zwgk/zfxxgk/dfbmptlj/ptzhsyqbm/ptzhsyqczj/fdzdgknr/12czysjsbg/201307/t20130718_54875.htm
https://www-beian-gov-cnx45c8967663868xx.ipv6best.cn/portal/registerSystemInfo?recordcode=35012899001-19002	85	公安备案号：35012899001-19002	https://www.pingtan.gov.cn/zwgk/ldzc/lj/hdbd/202508/t20250806_100773.htm
https://www-beian-gov-cnx45c8968643868xx.ipv6best.cn/portal/registerSystemInfo?recordcode=35012899001-19002	85	公安备案号：35012899001-19002	https://www.pingtan.gov.cn/zwgk/zfxxgk/dfbmptlj/ptzhsyqbm/ptzhsyqgaj/fdzdgknr/gzdt/201506/t20150619_58116.htm
https://www-beian-gov-cnx45c89686b3868xx.ipv6best.cn/portal/registerSystemInfo?recordcode=35012899001-19002	85	公安备案号：35012899001-19002	https://www.pingtan.gov.cn/zwgk/zfxxgk/dfbmptlj/ptzhsyqbm/ptzhsyqczj/fdzdgknr/12czysjsbg/201307/t20130718_54875.htm
http://pt.fjbz.org.cnx1e49966ad3868.ipv6best.cn:8060/	84	福建省标准信息服务平台	https://www.pingtan.gov.cn/zwgk/gsgg/202506/t20250624_99804.htm
http://www.acas.org.cnx7a72966ad3868.ipv6best.cn/	84	海峡两岸仲裁中心	https://www.pingtan.gov.cn/zwgk/gsgg/202506/t20250624_99804.htm
https://27-151-80-61xe076966ad3868xx.ipv6best.cn:91/#/double-publicity-info	84	信用平潭	https://www.pingtan.gov.cn/zwgk/gsgg/202506/t20250624_99804.htm
https://bszs-conac-cnxe103966ad3868xx.ipv6best.cn/sitename?method=show&amp;id=21E2BB13660E0D66E053012819ACFD9D	84		https://www.pingtan.gov.cn/zwgk/gsgg/202506/t20250624_99804.htm
https://credit-xm-gov-cnxd4a4966ad3868xx.ipv6best.cn/	84	信用厦门	https://www.pingtan.gov.cn/zwgk/gsgg/202506/t20250624_99804.htm
https://fjrb-fjdaily-comx2d93966ad3868xx.ipv6best.cn/pc/col/202311/02/node_01.html	84	福建日报	https://www.pingtan.gov.cn/zwgk/gsgg/202506/t20250624_99804.htm
https://www-beian-gov-cnx45c8966ad3868xx.ipv6best.cn/portal/registerSystemInfo?recordcode=35012899001-19002	84	公安备案号：35012899001-19002	https://www.pingtan.gov.cn/zwgk/gsgg/202506/t20250624_99804.htm
http://pt.fjbz.org.cnx1e49966e73868.ipv6best.cn:8060/	81	福建省标准信息服务平台	https://www.pingtan.gov.cn/zwgk/zfxxgk/gwhwj/dfxfgzfgzh/202204/t20220428_77448.htm
http://www.acas.org.cnx7a72966e73868.ipv6best.cn/	81	海峡两岸仲裁中心	https://www.pingtan.gov.cn/zwgk/zfxxgk/gwhwj/dfxfgzfgzh/202204/t20220428_77448.htm
https://27-151-80-61xe076966e73868xx.ipv6best.cn:91/#/double-publicity-info	81	信用平潭	https://www.pingtan.gov.cn/zwgk/zfxxgk/gwhwj/dfxfgzfgzh/202204/t20220428_77448.htm
https://bszs-conac-cnxe103966e73868xx.ipv6best.cn/sitename?method=show&amp;id=21E2BB13660E0D66E053012819ACFD9D	81		https://www.pingtan.gov.cn/zwgk/zfxxgk/gwhwj/dfxfgzfgzh/202204/t20220428_77448.htm
https://credit-xm-gov-cnxd4a4966e73868xx.ipv6best.cn/	81	信用厦门	https://www.pingtan.gov.cn/zwgk/zfxxgk/gwhwj/dfxfgzfgzh/202204/t20220428_77448.htm
https://fjrb-fjdaily-comx2d93966e73868xx.ipv6best.cn/pc/col/202311/02/node_01.html	81	福建日报	https://www.pingtan.gov.cn/zwgk/zfxxgk/gwhwj/dfxfgzfgzh/202204/t20220428_77448.htm
https://www-beian-gov-cnx45c8966e73868xx.ipv6best.cn/portal/registerSystemInfo?recordcode=35012899001-19002	81	公安备案号：35012899001-19002	https://www.pingtan.gov.cn/zwgk/zfxxgk/gwhwj/dfxfgzfgzh/202204/t20220428_77448.htm
http://pt.fjbz.org.cnx1e49966d63868.ipv6best.cn:8060/	78	福建省标准信息服务平台	https://www.pingtan.gov.cn/zwgk/gsgg/201904/t20190412_13627.htm
http://pt.fjbz.org.cnx1e49967df3868.ipv6best.cn:8060/	78	福建省标准信息服务平台	https://www.pingtan.gov.cn/zwgk/ldzc/fld/hdbd/202303/t20230321_45019.htm
http://pt.fjbz.org.cnx1e49968113868.ipv6best.cn:8060/	78	福建省标准信息服务平台	https://www.pingtan.gov.cn/zwgk/yw/ptyw/201805/t20180504_9601.htm
http://pt.fjbz.org.cnx1e49968403868.ipv6best.cn:8060/	78	福建省标准信息服务平台	https://www.pingtan.gov.cn/zwgk/zfxxgk/dfbmptlj/ptzhsyqbm/ptzhsyqczj/fdzdgknr/165fpjyyls/202012/t20201204_72109.htm
http://pt.fjbz.org.cnx1e49968423868.ipv6best.cn:8060/	78	福建省标准信息服务平台	https://www.pingtan.gov.cn/zwgk/zfxxgk/dfbmptlj/ptzhsyqbm/ptzhsyqczj/fdzdgknr/165fpjyyls/202012/t20201215_72105.htm
http://www.acas.org.cnx7a72966d63868.ipv6best.cn/	78	海峡两岸仲裁中心	https://www.pingtan.gov.cn/zwgk/gsgg/201904/t20190412_13627.htm
http://www.acas.org.cnx7a72967df3868.ipv6best.cn/	78	海峡两岸仲裁中心	https://www.pingtan.gov.cn/zwgk/ldzc/fld/hdbd/202303/t20230321_45019.htm
http://www.acas.org.cnx7a72968113868.ipv6best.cn/	78	海峡两岸仲裁中心	https://www.pingtan.gov.cn/zwgk/yw/ptyw/201805/t20180504_9601.htm
http://www.acas.org.cnx7a72968403868.ipv6best.cn/	78	海峡两岸仲裁中心	https://www.pingtan.gov.cn/zwgk/zfxxgk/dfbmptlj/ptzhsyqbm/ptzhsyqczj/fdzdgknr/165fpjyyls/202012/t20201204_72109.htm
http://www.acas.org.cnx7a72968423868.ipv6best.cn/	78	海峡两岸仲裁中心	https://www.pingtan.gov.cn/zwgk/zfxxgk/dfbmptlj/ptzhsyqbm/ptzhsyqczj/fdzdgknr/165fpjyyls/202012/t20201215_72105.htm
https://27-151-80-61xe076966d63868xx.ipv6best.cn:91/#/double-publicity-info	78	信用平潭	https://www.pingtan.gov.cn/zwgk/gsgg/201904/t20190412_13627.htm
https://27-151-80-61xe076967df3868xx.ipv6best.cn:91/#/double-publicity-info	78	信用平潭	https://www.pingtan.gov.cn/zwgk/ldzc/fld/hdbd/202303/t20230321_45019.htm
https://27-151-80-61xe076968113868xx.ipv6best.cn:91/#/double-publicity-info	78	信用平潭	https://www.pingtan.gov.cn/zwgk/yw/ptyw/201805/t20180504_9601.htm
https://27-151-80-61xe076968403868xx.ipv6best.cn:91/#/double-publicity-info	78	信用平潭	https://www.pingtan.gov.cn/zwgk/zfxxgk/dfbmptlj/ptzhsyqbm/ptzhsyqczj/fdzdgknr/165fpjyyls/202012/t20201204_72109.htm
https://27-151-80-61xe076968423868xx.ipv6best.cn:91/#/double-publicity-info	78	信用平潭	https://www.pingtan.gov.cn/zwgk/zfxxgk/dfbmptlj/ptzhsyqbm/ptzhsyqczj/fdzdgknr/165fpjyyls/202012/t20201215_72105.htm
https://bszs-conac-cnxe103966d63868xx.ipv6best.cn/sitename?method=show&amp;id=21E2BB13660E0D66E053012819ACFD9D	78		https://www.pingtan.gov.cn/zwgk/gsgg/201904/t20190412_13627.htm
https://bszs-conac-cnxe103967df3868xx.ipv6best.cn/sitename?method=show&amp;id=21E2BB13660E0D66E053012819ACFD9D	78		https://www.pingtan.gov.cn/zwgk/ldzc/fld/hdbd/202303/t20230321_45019.htm
https://bszs-conac-cnxe103968113868xx.ipv6best.cn/sitename?method=show&amp;id=21E2BB13660E0D66E053012819ACFD9D	78		https://www.pingtan.gov.cn/zwgk/yw/ptyw/201805/t20180504_9601.htm
https://bszs-conac-cnxe103968403868xx.ipv6best.cn/sitename?method=show&amp;id=21E2BB13660E0D66E053012819ACFD9D	78		https://www.pingtan.gov.cn/zwgk/zfxxgk/dfbmptlj/ptzhsyqbm/ptzhsyqczj/fdzdgknr/165fpjyyls/202012/t20201204_72109.htm
https://bszs-conac-cnxe103968423868xx.ipv6best.cn/sitename?method=show&amp;id=21E2BB13660E0D66E053012819ACFD9D	78		https://www.pingtan.gov.cn/zwgk/zfxxgk/dfbmptlj/ptzhsyqbm/ptzhsyqczj/fdzdgknr/165fpjyyls/202012/t20201215_72105.htm
https://credit-xm-gov-cnxd4a4966d63868xx.ipv6best.cn/	78	信用厦门	https://www.pingtan.gov.cn/zwgk/gsgg/201904/t20190412_13627.htm
https://credit-xm-gov-cnxd4a4967df3868xx.ipv6best.cn/	78	信用厦门	https://www.pingtan.gov.cn/zwgk/ldzc/fld/hdbd/202303/t20230321_45019.htm
https://credit-xm-gov-cnxd4a4968113868xx.ipv6best.cn/	78	信用厦门	https://www.pingtan.gov.cn/zwgk/yw/ptyw/201805/t20180504_9601.htm
https://credit-xm-gov-cnxd4a4968403868xx.ipv6best.cn/	78	信用厦门	https://www.pingtan.gov.cn/zwgk/zfxxgk/dfbmptlj/ptzhsyqbm/ptzhsyqczj/fdzdgknr/165fpjyyls/202012/t20201204_72109.htm
https://credit-xm-gov-cnxd4a4968423868xx.ipv6best.cn/	78	信用厦门	https://www.pingtan.gov.cn/zwgk/zfxxgk/dfbmptlj/ptzhsyqbm/ptzhsyqczj/fdzdgknr/165fpjyyls/202012/t20201215_72105.htm
https://fjrb-fjdaily-comx2d93966d63868xx.ipv6best.cn/pc/col/202311/02/node_01.html	78	福建日报	https://www.pingtan.gov.cn/zwgk/gsgg/201904/t20190412_13627.htm
https://fjrb-fjdaily-comx2d93967df3868xx.ipv6best.cn/pc/col/202311/02/node_01.html	78	福建日报	https://www.pingtan.gov.cn/zwgk/ldzc/fld/hdbd/202303/t20230321_45019.htm
https://fjrb-fjdaily-comx2d93968113868xx.ipv6best.cn/pc/col/202311/02/node_01.html	78	福建日报	https://www.pingtan.gov.cn/zwgk/yw/ptyw/201805/t20180504_9601.htm
https://fjrb-fjdaily-comx2d93968403868xx.ipv6best.cn/pc/col/202311/02/node_01.html	78	福建日报	https://www.pingtan.gov.cn/zwgk/zfxxgk/dfbmptlj/ptzhsyqbm/ptzhsyqczj/fdzdgknr/165fpjyyls/202012/t20201204_72109.htm
https://fjrb-fjdaily-comx2d93968423868xx.ipv6best.cn/pc/col/202311/02/node_01.html	78	福建日报	https://www.pingtan.gov.cn/zwgk/zfxxgk/dfbmptlj/ptzhsyqbm/ptzhsyqczj/fdzdgknr/165fpjyyls/202012/t20201215_72105.htm
https://www-beian-gov-cnx45c8966d63868xx.ipv6best.cn/portal/registerSystemInfo?recordcode=35012899001-19002	78	公安备案号：35012899001-19002	https://www.pingtan.gov.cn/zwgk/gsgg/201904/t20190412_13627.htm
https://www-beian-gov-cnx45c8967df3868xx.ipv6best.cn/portal/registerSystemInfo?recordcode=35012899001-19002	78	公安备案号：35012899001-19002	https://www.pingtan.gov.cn/zwgk/ldzc/fld/hdbd/202303/t20230321_45019.htm
https://www-beian-gov-cnx45c8968113868xx.ipv6best.cn/portal/registerSystemInfo?recordcode=35012899001-19002	78	公安备案号：35012899001-19002	https://www.pingtan.gov.cn/zwgk/yw/ptyw/201805/t20180504_9601.htm
https://www-beian-gov-cnx45c8968403868xx.ipv6best.cn/portal/registerSystemInfo?recordcode=35012899001-19002	78	公安备案号：35012899001-19002	https://www.pingtan.gov.cn/zwgk/zfxxgk/dfbmptlj/ptzhsyqbm/ptzhsyqczj/fdzdgknr/165fpjyyls/202012/t20201204_72109.htm
https://www-beian-gov-cnx45c8968423868xx.ipv6best.cn/portal/registerSystemInfo?recordcode=35012899001-19002	78	公安备案号：35012899001-19002	https://www.pingtan.gov.cn/zwgk/zfxxgk/dfbmptlj/ptzhsyqbm/ptzhsyqczj/fdzdgknr/165fpjyyls/202012/t20201215_72105.htm
http://pt.fjbz.org.cnx1e49967463868.ipv6best.cn:8060/	77	福建省标准信息服务平台	https://www.pingtan.gov.cn/zwgk/zdlyxxgk/aqsc_1/hzxk/201802/t20180202_8988.htm
http://pt.fjbz.org.cnx1e49967dc3868.ipv6best.cn:8060/	77	福建省标准信息服务平台	https://www.pingtan.gov.cn/zwgk/yw/szywn/202305/t20230518_84878.htm
http://www.acas.org.cnx7a72967463868.ipv6best.cn/	77	海峡两岸仲裁中心	https://www.pingtan.gov.cn/zwgk/zdlyxxgk/aqsc_1/hzxk/201802/t20180202_8988.htm
http://www.acas.org.cnx7a72967dc3868.ipv6best.cn/	77	海峡两岸仲裁中心	https://www.pingtan.gov.cn/zwgk/yw/szywn/202305/t20230518_84878.htm
https://27-151-80-61xe076967463868xx.ipv6best.cn:91/#/double-publicity-info	77	信用平潭	https://www.pingtan.gov.cn/zwgk/zdlyxxgk/aqsc_1/hzxk/201802/t20180202_8988.htm
https://27-151-80-61xe076967dc3868xx.ipv6best.cn:91/#/double-publicity-info	77	信用平潭	https://www.pingtan.gov.cn/zwgk/yw/szywn/202305/t20230518_84878.htm
https://bszs-conac-cnxe103967463868xx.ipv6best.cn/sitename?method=show&amp;id=21E2BB13660E0D66E053012819ACFD9D	77		https://www.pingtan.gov.cn/zwgk/zdlyxxgk/aqsc_1/hzxk/201802/t20180202_8988.htm
https://bszs-conac-cnxe103967dc3868xx.ipv6best.cn/sitename?method=show&amp;id=21E2BB13660E0D66E053012819ACFD9D	77		https://www.pingtan.gov.cn/zwgk/yw/szywn/202305/t20230518_84878.htm
https://credit-xm-gov-cnxd4a4967463868xx.ipv6best.cn/	77	信用厦门	https://www.pingtan.gov.cn/zwgk/zdlyxxgk/aqsc_1/hzxk/201802/t20180202_8988.htm
https://credit-xm-gov-cnxd4a4967dc3868xx.ipv6best.cn/	77	信用厦门	https://www.pingtan.gov.cn/zwgk/yw/szywn/202305/t20230518_84878.htm
https://fjrb-fjdaily-comx2d93967463868xx.ipv6best.cn/pc/col/202311/02/node_01.html	77	福建日报	https://www.pingtan.gov.cn/zwgk/zdlyxxgk/aqsc_1/hzxk/201802/t20180202_8988.htm
https://fjrb-fjdaily-comx2d93967dc3868xx.ipv6best.cn/pc/col/202311/02/node_01.html	77	福建日报	https://www.pingtan.gov.cn/zwgk/yw/szywn/202305/t20230518_84878.htm
https://www-beian-gov-cnx45c8967463868xx.ipv6best.cn/portal/registerSystemInfo?recordcode=35012899001-19002	77	公安备案号：35012899001-19002	https://www.pingtan.gov.cn/zwgk/zdlyxxgk/aqsc_1/hzxk/201802/t20180202_8988.htm
https://www-beian-gov-cnx45c8967dc3868xx.ipv6best.cn/portal/registerSystemInfo?recordcode=35012899001-19002	77	公安备案号：35012899001-19002	https://www.pingtan.gov.cn/zwgk/yw/szywn/202305/t20230518_84878.htm
http://pt.fjbz.org.cnx1e49966d13868.ipv6best.cn:8060/	76	福建省标准信息服务平台	https://www.pingtan.gov.cn/zwgk/gsgg/202003/t20200319_19976.htm
http://pt.fjbz.org.cnx1e49967553868.ipv6best.cn:8060/	76	福建省标准信息服务平台	https://www.pingtan.gov.cn/zwgk/zdlyxxgk/aqsc_1/hzxk/201602/t20160226_3579.htm
http://pt.fjbz.org.cnx1e49967cf3868.ipv6best.cn:8060/	76	福建省标准信息服务平台	https://www.pingtan.gov.cn/zwgk/ldzc/hhy/hdbd/202311/t20231124_82342.htm
http://www.acas.org.cnx7a72966d13868.ipv6best.cn/	76	海峡两岸仲裁中心	https://www.pingtan.gov.cn/zwgk/gsgg/202003/t20200319_19976.htm
http://www.acas.org.cnx7a72967553868.ipv6best.cn/	76	海峡两岸仲裁中心	https://www.pingtan.gov.cn/zwgk/zdlyxxgk/aqsc_1/hzxk/201602/t20160226_3579.htm
http://www.acas.org.cnx7a72967cf3868.ipv6best.cn/	76	海峡两岸仲裁中心	https://www.pingtan.gov.cn/zwgk/ldzc/hhy/hdbd/202311/t20231124_82342.htm
https://27-151-80-61xe076966d13868xx.ipv6best.cn:91/#/double-publicity-info	76	信用平潭	https://www.pingtan.gov.cn/zwgk/gsgg/202003/t20200319_19976.htm
https://27-151-80-61xe076967553868xx.ipv6best.cn:91/#/double-publicity-info	76	信用平潭	https://www.pingtan.gov.cn/zwgk/zdlyxxgk/aqsc_1/hzxk/201602/t20160226_3579.htm
https://27-151-80-61xe076967cf3868xx.ipv6best.cn:91/#/double-publicity-info	76	信用平潭	https://www.pingtan.gov.cn/zwgk/ldzc/hhy/hdbd/202311/t20231124_82342.htm
https://bszs-conac-cnxe103966d13868xx.ipv6best.cn/sitename?method=show&amp;id=21E2BB13660E0D66E053012819ACFD9D	76		https://www.pingtan.gov.cn/zwgk/gsgg/202003/t20200319_19976.htm
https://bszs-conac-cnxe103967553868xx.ipv6best.cn/sitename?method=show&amp;id=21E2BB13660E0D66E053012819ACFD9D	76		https://www.pingtan.gov.cn/zwgk/zdlyxxgk/aqsc_1/hzxk/201602/t20160226_3579.htm
https://bszs-conac-cnxe103967cf3868xx.ipv6best.cn/sitename?method=show&amp;id=21E2BB13660E0D66E053012819ACFD9D	76		https://www.pingtan.gov.cn/zwgk/ldzc/hhy/hdbd/202311/t20231124_82342.htm
https://credit-xm-gov-cnxd4a4966d13868xx.ipv6best.cn/	76	信用厦门	https://www.pingtan.gov.cn/zwgk/gsgg/202003/t20200319_19976.htm
https://credit-xm-gov-cnxd4a4967553868xx.ipv6best.cn/	76	信用厦门	https://www.pingtan.gov.cn/zwgk/zdlyxxgk/aqsc_1/hzxk/201602/t20160226_3579.htm
https://credit-xm-gov-cnxd4a4967cf3868xx.ipv6best.cn/	76	信用厦门	https://www.pingtan.gov.cn/zwgk/ldzc/hhy/hdbd/202311/t20231124_82342.htm
https://fjrb-fjdaily-comx2d93966d13868xx.ipv6best.cn/pc/col/202311/02/node_01.html	76	福建日报	https://www.pingtan.gov.cn/zwgk/gsgg/202003/t20200319_19976.htm
https://fjrb-fjdaily-comx2d93967553868xx.ipv6best.cn/pc/col/202311/02/node_01.html	76	福建日报	https://www.pingtan.gov.cn/zwgk/zdlyxxgk/aqsc_1/hzxk/201602/t20160226_3579.htm
https://fjrb-fjdaily-comx2d93967cf3868xx.ipv6best.cn/pc/col/202311/02/node_01.html	76	福建日报	https://www.pingtan.gov.cn/zwgk/ldzc/hhy/hdbd/202311/t20231124_82342.htm
https://www-beian-gov-cnx45c8966d13868xx.ipv6best.cn/portal/registerSystemInfo?recordcode=35012899001-19002	76	公安备案号：35012899001-19002	https://www.pingtan.gov.cn/zwgk/gsgg/202003/t20200319_19976.htm
https://www-beian-gov-cnx45c8967553868xx.ipv6best.cn/portal/registerSystemInfo?recordcode=35012899001-19002	76	公安备案号：35012899001-19002	https://www.pingtan.gov.cn/zwgk/zdlyxxgk/aqsc_1/hzxk/201602/t20160226_3579.htm
https://www-beian-gov-cnx45c8967cf3868xx.ipv6best.cn/portal/registerSystemInfo?recordcode=35012899001-19002	76	公安备案号：35012899001-19002	https://www.pingtan.gov.cn/zwgk/ldzc/hhy/hdbd/202311/t20231124_82342.htm
http://pt.fjbz.org.cnx1e49967223868.ipv6best.cn:8060/	74	福建省标准信息服务平台	https://www.pingtan.gov.cn/zwgk/ghxx/ndjh/202112/t20211231_42036.htm
http://www.acas.org.cnx7a72967223868.ipv6best.cn/	74	海峡两岸仲裁中心	https://www.pingtan.gov.cn/zwgk/ghxx/ndjh/202112/t20211231_42036.htm
https://27-151-80-61xe076967223868xx.ipv6best.cn:91/#/double-publicity-info	74	信用平潭	https://www.pingtan.gov.cn/zwgk/ghxx/ndjh/202112/t20211231_42036.htm
https://bszs-conac-cnxe103967223868xx.ipv6best.cn/sitename?method=show&amp;id=21E2BB13660E0D66E053012819ACFD9D	74		https://www.pingtan.gov.cn/zwgk/ghxx/ndjh/202112/t20211231_42036.htm
https://credit-xm-gov-cnxd4a4967223868xx.ipv6best.cn/	74	信用厦门	https://www.pingtan.gov.cn/zwgk/ghxx/ndjh/202112/t20211231_42036.htm
https://fjrb-fjdaily-comx2d93967223868xx.ipv6best.cn/pc/col/202311/02/node_01.html	74	福建日报	https://www.pingtan.gov.cn/zwgk/ghxx/ndjh/202112/t20211231_42036.htm
https://www-beian-gov-cnx45c8967223868xx.ipv6best.cn/portal/registerSystemInfo?recordcode=35012899001-19002	74	公安备案号：35012899001-19002	https://www.pingtan.gov.cn/zwgk/ghxx/ndjh/202112/t20211231_42036.htm
http://pt.fjbz.org.cnx1e49966bb3868.ipv6best.cn:8060/	73	福建省标准信息服务平台	https://www.pingtan.gov.cn/zwgk/gsgg/202308/t20230818_49218.htm
http://pt.fjbz.org.cnx1e49966f33868.ipv6best.cn:8060/	73	福建省标准信息服务平台	https://www.pingtan.gov.cn/zwgk/zfxxgk/gwhwj/fpjyylylsh/201908/t20190813_69234.htm
http://www.acas.org.cnx7a72966bb3868.ipv6best.cn/	73	海峡两岸仲裁中心	https://www.pingtan.gov.cn/zwgk/gsgg/202308/t20230818_49218.htm
http://www.acas.org.cnx7a72966f33868.ipv6best.cn/	73	海峡两岸仲裁中心	https://www.pingtan.gov.cn/zwgk/zfxxgk/gwhwj/fpjyylylsh/201908/t20190813_69234.htm
https://27-151-80-61xe076966bb3868xx.ipv6best.cn:91/#/double-publicity-info	73	信用平潭	https://www.pingtan.gov.cn/zwgk/gsgg/202308/t20230818_49218.htm
https://27-151-80-61xe076966f33868xx.ipv6best.cn:91/#/double-publicity-info	73	信用平潭	https://www.pingtan.gov.cn/zwgk/zfxxgk/gwhwj/fpjyylylsh/201908/t20190813_69234.htm
https://bszs-conac-cnxe103966bb3868xx.ipv6best.cn/sitename?method=show&amp;id=21E2BB13660E0D66E053012819ACFD9D	73		https://www.pingtan.gov.cn/zwgk/gsgg/202308/t20230818_49218.htm
https://bszs-conac-cnxe103966f33868xx.ipv6best.cn/sitename?method=show&amp;id=21E2BB13660E0D66E053012819ACFD9D	73		https://www.pingtan.gov.cn/zwgk/zfxxgk/gwhwj/fpjyylylsh/201908/t20190813_69234.htm
https://credit-xm-gov-cnxd4a4966bb3868xx.ipv6best.cn/	73	信用厦门	https://www.pingtan.gov.cn/zwgk/gsgg/202308/t20230818_49218.htm
https://credit-xm-gov-cnxd4a4966f33868xx.ipv6best.cn/	73	信用厦门	https://www.pingtan.gov.cn/zwgk/zfxxgk/gwhwj/fpjyylylsh/201908/t20190813_69234.htm
https://fjrb-fjdaily-comx2d93966bb3868xx.ipv6best.cn/pc/col/202311/02/node_01.html	73	福建日报	https://www.pingtan.gov.cn/zwgk/gsgg/202308/t20230818_49218.htm
https://fjrb-fjdaily-comx2d93966f33868xx.ipv6best.cn/pc/col/202311/02/node_01.html	73	福建日报	https://www.pingtan.gov.cn/zwgk/zfxxgk/gwhwj/fpjyylylsh/201908/t20190813_69234.htm
https://www-beian-gov-cnx45c8966bb3868xx.ipv6best.cn/portal/registerSystemInfo?recordcode=35012899001-19002	73	公安备案号：35012899001-19002	https://www.pingtan.gov.cn/zwgk/gsgg/202308/t20230818_49218.htm
https://www-beian-gov-cnx45c8966f33868xx.ipv6best.cn/portal/registerSystemInfo?recordcode=35012899001-19002	73	公安备案号：35012899001-19002	https://www.pingtan.gov.cn/zwgk/zfxxgk/gwhwj/fpjyylylsh/201908/t20190813_69234.htm
http://pt.fjbz.org.cnx1e49967ee3868.ipv6best.cn:8060/	69	福建省标准信息服务平台	https://www.pingtan.gov.cn/zwgk/yw/szywn/202207/t20220729_84003.htm
http://www.acas.org.cnx7a72967ee3868.ipv6best.cn/	69	海峡两岸仲裁中心	https://www.pingtan.gov.cn/zwgk/yw/szywn/202207/t20220729_84003.htm
https://27-151-80-61xe076967ee3868xx.ipv6best.cn:91/#/double-publicity-info	69	信用平潭	https://www.pingtan.gov.cn/zwgk/yw/szywn/202207/t20220729_84003.htm
https://bszs-conac-cnxe103967ee3868xx.ipv6best.cn/sitename?method=show&amp;id=21E2BB13660E0D66E053012819ACFD9D	69		https://www.pingtan.gov.cn/zwgk/yw/szywn/202207/t20220729_84003.htm
https://credit-xm-gov-cnxd4a4967ee3868xx.ipv6best.cn/	69	信用厦门	https://www.pingtan.gov.cn/zwgk/yw/szywn/202207/t20220729_84003.htm
https://fjrb-fjdaily-comx2d93967ee3868xx.ipv6best.cn/pc/col/202311/02/node_01.html	69	福建日报	https://www.pingtan.gov.cn/zwgk/yw/szywn/202207/t20220729_84003.htm
https://www-beian-gov-cnx45c8967ee3868xx.ipv6best.cn/portal/registerSystemInfo?recordcode=35012899001-19002	69	公安备案号：35012899001-19002	https://www.pingtan.gov.cn/zwgk/yw/szywn/202207/t20220729_84003.htm
http://pt.fjbz.org.cnx1e49968153868.ipv6best.cn:8060/	65	福建省标准信息服务平台	https://www.pingtan.gov.cn/zwgk/ztzl/gazl/jwzxjxxgk/201710/t20171027_8117.htm
http://www.acas.org.cnx7a72968153868.ipv6best.cn/	65	海峡两岸仲裁中心	https://www.pingtan.gov.cn/zwgk/ztzl/gazl/jwzxjxxgk/201710/t20171027_8117.htm
https://27-151-80-61xe076968153868xx.ipv6best.cn:91/#/double-publicity-info	65	信用平潭	https://www.pingtan.gov.cn/zwgk/ztzl/gazl/jwzxjxxgk/201710/t20171027_8117.htm
https://bszs-conac-cnxe103968153868xx.ipv6best.cn/sitename?method=show&amp;id=21E2BB13660E0D66E053012819ACFD9D	65		https://www.pingtan.gov.cn/zwgk/ztzl/gazl/jwzxjxxgk/201710/t20171027_8117.htm
https://credit-xm-gov-cnxd4a4968153868xx.ipv6best.cn/	65	信用厦门	https://www.pingtan.gov.cn/zwgk/ztzl/gazl/jwzxjxxgk/201710/t20171027_8117.htm
https://fjrb-fjdaily-comx2d93968153868xx.ipv6best.cn/pc/col/202311/02/node_01.html	65	福建日报	https://www.pingtan.gov.cn/zwgk/ztzl/gazl/jwzxjxxgk/201710/t20171027_8117.htm
https://www-beian-gov-cnx45c8968153868xx.ipv6best.cn/portal/registerSystemInfo?recordcode=35012899001-19002	65	公安备案号：35012899001-19002	https://www.pingtan.gov.cn/zwgk/ztzl/gazl/jwzxjxxgk/201710/t20171027_8117.htm
http://pt.fjbz.org.cnx1e49966c63868.ipv6best.cn:8060/	64	福建省标准信息服务平台	https://www.pingtan.gov.cn/zwgk/gsgg/202203/t20220318_32291.htm
http://pt.fjbz.org.cnx1e49967e93868.ipv6best.cn:8060/	64	福建省标准信息服务平台	https://www.pingtan.gov.cn/zwgk/yw/szywn/202210/t20221022_84129.htm
http://www.acas.org.cnx7a72966c63868.ipv6best.cn/	64	海峡两岸仲裁中心	https://www.pingtan.gov.cn/zwgk/gsgg/202203/t20220318_32291.htm
http://www.acas.org.cnx7a72967e93868.ipv6best.cn/	64	海峡两岸仲裁中心	https://www.pingtan.gov.cn/zwgk/yw/szywn/202210/t20221022_84129.htm
https://27-151-80-61xe076966c63868xx.ipv6best.cn:91/#/double-publicity-info	64	信用平潭	https://www.pingtan.gov.cn/zwgk/gsgg/202203/t20220318_32291.htm
https://27-151-80-61xe076967e93868xx.ipv6best.cn:91/#/double-publicity-info	64	信用平潭	https://www.pingtan.gov.cn/zwgk/yw/szywn/202210/t20221022_84129.htm
https://bszs-conac-cnxe103966c63868xx.ipv6best.cn/sitename?method=show&amp;id=21E2BB13660E0D66E053012819ACFD9D	64		https://www.pingtan.gov.cn/zwgk/gsgg/202203/t20220318_32291.htm
https://bszs-conac-cnxe103967e93868xx.ipv6best.cn/sitename?method=show&amp;id=21E2BB13660E0D66E053012819ACFD9D	64		https://www.pingtan.gov.cn/zwgk/yw/szywn/202210/t20221022_84129.htm
https://credit-xm-gov-cnxd4a4966c63868xx.ipv6best.cn/	64	信用厦门	https://www.pingtan.gov.cn/zwgk/gsgg/202203/t20220318_32291.htm
https://credit-xm-gov-cnxd4a4967e93868xx.ipv6best.cn/	64	信用厦门	https://www.pingtan.gov.cn/zwgk/yw/szywn/202210/t20221022_84129.htm
https://fjrb-fjdaily-comx2d93966c63868xx.ipv6best.cn/pc/col/202311/02/node_01.html	64	福建日报	https://www.pingtan.gov.cn/zwgk/gsgg/202203/t20220318_32291.htm
https://fjrb-fjdaily-comx2d93967e93868xx.ipv6best.cn/pc/col/202311/02/node_01.html	64	福建日报	https://www.pingtan.gov.cn/zwgk/yw/szywn/202210/t20221022_84129.htm
https://www-beian-gov-cnx45c8966c63868xx.ipv6best.cn/portal/registerSystemInfo?recordcode=35012899001-19002	64	公安备案号：35012899001-19002	https://www.pingtan.gov.cn/zwgk/gsgg/202203/t20220318_32291.htm
https://www-beian-gov-cnx45c8967e93868xx.ipv6best.cn/portal/registerSystemInfo?recordcode=35012899001-19002	64	公安备案号：35012899001-19002	https://www.pingtan.gov.cn/zwgk/yw/szywn/202210/t20221022_84129.htm
http://pt.fjbz.org.cnx1e49966c73868.ipv6best.cn:8060/	63	福建省标准信息服务平台	https://www.pingtan.gov.cn/zwgk/gsgg/202201/t20220127_30264.htm
http://www.acas.org.cnx7a72966c73868.ipv6best.cn/	63	海峡两岸仲裁中心	https://www.pingtan.gov.cn/zwgk/gsgg/202201/t20220127_30264.htm
https://27-151-80-61xe076966c73868xx.ipv6best.cn:91/#/double-publicity-info	63	信用平潭	https://www.pingtan.gov.cn/zwgk/gsgg/202201/t20220127_30264.htm
https://bszs-conac-cnxe103966c73868xx.ipv6best.cn/sitename?method=show&amp;id=21E2BB13660E0D66E053012819ACFD9D	63		https://www.pingtan.gov.cn/zwgk/gsgg/202201/t20220127_30264.htm
https://credit-xm-gov-cnxd4a4966c73868xx.ipv6best.cn/	63	信用厦门	https://www.pingtan.gov.cn/zwgk/gsgg/202201/t20220127_30264.htm
https://fjrb-fjdaily-comx2d93966c73868xx.ipv6best.cn/pc/col/202311/02/node_01.html	63	福建日报	https://www.pingtan.gov.cn/zwgk/gsgg/202201/t20220127_30264.htm
https://www-beian-gov-cnx45c8966c73868xx.ipv6best.cn/portal/registerSystemInfo?recordcode=35012899001-19002	63	公安备案号：35012899001-19002	https://www.pingtan.gov.cn/zwgk/gsgg/202201/t20220127_30264.htm
http://pt.fjbz.org.cnx1e49967733868.ipv6best.cn:8060/	62	福建省标准信息服务平台	https://www.pingtan.gov.cn/zwgk/ldzc/fld/hdbd/202408/t20240823_93128.htm
http://www.acas.org.cnx7a72967733868.ipv6best.cn/	62	海峡两岸仲裁中心	https://www.pingtan.gov.cn/zwgk/ldzc/fld/hdbd/202408/t20240823_93128.htm
https://27-151-80-61xe076967733868xx.ipv6best.cn:91/#/double-publicity-info	62	信用平潭	https://www.pingtan.gov.cn/zwgk/ldzc/fld/hdbd/202408/t20240823_93128.htm
https://bszs-conac-cnxe103967733868xx.ipv6best.cn/sitename?method=show&amp;id=21E2BB13660E0D66E053012819ACFD9D	62		https://www.pingtan.gov.cn/zwgk/ldzc/fld/hdbd/202408/t20240823_93128.htm
https://credit-xm-gov-cnxd4a4967733868xx.ipv6best.cn/	62	信用厦门	https://www.pingtan.gov.cn/zwgk/ldzc/fld/hdbd/202408/t20240823_93128.htm
https://fjrb-fjdaily-comx2d93967733868xx.ipv6best.cn/pc/col/202311/02/node_01.html	62	福建日报	https://www.pingtan.gov.cn/zwgk/ldzc/fld/hdbd/202408/t20240823_93128.htm
https://www-beian-gov-cnx45c8967733868xx.ipv6best.cn/portal/registerSystemInfo?recordcode=35012899001-19002	62	公安备案号：35012899001-19002	https://www.pingtan.gov.cn/zwgk/ldzc/fld/hdbd/202408/t20240823_93128.htm
http://pt.fjbz.org.cnx1e49967183868.ipv6best.cn:8060/	58	福建省标准信息服务平台	https://www.pingtan.gov.cn/zwgk/ghxx/ndjh/202211/t20221116_42053.htm
http://www.acas.org.cnx7a72967183868.ipv6best.cn/	58	海峡两岸仲裁中心	https://www.pingtan.gov.cn/zwgk/ghxx/ndjh/202211/t20221116_42053.htm
https://27-151-80-61xe076967183868xx.ipv6best.cn:91/#/double-publicity-info	58	信用平潭	https://www.pingtan.gov.cn/zwgk/ghxx/ndjh/202211/t20221116_42053.htm
https://bszs-conac-cnxe103967183868xx.ipv6best.cn/sitename?method=show&amp;id=21E2BB13660E0D66E053012819ACFD9D	58		https://www.pingtan.gov.cn/zwgk/ghxx/ndjh/202211/t20221116_42053.htm
https://credit-xm-gov-cnxd4a4967183868xx.ipv6best.cn/	58	信用厦门	https://www.pingtan.gov.cn/zwgk/ghxx/ndjh/202211/t20221116_42053.htm
https://fjrb-fjdaily-comx2d93967183868xx.ipv6best.cn/pc/col/202311/02/node_01.html	58	福建日报	https://www.pingtan.gov.cn/zwgk/ghxx/ndjh/202211/t20221116_42053.htm
https://www-beian-gov-cnx45c8967183868xx.ipv6best.cn/portal/registerSystemInfo?recordcode=35012899001-19002	58	公安备案号：35012899001-19002	https://www.pingtan.gov.cn/zwgk/ghxx/ndjh/202211/t20221116_42053.htm
http://pt.fjbz.org.cnx1e49966c93868.ipv6best.cn:8060/	57	福建省标准信息服务平台	https://www.pingtan.gov.cn/zwgk/gsgg/202110/t20211014_28592.htm
http://www.acas.org.cnx7a72966c93868.ipv6best.cn/	57	海峡两岸仲裁中心	https://www.pingtan.gov.cn/zwgk/gsgg/202110/t20211014_28592.htm
https://27-151-80-61xe076966c93868xx.ipv6best.cn:91/#/double-publicity-info	57	信用平潭	https://www.pingtan.gov.cn/zwgk/gsgg/202110/t20211014_28592.htm
https://bszs-conac-cnxe103966c93868xx.ipv6best.cn/sitename?method=show&amp;id=21E2BB13660E0D66E053012819ACFD9D	57		https://www.pingtan.gov.cn/zwgk/gsgg/202110/t20211014_28592.htm
https://credit-xm-gov-cnxd4a4966c93868xx.ipv6best.cn/	57	信用厦门	https://www.pingtan.gov.cn/zwgk/gsgg/202110/t20211014_28592.htm
https://fjrb-fjdaily-comx2d93966c93868xx.ipv6best.cn/pc/col/202311/02/node_01.html	57	福建日报	https://www.pingtan.gov.cn/zwgk/gsgg/202110/t20211014_28592.htm
https://www-beian-gov-cnx45c8966c93868xx.ipv6best.cn/portal/registerSystemInfo?recordcode=35012899001-19002	57	公安备案号：35012899001-19002	https://www.pingtan.gov.cn/zwgk/gsgg/202110/t20211014_28592.htm
http://pt.fjbz.org.cnx1e49966d53868.ipv6best.cn:8060/	56	福建省标准信息服务平台	https://www.pingtan.gov.cn/zwgk/gsgg/201905/t20190520_14082.htm
http://pt.fjbz.org.cnx1e49968543868.ipv6best.cn:8060/	56	福建省标准信息服务平台	https://www.pingtan.gov.cn/zwgk/zfxxgk/dfbmptlj/ptzhsyqbm/ptzhsyqczj/fdzdgknr/10qtwjdzjg/201804/t20180417_64556.htm
http://www.acas.org.cnx7a72966d53868.ipv6best.cn/	56	海峡两岸仲裁中心	https://www.pingtan.gov.cn/zwgk/gsgg/201905/t20190520_14082.htm
http://www.acas.org.cnx7a72968543868.ipv6best.cn/	56	海峡两岸仲裁中心	https://www.pingtan.gov.cn/zwgk/zfxxgk/dfbmptlj/ptzhsyqbm/ptzhsyqczj/fdzdgknr/10qtwjdzjg/201804/t20180417_64556.htm
https://27-151-80-61xe076966d53868xx.ipv6best.cn:91/#/double-publicity-info	56	信用平潭	https://www.pingtan.gov.cn/zwgk/gsgg/201905/t20190520_14082.htm
https://27-151-80-61xe076968543868xx.ipv6best.cn:91/#/double-publicity-info	56	信用平潭	https://www.pingtan.gov.cn/zwgk/zfxxgk/dfbmptlj/ptzhsyqbm/ptzhsyqczj/fdzdgknr/10qtwjdzjg/201804/t20180417_64556.htm
https://bszs-conac-cnxe103966d53868xx.ipv6best.cn/sitename?method=show&amp;id=21E2BB13660E0D66E053012819ACFD9D	56		https://www.pingtan.gov.cn/zwgk/gsgg/201905/t20190520_14082.htm
https://bszs-conac-cnxe103968543868xx.ipv6best.cn/sitename?method=show&amp;id=21E2BB13660E0D66E053012819ACFD9D	56		https://www.pingtan.gov.cn/zwgk/zfxxgk/dfbmptlj/ptzhsyqbm/ptzhsyqczj/fdzdgknr/10qtwjdzjg/201804/t20180417_64556.htm
https://credit-xm-gov-cnxd4a4966d53868xx.ipv6best.cn/	56	信用厦门	https://www.pingtan.gov.cn/zwgk/gsgg/201905/t20190520_14082.htm
https://credit-xm-gov-cnxd4a4968543868xx.ipv6best.cn/	56	信用厦门	https://www.pingtan.gov.cn/zwgk/zfxxgk/dfbmptlj/ptzhsyqbm/ptzhsyqczj/fdzdgknr/10qtwjdzjg/201804/t20180417_64556.htm
https://fjrb-fjdaily-comx2d93966d53868xx.ipv6best.cn/pc/col/202311/02/node_01.html	56	福建日报	https://www.pingtan.gov.cn/zwgk/gsgg/201905/t20190520_14082.htm
https://fjrb-fjdaily-comx2d93968543868xx.ipv6best.cn/pc/col/202311/02/node_01.html	56	福建日报	https://www.pingtan.gov.cn/zwgk/zfxxgk/dfbmptlj/ptzhsyqbm/ptzhsyqczj/fdzdgknr/10qtwjdzjg/201804/t20180417_64556.htm
https://www-beian-gov-cnx45c8966d53868xx.ipv6best.cn/portal/registerSystemInfo?recordcode=35012899001-19002	56	公安备案号：35012899001-19002	https://www.pingtan.gov.cn/zwgk/gsgg/201905/t20190520_14082.htm
https://www-beian-gov-cnx45c8968543868xx.ipv6best.cn/portal/registerSystemInfo?recordcode=35012899001-19002	56	公安备案号：35012899001-19002	https://www.pingtan.gov.cn/zwgk/zfxxgk/dfbmptlj/ptzhsyqbm/ptzhsyqczj/fdzdgknr/10qtwjdzjg/201804/t20180417_64556.htm
http://pt.fjbz.org.cnx1e499670b3868.ipv6best.cn:8060/	54	福建省标准信息服务平台	https://www.pingtan.gov.cn/zwgk/zdlyxxgk/aqsc_1/aqjc/202401/t20240102_85628.htm
http://www.acas.org.cnx7a729670b3868.ipv6best.cn/	54	海峡两岸仲裁中心	https://www.pingtan.gov.cn/zwgk/zdlyxxgk/aqsc_1/aqjc/202401/t20240102_85628.htm
https://27-151-80-61xe0769670b3868xx.ipv6best.cn:91/#/double-publicity-info	54	信用平潭	https://www.pingtan.gov.cn/zwgk/zdlyxxgk/aqsc_1/aqjc/202401/t20240102_85628.htm
https://bszs-conac-cnxe1039670b3868xx.ipv6best.cn/sitename?method=show&amp;id=21E2BB13660E0D66E053012819ACFD9D	54		https://www.pingtan.gov.cn/zwgk/zdlyxxgk/aqsc_1/aqjc/202401/t20240102_85628.htm
https://credit-xm-gov-cnxd4a49670b3868xx.ipv6best.cn/	54	信用厦门	https://www.pingtan.gov.cn/zwgk/zdlyxxgk/aqsc_1/aqjc/202401/t20240102_85628.htm
https://fjrb-fjdaily-comx2d939670b3868xx.ipv6best.cn/pc/col/202311/02/node_01.html	54	福建日报	https://www.pingtan.gov.cn/zwgk/zdlyxxgk/aqsc_1/aqjc/202401/t20240102_85628.htm
https://www-beian-gov-cnx45c89670b3868xx.ipv6best.cn/portal/registerSystemInfo?recordcode=35012899001-19002	54	公安备案号：35012899001-19002	https://www.pingtan.gov.cn/zwgk/zdlyxxgk/aqsc_1/aqjc/202401/t20240102_85628.htm
http://pt.fjbz.org.cnx1e49966e13868.ipv6best.cn:8060/	53	福建省标准信息服务平台	https://www.pingtan.gov.cn/zwgk/gsgg/201403/t20140331_1168.htm
http://pt.fjbz.org.cnx1e49967393868.ipv6best.cn:8060/	53	福建省标准信息服务平台	https://www.pingtan.gov.cn/zwgk/zdlyxxgk/cpzl/202211/t20221101_37990.htm
http://www.acas.org.cnx7a72966e13868.ipv6best.cn/	53	海峡两岸仲裁中心	https://www.pingtan.gov.cn/zwgk/gsgg/201403/t20140331_1168.htm
http://www.acas.org.cnx7a72967393868.ipv6best.cn/	53	海峡两岸仲裁中心	https://www.pingtan.gov.cn/zwgk/zdlyxxgk/cpzl/202211/t20221101_37990.htm
https://27-151-80-61xe076966e13868xx.ipv6best.cn:91/#/double-publicity-info	53	信用平潭	https://www.pingtan.gov.cn/zwgk/gsgg/201403/t20140331_1168.htm
https://27-151-80-61xe076967393868xx.ipv6best.cn:91/#/double-publicity-info	53	信用平潭	https://www.pingtan.gov.cn/zwgk/zdlyxxgk/cpzl/202211/t20221101_37990.htm
https://bszs-conac-cnxe103966e13868xx.ipv6best.cn/sitename?method=show&amp;id=21E2BB13660E0D66E053012819ACFD9D	53		https://www.pingtan.gov.cn/zwgk/gsgg/201403/t20140331_1168.htm
https://bszs-conac-cnxe103967393868xx.ipv6best.cn/sitename?method=show&amp;id=21E2BB13660E0D66E053012819ACFD9D	53		https://www.pingtan.gov.cn/zwgk/zdlyxxgk/cpzl/202211/t20221101_37990.htm
https://credit-xm-gov-cnxd4a4966e13868xx.ipv6best.cn/	53	信用厦门	https://www.pingtan.gov.cn/zwgk/gsgg/201403/t20140331_1168.htm
https://credit-xm-gov-cnxd4a4967393868xx.ipv6best.cn/	53	信用厦门	https://www.pingtan.gov.cn/zwgk/zdlyxxgk/cpzl/202211/t20221101_37990.htm
https://fjrb-fjdaily-comx2d93966e13868xx.ipv6best.cn/pc/col/202311/02/node_01.html	53	福建日报	https://www.pingtan.gov.cn/zwgk/gsgg/201403/t20140331_1168.htm
https://fjrb-fjdaily-comx2d93967393868xx.ipv6best.cn/pc/col/202311/02/node_01.html	53	福建日报	https://www.pingtan.gov.cn/zwgk/zdlyxxgk/cpzl/202211/t20221101_37990.htm
https://www-beian-gov-cnx45c8966e13868xx.ipv6best.cn/portal/registerSystemInfo?recordcode=35012899001-19002	53	公安备案号：35012899001-19002	https://www.pingtan.gov.cn/zwgk/gsgg/201403/t20140331_1168.htm
https://www-beian-gov-cnx45c8967393868xx.ipv6best.cn/portal/registerSystemInfo?recordcode=35012899001-19002	53	公安备案号：35012899001-19002	https://www.pingtan.gov.cn/zwgk/zdlyxxgk/cpzl/202211/t20221101_37990.htm
http://pt.fjbz.org.cnx1e49966d93868.ipv6best.cn:8060/	49	福建省标准信息服务平台	https://www.pingtan.gov.cn/zwgk/gsgg/201806/t20180608_9937.htm
http://pt.fjbz.org.cnx1e49967fe3868.ipv6best.cn:8060/	49	福建省标准信息服务平台	https://www.pingtan.gov.cn/zwgk/ztzl/dsxxjyzptygd/xxzl/202105/t20210518_26208.htm
http://www.acas.org.cnx7a72966d93868.ipv6best.cn/	49	海峡两岸仲裁中心	https://www.pingtan.gov.cn/zwgk/gsgg/201806/t20180608_9937.htm
http://www.acas.org.cnx7a72967fe3868.ipv6best.cn/	49	海峡两岸仲裁中心	https://www.pingtan.gov.cn/zwgk/ztzl/dsxxjyzptygd/xxzl/202105/t20210518_26208.htm
https://27-151-80-61xe076966d93868xx.ipv6best.cn:91/#/double-publicity-info	49	信用平潭	https://www.pingtan.gov.cn/zwgk/gsgg/201806/t20180608_9937.htm
https://27-151-80-61xe076967fe3868xx.ipv6best.cn:91/#/double-publicity-info	49	信用平潭	https://www.pingtan.gov.cn/zwgk/ztzl/dsxxjyzptygd/xxzl/202105/t20210518_26208.htm
https://bszs-conac-cnxe103966d93868xx.ipv6best.cn/sitename?method=show&amp;id=21E2BB13660E0D66E053012819ACFD9D	49		https://www.pingtan.gov.cn/zwgk/gsgg/201806/t20180608_9937.htm
https://bszs-conac-cnxe103967fe3868xx.ipv6best.cn/sitename?method=show&amp;id=21E2BB13660E0D66E053012819ACFD9D	49		https://www.pingtan.gov.cn/zwgk/ztzl/dsxxjyzptygd/xxzl/202105/t20210518_26208.htm
https://credit-xm-gov-cnxd4a4966d93868xx.ipv6best.cn/	49	信用厦门	https://www.pingtan.gov.cn/zwgk/gsgg/201806/t20180608_9937.htm
https://credit-xm-gov-cnxd4a4967fe3868xx.ipv6best.cn/	49	信用厦门	https://www.pingtan.gov.cn/zwgk/ztzl/dsxxjyzptygd/xxzl/202105/t20210518_26208.htm
https://fjrb-fjdaily-comx2d93966d93868xx.ipv6best.cn/pc/col/202311/02/node_01.html	49	福建日报	https://www.pingtan.gov.cn/zwgk/gsgg/201806/t20180608_9937.htm
https://fjrb-fjdaily-comx2d93967fe3868xx.ipv6best.cn/pc/col/202311/02/node_01.html	49	福建日报	https://www.pingtan.gov.cn/zwgk/ztzl/dsxxjyzptygd/xxzl/202105/t20210518_26208.htm
https://www-beian-gov-cnx45c8966d93868xx.ipv6best.cn/portal/registerSystemInfo?recordcode=35012899001-19002	49	公安备案号：35012899001-19002	https://www.pingtan.gov.cn/zwgk/gsgg/201806/t20180608_9937.htm
https://www-beian-gov-cnx45c8967fe3868xx.ipv6best.cn/portal/registerSystemInfo?recordcode=35012899001-19002	49	公安备案号：35012899001-19002	https://www.pingtan.gov.cn/zwgk/ztzl/dsxxjyzptygd/xxzl/202105/t20210518_26208.htm
http://pt.fjbz.org.cnx1e49968143868.ipv6best.cn:8060/	48	福建省标准信息服务平台	https://www.pingtan.gov.cn/zwgk/ztzl/gazl/jwzxjxxgk/201710/t20171031_8182.htm
http://www.acas.org.cnx7a72968143868.ipv6best.cn/	48	海峡两岸仲裁中心	https://www.pingtan.gov.cn/zwgk/ztzl/gazl/jwzxjxxgk/201710/t20171031_8182.htm
https://27-151-80-61xe076968143868xx.ipv6best.cn:91/#/double-publicity-info	48	信用平潭	https://www.pingtan.gov.cn/zwgk/ztzl/gazl/jwzxjxxgk/201710/t20171031_8182.htm
https://bszs-conac-cnxe103968143868xx.ipv6best.cn/sitename?method=show&amp;id=21E2BB13660E0D66E053012819ACFD9D	48		https://www.pingtan.gov.cn/zwgk/ztzl/gazl/jwzxjxxgk/201710/t20171031_8182.htm
https://credit-xm-gov-cnxd4a4968143868xx.ipv6best.cn/	48	信用厦门	https://www.pingtan.gov.cn/zwgk/ztzl/gazl/jwzxjxxgk/201710/t20171031_8182.htm
https://fjrb-fjdaily-comx2d93968143868xx.ipv6best.cn/pc/col/202311/02/node_01.html	48	福建日报	https://www.pingtan.gov.cn/zwgk/ztzl/gazl/jwzxjxxgk/201710/t20171031_8182.htm
https://www-beian-gov-cnx45c8968143868xx.ipv6best.cn/portal/registerSystemInfo?recordcode=35012899001-19002	48	公安备案号：35012899001-19002	https://www.pingtan.gov.cn/zwgk/ztzl/gazl/jwzxjxxgk/201710/t20171031_8182.htm
http://pt.fjbz.org.cnx1e49968043868.ipv6best.cn:8060/	47	福建省标准信息服务平台	https://www.pingtan.gov.cn/zwgk/yw/ptyw/202003/t20200318_19932.htm
http://www.acas.org.cnx7a72968043868.ipv6best.cn/	47	海峡两岸仲裁中心	https://www.pingtan.gov.cn/zwgk/yw/ptyw/202003/t20200318_19932.htm
https://27-151-80-61xe076968043868xx.ipv6best.cn:91/#/double-publicity-info	47	信用平潭	https://www.pingtan.gov.cn/zwgk/yw/ptyw/202003/t20200318_19932.htm
https://bszs-conac-cnxe103968043868xx.ipv6best.cn/sitename?method=show&amp;id=21E2BB13660E0D66E053012819ACFD9D	47		https://www.pingtan.gov.cn/zwgk/yw/ptyw/202003/t20200318_19932.htm
https://credit-xm-gov-cnxd4a4968043868xx.ipv6best.cn/	47	信用厦门	https://www.pingtan.gov.cn/zwgk/yw/ptyw/202003/t20200318_19932.htm
https://fjrb-fjdaily-comx2d93968043868xx.ipv6best.cn/pc/col/202311/02/node_01.html	47	福建日报	https://www.pingtan.gov.cn/zwgk/yw/ptyw/202003/t20200318_19932.htm
https://www-beian-gov-cnx45c8968043868xx.ipv6best.cn/portal/registerSystemInfo?recordcode=35012899001-19002	47	公安备案号：35012899001-19002	https://www.pingtan.gov.cn/zwgk/yw/ptyw/202003/t20200318_19932.htm
http://pt.fjbz.org.cnx1e499673c3868.ipv6best.cn:8060/	46	福建省标准信息服务平台	https://www.pingtan.gov.cn/zwgk/zdlyxxgk/aqsc_1/aqjc/201907/t20190701_14519.htm
http://pt.fjbz.org.cnx1e49967c23868.ipv6best.cn:8060/	46	福建省标准信息服务平台	https://www.pingtan.gov.cn/zwgk/ldzc/fld/hdbd/202404/t20240430_89627.htm
http://www.acas.org.cnx7a729673c3868.ipv6best.cn/	46	海峡两岸仲裁中心	https://www.pingtan.gov.cn/zwgk/zdlyxxgk/aqsc_1/aqjc/201907/t20190701_14519.htm
http://www.acas.org.cnx7a72967c23868.ipv6best.cn/	46	海峡两岸仲裁中心	https://www.pingtan.gov.cn/zwgk/ldzc/fld/hdbd/202404/t20240430_89627.htm
https://27-151-80-61xe0769673c3868xx.ipv6best.cn:91/#/double-publicity-info	46	信用平潭	https://www.pingtan.gov.cn/zwgk/zdlyxxgk/aqsc_1/aqjc/201907/t20190701_14519.htm
https://27-151-80-61xe076967c23868xx.ipv6best.cn:91/#/double-publicity-info	46	信用平潭	https://www.pingtan.gov.cn/zwgk/ldzc/fld/hdbd/202404/t20240430_89627.htm
https://bszs-conac-cnxe1039673c3868xx.ipv6best.cn/sitename?method=show&amp;id=21E2BB13660E0D66E053012819ACFD9D	46		https://www.pingtan.gov.cn/zwgk/zdlyxxgk/aqsc_1/aqjc/201907/t20190701_14519.htm
https://bszs-conac-cnxe103967c23868xx.ipv6best.cn/sitename?method=show&amp;id=21E2BB13660E0D66E053012819ACFD9D	46		https://www.pingtan.gov.cn/zwgk/ldzc/fld/hdbd/202404/t20240430_89627.htm
https://credit-xm-gov-cnxd4a49673c3868xx.ipv6best.cn/	46	信用厦门	https://www.pingtan.gov.cn/zwgk/zdlyxxgk/aqsc_1/aqjc/201907/t20190701_14519.htm
https://credit-xm-gov-cnxd4a4967c23868xx.ipv6best.cn/	46	信用厦门	https://www.pingtan.gov.cn/zwgk/ldzc/fld/hdbd/202404/t20240430_89627.htm
https://fjrb-fjdaily-comx2d939673c3868xx.ipv6best.cn/pc/col/202311/02/node_01.html	46	福建日报	https://www.pingtan.gov.cn/zwgk/zdlyxxgk/aqsc_1/aqjc/201907/t20190701_14519.htm
https://fjrb-fjdaily-comx2d93967c23868xx.ipv6best.cn/pc/col/202311/02/node_01.html	46	福建日报	https://www.pingtan.gov.cn/zwgk/ldzc/fld/hdbd/202404/t20240430_89627.htm
https://www-beian-gov-cnx45c89673c3868xx.ipv6best.cn/portal/registerSystemInfo?recordcode=35012899001-19002	46	公安备案号：35012899001-19002	https://www.pingtan.gov.cn/zwgk/zdlyxxgk/aqsc_1/aqjc/201907/t20190701_14519.htm
https://www-beian-gov-cnx45c8967c23868xx.ipv6best.cn/portal/registerSystemInfo?recordcode=35012899001-19002	46	公安备案号：35012899001-19002	https://www.pingtan.gov.cn/zwgk/ldzc/fld/hdbd/202404/t20240430_89627.htm
http://pt.fjbz.org.cnx1e499670e3868.ipv6best.cn:8060/	45	福建省标准信息服务平台	https://www.pingtan.gov.cn/zwgk/zdlyxxgk/czzj/dwyjsgk/dwjsgk/202310/t20231019_51054.htm
http://www.acas.org.cnx7a729670e3868.ipv6best.cn/	45	海峡两岸仲裁中心	https://www.pingtan.gov.cn/zwgk/zdlyxxgk/czzj/dwyjsgk/dwjsgk/202310/t20231019_51054.htm
https://27-151-80-61xe0769670e3868xx.ipv6best.cn:91/#/double-publicity-info	45	信用平潭	https://www.pingtan.gov.cn/zwgk/zdlyxxgk/czzj/dwyjsgk/dwjsgk/202310/t20231019_51054.htm
https://bszs-conac-cnxe1039670e3868xx.ipv6best.cn/sitename?method=show&amp;id=21E2BB13660E0D66E053012819ACFD9D	45		https://www.pingtan.gov.cn/zwgk/zdlyxxgk/czzj/dwyjsgk/dwjsgk/202310/t20231019_51054.htm
https://credit-xm-gov-cnxd4a49670e3868xx.ipv6best.cn/	45	信用厦门	https://www.pingtan.gov.cn/zwgk/zdlyxxgk/czzj/dwyjsgk/dwjsgk/202310/t20231019_51054.htm
https://fjrb-fjdaily-comx2d939670e3868xx.ipv6best.cn/pc/col/202311/02/node_01.html	45	福建日报	https://www.pingtan.gov.cn/zwgk/zdlyxxgk/czzj/dwyjsgk/dwjsgk/202310/t20231019_51054.htm
https://www-beian-gov-cnx45c89670e3868xx.ipv6best.cn/portal/registerSystemInfo?recordcode=35012899001-19002	45	公安备案号：35012899001-19002	https://www.pingtan.gov.cn/zwgk/zdlyxxgk/czzj/dwyjsgk/dwjsgk/202310/t20231019_51054.htm
http://pt.fjbz.org.cnx1e499672a3868.ipv6best.cn:8060/	43	福建省标准信息服务平台	https://www.pingtan.gov.cn/zwgk/zdlyxxgk/aqsc_1/aqjc/202104/t20210422_25809.htm
http://www.acas.org.cnx7a729672a3868.ipv6best.cn/	43	海峡两岸仲裁中心	https://www.pingtan.gov.cn/zwgk/zdlyxxgk/aqsc_1/aqjc/202104/t20210422_25809.htm
https://27-151-80-61xe0769672a3868xx.ipv6best.cn:91/#/double-publicity-info	43	信用平潭	https://www.pingtan.gov.cn/zwgk/zdlyxxgk/aqsc_1/aqjc/202104/t20210422_25809.htm
https://bszs-conac-cnxe1039672a3868xx.ipv6best.cn/sitename?method=show&amp;id=21E2BB13660E0D66E053012819ACFD9D	43		https://www.pingtan.gov.cn/zwgk/zdlyxxgk/aqsc_1/aqjc/202104/t20210422_25809.htm
https://credit-xm-gov-cnxd4a49672a3868xx.ipv6best.cn/	43	信用厦门	https://www.pingtan.gov.cn/zwgk/zdlyxxgk/aqsc_1/aqjc/202104/t20210422_25809.htm
https://fjrb-fjdaily-comx2d939672a3868xx.ipv6best.cn/pc/col/202311/02/node_01.html	43	福建日报	https://www.pingtan.gov.cn/zwgk/zdlyxxgk/aqsc_1/aqjc/202104/t20210422_25809.htm
https://www-beian-gov-cnx45c89672a3868xx.ipv6best.cn/portal/registerSystemInfo?recordcode=35012899001-19002	43	公安备案号：35012899001-19002	https://www.pingtan.gov.cn/zwgk/zdlyxxgk/aqsc_1/aqjc/202104/t20210422_25809.htm
http://pt.fjbz.org.cnx1e49967293868.ipv6best.cn:8060/	42	福建省标准信息服务平台	https://www.pingtan.gov.cn/zwgk/zdlyxxgk/aqsc_1/aqjc/202104/t20210422_25798.htm
http://www.acas.org.cnx7a72967293868.ipv6best.cn/	42	海峡两岸仲裁中心	https://www.pingtan.gov.cn/zwgk/zdlyxxgk/aqsc_1/aqjc/202104/t20210422_25798.htm
http://www.landchina.com/	42	http://www.landchina.com	https://www.pingtan.gov.cn/zwgk/gsgg/201803/t20180319_9314.htm
http://www.ptnet.cn/	42	平潭网7月1日讯	https://www.pingtan.gov.cn/zwgk/yw/ptyw/201510/t20151029_1549.htm
https://27-151-80-61xe076967293868xx.ipv6best.cn:91/#/double-publicity-info	42	信用平潭	https://www.pingtan.gov.cn/zwgk/zdlyxxgk/aqsc_1/aqjc/202104/t20210422_25798.htm
https://bszs-conac-cnxe103967293868xx.ipv6best.cn/sitename?method=show&amp;id=21E2BB13660E0D66E053012819ACFD9D	42		https://www.pingtan.gov.cn/zwgk/zdlyxxgk/aqsc_1/aqjc/202104/t20210422_25798.htm
https://credit-xm-gov-cnxd4a4967293868xx.ipv6best.cn/	42	信用厦门	https://www.pingtan.gov.cn/zwgk/zdlyxxgk/aqsc_1/aqjc/202104/t20210422_25798.htm
https://fjrb-fjdaily-comx2d93967293868xx.ipv6best.cn/pc/col/202311/02/node_01.html	42	福建日报	https://www.pingtan.gov.cn/zwgk/zdlyxxgk/aqsc_1/aqjc/202104/t20210422_25798.htm
https://www-beian-gov-cnx45c8967293868xx.ipv6best.cn/portal/registerSystemInfo?recordcode=35012899001-19002	42	公安备案号：35012899001-19002	https://www.pingtan.gov.cn/zwgk/zdlyxxgk/aqsc_1/aqjc/202104/t20210422_25798.htm
https://www.gsxt.gov.cn/index.html%EF%BC%89%E5%B9%B6%E5%8A%A0%E7%9B%96%E5%85%AC%E7%AB%A0%E3%80%82	42	https://www.gsxt.gov.cn/index.html）的信用截图（截图生成日期需在报价材料递交截止日前30天内）；	https://www.pingtan.gov.cn/zwgk/zdlyxxgk/jysy/202306/t20230627_47654.htm
http://pt.fjbz.org.cnx1e49966c53868.ipv6best.cn:8060/	41	福建省标准信息服务平台	https://www.pingtan.gov.cn/zwgk/gsgg/202204/t20220427_33416.htm
http://pt.fjbz.org.cnx1e49967e23868.ipv6best.cn:8060/	41	福建省标准信息服务平台	https://www.pingtan.gov.cn/zwgk/ldzc/fld/hdbd/202302/t20230223_44321.htm
http://www.acas.org.cnx7a72966c53868.ipv6best.cn/	41	海峡两岸仲裁中心	https://www.pingtan.gov.cn/zwgk/gsgg/202204/t20220427_33416.htm
http://www.acas.org.cnx7a72967e23868.ipv6best.cn/	41	海峡两岸仲裁中心	https://www.pingtan.gov.cn/zwgk/ldzc/fld/hdbd/202302/t20230223_44321.htm
https://27-151-80-61xe076966c53868xx.ipv6best.cn:91/#/double-publicity-info	41	信用平潭	https://www.pingtan.gov.cn/zwgk/gsgg/202204/t20220427_33416.htm
https://27-151-80-61xe076967e23868xx.ipv6best.cn:91/#/double-publicity-info	41	信用平潭	https://www.pingtan.gov.cn/zwgk/ldzc/fld/hdbd/202302/t20230223_44321.htm
https://bszs-conac-cnxe103966c53868xx.ipv6best.cn/sitename?method=show&amp;id=21E2BB13660E0D66E053012819ACFD9D	41		https://www.pingtan.gov.cn/zwgk/gsgg/202204/t20220427_33416.htm
https://bszs-conac-cnxe103967e23868xx.ipv6best.cn/sitename?method=show&amp;id=21E2BB13660E0D66E053012819ACFD9D	41		https://www.pingtan.gov.cn/zwgk/ldzc/fld/hdbd/202302/t20230223_44321.htm
https://credit-xm-gov-cnxd4a4966c53868xx.ipv6best.cn/	41	信用厦门	https://www.pingtan.gov.cn/zwgk/gsgg/202204/t20220427_33416.htm
https://credit-xm-gov-cnxd4a4967e23868xx.ipv6best.cn/	41	信用厦门	https://www.pingtan.gov.cn/zwgk/ldzc/fld/hdbd/202302/t20230223_44321.htm
https://fjrb-fjdaily-comx2d93966c53868xx.ipv6best.cn/pc/col/202311/02/node_01.html	41	福建日报	https://www.pingtan.gov.cn/zwgk/gsgg/202204/t20220427_33416.htm
https://fjrb-fjdaily-comx2d93967e23868xx.ipv6best.cn/pc/col/202311/02/node_01.html	41	福建日报	https://www.pingtan.gov.cn/zwgk/ldzc/fld/hdbd/202302/t20230223_44321.htm
https://www-beian-gov-cnx45c8966c53868xx.ipv6best.cn/portal/registerSystemInfo?recordcode=35012899001-19002	41	公安备案号：35012899001-19002	https://www.pingtan.gov.cn/zwgk/gsgg/202204/t20220427_33416.htm
https://www-beian-gov-cnx45c8967e23868xx.ipv6best.cn/portal/registerSystemInfo?recordcode=35012899001-19002	41	公安备案号：35012899001-19002	https://www.pingtan.gov.cn/zwgk/ldzc/fld/hdbd/202302/t20230223_44321.htm
http://pt.fjbz.org.cnx1e49966ec3868.ipv6best.cn:8060/	40	福建省标准信息服务平台	https://www.pingtan.gov.cn/zwgk/zxwj/bmwj/202103/t20210325_25341.htm
http://pt.fjbz.org.cnx1e499676e3868.ipv6best.cn:8060/	40	福建省标准信息服务平台	https://www.pingtan.gov.cn/zwgk/yw/ptyw/202501/t20250113_96637.htm
http://www.acas.org.cnx7a72966ec3868.ipv6best.cn/	40	海峡两岸仲裁中心	https://www.pingtan.gov.cn/zwgk/zxwj/bmwj/202103/t20210325_25341.htm
http://www.acas.org.cnx7a729676e3868.ipv6best.cn/	40	海峡两岸仲裁中心	https://www.pingtan.gov.cn/zwgk/yw/ptyw/202501/t20250113_96637.htm
https://27-151-80-61xe076966ec3868xx.ipv6best.cn:91/#/double-publicity-info	40	信用平潭	https://www.pingtan.gov.cn/zwgk/zxwj/bmwj/202103/t20210325_25341.htm
https://27-151-80-61xe0769676e3868xx.ipv6best.cn:91/#/double-publicity-info	40	信用平潭	https://www.pingtan.gov.cn/zwgk/yw/ptyw/202501/t20250113_96637.htm
https://bszs-conac-cnxe103966ec3868xx.ipv6best.cn/sitename?method=show&amp;id=21E2BB13660E0D66E053012819ACFD9D	40		https://www.pingtan.gov.cn/zwgk/zxwj/bmwj/202103/t20210325_25341.htm
https://bszs-conac-cnxe1039676e3868xx.ipv6best.cn/sitename?method=show&amp;id=21E2BB13660E0D66E053012819ACFD9D	40		https://www.pingtan.gov.cn/zwgk/yw/ptyw/202501/t20250113_96637.htm
https://credit-xm-gov-cnxd4a4966ec3868xx.ipv6best.cn/	40	信用厦门	https://www.pingtan.gov.cn/zwgk/zxwj/bmwj/202103/t20210325_25341.htm
https://credit-xm-gov-cnxd4a49676e3868xx.ipv6best.cn/	40	信用厦门	https://www.pingtan.gov.cn/zwgk/yw/ptyw/202501/t20250113_96637.htm
https://fjrb-fjdaily-comx2d93966ec3868xx.ipv6best.cn/pc/col/202311/02/node_01.html	40	福建日报	https://www.pingtan.gov.cn/zwgk/zxwj/bmwj/202103/t20210325_25341.htm
https://fjrb-fjdaily-comx2d939676e3868xx.ipv6best.cn/pc/col/202311/02/node_01.html	40	福建日报	https://www.pingtan.gov.cn/zwgk/yw/ptyw/202501/t20250113_96637.htm
https://www-beian-gov-cnx45c8966ec3868xx.ipv6best.cn/portal/registerSystemInfo?recordcode=35012899001-19002	40	公安备案号：35012899001-19002	https://www.pingtan.gov.cn/zwgk/zxwj/bmwj/202103/t20210325_25341.htm
https://www-beian-gov-cnx45c89676e3868xx.ipv6best.cn/portal/registerSystemInfo?recordcode=35012899001-19002	40	公安备案号：35012899001-19002	https://www.pingtan.gov.cn/zwgk/yw/ptyw/202501/t20250113_96637.htm
http://pt.fjbz.org.cnx1e499681f3868.ipv6best.cn:8060/	39	福建省标准信息服务平台	https://www.pingtan.gov.cn/zwgk/yw/ptyw/201603/t20160316_3681.htm
http://www.acas.org.cnx7a729681f3868.ipv6best.cn/	39	海峡两岸仲裁中心	https://www.pingtan.gov.cn/zwgk/yw/ptyw/201603/t20160316_3681.htm
https://27-151-80-61xe0769681f3868xx.ipv6best.cn:91/#/double-publicity-info	39	信用平潭	https://www.pingtan.gov.cn/zwgk/yw/ptyw/201603/t20160316_3681.htm
https://bszs-conac-cnxe1039681f3868xx.ipv6best.cn/sitename?method=show&amp;id=21E2BB13660E0D66E053012819ACFD9D	39		https://www.pingtan.gov.cn/zwgk/yw/ptyw/201603/t20160316_3681.htm
https://credit-xm-gov-cnxd4a49681f3868xx.ipv6best.cn/	39	信用厦门	https://www.pingtan.gov.cn/zwgk/yw/ptyw/201603/t20160316_3681.htm
https://fjrb-fjdaily-comx2d939681f3868xx.ipv6best.cn/pc/col/202311/02/node_01.html	39	福建日报	https://www.pingtan.gov.cn/zwgk/yw/ptyw/201603/t20160316_3681.htm
https://www-beian-gov-cnx45c89681f3868xx.ipv6best.cn/portal/registerSystemInfo?recordcode=35012899001-19002	39	公安备案号：35012899001-19002	https://www.pingtan.gov.cn/zwgk/yw/ptyw/201603/t20160316_3681.htm
http://pt.fjbz.org.cnx1e499671f3868.ipv6best.cn:8060/	38	福建省标准信息服务平台	https://www.pingtan.gov.cn/zwgk/zdlyxxgk/aqsc_1/aqjc/202204/t20220422_33341.htm
http://www.acas.org.cnx7a729671f3868.ipv6best.cn/	38	海峡两岸仲裁中心	https://www.pingtan.gov.cn/zwgk/zdlyxxgk/aqsc_1/aqjc/202204/t20220422_33341.htm
https://27-151-80-61xe0769671f3868xx.ipv6best.cn:91/#/double-publicity-info	38	信用平潭	https://www.pingtan.gov.cn/zwgk/zdlyxxgk/aqsc_1/aqjc/202204/t20220422_33341.htm
https://bszs-conac-cnxe1039671f3868xx.ipv6best.cn/sitename?method=show&amp;id=21E2BB13660E0D66E053012819ACFD9D	38		https://www.pingtan.gov.cn/zwgk/zdlyxxgk/aqsc_1/aqjc/202204/t20220422_33341.htm
https://credit-xm-gov-cnxd4a49671f3868xx.ipv6best.cn/	38	信用厦门	https://www.pingtan.gov.cn/zwgk/zdlyxxgk/aqsc_1/aqjc/202204/t20220422_33341.htm
https://fjrb-fjdaily-comx2d939671f3868xx.ipv6best.cn/pc/col/202311/02/node_01.html	38	福建日报	https://www.pingtan.gov.cn/zwgk/zdlyxxgk/aqsc_1/aqjc/202204/t20220422_33341.htm
https://www-beian-gov-cnx45c89671f3868xx.ipv6best.cn/portal/registerSystemInfo?recordcode=35012899001-19002	38	公安备案号：35012899001-19002	https://www.pingtan.gov.cn/zwgk/zdlyxxgk/aqsc_1/aqjc/202204/t20220422_33341.htm
http://pt.fjbz.org.cnx1e499675a3868.ipv6best.cn:8060/	37	福建省标准信息服务平台	https://www.pingtan.gov.cn/zwgk/zdlyxxgk/aqsc_1/xgwj/201505/t20150513_1418.htm
http://www.acas.org.cnx7a729675a3868.ipv6best.cn/	37	海峡两岸仲裁中心	https://www.pingtan.gov.cn/zwgk/zdlyxxgk/aqsc_1/xgwj/201505/t20150513_1418.htm
https://27-151-80-61xe0769675a3868xx.ipv6best.cn:91/#/double-publicity-info	37	信用平潭	https://www.pingtan.gov.cn/zwgk/zdlyxxgk/aqsc_1/xgwj/201505/t20150513_1418.htm
https://bszs-conac-cnxe1039675a3868xx.ipv6best.cn/sitename?method=show&amp;id=21E2BB13660E0D66E053012819ACFD9D	37		https://www.pingtan.gov.cn/zwgk/zdlyxxgk/aqsc_1/xgwj/201505/t20150513_1418.htm
https://credit-xm-gov-cnxd4a49675a3868xx.ipv6best.cn/	37	信用厦门	https://www.pingtan.gov.cn/zwgk/zdlyxxgk/aqsc_1/xgwj/201505/t20150513_1418.htm
https://fjrb-fjdaily-comx2d939675a3868xx.ipv6best.cn/pc/col/202311/02/node_01.html	37	福建日报	https://www.pingtan.gov.cn/zwgk/zdlyxxgk/aqsc_1/xgwj/201505/t20150513_1418.htm
https://www-beian-gov-cnx45c89675a3868xx.ipv6best.cn/portal/registerSystemInfo?recordcode=35012899001-19002	37	公安备案号：35012899001-19002	https://www.pingtan.gov.cn/zwgk/zdlyxxgk/aqsc_1/xgwj/201505/t20150513_1418.htm
http://pt.fjbz.org.cnx1e49967423868.ipv6best.cn:8060/	36	福建省标准信息服务平台	https://www.pingtan.gov.cn/zwgk/zdlyxxgk/czzj/bmyjsgk/bmjsgk/201808/t20180813_10550.htm
http://www.acas.org.cnx7a72967423868.ipv6best.cn/	36	海峡两岸仲裁中心	https://www.pingtan.gov.cn/zwgk/zdlyxxgk/czzj/bmyjsgk/bmjsgk/201808/t20180813_10550.htm
https://27-151-80-61xe076967423868xx.ipv6best.cn:91/#/double-publicity-info	36	信用平潭	https://www.pingtan.gov.cn/zwgk/zdlyxxgk/czzj/bmyjsgk/bmjsgk/201808/t20180813_10550.htm
https://bszs-conac-cnxe103967423868xx.ipv6best.cn/sitename?method=show&amp;id=21E2BB13660E0D66E053012819ACFD9D	36		https://www.pingtan.gov.cn/zwgk/zdlyxxgk/czzj/bmyjsgk/bmjsgk/201808/t20180813_10550.htm
https://credit-xm-gov-cnxd4a4967423868xx.ipv6best.cn/	36	信用厦门	https://www.pingtan.gov.cn/zwgk/zdlyxxgk/czzj/bmyjsgk/bmjsgk/201808/t20180813_10550.htm
https://fjrb-fjdaily-comx2d93967423868xx.ipv6best.cn/pc/col/202311/02/node_01.html	36	福建日报	https://www.pingtan.gov.cn/zwgk/zdlyxxgk/czzj/bmyjsgk/bmjsgk/201808/t20180813_10550.htm
https://www-beian-gov-cnx45c8967423868xx.ipv6best.cn/portal/registerSystemInfo?recordcode=35012899001-19002	36	公安备案号：35012899001-19002	https://www.pingtan.gov.cn/zwgk/zdlyxxgk/czzj/bmyjsgk/bmjsgk/201808/t20180813_10550.htm
http://pt.fjbz.org.cnx1e49967f43868.ipv6best.cn:8060/	33	福建省标准信息服务平台	https://www.pingtan.gov.cn/zwgk/yw/szywn/202203/t20220324_83822.htm
http://pt.fjbz.org.cnx1e499680e3868.ipv6best.cn:8060/	33	福建省标准信息服务平台	https://www.pingtan.gov.cn/zwgk/yw/ptyw/201806/t20180628_10114.htm
http://www.acas.org.cnx7a72967f43868.ipv6best.cn/	33	海峡两岸仲裁中心	https://www.pingtan.gov.cn/zwgk/yw/szywn/202203/t20220324_83822.htm
http://www.acas.org.cnx7a729680e3868.ipv6best.cn/	33	海峡两岸仲裁中心	https://www.pingtan.gov.cn/zwgk/yw/ptyw/201806/t20180628_10114.htm
https://27-151-80-61xe076967f43868xx.ipv6best.cn:91/#/double-publicity-info	33	信用平潭	https://www.pingtan.gov.cn/zwgk/yw/szywn/202203/t20220324_83822.htm
https://27-151-80-61xe0769680e3868xx.ipv6best.cn:91/#/double-publicity-info	33	信用平潭	https://www.pingtan.gov.cn/zwgk/yw/ptyw/201806/t20180628_10114.htm
https://bszs-conac-cnxe103967f43868xx.ipv6best.cn/sitename?method=show&amp;id=21E2BB13660E0D66E053012819ACFD9D	33		https://www.pingtan.gov.cn/zwgk/yw/szywn/202203/t20220324_83822.htm
https://bszs-conac-cnxe1039680e3868xx.ipv6best.cn/sitename?method=show&amp;id=21E2BB13660E0D66E053012819ACFD9D	33		https://www.pingtan.gov.cn/zwgk/yw/ptyw/201806/t20180628_10114.htm
https://credit-xm-gov-cnxd4a4967f43868xx.ipv6best.cn/	33	信用厦门	https://www.pingtan.gov.cn/zwgk/yw/szywn/202203/t20220324_83822.htm
https://credit-xm-gov-cnxd4a49680e3868xx.ipv6best.cn/	33	信用厦门	https://www.pingtan.gov.cn/zwgk/yw/ptyw/201806/t20180628_10114.htm
https://fjrb-fjdaily-comx2d93967f43868xx.ipv6best.cn/pc/col/202311/02/node_01.html	33	福建日报	https://www.pingtan.gov.cn/zwgk/yw/szywn/202203/t20220324_83822.htm
https://fjrb-fjdaily-comx2d939680e3868xx.ipv6best.cn/pc/col/202311/02/node_01.html	33	福建日报	https://www.pingtan.gov.cn/zwgk/yw/ptyw/201806/t20180628_10114.htm
https://www-beian-gov-cnx45c8967f43868xx.ipv6best.cn/portal/registerSystemInfo?recordcode=35012899001-19002	33	公安备案号：35012899001-19002	https://www.pingtan.gov.cn/zwgk/yw/szywn/202203/t20220324_83822.htm
https://www-beian-gov-cnx45c89680e3868xx.ipv6best.cn/portal/registerSystemInfo?recordcode=35012899001-19002	33	公安备案号：35012899001-19002	https://www.pingtan.gov.cn/zwgk/yw/ptyw/201806/t20180628_10114.htm
http://pt.fjbz.org.cnx1e49966dd3868.ipv6best.cn:8060/	32	福建省标准信息服务平台	https://www.pingtan.gov.cn/zwgk/gsgg/201706/t20170619_7334.htm
http://pt.fjbz.org.cnx1e49967ea3868.ipv6best.cn:8060/	32	福建省标准信息服务平台	https://www.pingtan.gov.cn/zwgk/yw/szywn/202210/t20221018_84116.htm
http://www.acas.org.cnx7a72966dd3868.ipv6best.cn/	32	海峡两岸仲裁中心	https://www.pingtan.gov.cn/zwgk/gsgg/201706/t20170619_7334.htm
http://www.acas.org.cnx7a72967ea3868.ipv6best.cn/	32	海峡两岸仲裁中心	https://www.pingtan.gov.cn/zwgk/yw/szywn/202210/t20221018_84116.htm
https://27-151-80-61xe076966dd3868xx.ipv6best.cn:91/#/double-publicity-info	32	信用平潭	https://www.pingtan.gov.cn/zwgk/gsgg/201706/t20170619_7334.htm
https://27-151-80-61xe076967ea3868xx.ipv6best.cn:91/#/double-publicity-info	32	信用平潭	https://www.pingtan.gov.cn/zwgk/yw/szywn/202210/t20221018_84116.htm
https://bszs-conac-cnxe103966dd3868xx.ipv6best.cn/sitename?method=show&amp;id=21E2BB13660E0D66E053012819ACFD9D	32		https://www.pingtan.gov.cn/zwgk/gsgg/201706/t20170619_7334.htm
https://bszs-conac-cnxe103967ea3868xx.ipv6best.cn/sitename?method=show&amp;id=21E2BB13660E0D66E053012819ACFD9D	32		https://www.pingtan.gov.cn/zwgk/yw/szywn/202210/t20221018_84116.htm
https://credit-xm-gov-cnxd4a4966dd3868xx.ipv6best.cn/	32	信用厦门	https://www.pingtan.gov.cn/zwgk/gsgg/201706/t20170619_7334.htm
https://credit-xm-gov-cnxd4a4967ea3868xx.ipv6best.cn/	32	信用厦门	https://www.pingtan.gov.cn/zwgk/yw/szywn/202210/t20221018_84116.htm
https://fjrb-fjdaily-comx2d93966dd3868xx.ipv6best.cn/pc/col/202311/02/node_01.html	32	福建日报	https://www.pingtan.gov.cn/zwgk/gsgg/201706/t20170619_7334.htm
https://fjrb-fjdaily-comx2d93967ea3868xx.ipv6best.cn/pc/col/202311/02/node_01.html	32	福建日报	https://www.pingtan.gov.cn/zwgk/yw/szywn/202210/t20221018_84116.htm
https://www-beian-gov-cnx45c8966dd3868xx.ipv6best.cn/portal/registerSystemInfo?recordcode=35012899001-19002	32	公安备案号：35012899001-19002	https://www.pingtan.gov.cn/zwgk/gsgg/201706/t20170619_7334.htm
https://www-beian-gov-cnx45c8967ea3868xx.ipv6best.cn/portal/registerSystemInfo?recordcode=35012899001-19002	32	公安备案号：35012899001-19002	https://www.pingtan.gov.cn/zwgk/yw/szywn/202210/t20221018_84116.htm
http://pt.fjbz.org.cnx1e49966de3868.ipv6best.cn:8060/	31	福建省标准信息服务平台	https://www.pingtan.gov.cn/zwgk/gsgg/201705/t20170517_7220.htm
http://www.acas.org.cnx7a72966de3868.ipv6best.cn/	31	海峡两岸仲裁中心	https://www.pingtan.gov.cn/zwgk/gsgg/201705/t20170517_7220.htm
https://27-151-80-61xe076966de3868xx.ipv6best.cn:91/#/double-publicity-info	31	信用平潭	https://www.pingtan.gov.cn/zwgk/gsgg/201705/t20170517_7220.htm
https://bszs-conac-cnxe103966de3868xx.ipv6best.cn/sitename?method=show&amp;id=21E2BB13660E0D66E053012819ACFD9D	31		https://www.pingtan.gov.cn/zwgk/gsgg/201705/t20170517_7220.htm
https://credit-xm-gov-cnxd4a4966de3868xx.ipv6best.cn/	31	信用厦门	https://www.pingtan.gov.cn/zwgk/gsgg/201705/t20170517_7220.htm
https://fjrb-fjdaily-comx2d93966de3868xx.ipv6best.cn/pc/col/202311/02/node_01.html	31	福建日报	https://www.pingtan.gov.cn/zwgk/gsgg/201705/t20170517_7220.htm
https://www-beian-gov-cnx45c8966de3868xx.ipv6best.cn/portal/registerSystemInfo?recordcode=35012899001-19002	31	公安备案号：35012899001-19002	https://www.pingtan.gov.cn/zwgk/gsgg/201705/t20170517_7220.htm
http://pt.fjbz.org.cnx1e49967653868.ipv6best.cn:8060/	27	福建省标准信息服务平台	https://www.pingtan.gov.cn/zwgk/ldzc/hjb/hdbd/202509/t20250923_101639.htm
http://pt.fjbz.org.cnx1e49968373868.ipv6best.cn:8060/	27	福建省标准信息服务平台	https://www.pingtan.gov.cn/zwgk/zfxxgk/dfbmptlj/ptzhsyqbm/ptzhsyqczj/fdzdgknr/4jsjfjghsf/202203/t20220324_77210.htm
http://www.acas.org.cnx7a72967653868.ipv6best.cn/	27	海峡两岸仲裁中心	https://www.pingtan.gov.cn/zwgk/ldzc/hjb/hdbd/202509/t20250923_101639.htm
http://www.acas.org.cnx7a72968373868.ipv6best.cn/	27	海峡两岸仲裁中心	https://www.pingtan.gov.cn/zwgk/zfxxgk/dfbmptlj/ptzhsyqbm/ptzhsyqczj/fdzdgknr/4jsjfjghsf/202203/t20220324_77210.htm
https://27-151-80-61xe076967653868xx.ipv6best.cn:91/#/double-publicity-info	27	信用平潭	https://www.pingtan.gov.cn/zwgk/ldzc/hjb/hdbd/202509/t20250923_101639.htm
https://27-151-80-61xe076968373868xx.ipv6best.cn:91/#/double-publicity-info	27	信用平潭	https://www.pingtan.gov.cn/zwgk/zfxxgk/dfbmptlj/ptzhsyqbm/ptzhsyqczj/fdzdgknr/4jsjfjghsf/202203/t20220324_77210.htm
https://bszs-conac-cnxe103967653868xx.ipv6best.cn/sitename?method=show&amp;id=21E2BB13660E0D66E053012819ACFD9D	27		https://www.pingtan.gov.cn/zwgk/ldzc/hjb/hdbd/202509/t20250923_101639.htm
https://bszs-conac-cnxe103968373868xx.ipv6best.cn/sitename?method=show&amp;id=21E2BB13660E0D66E053012819ACFD9D	27		https://www.pingtan.gov.cn/zwgk/zfxxgk/dfbmptlj/ptzhsyqbm/ptzhsyqczj/fdzdgknr/4jsjfjghsf/202203/t20220324_77210.htm
https://credit-xm-gov-cnxd4a4967653868xx.ipv6best.cn/	27	信用厦门	https://www.pingtan.gov.cn/zwgk/ldzc/hjb/hdbd/202509/t20250923_101639.htm
https://credit-xm-gov-cnxd4a4968373868xx.ipv6best.cn/	27	信用厦门	https://www.pingtan.gov.cn/zwgk/zfxxgk/dfbmptlj/ptzhsyqbm/ptzhsyqczj/fdzdgknr/4jsjfjghsf/202203/t20220324_77210.htm
https://fjrb-fjdaily-comx2d93967653868xx.ipv6best.cn/pc/col/202311/02/node_01.html	27	福建日报	https://www.pingtan.gov.cn/zwgk/ldzc/hjb/hdbd/202509/t20250923_101639.htm
https://fjrb-fjdaily-comx2d93968373868xx.ipv6best.cn/pc/col/202311/02/node_01.html	27	福建日报	https://www.pingtan.gov.cn/zwgk/zfxxgk/dfbmptlj/ptzhsyqbm/ptzhsyqczj/fdzdgknr/4jsjfjghsf/202203/t20220324_77210.htm
https://www-beian-gov-cnx45c8967653868xx.ipv6best.cn/portal/registerSystemInfo?recordcode=35012899001-19002	27	公安备案号：35012899001-19002	https://www.pingtan.gov.cn/zwgk/ldzc/hjb/hdbd/202509/t20250923_101639.htm
https://www-beian-gov-cnx45c8968373868xx.ipv6best.cn/portal/registerSystemInfo?recordcode=35012899001-19002	27	公安备案号：35012899001-19002	https://www.pingtan.gov.cn/zwgk/zfxxgk/dfbmptlj/ptzhsyqbm/ptzhsyqczj/fdzdgknr/4jsjfjghsf/202203/t20220324_77210.htm
http://pt.fjbz.org.cnx1e49966fa3868.ipv6best.cn:8060/	25	福建省标准信息服务平台	https://www.pingtan.gov.cn/zwgk/zfxxgk/fdzdgknr/hzcfhzqz/bljggs/202211/t20221102_38049.htm
http://pt.fjbz.org.cnx1e49967413868.ipv6best.cn:8060/	25	福建省标准信息服务平台	https://www.pingtan.gov.cn/zwgk/zdlyxxgk/aqsc_1/xgwj/201903/t20190305_12826.htm
http://pt.fjbz.org.cnx1e499674a3868.ipv6best.cn:8060/	25	福建省标准信息服务平台	https://www.pingtan.gov.cn/zwgk/zdlyxxgk/aqsc_1/aqjc/201711/t20171106_8207.htm
http://www.acas.org.cnx7a72966fa3868.ipv6best.cn/	25	海峡两岸仲裁中心	https://www.pingtan.gov.cn/zwgk/zfxxgk/fdzdgknr/hzcfhzqz/bljggs/202211/t20221102_38049.htm
http://www.acas.org.cnx7a72967413868.ipv6best.cn/	25	海峡两岸仲裁中心	https://www.pingtan.gov.cn/zwgk/zdlyxxgk/aqsc_1/xgwj/201903/t20190305_12826.htm
http://www.acas.org.cnx7a729674a3868.ipv6best.cn/	25	海峡两岸仲裁中心	https://www.pingtan.gov.cn/zwgk/zdlyxxgk/aqsc_1/aqjc/201711/t20171106_8207.htm
https://27-151-80-61xe076966fa3868xx.ipv6best.cn:91/#/double-publicity-info	25	信用平潭	https://www.pingtan.gov.cn/zwgk/zfxxgk/fdzdgknr/hzcfhzqz/bljggs/202211/t20221102_38049.htm
https://27-151-80-61xe076967413868xx.ipv6best.cn:91/#/double-publicity-info	25	信用平潭	https://www.pingtan.gov.cn/zwgk/zdlyxxgk/aqsc_1/xgwj/201903/t20190305_12826.htm
https://27-151-80-61xe0769674a3868xx.ipv6best.cn:91/#/double-publicity-info	25	信用平潭	https://www.pingtan.gov.cn/zwgk/zdlyxxgk/aqsc_1/aqjc/201711/t20171106_8207.htm
https://bszs-conac-cnxe103966fa3868xx.ipv6best.cn/sitename?method=show&amp;id=21E2BB13660E0D66E053012819ACFD9D	25		https://www.pingtan.gov.cn/zwgk/zfxxgk/fdzdgknr/hzcfhzqz/bljggs/202211/t20221102_38049.htm
https://bszs-conac-cnxe103967413868xx.ipv6best.cn/sitename?method=show&amp;id=21E2BB13660E0D66E053012819ACFD9D	25		https://www.pingtan.gov.cn/zwgk/zdlyxxgk/aqsc_1/xgwj/201903/t20190305_12826.htm
https://bszs-conac-cnxe1039674a3868xx.ipv6best.cn/sitename?method=show&amp;id=21E2BB13660E0D66E053012819ACFD9D	25		https://www.pingtan.gov.cn/zwgk/zdlyxxgk/aqsc_1/aqjc/201711/t20171106_8207.htm
https://credit-xm-gov-cnxd4a4966fa3868xx.ipv6best.cn/	25	信用厦门	https://www.pingtan.gov.cn/zwgk/zfxxgk/fdzdgknr/hzcfhzqz/bljggs/202211/t20221102_38049.htm
https://credit-xm-gov-cnxd4a4967413868xx.ipv6best.cn/	25	信用厦门	https://www.pingtan.gov.cn/zwgk/zdlyxxgk/aqsc_1/xgwj/201903/t20190305_12826.htm
https://credit-xm-gov-cnxd4a49674a3868xx.ipv6best.cn/	25	信用厦门	https://www.pingtan.gov.cn/zwgk/zdlyxxgk/aqsc_1/aqjc/201711/t20171106_8207.htm
https://fjrb-fjdaily-comx2d93966fa3868xx.ipv6best.cn/pc/col/202311/02/node_01.html	25	福建日报	https://www.pingtan.gov.cn/zwgk/zfxxgk/fdzdgknr/hzcfhzqz/bljggs/202211/t20221102_38049.htm
https://fjrb-fjdaily-comx2d93967413868xx.ipv6best.cn/pc/col/202311/02/node_01.html	25	福建日报	https://www.pingtan.gov.cn/zwgk/zdlyxxgk/aqsc_1/xgwj/201903/t20190305_12826.htm
https://fjrb-fjdaily-comx2d939674a3868xx.ipv6best.cn/pc/col/202311/02/node_01.html	25	福建日报	https://www.pingtan.gov.cn/zwgk/zdlyxxgk/aqsc_1/aqjc/201711/t20171106_8207.htm
https://www-beian-gov-cnx45c8966fa3868xx.ipv6best.cn/portal/registerSystemInfo?recordcode=35012899001-19002	25	公安备案号：35012899001-19002	https://www.pingtan.gov.cn/zwgk/zfxxgk/fdzdgknr/hzcfhzqz/bljggs/202211/t20221102_38049.htm
https://www-beian-gov-cnx45c8967413868xx.ipv6best.cn/portal/registerSystemInfo?recordcode=35012899001-19002	25	公安备案号：35012899001-19002	https://www.pingtan.gov.cn/zwgk/zdlyxxgk/aqsc_1/xgwj/201903/t20190305_12826.htm
https://www-beian-gov-cnx45c89674a3868xx.ipv6best.cn/portal/registerSystemInfo?recordcode=35012899001-19002	25	公安备案号：35012899001-19002	https://www.pingtan.gov.cn/zwgk/zdlyxxgk/aqsc_1/aqjc/201711/t20171106_8207.htm
http://pt.fjbz.org.cnx1e49966f23868.ipv6best.cn:8060/	24	福建省标准信息服务平台	https://www.pingtan.gov.cn/zwgk/zfxxgk/gwhwj/hzgfxwj/201910/t20191010_80110.htm
http://pt.fjbz.org.cnx1e49967213868.ipv6best.cn:8060/	24	福建省标准信息服务平台	https://www.pingtan.gov.cn/zwgk/zdlyxxgk/aqsc_1/hzxk/202201/t20220107_29991.htm
http://pt.fjbz.org.cnx1e49967db3868.ipv6best.cn:8060/	24	福建省标准信息服务平台	https://www.pingtan.gov.cn/zwgk/yw/szywn/202305/t20230531_84913.htm
http://www.acas.org.cnx7a72966f23868.ipv6best.cn/	24	海峡两岸仲裁中心	https://www.pingtan.gov.cn/zwgk/zfxxgk/gwhwj/hzgfxwj/201910/t20191010_80110.htm
http://www.acas.org.cnx7a72967213868.ipv6best.cn/	24	海峡两岸仲裁中心	https://www.pingtan.gov.cn/zwgk/zdlyxxgk/aqsc_1/hzxk/202201/t20220107_29991.htm
http://www.acas.org.cnx7a72967db3868.ipv6best.cn/	24	海峡两岸仲裁中心	https://www.pingtan.gov.cn/zwgk/yw/szywn/202305/t20230531_84913.htm
https://27-151-80-61xe076966f23868xx.ipv6best.cn:91/#/double-publicity-info	24	信用平潭	https://www.pingtan.gov.cn/zwgk/zfxxgk/gwhwj/hzgfxwj/201910/t20191010_80110.htm
https://27-151-80-61xe076967213868xx.ipv6best.cn:91/#/double-publicity-info	24	信用平潭	https://www.pingtan.gov.cn/zwgk/zdlyxxgk/aqsc_1/hzxk/202201/t20220107_29991.htm
https://27-151-80-61xe076967db3868xx.ipv6best.cn:91/#/double-publicity-info	24	信用平潭	https://www.pingtan.gov.cn/zwgk/yw/szywn/202305/t20230531_84913.htm
https://bszs-conac-cnxe103966f23868xx.ipv6best.cn/sitename?method=show&amp;id=21E2BB13660E0D66E053012819ACFD9D	24		https://www.pingtan.gov.cn/zwgk/zfxxgk/gwhwj/hzgfxwj/201910/t20191010_80110.htm
https://bszs-conac-cnxe103967213868xx.ipv6best.cn/sitename?method=show&amp;id=21E2BB13660E0D66E053012819ACFD9D	24		https://www.pingtan.gov.cn/zwgk/zdlyxxgk/aqsc_1/hzxk/202201/t20220107_29991.htm
https://bszs-conac-cnxe103967db3868xx.ipv6best.cn/sitename?method=show&amp;id=21E2BB13660E0D66E053012819ACFD9D	24		https://www.pingtan.gov.cn/zwgk/yw/szywn/202305/t20230531_84913.htm
https://credit-xm-gov-cnxd4a4966f23868xx.ipv6best.cn/	24	信用厦门	https://www.pingtan.gov.cn/zwgk/zfxxgk/gwhwj/hzgfxwj/201910/t20191010_80110.htm
https://credit-xm-gov-cnxd4a4967213868xx.ipv6best.cn/	24	信用厦门	https://www.pingtan.gov.cn/zwgk/zdlyxxgk/aqsc_1/hzxk/202201/t20220107_29991.htm
https://credit-xm-gov-cnxd4a4967db3868xx.ipv6best.cn/	24	信用厦门	https://www.pingtan.gov.cn/zwgk/yw/szywn/202305/t20230531_84913.htm
https://fjrb-fjdaily-comx2d93966f23868xx.ipv6best.cn/pc/col/202311/02/node_01.html	24	福建日报	https://www.pingtan.gov.cn/zwgk/zfxxgk/gwhwj/hzgfxwj/201910/t20191010_80110.htm
https://fjrb-fjdaily-comx2d93967213868xx.ipv6best.cn/pc/col/202311/02/node_01.html	24	福建日报	https://www.pingtan.gov.cn/zwgk/zdlyxxgk/aqsc_1/hzxk/202201/t20220107_29991.htm
https://fjrb-fjdaily-comx2d93967db3868xx.ipv6best.cn/pc/col/202311/02/node_01.html	24	福建日报	https://www.pingtan.gov.cn/zwgk/yw/szywn/202305/t20230531_84913.htm
https://www-beian-gov-cnx45c8966f23868xx.ipv6best.cn/portal/registerSystemInfo?recordcode=35012899001-19002	24	公安备案号：35012899001-19002	https://www.pingtan.gov.cn/zwgk/zfxxgk/gwhwj/hzgfxwj/201910/t20191010_80110.htm
https://www-beian-gov-cnx45c8967213868xx.ipv6best.cn/portal/registerSystemInfo?recordcode=35012899001-19002	24	公安备案号：35012899001-19002	https://www.pingtan.gov.cn/zwgk/zdlyxxgk/aqsc_1/hzxk/202201/t20220107_29991.htm
https://www-beian-gov-cnx45c8967db3868xx.ipv6best.cn/portal/registerSystemInfo?recordcode=35012899001-19002	24	公安备案号：35012899001-19002	https://www.pingtan.gov.cn/zwgk/yw/szywn/202305/t20230531_84913.htm
http://pt.fjbz.org.cnx1e499672c3868.ipv6best.cn:8060/	23	福建省标准信息服务平台	https://www.pingtan.gov.cn/zwgk/zdlyxxgk/aqsc_1/aqjc/202011/t20201120_23678.htm
http://www.acas.org.cnx7a729672c3868.ipv6best.cn/	23	海峡两岸仲裁中心	https://www.pingtan.gov.cn/zwgk/zdlyxxgk/aqsc_1/aqjc/202011/t20201120_23678.htm
https://27-151-80-61xe0769672c3868xx.ipv6best.cn:91/#/double-publicity-info	23	信用平潭	https://www.pingtan.gov.cn/zwgk/zdlyxxgk/aqsc_1/aqjc/202011/t20201120_23678.htm
https://bszs-conac-cnxe1039672c3868xx.ipv6best.cn/sitename?method=show&amp;id=21E2BB13660E0D66E053012819ACFD9D	23		https://www.pingtan.gov.cn/zwgk/zdlyxxgk/aqsc_1/aqjc/202011/t20201120_23678.htm
https://credit-xm-gov-cnxd4a49672c3868xx.ipv6best.cn/	23	信用厦门	https://www.pingtan.gov.cn/zwgk/zdlyxxgk/aqsc_1/aqjc/202011/t20201120_23678.htm
https://fjrb-fjdaily-comx2d939672c3868xx.ipv6best.cn/pc/col/202311/02/node_01.html	23	福建日报	https://www.pingtan.gov.cn/zwgk/zdlyxxgk/aqsc_1/aqjc/202011/t20201120_23678.htm
https://www-beian-gov-cnx45c89672c3868xx.ipv6best.cn/portal/registerSystemInfo?recordcode=35012899001-19002	23	公安备案号：35012899001-19002	https://www.pingtan.gov.cn/zwgk/zdlyxxgk/aqsc_1/aqjc/202011/t20201120_23678.htm
http://www.sda.gov.cn/directory/web/WS01/images/localgov/gov_1463692005704.xls	22	食品风险监测信息表	https://www.pingtan.gov.cn/zwgk/gsgg/201707/t20170731_7532.htm
http://pt.fjbz.org.cnx1e499670a3868.ipv6best.cn:8060/	20	福建省标准信息服务平台	https://www.pingtan.gov.cn/zwgk/tjxx/kshtb/202401/t20240122_86397.htm
http://pt.fjbz.org.cnx1e49967763868.ipv6best.cn:8060/	20	福建省标准信息服务平台	https://www.pingtan.gov.cn/zwgk/ldzc/fld/hdbd/202407/t20240723_92140.htm
http://pt.fjbz.org.cnx1e49968103868.ipv6best.cn:8060/	20	福建省标准信息服务平台	https://www.pingtan.gov.cn/zwgk/yw/ptyw/201807/t20180702_10192.htm
http://www.acas.org.cnx7a729670a3868.ipv6best.cn/	20	海峡两岸仲裁中心	https://www.pingtan.gov.cn/zwgk/tjxx/kshtb/202401/t20240122_86397.htm
http://www.acas.org.cnx7a72967763868.ipv6best.cn/	20	海峡两岸仲裁中心	https://www.pingtan.gov.cn/zwgk/ldzc/fld/hdbd/202407/t20240723_92140.htm
http://www.acas.org.cnx7a72968103868.ipv6best.cn/	20	海峡两岸仲裁中心	https://www.pingtan.gov.cn/zwgk/yw/ptyw/201807/t20180702_10192.htm
https://27-151-80-61xe0769670a3868xx.ipv6best.cn:91/#/double-publicity-info	20	信用平潭	https://www.pingtan.gov.cn/zwgk/tjxx/kshtb/202401/t20240122_86397.htm
https://27-151-80-61xe076967763868xx.ipv6best.cn:91/#/double-publicity-info	20	信用平潭	https://www.pingtan.gov.cn/zwgk/ldzc/fld/hdbd/202407/t20240723_92140.htm
https://27-151-80-61xe076968103868xx.ipv6best.cn:91/#/double-publicity-info	20	信用平潭	https://www.pingtan.gov.cn/zwgk/yw/ptyw/201807/t20180702_10192.htm
https://bszs-conac-cnxe1039670a3868xx.ipv6best.cn/sitename?method=show&amp;id=21E2BB13660E0D66E053012819ACFD9D	20		https://www.pingtan.gov.cn/zwgk/tjxx/kshtb/202401/t20240122_86397.htm
https://bszs-conac-cnxe103967763868xx.ipv6best.cn/sitename?method=show&amp;id=21E2BB13660E0D66E053012819ACFD9D	20		https://www.pingtan.gov.cn/zwgk/ldzc/fld/hdbd/202407/t20240723_92140.htm
https://bszs-conac-cnxe103968103868xx.ipv6best.cn/sitename?method=show&amp;id=21E2BB13660E0D66E053012819ACFD9D	20		https://www.pingtan.gov.cn/zwgk/yw/ptyw/201807/t20180702_10192.htm
https://credit-xm-gov-cnxd4a49670a3868xx.ipv6best.cn/	20	信用厦门	https://www.pingtan.gov.cn/zwgk/tjxx/kshtb/202401/t20240122_86397.htm
https://credit-xm-gov-cnxd4a4967763868xx.ipv6best.cn/	20	信用厦门	https://www.pingtan.gov.cn/zwgk/ldzc/fld/hdbd/202407/t20240723_92140.htm
https://credit-xm-gov-cnxd4a4968103868xx.ipv6best.cn/	20	信用厦门	https://www.pingtan.gov.cn/zwgk/yw/ptyw/201807/t20180702_10192.htm
https://fjrb-fjdaily-comx2d939670a3868xx.ipv6best.cn/pc/col/202311/02/node_01.html	20	福建日报	https://www.pingtan.gov.cn/zwgk/tjxx/kshtb/202401/t20240122_86397.htm
https://fjrb-fjdaily-comx2d93967763868xx.ipv6best.cn/pc/col/202311/02/node_01.html	20	福建日报	https://www.pingtan.gov.cn/zwgk/ldzc/fld/hdbd/202407/t20240723_92140.htm
https://fjrb-fjdaily-comx2d93968103868xx.ipv6best.cn/pc/col/202311/02/node_01.html	20	福建日报	https://www.pingtan.gov.cn/zwgk/yw/ptyw/201807/t20180702_10192.htm
https://www-beian-gov-cnx45c89670a3868xx.ipv6best.cn/portal/registerSystemInfo?recordcode=35012899001-19002	20	公安备案号：35012899001-19002	https://www.pingtan.gov.cn/zwgk/tjxx/kshtb/202401/t20240122_86397.htm
https://www-beian-gov-cnx45c8967763868xx.ipv6best.cn/portal/registerSystemInfo?recordcode=35012899001-19002	20	公安备案号：35012899001-19002	https://www.pingtan.gov.cn/zwgk/ldzc/fld/hdbd/202407/t20240723_92140.htm
https://www-beian-gov-cnx45c8968103868xx.ipv6best.cn/portal/registerSystemInfo?recordcode=35012899001-19002	20	公安备案号：35012899001-19002	https://www.pingtan.gov.cn/zwgk/yw/ptyw/201807/t20180702_10192.htm
http://pt.fjbz.org.cnx1e49967e13868.ipv6best.cn:8060/	18	福建省标准信息服务平台	https://www.pingtan.gov.cn/zwgk/ldzc/hjb/hdbd/202302/t20230223_44316.htm
http://www.acas.org.cnx7a72967e13868.ipv6best.cn/	18	海峡两岸仲裁中心	https://www.pingtan.gov.cn/zwgk/ldzc/hjb/hdbd/202302/t20230223_44316.htm
https://27-151-80-61xe076967e13868xx.ipv6best.cn:91/#/double-publicity-info	18	信用平潭	https://www.pingtan.gov.cn/zwgk/ldzc/hjb/hdbd/202302/t20230223_44316.htm
https://bszs-conac-cnxe103967e13868xx.ipv6best.cn/sitename?method=show&amp;id=21E2BB13660E0D66E053012819ACFD9D	18		https://www.pingtan.gov.cn/zwgk/ldzc/hjb/hdbd/202302/t20230223_44316.htm
https://credit-xm-gov-cnxd4a4967e13868xx.ipv6best.cn/	18	信用厦门	https://www.pingtan.gov.cn/zwgk/ldzc/hjb/hdbd/202302/t20230223_44316.htm
https://fjrb-fjdaily-comx2d93967e13868xx.ipv6best.cn/pc/col/202311/02/node_01.html	18	福建日报	https://www.pingtan.gov.cn/zwgk/ldzc/hjb/hdbd/202302/t20230223_44316.htm
https://www-beian-gov-cnx45c8967e13868xx.ipv6best.cn/portal/registerSystemInfo?recordcode=35012899001-19002	18	公安备案号：35012899001-19002	https://www.pingtan.gov.cn/zwgk/ldzc/hjb/hdbd/202302/t20230223_44316.htm
http://pt.fjbz.org.cnx1e499681c3868.ipv6best.cn:8060/	17	福建省标准信息服务平台	https://www.pingtan.gov.cn/zwgk/ztzl/jtyjs/gzdthxxgs/201606/t20160616_4632.htm
http://www.acas.org.cnx7a729681c3868.ipv6best.cn/	17	海峡两岸仲裁中心	https://www.pingtan.gov.cn/zwgk/ztzl/jtyjs/gzdthxxgs/201606/t20160616_4632.htm
https://27-151-80-61xe0769681c3868xx.ipv6best.cn:91/#/double-publicity-info	17	信用平潭	https://www.pingtan.gov.cn/zwgk/ztzl/jtyjs/gzdthxxgs/201606/t20160616_4632.htm
https://bszs-conac-cnxe1039681c3868xx.ipv6best.cn/sitename?method=show&amp;id=21E2BB13660E0D66E053012819ACFD9D	17		https://www.pingtan.gov.cn/zwgk/ztzl/jtyjs/gzdthxxgs/201606/t20160616_4632.htm
https://credit-xm-gov-cnxd4a49681c3868xx.ipv6best.cn/	17	信用厦门	https://www.pingtan.gov.cn/zwgk/ztzl/jtyjs/gzdthxxgs/201606/t20160616_4632.htm
https://fjrb-fjdaily-comx2d939681c3868xx.ipv6best.cn/pc/col/202311/02/node_01.html	17	福建日报	https://www.pingtan.gov.cn/zwgk/ztzl/jtyjs/gzdthxxgs/201606/t20160616_4632.htm
https://www-beian-gov-cnx45c89681c3868xx.ipv6best.cn/portal/registerSystemInfo?recordcode=35012899001-19002	17	公安备案号：35012899001-19002	https://www.pingtan.gov.cn/zwgk/ztzl/jtyjs/gzdthxxgs/201606/t20160616_4632.htm
http://pt.fjbz.org.cnx1e49967023868.ipv6best.cn:8060/	16	福建省标准信息服务平台	https://www.pingtan.gov.cn/zwgk/zdlyxxgk/aqsc_1/aqjc/202507/t20250717_100355.htm
http://www.acas.org.cnx7a72967023868.ipv6best.cn/	16	海峡两岸仲裁中心	https://www.pingtan.gov.cn/zwgk/zdlyxxgk/aqsc_1/aqjc/202507/t20250717_100355.htm
https://27-151-80-61xe076967023868xx.ipv6best.cn:91/#/double-publicity-info	16	信用平潭	https://www.pingtan.gov.cn/zwgk/zdlyxxgk/aqsc_1/aqjc/202507/t20250717_100355.htm
https://bszs-conac-cnxe103967023868xx.ipv6best.cn/sitename?method=show&amp;id=21E2BB13660E0D66E053012819ACFD9D	16		https://www.pingtan.gov.cn/zwgk/zdlyxxgk/aqsc_1/aqjc/202507/t20250717_100355.htm
https://credit-xm-gov-cnxd4a4967023868xx.ipv6best.cn/	16	信用厦门	https://www.pingtan.gov.cn/zwgk/zdlyxxgk/aqsc_1/aqjc/202507/t20250717_100355.htm
https://fjrb-fjdaily-comx2d93967023868xx.ipv6best.cn/pc/col/202311/02/node_01.html	16	福建日报	https://www.pingtan.gov.cn/zwgk/zdlyxxgk/aqsc_1/aqjc/202507/t20250717_100355.htm
https://www-beian-gov-cnx45c8967023868xx.ipv6best.cn/portal/registerSystemInfo?recordcode=35012899001-19002	16	公安备案号：35012899001-19002	https://www.pingtan.gov.cn/zwgk/zdlyxxgk/aqsc_1/aqjc/202507/t20250717_100355.htm
http://pt.fjbz.org.cnx1e49967493868.ipv6best.cn:8060/	15	福建省标准信息服务平台	https://www.pingtan.gov.cn/zwgk/zdlyxxgk/czzj/bmyjsgk/bmjsgk/201708/t20170817_7612.htm
http://pt.fjbz.org.cnx1e49967cd3868.ipv6best.cn:8060/	15	福建省标准信息服务平台	https://www.pingtan.gov.cn/zwgk/ldzc/pxy/hdbd/202312/t20231204_82782.htm
http://pt.fjbz.org.cnx1e49967ed3868.ipv6best.cn:8060/	15	福建省标准信息服务平台	https://www.pingtan.gov.cn/zwgk/yw/szywn/202209/t20220911_84042.htm
http://www.acas.org.cnx7a72967493868.ipv6best.cn/	15	海峡两岸仲裁中心	https://www.pingtan.gov.cn/zwgk/zdlyxxgk/czzj/bmyjsgk/bmjsgk/201708/t20170817_7612.htm
http://www.acas.org.cnx7a72967cd3868.ipv6best.cn/	15	海峡两岸仲裁中心	https://www.pingtan.gov.cn/zwgk/ldzc/pxy/hdbd/202312/t20231204_82782.htm
http://www.acas.org.cnx7a72967ed3868.ipv6best.cn/	15	海峡两岸仲裁中心	https://www.pingtan.gov.cn/zwgk/yw/szywn/202209/t20220911_84042.htm
https://27-151-80-61xe076967493868xx.ipv6best.cn:91/#/double-publicity-info	15	信用平潭	https://www.pingtan.gov.cn/zwgk/zdlyxxgk/czzj/bmyjsgk/bmjsgk/201708/t20170817_7612.htm
https://27-151-80-61xe076967cd3868xx.ipv6best.cn:91/#/double-publicity-info	15	信用平潭	https://www.pingtan.gov.cn/zwgk/ldzc/pxy/hdbd/202312/t20231204_82782.htm
https://27-151-80-61xe076967ed3868xx.ipv6best.cn:91/#/double-publicity-info	15	信用平潭	https://www.pingtan.gov.cn/zwgk/yw/szywn/202209/t20220911_84042.htm
https://bszs-conac-cnxe103967493868xx.ipv6best.cn/sitename?method=show&amp;id=21E2BB13660E0D66E053012819ACFD9D	15		https://www.pingtan.gov.cn/zwgk/zdlyxxgk/czzj/bmyjsgk/bmjsgk/201708/t20170817_7612.htm
https://bszs-conac-cnxe103967cd3868xx.ipv6best.cn/sitename?method=show&amp;id=21E2BB13660E0D66E053012819ACFD9D	15		https://www.pingtan.gov.cn/zwgk/ldzc/pxy/hdbd/202312/t20231204_82782.htm
https://bszs-conac-cnxe103967ed3868xx.ipv6best.cn/sitename?method=show&amp;id=21E2BB13660E0D66E053012819ACFD9D	15		https://www.pingtan.gov.cn/zwgk/yw/szywn/202209/t20220911_84042.htm
https://credit-xm-gov-cnxd4a4967493868xx.ipv6best.cn/	15	信用厦门	https://www.pingtan.gov.cn/zwgk/zdlyxxgk/czzj/bmyjsgk/bmjsgk/201708/t20170817_7612.htm
https://credit-xm-gov-cnxd4a4967cd3868xx.ipv6best.cn/	15	信用厦门	https://www.pingtan.gov.cn/zwgk/ldzc/pxy/hdbd/202312/t20231204_82782.htm
https://credit-xm-gov-cnxd4a4967ed3868xx.ipv6best.cn/	15	信用厦门	https://www.pingtan.gov.cn/zwgk/yw/szywn/202209/t20220911_84042.htm
https://fjrb-fjdaily-comx2d93967493868xx.ipv6best.cn/pc/col/202311/02/node_01.html	15	福建日报	https://www.pingtan.gov.cn/zwgk/zdlyxxgk/czzj/bmyjsgk/bmjsgk/201708/t20170817_7612.htm
https://fjrb-fjdaily-comx2d93967cd3868xx.ipv6best.cn/pc/col/202311/02/node_01.html	15	福建日报	https://www.pingtan.gov.cn/zwgk/ldzc/pxy/hdbd/202312/t20231204_82782.htm
https://fjrb-fjdaily-comx2d93967ed3868xx.ipv6best.cn/pc/col/202311/02/node_01.html	15	福建日报	https://www.pingtan.gov.cn/zwgk/yw/szywn/202209/t20220911_84042.htm
https://www-beian-gov-cnx45c8967493868xx.ipv6best.cn/portal/registerSystemInfo?recordcode=35012899001-19002	15	公安备案号：35012899001-19002	https://www.pingtan.gov.cn/zwgk/zdlyxxgk/czzj/bmyjsgk/bmjsgk/201708/t20170817_7612.htm
https://www-beian-gov-cnx45c8967cd3868xx.ipv6best.cn/portal/registerSystemInfo?recordcode=35012899001-19002	15	公安备案号：35012899001-19002	https://www.pingtan.gov.cn/zwgk/ldzc/pxy/hdbd/202312/t20231204_82782.htm
https://www-beian-gov-cnx45c8967ed3868xx.ipv6best.cn/portal/registerSystemInfo?recordcode=35012899001-19002	15	公安备案号：35012899001-19002	https://www.pingtan.gov.cn/zwgk/yw/szywn/202209/t20220911_84042.htm
http://www.creditchina.gov.cn/	13	www.creditchina.gov.cn）、中国政府采购网（www.ccgp.gov.cn）等官网查询，并打印原始网页查询相应的信用记录（加盖单位公章）。	https://www.pingtan.gov.cn/zwgk/gsgg/202105/t20210526_26333.htm
http://220.160.52.164:9001/#/%EF%BC%89%E7%99%BB%E8%AE%B0%E3%80%82	12	http://220.160.52.164:9001/#/）登记。	https://www.pingtan.gov.cn/zwgk/gsgg/202203/t20220302_46088.htm
http://www.ptshsyj.gov.cnx7a7a967263868.ipv6best.cn/	11	http://www.pingtan.gov.cn/	https://www.pingtan.gov.cn/zwgk/zdlyxxgk/jysy/202106/t20210618_26706.htm
http://www.eeafj.cn/	10	www.eeafj.cn	https://www.pingtan.gov.cn/zwgk/gsgg/202003/t20200310_19797.htm
http://pt.fjbz.org.cnx1e49966e33868.ipv6best.cn:8060/	9	福建省标准信息服务平台	https://www.pingtan.gov.cn/zwgk/zfxxgk/gwhwj/hzgfxwj/202505/t20250513_98968.htm
http://www.acas.org.cnx7a72966e33868.ipv6best.cn/	9	海峡两岸仲裁中心	https://www.pingtan.gov.cn/zwgk/zfxxgk/gwhwj/hzgfxwj/202505/t20250513_98968.htm
https://27-151-80-61xe076966e33868xx.ipv6best.cn:91/#/double-publicity-info	9	信用平潭	https://www.pingtan.gov.cn/zwgk/zfxxgk/gwhwj/hzgfxwj/202505/t20250513_98968.htm
https://bszs-conac-cnxe103966e33868xx.ipv6best.cn/sitename?method=show&amp;id=21E2BB13660E0D66E053012819ACFD9D	9		https://www.pingtan.gov.cn/zwgk/zfxxgk/gwhwj/hzgfxwj/202505/t20250513_98968.htm
https://credit-xm-gov-cnxd4a4966e33868xx.ipv6best.cn/	9	信用厦门	https://www.pingtan.gov.cn/zwgk/zfxxgk/gwhwj/hzgfxwj/202505/t20250513_98968.htm
https://fjrb-fjdaily-comx2d93966e33868xx.ipv6best.cn/pc/col/202311/02/node_01.html	9	福建日报	https://www.pingtan.gov.cn/zwgk/zfxxgk/gwhwj/hzgfxwj/202505/t20250513_98968.htm
https://www-beian-gov-cnx45c8966e33868xx.ipv6best.cn/portal/registerSystemInfo?recordcode=35012899001-19002	9	公安备案号：35012899001-19002	https://www.pingtan.gov.cn/zwgk/zfxxgk/gwhwj/hzgfxwj/202505/t20250513_98968.htm
http://www.1721277495@qq.com/	8	www.980624682@qq.com	https://www.pingtan.gov.cn/zwgk/gsgg/202201/t20220127_30242.htm
http://www.5ykj.com/Article/	8	领导	https://www.pingtan.gov.cn/zwgk/zdlyxxgk/czzj/bmyjsgk/bmysgk/201710/t20171013_7851.htm
http://220.160.52.164.9001x9209968493868.ipv6best.cn/#/%EF%BC%89%E7%99%BB%E8%AE%B0%E3%80%82	6	http://220.160.52.164:9001/#/）登记。	https://www.pingtan.gov.cn/zwgk/zfxxgk/dfbmptlj/ptzhsyqbm/ptzhsyqhzs/fdzdgknr/zdjsxmdpzh/202001/t20200103_72273.htm
http://pt.fjbz.org.cnx1e49968273868.ipv6best.cn:8060/	6	福建省标准信息服务平台	https://www.pingtan.gov.cn/zwgk/zfxxgk/dfbmptlj/ptzhsyqbm/ptzhsyqnyn/fdzdgknr/qtyzdgkdzf/202412/t20241226_96285.htm
http://toupiao.www.gov.cn/100dudian/index.htm	6	群众办事百项堵点疏解行动”第二季http://toupiao.www.gov.cn/100dudian/index.htm	https://www.pingtan.gov.cn/zwgk/gsgg/201804/t20180426_9524.htm
http://www.acas.org.cnx7a72968273868.ipv6best.cn/	6	海峡两岸仲裁中心	https://www.pingtan.gov.cn/zwgk/zfxxgk/dfbmptlj/ptzhsyqbm/ptzhsyqnyn/fdzdgknr/qtyzdgkdzf/202412/t20241226_96285.htm
https://27-151-80-61xe076968273868xx.ipv6best.cn:91/#/double-publicity-info	6	信用平潭	https://www.pingtan.gov.cn/zwgk/zfxxgk/dfbmptlj/ptzhsyqbm/ptzhsyqnyn/fdzdgknr/qtyzdgkdzf/202412/t20241226_96285.htm
https://bszs-conac-cnxe103968273868xx.ipv6best.cn/sitename?method=show&amp;id=21E2BB13660E0D66E053012819ACFD9D	6		https://www.pingtan.gov.cn/zwgk/zfxxgk/dfbmptlj/ptzhsyqbm/ptzhsyqnyn/fdzdgknr/qtyzdgkdzf/202412/t20241226_96285.htm
https://credit-xm-gov-cnxd4a4968273868xx.ipv6best.cn/	6	信用厦门	https://www.pingtan.gov.cn/zwgk/zfxxgk/dfbmptlj/ptzhsyqbm/ptzhsyqnyn/fdzdgknr/qtyzdgkdzf/202412/t20241226_96285.htm
https://fjrb-fjdaily-comx2d93968273868xx.ipv6best.cn/pc/col/202311/02/node_01.html	6	福建日报	https://www.pingtan.gov.cn/zwgk/zfxxgk/dfbmptlj/ptzhsyqbm/ptzhsyqnyn/fdzdgknr/qtyzdgkdzf/202412/t20241226_96285.htm
https://www-beian-gov-cnx45c8968273868xx.ipv6best.cn/portal/registerSystemInfo?recordcode=35012899001-19002	6	公安备案号：35012899001-19002	https://www.pingtan.gov.cn/zwgk/zfxxgk/dfbmptlj/ptzhsyqbm/ptzhsyqnyn/fdzdgknr/qtyzdgkdzf/202412/t20241226_96285.htm
http://fjqj.fjjl.net/	4	http://fjqj.fjjl.net/	https://www.pingtan.gov.cn/zwgk/gsgg/201912/t20191218_18446.htm
http://pt.fjbz.org.cnx1e499683d3868.ipv6best.cn:8060/	4	福建省标准信息服务平台	https://www.pingtan.gov.cn/zwgk/zfxxgk/dfbmptlj/ptzhsyqbm/ptzhsyqnyn/fdzdgknr/qtyzdgkdzf/202106/t20210601_73573.htm
http://rst.fujian.gov.cn/	4	http://rst.fujian.gov.cn/	https://www.pingtan.gov.cn/zwgk/zdlyxxgk/jysy/202402/t20240222_87444.htm
http://www.acas.org.cnx7a729683d3868.ipv6best.cn/	4	海峡两岸仲裁中心	https://www.pingtan.gov.cn/zwgk/zfxxgk/dfbmptlj/ptzhsyqbm/ptzhsyqnyn/fdzdgknr/qtyzdgkdzf/202106/t20210601_73573.htm
http://www.fjbid.gov.cnxf9119686f3868.ipv6best.cn/	4	http://www.fjbid.gov.cn/	https://www.pingtan.gov.cn/zwgk/zfxxgk/dfbmptlj/ptzhsyqbm/ptzhsyqjjf/fdzdgknr/hzxkdsxyjt/201112/t20111202_53836.htm
http://www.gzdj.gov.cn/	4	http://www.pingtan.gov.cn	https://www.pingtan.gov.cn/zwgk/gsgg/201503/t20150312_1329.htm
http://www.ptjj.gov.cnxe53c9681b3868.ipv6best.cn/	4	www.ptjj.gov.cn	https://www.pingtan.gov.cn/zwgk/ztzl/jtyjs/gzdthxxgs/201610/t20161013_5728.htm
http://www.ptjj.gov.cnxe53c968223868.ipv6best.cn/	4	www.ptjj.gov.cn	https://www.pingtan.gov.cn/zwgk/ztzl/jtyjs/gzdthxxgs/201603/t20160329_3890.htm
http://www.ptshsyj.gov.cnx7a7a967273868.ipv6best.cn/	4	http://www.pingtan.gov.cn/	https://www.pingtan.gov.cn/zwgk/zdlyxxgk/jysy/202108/t20210806_27488.htm
http://www.pttourism.comx0c1e966ce3868.ipv6best.cn/news.aspx?cateid=9	4	http://www.pttourism.com/news.aspx?cateid=9	https://www.pingtan.gov.cn/zwgk/gsgg/202007/t20200706_21661.htm
https://27-151-80-61xe0769683d3868xx.ipv6best.cn:91/#/double-publicity-info	4	信用平潭	https://www.pingtan.gov.cn/zwgk/zfxxgk/dfbmptlj/ptzhsyqbm/ptzhsyqnyn/fdzdgknr/qtyzdgkdzf/202106/t20210601_73573.htm
https://bszs-conac-cnxe1039683d3868xx.ipv6best.cn/sitename?method=show&amp;id=21E2BB13660E0D66E053012819ACFD9D	4		https://www.pingtan.gov.cn/zwgk/zfxxgk/dfbmptlj/ptzhsyqbm/ptzhsyqnyn/fdzdgknr/qtyzdgkdzf/202106/t20210601_73573.htm
https://credit-xm-gov-cnxd4a49683d3868xx.ipv6best.cn/	4	信用厦门	https://www.pingtan.gov.cn/zwgk/zfxxgk/dfbmptlj/ptzhsyqbm/ptzhsyqnyn/fdzdgknr/qtyzdgkdzf/202106/t20210601_73573.htm
https://fjrb-fjdaily-comx2d939683d3868xx.ipv6best.cn/pc/col/202311/02/node_01.html	4	福建日报	https://www.pingtan.gov.cn/zwgk/zfxxgk/dfbmptlj/ptzhsyqbm/ptzhsyqnyn/fdzdgknr/qtyzdgkdzf/202106/t20210601_73573.htm
https://www-beian-gov-cnx45c89683d3868xx.ipv6best.cn/portal/registerSystemInfo?recordcode=35012899001-19002	4	公安备案号：35012899001-19002	https://www.pingtan.gov.cn/zwgk/zfxxgk/dfbmptlj/ptzhsyqbm/ptzhsyqnyn/fdzdgknr/qtyzdgkdzf/202106/t20210601_73573.htm
https://www.baidu.com/s?wd=%E7%A4%BE%E4%BC%9A%E5%9C%A8%E8%81%8C%E4%BA%BA%E5%91%98&amp;tn=44039180_cpr&amp;fenlei=mv6quAkxTZn0IZRqIHckPjm4nH00T1Y3nvN9mHm4mW6duW-bPHTv0ZwV5Hcvrjm3rH6sPfKWUMw85HfYnjn4nH6sgvPsT6KdThsqpZwYTjCEQLGCpyw9Uz4Bmy-bIi4WUvYETgN-TLwGUv3EPWfLP10dPWDzPjb4PH6dPj0d	4	社会在职人员	https://www.pingtan.gov.cn/zwgk/ztzl/rlzyygwygl/gzdtjxxgk/201712/t20171215_8551.htm
https://www.mem.gov.cn/gk/zfxxgkpt/fdzdgknr/202104/W020210429538039661068.docx	4	1.金井片区“安全生产月”活动进展情况统计表	https://www.pingtan.gov.cn/zwgk/zdlyxxgk/aqsc_1/xgwj/202107/t20210713_27116.htm
https://www.mem.gov.cn/gk/zfxxgkpt/fdzdgknr/202104/W020210429538039696883.docx	4	2.各处室“安全生产月”活动联络员反馈表	https://www.pingtan.gov.cn/zwgk/zdlyxxgk/aqsc_1/xgwj/202107/t20210713_27116.htm
http://172.23.0.10x5ea8968123868.ipv6best.cn:1011/law/page/secondbrw.cbs?rid=1&amp;order=2&amp;result=c%3A%5Ctemp%5Ctbs%5CB28B568%2Etmp&amp;page=allindex&amp;f=&amp;field=&amp;transword=++%CA%B3%C6%B7%B0%B2%C8%AB%B7%A8&amp;dkall=1	3	中华人民共和国产品质量法	https://www.pingtan.gov.cn/zwgk/ztzl/hzzfgs/shgk/201810/t20181023_11229.htm
http://baike.baidu.com/subview/102855/5080095.htm	3	中华人民共和国行政处罚法	https://www.pingtan.gov.cn/zwgk/zfxxgk/dfbmptlj/ptzhsyqbm/ptzhsyqgwh/fdzdgknr/hzgfxwj/201803/t20180306_79884.htm
http://baike.baidu.com/view/2520943.htm	3	地热水	https://www.pingtan.gov.cn/zwgk/zfxxgk/gwhwj/hzgfxwj/201610/t20161024_79678.htm
http://baike.baidu.com/view/2769402.htm	3	中华人民共和国行政强制法	https://www.pingtan.gov.cn/zwgk/zfxxgk/dfbmptlj/ptzhsyqbm/ptzhsyqgwh/fdzdgknr/hzgfxwj/201803/t20180306_79884.htm
http://baike.baidu.com/view/35726.htm	3	矿泉水	https://www.pingtan.gov.cn/zwgk/zfxxgk/gwhwj/hzgfxwj/201610/t20161024_79678.htm
http://baike.baidu.com/view/593053.htm	3	行政区域	https://www.pingtan.gov.cn/zwgk/zfxxgk/dfbmptlj/ptzhsyqbm/ptzhsyqgwh/fdzdgknr/hzgfxwj/201803/t20180306_79884.htm
http://czt.fujian.gov.cn/zfxxgkzl/zfxxgkml/gfxwj/gyzchfsgl/201612/t20161218_4566767.htm	3	《福建省财政厅关于调整省级行政事业单位通用办公设备和办公家具购置费预算标准的通知》（闽财资〔	https://www.pingtan.gov.cn/zwgk/zdlyxxgk/czzj/zxzjgk/201910/t20191021_18987.htm
http://system.fjjs.gov.cnxf2a2968223868.ipv6best.cn/Green/Pages/DeclareCompanyDetail.aspx?type=0&amp;ApplicationRecordID=175111	3	企业基本信息	https://www.pingtan.gov.cn/zwgk/ztzl/jtyjs/gzdthxxgs/201601/t20160129_3345.htm
http://www.baidu.com/link?url=5M8V2XhGLAyReyVy2c_w9S8Ep8tJhqAwgw3p726o9YLXYm7DNQsXpNKcJzNvoZzq	3	平潭综合实验区交通与建设局	https://www.pingtan.gov.cn/zwgk/gsgg/201711/t20171115_8288.htm
http://www.baidu.com/link?url=OpOifrUUb_HephnlCR5Djax7EGz8sNub_O89KjiVsBb3laMS0TT3G88WI9g8CWkEiR2KxdooJ-vA-4U25PWa1bmFO1sHRTl122vsoLf9RsO	3	提炼推广先进做法	https://www.pingtan.gov.cn/zwgk/zdlyxxgk/aqsc_1/aqjc/202005/t20200506_24187.htm
http://www.ccgp.gov.cn/	3	www.ccgp.gov.cn	https://www.pingtan.gov.cn/zwgk/zdlyxxgk/ggtywh/tzgg/202510/t20251029_102316.htm
http://www.hangzhou.gov.cn/module/download/downfile.jsp?classid=0&amp;filename=3edc43a16aa54c7a9839f253e60c5525.docx	3	《平潭年鉴（2022）》编纂人员名	https://www.pingtan.gov.cn/zwgk/zfxxgk/dfbmptlj/ptzhsyqbm/ptzhsyqgwh/fdzdgknr/gzdt/202104/t20210422_73829.htm
http://www.hangzhou.gov.cn/module/download/downfile.jsp?classid=0&amp;filename=8ffcaee811364a84bdb659ef3ccec75a.doc	3	《平潭年鉴（2022）》编写大纲	https://www.pingtan.gov.cn/zwgk/zfxxgk/dfbmptlj/ptzhsyqbm/ptzhsyqgwh/fdzdgknr/gzdt/202104/t20210422_73829.htm
http://www.jszg.edu.cnx2667967323868.ipv6best.cn/	3	www.jszg.edu.cn	https://www.pingtan.gov.cn/zwgk/zdlyxxgk/jysy/202204/t20220415_33044.htm
http://www.jszg.edu.cnx2667967383868.ipv6best.cn/	3	www.jszg.edu.cn	https://www.pingtan.gov.cn/zwgk/zdlyxxgk/jysy/202204/t20220415_33063.htm
http://www.jszg.edu.cnx2667967513868.ipv6best.cn/	3	www.jszg.edu.cn	https://www.pingtan.gov.cn/zwgk/zdlyxxgk/jysy/201610/t20161017_5739.htm
http://www.mee.gov.cn/xxgk2018/xxgk/xxgk06/201907/W020190731528577455135.pdf	3	编码登记技术要求	https://www.pingtan.gov.cn/zwgk/gsgg/201911/t20191104_16619.htm
http://www.mnw.cn/news/pingtan/	3	平潭综合实验区	https://www.pingtan.gov.cn/zwgk/ztzl/zmsgzl/202506/t20250625_99839.htm
http://www.ptjj.gov.cnxe53c968163868.ipv6best.cn/	3	www.ptjj.gov.cn	https://www.pingtan.gov.cn/zwgk/ztzl/jtyjs/gzdthxxgs/201707/t20170719_7484.htm
http://www.ptshsyj.gov.cnx7a7a967113868.ipv6best.cn/	3	http://www.pingtan.gov.cn/	https://www.pingtan.gov.cn/zwgk/zdlyxxgk/jysy/202306/t20230610_47198.htm
http://www.ptshsyj.gov.cnx7a7a9671e3868.ipv6best.cn/	3	http://www.pingtan.gov.cn/	https://www.pingtan.gov.cn/zwgk/zdlyxxgk/jysy/202203/t20220322_32444.htm
http://www.ptshsyj.gov.cnx7a7a967303868.ipv6best.cn/	3	http://www.pingtan.gov.cn/	https://www.pingtan.gov.cn/zwgk/zdlyxxgk/jysy/202204/t20220415_33028.htm
http://www.pttourism.comx0c1e966d23868.ipv6best.cn/news.aspx?cateid=9	3	http://www.pttourism.com/	https://www.pingtan.gov.cn/zwgk/gsgg/202003/t20200312_19838.htm
https://baike.baidu.com/item/%E5%90%88%E6%B3%95%E6%9D%83%E7%9B%8A	3	合法权益	https://www.pingtan.gov.cn/zwgk/zdlyxxgk/bzxzf/202203/t20220316_32177.htm
https://baike.baidu.com/item/%E5%95%86%E5%93%81%E4%BD%8F%E5%AE%85	3	商品住宅	https://www.pingtan.gov.cn/zwgk/zdlyxxgk/bzxzf/202203/t20220316_32177.htm
https://lead.fjippc.xn--com),,,-cu3kok37bd2am1ah78aga41bk9g8c139d5jaja607u7bb24vhybna842joa273ax2a92i0t3boaee458hx9qvlphkica8476etmybya123kuaf655q1a042e2a1746c3a014pmfwdkas5atzd5cn50hcba7811gxa1059e898aza10kza52x64b1a1590q.xn--ihqplr4lbmx7xoj33b./	3	将纸质申报材料一式两份提交至平潭综合实验区市场监督管理局进行审核。逾期不予受理。	https://www.pingtan.gov.cn/zwgk/zfxxgk/dfbmptlj/ptzhsyqbm/ptzhsyqscj/fdzdgknr/gzdt/202507/t20250722_100487.htm
https://www.baidu.com/link?url=aLe6yLH3Vxzay1GzWCjdPb-sKQnuzlflllasjTvAnjm&wd=&eqid=9f1898ea002726aa0000000665307525	3	我区国有企业（平潭综合实验区实业发展集团有限公司）	https://www.pingtan.gov.cn/zwgk/zfxxgk/dfbmptlj/ptzhsyqbm/ptzhsyqshs/fdzdgknr/shjzywjyyl/202406/t20240628_91458.htm
https://wx2.qq.com/cgi-bin/mmwebwx-bin/webwxcheckurl?requrl=https%3A%2F%2Fmp.weixin.qq.com%2Fs%2FPJqbKMLxOi-23U0tKGUXBQ&amp;skey=%40crypt_b1717847_dc28688feac0e6ca8c234be0568d1d22&amp;deviceid=e323852076257237&amp;pass_ticket=c2eMdtyQvfCIbbtbYE%252BX85l3WgLUTfexCi%252BvstEBYVN%252FW8hG%252BgiDGZgelNA4TdNO&amp;opcode=2&amp;scene=1&amp;username=@d3be6dd65ad17fa46feed60b295a702307f38ed89ba7b29eeaae27d517983a01	3	https://mp.weixin.qq.com/s/PJqbKMLxOi-23U0tKGUXBQ	https://www.pingtan.gov.cn/zwgk/zdlyxxgk/snbt/202211/t20221122_41101.htm
c:\Users\lenovo\Desktop\javascript:browIc(	2	平潭综合实验区中保供应链管理有限公司（全民健身中心）	https://www.pingtan.gov.cn/zwgk/zdlyxxgk/ssjygk/sjccjg/202508/t20250812_100870.htm
file://///https:/baike.sogou.com/lemma/ShowInnerLink.htm%3flemmaId=42591&amp;ss_c=ssc.citiao.link	2	基础设施建设	https://www.pingtan.gov.cn/zwgk/zxwj/qgwhwj/202005/t20200511_20701.htm
file://///https:/baike.sogou.com/lemma/ShowInnerLink.htm%3flemmaId=47230988&amp;ss_c=ssc.citiao.link	2	限时免费	https://www.pingtan.gov.cn/zwgk/zxwj/qgwhwj/202005/t20200511_20701.htm
file:///C:/Users/Administrator/Desktop/%E5%B9%B3%E6%BD%AD%E7%BB%BC%E5%90%88%E5%AE%9E%E9%AA%8C%E5%8C%BA%E7%BB%8F%E6%B5%8E%E5%8F%91%E5%B1%95%E5%B1%80%E5%85%B3%E4%BA%8E%E5%85%AC%E5%BC%80%E5%BE%81%E6%B1%82%E3%80%8A%E5%B9%B3%E6%BD%AD%E7%BB%BC%E5%90%88%E5%AE%9E%E9%AA%8C%E5%8C%BA%E2%80%9C%E4%B8%80%E8%80%81%E4%B8%80%E5%B0%8F%E2%80%9D%E6%95%B4%E4%BD%93%E8%A7%A3%E5%86%B3%E6%96%B9%E6%A1%88%EF%BC%88%E5%BE%81%E6%B1%82%E6%84%8F%E8%A7%81%E7%A8%BF%EF%BC%89%E3%80%8B%E6%84%8F%E8%A7%81%E5%BB%BA%E8%AE%AE%E7%9A%84%E5%85%AC%E5%91%8A.doc#_Toc10078	2	二、发展目标 ？PAGEREF _Toc10078 \h 6	https://www.pingtan.gov.cn/zwgk/gsgg/202305/t20230512_46450.htm
file:///C:/Users/Administrator/Desktop/%E5%B9%B3%E6%BD%AD%E7%BB%BC%E5%90%88%E5%AE%9E%E9%AA%8C%E5%8C%BA%E7%BB%8F%E6%B5%8E%E5%8F%91%E5%B1%95%E5%B1%80%E5%85%B3%E4%BA%8E%E5%85%AC%E5%BC%80%E5%BE%81%E6%B1%82%E3%80%8A%E5%B9%B3%E6%BD%AD%E7%BB%BC%E5%90%88%E5%AE%9E%E9%AA%8C%E5%8C%BA%E2%80%9C%E4%B8%80%E8%80%81%E4%B8%80%E5%B0%8F%E2%80%9D%E6%95%B4%E4%BD%93%E8%A7%A3%E5%86%B3%E6%96%B9%E6%A1%88%EF%BC%88%E5%BE%81%E6%B1%82%E6%84%8F%E8%A7%81%E7%A8%BF%EF%BC%89%E3%80%8B%E6%84%8F%E8%A7%81%E5%BB%BA%E8%AE%AE%E7%9A%84%E5%85%AC%E5%91%8A.doc#_Toc1041	2	平潭综合实验区“一老一小”重大项目清单 ？PAGEREF _Toc1041 \h 18	https://www.pingtan.gov.cn/zwgk/gsgg/202305/t20230512_46450.htm
file:///C:/Users/Administrator/Desktop/%E5%B9%B3%E6%BD%AD%E7%BB%BC%E5%90%88%E5%AE%9E%E9%AA%8C%E5%8C%BA%E7%BB%8F%E6%B5%8E%E5%8F%91%E5%B1%95%E5%B1%80%E5%85%B3%E4%BA%8E%E5%85%AC%E5%BC%80%E5%BE%81%E6%B1%82%E3%80%8A%E5%B9%B3%E6%BD%AD%E7%BB%BC%E5%90%88%E5%AE%9E%E9%AA%8C%E5%8C%BA%E2%80%9C%E4%B8%80%E8%80%81%E4%B8%80%E5%B0%8F%E2%80%9D%E6%95%B4%E4%BD%93%E8%A7%A3%E5%86%B3%E6%96%B9%E6%A1%88%EF%BC%88%E5%BE%81%E6%B1%82%E6%84%8F%E8%A7%81%E7%A8%BF%EF%BC%89%E3%80%8B%E6%84%8F%E8%A7%81%E5%BB%BA%E8%AE%AE%E7%9A%84%E5%85%AC%E5%91%8A.doc#_Toc10538	2	（十五）专业人才培养 ？PAGEREF _Toc10538 \h 16	https://www.pingtan.gov.cn/zwgk/gsgg/202305/t20230512_46450.htm
file:///C:/Users/Administrator/Desktop/%E5%B9%B3%E6%BD%AD%E7%BB%BC%E5%90%88%E5%AE%9E%E9%AA%8C%E5%8C%BA%E7%BB%8F%E6%B5%8E%E5%8F%91%E5%B1%95%E5%B1%80%E5%85%B3%E4%BA%8E%E5%85%AC%E5%BC%80%E5%BE%81%E6%B1%82%E3%80%8A%E5%B9%B3%E6%BD%AD%E7%BB%BC%E5%90%88%E5%AE%9E%E9%AA%8C%E5%8C%BA%E2%80%9C%E4%B8%80%E8%80%81%E4%B8%80%E5%B0%8F%E2%80%9D%E6%95%B4%E4%BD%93%E8%A7%A3%E5%86%B3%E6%96%B9%E6%A1%88%EF%BC%88%E5%BE%81%E6%B1%82%E6%84%8F%E8%A7%81%E7%A8%BF%EF%BC%89%E3%80%8B%E6%84%8F%E8%A7%81%E5%BB%BA%E8%AE%AE%E7%9A%84%E5%85%AC%E5%91%8A.doc#_Toc12323	2	（十二）加强规划用地保障 ？PAGEREF _Toc12323 \h 14	https://www.pingtan.gov.cn/zwgk/gsgg/202305/t20230512_46450.htm
file:///C:/Users/Administrator/Desktop/%E5%B9%B3%E6%BD%AD%E7%BB%BC%E5%90%88%E5%AE%9E%E9%AA%8C%E5%8C%BA%E7%BB%8F%E6%B5%8E%E5%8F%91%E5%B1%95%E5%B1%80%E5%85%B3%E4%BA%8E%E5%85%AC%E5%BC%80%E5%BE%81%E6%B1%82%E3%80%8A%E5%B9%B3%E6%BD%AD%E7%BB%BC%E5%90%88%E5%AE%9E%E9%AA%8C%E5%8C%BA%E2%80%9C%E4%B8%80%E8%80%81%E4%B8%80%E5%B0%8F%E2%80%9D%E6%95%B4%E4%BD%93%E8%A7%A3%E5%86%B3%E6%96%B9%E6%A1%88%EF%BC%88%E5%BE%81%E6%B1%82%E6%84%8F%E8%A7%81%E7%A8%BF%EF%BC%89%E3%80%8B%E6%84%8F%E8%A7%81%E5%BB%BA%E8%AE%AE%E7%9A%84%E5%85%AC%E5%91%8A.doc#_Toc1381	2	（二）发展趋势 ？PAGEREF _Toc1381 \h 5	https://www.pingtan.gov.cn/zwgk/gsgg/202305/t20230512_46450.htm
file:///C:/Users/Administrator/Desktop/%E5%B9%B3%E6%BD%AD%E7%BB%BC%E5%90%88%E5%AE%9E%E9%AA%8C%E5%8C%BA%E7%BB%8F%E6%B5%8E%E5%8F%91%E5%B1%95%E5%B1%80%E5%85%B3%E4%BA%8E%E5%85%AC%E5%BC%80%E5%BE%81%E6%B1%82%E3%80%8A%E5%B9%B3%E6%BD%AD%E7%BB%BC%E5%90%88%E5%AE%9E%E9%AA%8C%E5%8C%BA%E2%80%9C%E4%B8%80%E8%80%81%E4%B8%80%E5%B0%8F%E2%80%9D%E6%95%B4%E4%BD%93%E8%A7%A3%E5%86%B3%E6%96%B9%E6%A1%88%EF%BC%88%E5%BE%81%E6%B1%82%E6%84%8F%E8%A7%81%E7%A8%BF%EF%BC%89%E3%80%8B%E6%84%8F%E8%A7%81%E5%BB%BA%E8%AE%AE%E7%9A%84%E5%85%AC%E5%91%8A.doc#_Toc14436	2	2.深化岚台养老托育产业合作 ？PAGEREF _Toc14436 \h 14	https://www.pingtan.gov.cn/zwgk/gsgg/202305/t20230512_46450.htm
file:///C:/Users/Administrator/Desktop/%E5%B9%B3%E6%BD%AD%E7%BB%BC%E5%90%88%E5%AE%9E%E9%AA%8C%E5%8C%BA%E7%BB%8F%E6%B5%8E%E5%8F%91%E5%B1%95%E5%B1%80%E5%85%B3%E4%BA%8E%E5%85%AC%E5%BC%80%E5%BE%81%E6%B1%82%E3%80%8A%E5%B9%B3%E6%BD%AD%E7%BB%BC%E5%90%88%E5%AE%9E%E9%AA%8C%E5%8C%BA%E2%80%9C%E4%B8%80%E8%80%81%E4%B8%80%E5%B0%8F%E2%80%9D%E6%95%B4%E4%BD%93%E8%A7%A3%E5%86%B3%E6%96%B9%E6%A1%88%EF%BC%88%E5%BE%81%E6%B1%82%E6%84%8F%E8%A7%81%E7%A8%BF%EF%BC%89%E3%80%8B%E6%84%8F%E8%A7%81%E5%BB%BA%E8%AE%AE%E7%9A%84%E5%85%AC%E5%91%8A.doc#_Toc14586	2	（七）强化居家社区服务 ？PAGEREF _Toc14586 \h 11	https://www.pingtan.gov.cn/zwgk/gsgg/202305/t20230512_46450.htm
file:///C:/Users/Administrator/Desktop/%E5%B9%B3%E6%BD%AD%E7%BB%BC%E5%90%88%E5%AE%9E%E9%AA%8C%E5%8C%BA%E7%BB%8F%E6%B5%8E%E5%8F%91%E5%B1%95%E5%B1%80%E5%85%B3%E4%BA%8E%E5%85%AC%E5%BC%80%E5%BE%81%E6%B1%82%E3%80%8A%E5%B9%B3%E6%BD%AD%E7%BB%BC%E5%90%88%E5%AE%9E%E9%AA%8C%E5%8C%BA%E2%80%9C%E4%B8%80%E8%80%81%E4%B8%80%E5%B0%8F%E2%80%9D%E6%95%B4%E4%BD%93%E8%A7%A3%E5%86%B3%E6%96%B9%E6%A1%88%EF%BC%88%E5%BE%81%E6%B1%82%E6%84%8F%E8%A7%81%E7%A8%BF%EF%BC%89%E3%80%8B%E6%84%8F%E8%A7%81%E5%BB%BA%E8%AE%AE%E7%9A%84%E5%85%AC%E5%91%8A.doc#_Toc14896	2	（十六）落实优惠政策 ？PAGEREF _Toc14896 \h 16	https://www.pingtan.gov.cn/zwgk/gsgg/202305/t20230512_46450.htm
file:///C:/Users/Administrator/Desktop/%E5%B9%B3%E6%BD%AD%E7%BB%BC%E5%90%88%E5%AE%9E%E9%AA%8C%E5%8C%BA%E7%BB%8F%E6%B5%8E%E5%8F%91%E5%B1%95%E5%B1%80%E5%85%B3%E4%BA%8E%E5%85%AC%E5%BC%80%E5%BE%81%E6%B1%82%E3%80%8A%E5%B9%B3%E6%BD%AD%E7%BB%BC%E5%90%88%E5%AE%9E%E9%AA%8C%E5%8C%BA%E2%80%9C%E4%B8%80%E8%80%81%E4%B8%80%E5%B0%8F%E2%80%9D%E6%95%B4%E4%BD%93%E8%A7%A3%E5%86%B3%E6%96%B9%E6%A1%88%EF%BC%88%E5%BE%81%E6%B1%82%E6%84%8F%E8%A7%81%E7%A8%BF%EF%BC%89%E3%80%8B%E6%84%8F%E8%A7%81%E5%BB%BA%E8%AE%AE%E7%9A%84%E5%85%AC%E5%91%8A.doc#_Toc15183	2	（十三）加强消防安全管理 ？PAGEREF _Toc15183 \h 15	https://www.pingtan.gov.cn/zwgk/gsgg/202305/t20230512_46450.htm
file:///C:/Users/Administrator/Desktop/%E5%B9%B3%E6%BD%AD%E7%BB%BC%E5%90%88%E5%AE%9E%E9%AA%8C%E5%8C%BA%E7%BB%8F%E6%B5%8E%E5%8F%91%E5%B1%95%E5%B1%80%E5%85%B3%E4%BA%8E%E5%85%AC%E5%BC%80%E5%BE%81%E6%B1%82%E3%80%8A%E5%B9%B3%E6%BD%AD%E7%BB%BC%E5%90%88%E5%AE%9E%E9%AA%8C%E5%8C%BA%E2%80%9C%E4%B8%80%E8%80%81%E4%B8%80%E5%B0%8F%E2%80%9D%E6%95%B4%E4%BD%93%E8%A7%A3%E5%86%B3%E6%96%B9%E6%A1%88%EF%BC%88%E5%BE%81%E6%B1%82%E6%84%8F%E8%A7%81%E7%A8%BF%EF%BC%89%E3%80%8B%E6%84%8F%E8%A7%81%E5%BB%BA%E8%AE%AE%E7%9A%84%E5%85%AC%E5%91%8A.doc#_Toc15993	2	三、重点任务 ？PAGEREF _Toc15993 \h 9	https://www.pingtan.gov.cn/zwgk/gsgg/202305/t20230512_46450.htm
file:///C:/Users/Administrator/Desktop/%E5%B9%B3%E6%BD%AD%E7%BB%BC%E5%90%88%E5%AE%9E%E9%AA%8C%E5%8C%BA%E7%BB%8F%E6%B5%8E%E5%8F%91%E5%B1%95%E5%B1%80%E5%85%B3%E4%BA%8E%E5%85%AC%E5%BC%80%E5%BE%81%E6%B1%82%E3%80%8A%E5%B9%B3%E6%BD%AD%E7%BB%BC%E5%90%88%E5%AE%9E%E9%AA%8C%E5%8C%BA%E2%80%9C%E4%B8%80%E8%80%81%E4%B8%80%E5%B0%8F%E2%80%9D%E6%95%B4%E4%BD%93%E8%A7%A3%E5%86%B3%E6%96%B9%E6%A1%88%EF%BC%88%E5%BE%81%E6%B1%82%E6%84%8F%E8%A7%81%E7%A8%BF%EF%BC%89%E3%80%8B%E6%84%8F%E8%A7%81%E5%BB%BA%E8%AE%AE%E7%9A%84%E5%85%AC%E5%91%8A.doc#_Toc16291	2	（一）发展基础 ？PAGEREF _Toc16291 \h 5	https://www.pingtan.gov.cn/zwgk/gsgg/202305/t20230512_46450.htm
file:///C:/Users/Administrator/Desktop/%E5%B9%B3%E6%BD%AD%E7%BB%BC%E5%90%88%E5%AE%9E%E9%AA%8C%E5%8C%BA%E7%BB%8F%E6%B5%8E%E5%8F%91%E5%B1%95%E5%B1%80%E5%85%B3%E4%BA%8E%E5%85%AC%E5%BC%80%E5%BE%81%E6%B1%82%E3%80%8A%E5%B9%B3%E6%BD%AD%E7%BB%BC%E5%90%88%E5%AE%9E%E9%AA%8C%E5%8C%BA%E2%80%9C%E4%B8%80%E8%80%81%E4%B8%80%E5%B0%8F%E2%80%9D%E6%95%B4%E4%BD%93%E8%A7%A3%E5%86%B3%E6%96%B9%E6%A1%88%EF%BC%88%E5%BE%81%E6%B1%82%E6%84%8F%E8%A7%81%E7%A8%BF%EF%BC%89%E3%80%8B%E6%84%8F%E8%A7%81%E5%BB%BA%E8%AE%AE%E7%9A%84%E5%85%AC%E5%91%8A.doc#_Toc16477	2	2.完善社区托育服务 ？PAGEREF _Toc16477 \h 11	https://www.pingtan.gov.cn/zwgk/gsgg/202305/t20230512_46450.htm
file:///C:/Users/Administrator/Desktop/%E5%B9%B3%E6%BD%AD%E7%BB%BC%E5%90%88%E5%AE%9E%E9%AA%8C%E5%8C%BA%E7%BB%8F%E6%B5%8E%E5%8F%91%E5%B1%95%E5%B1%80%E5%85%B3%E4%BA%8E%E5%85%AC%E5%BC%80%E5%BE%81%E6%B1%82%E3%80%8A%E5%B9%B3%E6%BD%AD%E7%BB%BC%E5%90%88%E5%AE%9E%E9%AA%8C%E5%8C%BA%E2%80%9C%E4%B8%80%E8%80%81%E4%B8%80%E5%B0%8F%E2%80%9D%E6%95%B4%E4%BD%93%E8%A7%A3%E5%86%B3%E6%96%B9%E6%A1%88%EF%BC%88%E5%BE%81%E6%B1%82%E6%84%8F%E8%A7%81%E7%A8%BF%EF%BC%89%E3%80%8B%E6%84%8F%E8%A7%81%E5%BB%BA%E8%AE%AE%E7%9A%84%E5%85%AC%E5%91%8A.doc#_Toc16545	2	1.建设综合型养老服务机构 ？PAGEREF _Toc16545 \h 11	https://www.pingtan.gov.cn/zwgk/gsgg/202305/t20230512_46450.htm
file:///C:/Users/Administrator/Desktop/%E5%B9%B3%E6%BD%AD%E7%BB%BC%E5%90%88%E5%AE%9E%E9%AA%8C%E5%8C%BA%E7%BB%8F%E6%B5%8E%E5%8F%91%E5%B1%95%E5%B1%80%E5%85%B3%E4%BA%8E%E5%85%AC%E5%BC%80%E5%BE%81%E6%B1%82%E3%80%8A%E5%B9%B3%E6%BD%AD%E7%BB%BC%E5%90%88%E5%AE%9E%E9%AA%8C%E5%8C%BA%E2%80%9C%E4%B8%80%E8%80%81%E4%B8%80%E5%B0%8F%E2%80%9D%E6%95%B4%E4%BD%93%E8%A7%A3%E5%86%B3%E6%96%B9%E6%A1%88%EF%BC%88%E5%BE%81%E6%B1%82%E6%84%8F%E8%A7%81%E7%A8%BF%EF%BC%89%E3%80%8B%E6%84%8F%E8%A7%81%E5%BB%BA%E8%AE%AE%E7%9A%84%E5%85%AC%E5%91%8A.doc#_Toc17003	2	1.提高居家社区养老服务水平 ？PAGEREF _Toc17003 \h 11	https://www.pingtan.gov.cn/zwgk/gsgg/202305/t20230512_46450.htm
file:///C:/Users/Administrator/Desktop/%E5%B9%B3%E6%BD%AD%E7%BB%BC%E5%90%88%E5%AE%9E%E9%AA%8C%E5%8C%BA%E7%BB%8F%E6%B5%8E%E5%8F%91%E5%B1%95%E5%B1%80%E5%85%B3%E4%BA%8E%E5%85%AC%E5%BC%80%E5%BE%81%E6%B1%82%E3%80%8A%E5%B9%B3%E6%BD%AD%E7%BB%BC%E5%90%88%E5%AE%9E%E9%AA%8C%E5%8C%BA%E2%80%9C%E4%B8%80%E8%80%81%E4%B8%80%E5%B0%8F%E2%80%9D%E6%95%B4%E4%BD%93%E8%A7%A3%E5%86%B3%E6%96%B9%E6%A1%88%EF%BC%88%E5%BE%81%E6%B1%82%E6%84%8F%E8%A7%81%E7%A8%BF%EF%BC%89%E3%80%8B%E6%84%8F%E8%A7%81%E5%BB%BA%E8%AE%AE%E7%9A%84%E5%85%AC%E5%91%8A.doc#_Toc17103	2	表3 “十四五”托位数分年度目标表 ？PAGEREF _Toc17103 \h 9	https://www.pingtan.gov.cn/zwgk/gsgg/202305/t20230512_46450.htm
file:///C:/Users/Administrator/Desktop/%E5%B9%B3%E6%BD%AD%E7%BB%BC%E5%90%88%E5%AE%9E%E9%AA%8C%E5%8C%BA%E7%BB%8F%E6%B5%8E%E5%8F%91%E5%B1%95%E5%B1%80%E5%85%B3%E4%BA%8E%E5%85%AC%E5%BC%80%E5%BE%81%E6%B1%82%E3%80%8A%E5%B9%B3%E6%BD%AD%E7%BB%BC%E5%90%88%E5%AE%9E%E9%AA%8C%E5%8C%BA%E2%80%9C%E4%B8%80%E8%80%81%E4%B8%80%E5%B0%8F%E2%80%9D%E6%95%B4%E4%BD%93%E8%A7%A3%E5%86%B3%E6%96%B9%E6%A1%88%EF%BC%88%E5%BE%81%E6%B1%82%E6%84%8F%E8%A7%81%E7%A8%BF%EF%BC%89%E3%80%8B%E6%84%8F%E8%A7%81%E5%BB%BA%E8%AE%AE%E7%9A%84%E5%85%AC%E5%91%8A.doc#_Toc17682	2	1.强化养老服务兜底保障 ？PAGEREF _Toc17682 \h 9	https://www.pingtan.gov.cn/zwgk/gsgg/202305/t20230512_46450.htm
file:///C:/Users/Administrator/Desktop/%E5%B9%B3%E6%BD%AD%E7%BB%BC%E5%90%88%E5%AE%9E%E9%AA%8C%E5%8C%BA%E7%BB%8F%E6%B5%8E%E5%8F%91%E5%B1%95%E5%B1%80%E5%85%B3%E4%BA%8E%E5%85%AC%E5%BC%80%E5%BE%81%E6%B1%82%E3%80%8A%E5%B9%B3%E6%BD%AD%E7%BB%BC%E5%90%88%E5%AE%9E%E9%AA%8C%E5%8C%BA%E2%80%9C%E4%B8%80%E8%80%81%E4%B8%80%E5%B0%8F%E2%80%9D%E6%95%B4%E4%BD%93%E8%A7%A3%E5%86%B3%E6%96%B9%E6%A1%88%EF%BC%88%E5%BE%81%E6%B1%82%E6%84%8F%E8%A7%81%E7%A8%BF%EF%BC%89%E3%80%8B%E6%84%8F%E8%A7%81%E5%BB%BA%E8%AE%AE%E7%9A%84%E5%85%AC%E5%91%8A.doc#_Toc17824	2	（九）积极发展老年大学 ？PAGEREF _Toc17824 \h 12	https://www.pingtan.gov.cn/zwgk/gsgg/202305/t20230512_46450.htm
file:///C:/Users/Administrator/Desktop/%E5%B9%B3%E6%BD%AD%E7%BB%BC%E5%90%88%E5%AE%9E%E9%AA%8C%E5%8C%BA%E7%BB%8F%E6%B5%8E%E5%8F%91%E5%B1%95%E5%B1%80%E5%85%B3%E4%BA%8E%E5%85%AC%E5%BC%80%E5%BE%81%E6%B1%82%E3%80%8A%E5%B9%B3%E6%BD%AD%E7%BB%BC%E5%90%88%E5%AE%9E%E9%AA%8C%E5%8C%BA%E2%80%9C%E4%B8%80%E8%80%81%E4%B8%80%E5%B0%8F%E2%80%9D%E6%95%B4%E4%BD%93%E8%A7%A3%E5%86%B3%E6%96%B9%E6%A1%88%EF%BC%88%E5%BE%81%E6%B1%82%E6%84%8F%E8%A7%81%E7%A8%BF%EF%BC%89%E3%80%8B%E6%84%8F%E8%A7%81%E5%BB%BA%E8%AE%AE%E7%9A%84%E5%85%AC%E5%91%8A.doc#_Toc1819	2	2.加强老年人健康管理 ？PAGEREF _Toc1819 \h 12	https://www.pingtan.gov.cn/zwgk/gsgg/202305/t20230512_46450.htm
file:///C:/Users/Administrator/Desktop/%E5%B9%B3%E6%BD%AD%E7%BB%BC%E5%90%88%E5%AE%9E%E9%AA%8C%E5%8C%BA%E7%BB%8F%E6%B5%8E%E5%8F%91%E5%B1%95%E5%B1%80%E5%85%B3%E4%BA%8E%E5%85%AC%E5%BC%80%E5%BE%81%E6%B1%82%E3%80%8A%E5%B9%B3%E6%BD%AD%E7%BB%BC%E5%90%88%E5%AE%9E%E9%AA%8C%E5%8C%BA%E2%80%9C%E4%B8%80%E8%80%81%E4%B8%80%E5%B0%8F%E2%80%9D%E6%95%B4%E4%BD%93%E8%A7%A3%E5%86%B3%E6%96%B9%E6%A1%88%EF%BC%88%E5%BE%81%E6%B1%82%E6%84%8F%E8%A7%81%E7%A8%BF%EF%BC%89%E3%80%8B%E6%84%8F%E8%A7%81%E5%BB%BA%E8%AE%AE%E7%9A%84%E5%85%AC%E5%91%8A.doc#_Toc19170	2	（十七）加强规范监管 ？PAGEREF _Toc19170 \h 17	https://www.pingtan.gov.cn/zwgk/gsgg/202305/t20230512_46450.htm
file:///C:/Users/Administrator/Desktop/%E5%B9%B3%E6%BD%AD%E7%BB%BC%E5%90%88%E5%AE%9E%E9%AA%8C%E5%8C%BA%E7%BB%8F%E6%B5%8E%E5%8F%91%E5%B1%95%E5%B1%80%E5%85%B3%E4%BA%8E%E5%85%AC%E5%BC%80%E5%BE%81%E6%B1%82%E3%80%8A%E5%B9%B3%E6%BD%AD%E7%BB%BC%E5%90%88%E5%AE%9E%E9%AA%8C%E5%8C%BA%E2%80%9C%E4%B8%80%E8%80%81%E4%B8%80%E5%B0%8F%E2%80%9D%E6%95%B4%E4%BD%93%E8%A7%A3%E5%86%B3%E6%96%B9%E6%A1%88%EF%BC%88%E5%BE%81%E6%B1%82%E6%84%8F%E8%A7%81%E7%A8%BF%EF%BC%89%E3%80%8B%E6%84%8F%E8%A7%81%E5%BB%BA%E8%AE%AE%E7%9A%84%E5%85%AC%E5%91%8A.doc#_Toc19620	2	3.推动养老服务规范发展 ？PAGEREF _Toc19620 \h 10	https://www.pingtan.gov.cn/zwgk/gsgg/202305/t20230512_46450.htm
file:///C:/Users/Administrator/Desktop/%E5%B9%B3%E6%BD%AD%E7%BB%BC%E5%90%88%E5%AE%9E%E9%AA%8C%E5%8C%BA%E7%BB%8F%E6%B5%8E%E5%8F%91%E5%B1%95%E5%B1%80%E5%85%B3%E4%BA%8E%E5%85%AC%E5%BC%80%E5%BE%81%E6%B1%82%E3%80%8A%E5%B9%B3%E6%BD%AD%E7%BB%BC%E5%90%88%E5%AE%9E%E9%AA%8C%E5%8C%BA%E2%80%9C%E4%B8%80%E8%80%81%E4%B8%80%E5%B0%8F%E2%80%9D%E6%95%B4%E4%BD%93%E8%A7%A3%E5%86%B3%E6%96%B9%E6%A1%88%EF%BC%88%E5%BE%81%E6%B1%82%E6%84%8F%E8%A7%81%E7%A8%BF%EF%BC%89%E3%80%8B%E6%84%8F%E8%A7%81%E5%BB%BA%E8%AE%AE%E7%9A%84%E5%85%AC%E5%91%8A.doc#_Toc19769	2	（三）困难挑战 ？PAGEREF _Toc19769 \h 6	https://www.pingtan.gov.cn/zwgk/gsgg/202305/t20230512_46450.htm
file:///C:/Users/Administrator/Desktop/%E5%B9%B3%E6%BD%AD%E7%BB%BC%E5%90%88%E5%AE%9E%E9%AA%8C%E5%8C%BA%E7%BB%8F%E6%B5%8E%E5%8F%91%E5%B1%95%E5%B1%80%E5%85%B3%E4%BA%8E%E5%85%AC%E5%BC%80%E5%BE%81%E6%B1%82%E3%80%8A%E5%B9%B3%E6%BD%AD%E7%BB%BC%E5%90%88%E5%AE%9E%E9%AA%8C%E5%8C%BA%E2%80%9C%E4%B8%80%E8%80%81%E4%B8%80%E5%B0%8F%E2%80%9D%E6%95%B4%E4%BD%93%E8%A7%A3%E5%86%B3%E6%96%B9%E6%A1%88%EF%BC%88%E5%BE%81%E6%B1%82%E6%84%8F%E8%A7%81%E7%A8%BF%EF%BC%89%E3%80%8B%E6%84%8F%E8%A7%81%E5%BB%BA%E8%AE%AE%E7%9A%84%E5%85%AC%E5%91%8A.doc#_Toc19774	2	（四）整体目标 ？PAGEREF _Toc19774 \h 6	https://www.pingtan.gov.cn/zwgk/gsgg/202305/t20230512_46450.htm
file:///C:/Users/Administrator/Desktop/%E5%B9%B3%E6%BD%AD%E7%BB%BC%E5%90%88%E5%AE%9E%E9%AA%8C%E5%8C%BA%E7%BB%8F%E6%B5%8E%E5%8F%91%E5%B1%95%E5%B1%80%E5%85%B3%E4%BA%8E%E5%85%AC%E5%BC%80%E5%BE%81%E6%B1%82%E3%80%8A%E5%B9%B3%E6%BD%AD%E7%BB%BC%E5%90%88%E5%AE%9E%E9%AA%8C%E5%8C%BA%E2%80%9C%E4%B8%80%E8%80%81%E4%B8%80%E5%B0%8F%E2%80%9D%E6%95%B4%E4%BD%93%E8%A7%A3%E5%86%B3%E6%96%B9%E6%A1%88%EF%BC%88%E5%BE%81%E6%B1%82%E6%84%8F%E8%A7%81%E7%A8%BF%EF%BC%89%E3%80%8B%E6%84%8F%E8%A7%81%E5%BB%BA%E8%AE%AE%E7%9A%84%E5%85%AC%E5%91%8A.doc#_Toc21438	2	1.壮大养老服务产业 ？PAGEREF _Toc21438 \h 13	https://www.pingtan.gov.cn/zwgk/gsgg/202305/t20230512_46450.htm
file:///C:/Users/Administrator/Desktop/%E5%B9%B3%E6%BD%AD%E7%BB%BC%E5%90%88%E5%AE%9E%E9%AA%8C%E5%8C%BA%E7%BB%8F%E6%B5%8E%E5%8F%91%E5%B1%95%E5%B1%80%E5%85%B3%E4%BA%8E%E5%85%AC%E5%BC%80%E5%BE%81%E6%B1%82%E3%80%8A%E5%B9%B3%E6%BD%AD%E7%BB%BC%E5%90%88%E5%AE%9E%E9%AA%8C%E5%8C%BA%E2%80%9C%E4%B8%80%E8%80%81%E4%B8%80%E5%B0%8F%E2%80%9D%E6%95%B4%E4%BD%93%E8%A7%A3%E5%86%B3%E6%96%B9%E6%A1%88%EF%BC%88%E5%BE%81%E6%B1%82%E6%84%8F%E8%A7%81%E7%A8%BF%EF%BC%89%E3%80%8B%E6%84%8F%E8%A7%81%E5%BB%BA%E8%AE%AE%E7%9A%84%E5%85%AC%E5%91%8A.doc#_Toc23140	2	四、保障要素 ？PAGEREF _Toc23140 \h 14	https://www.pingtan.gov.cn/zwgk/gsgg/202305/t20230512_46450.htm
file:///C:/Users/Administrator/Desktop/%E5%B9%B3%E6%BD%AD%E7%BB%BC%E5%90%88%E5%AE%9E%E9%AA%8C%E5%8C%BA%E7%BB%8F%E6%B5%8E%E5%8F%91%E5%B1%95%E5%B1%80%E5%85%B3%E4%BA%8E%E5%85%AC%E5%BC%80%E5%BE%81%E6%B1%82%E3%80%8A%E5%B9%B3%E6%BD%AD%E7%BB%BC%E5%90%88%E5%AE%9E%E9%AA%8C%E5%8C%BA%E2%80%9C%E4%B8%80%E8%80%81%E4%B8%80%E5%B0%8F%E2%80%9D%E6%95%B4%E4%BD%93%E8%A7%A3%E5%86%B3%E6%96%B9%E6%A1%88%EF%BC%88%E5%BE%81%E6%B1%82%E6%84%8F%E8%A7%81%E7%A8%BF%EF%BC%89%E3%80%8B%E6%84%8F%E8%A7%81%E5%BB%BA%E8%AE%AE%E7%9A%84%E5%85%AC%E5%91%8A.doc#_Toc23960	2	表1 养老托育主要指标 ？PAGEREF _Toc23960 \h 7	https://www.pingtan.gov.cn/zwgk/gsgg/202305/t20230512_46450.htm
file:///C:/Users/Administrator/Desktop/%E5%B9%B3%E6%BD%AD%E7%BB%BC%E5%90%88%E5%AE%9E%E9%AA%8C%E5%8C%BA%E7%BB%8F%E6%B5%8E%E5%8F%91%E5%B1%95%E5%B1%80%E5%85%B3%E4%BA%8E%E5%85%AC%E5%BC%80%E5%BE%81%E6%B1%82%E3%80%8A%E5%B9%B3%E6%BD%AD%E7%BB%BC%E5%90%88%E5%AE%9E%E9%AA%8C%E5%8C%BA%E2%80%9C%E4%B8%80%E8%80%81%E4%B8%80%E5%B0%8F%E2%80%9D%E6%95%B4%E4%BD%93%E8%A7%A3%E5%86%B3%E6%96%B9%E6%A1%88%EF%BC%88%E5%BE%81%E6%B1%82%E6%84%8F%E8%A7%81%E7%A8%BF%EF%BC%89%E3%80%8B%E6%84%8F%E8%A7%81%E5%BB%BA%E8%AE%AE%E7%9A%84%E5%85%AC%E5%91%8A.doc#_Toc25316	2	1.扩大老年教育供给 ？PAGEREF _Toc25316 \h 12	https://www.pingtan.gov.cn/zwgk/gsgg/202305/t20230512_46450.htm
file:///C:/Users/Administrator/Desktop/%E5%B9%B3%E6%BD%AD%E7%BB%BC%E5%90%88%E5%AE%9E%E9%AA%8C%E5%8C%BA%E7%BB%8F%E6%B5%8E%E5%8F%91%E5%B1%95%E5%B1%80%E5%85%B3%E4%BA%8E%E5%85%AC%E5%BC%80%E5%BE%81%E6%B1%82%E3%80%8A%E5%B9%B3%E6%BD%AD%E7%BB%BC%E5%90%88%E5%AE%9E%E9%AA%8C%E5%8C%BA%E2%80%9C%E4%B8%80%E8%80%81%E4%B8%80%E5%B0%8F%E2%80%9D%E6%95%B4%E4%BD%93%E8%A7%A3%E5%86%B3%E6%96%B9%E6%A1%88%EF%BC%88%E5%BE%81%E6%B1%82%E6%84%8F%E8%A7%81%E7%A8%BF%EF%BC%89%E3%80%8B%E6%84%8F%E8%A7%81%E5%BB%BA%E8%AE%AE%E7%9A%84%E5%85%AC%E5%91%8A.doc#_Toc2542	2	（十八）营造友好环境 ？PAGEREF _Toc2542 \h 17	https://www.pingtan.gov.cn/zwgk/gsgg/202305/t20230512_46450.htm
file:///C:/Users/Administrator/Desktop/%E5%B9%B3%E6%BD%AD%E7%BB%BC%E5%90%88%E5%AE%9E%E9%AA%8C%E5%8C%BA%E7%BB%8F%E6%B5%8E%E5%8F%91%E5%B1%95%E5%B1%80%E5%85%B3%E4%BA%8E%E5%85%AC%E5%BC%80%E5%BE%81%E6%B1%82%E3%80%8A%E5%B9%B3%E6%BD%AD%E7%BB%BC%E5%90%88%E5%AE%9E%E9%AA%8C%E5%8C%BA%E2%80%9C%E4%B8%80%E8%80%81%E4%B8%80%E5%B0%8F%E2%80%9D%E6%95%B4%E4%BD%93%E8%A7%A3%E5%86%B3%E6%96%B9%E6%A1%88%EF%BC%88%E5%BE%81%E6%B1%82%E6%84%8F%E8%A7%81%E7%A8%BF%EF%BC%89%E3%80%8B%E6%84%8F%E8%A7%81%E5%BB%BA%E8%AE%AE%E7%9A%84%E5%85%AC%E5%91%8A.doc#_Toc26478	2	3.丰富老年人精神生活 ？PAGEREF _Toc26478 \h 13	https://www.pingtan.gov.cn/zwgk/gsgg/202305/t20230512_46450.htm
file:///C:/Users/Administrator/Desktop/%E5%B9%B3%E6%BD%AD%E7%BB%BC%E5%90%88%E5%AE%9E%E9%AA%8C%E5%8C%BA%E7%BB%8F%E6%B5%8E%E5%8F%91%E5%B1%95%E5%B1%80%E5%85%B3%E4%BA%8E%E5%85%AC%E5%BC%80%E5%BE%81%E6%B1%82%E3%80%8A%E5%B9%B3%E6%BD%AD%E7%BB%BC%E5%90%88%E5%AE%9E%E9%AA%8C%E5%8C%BA%E2%80%9C%E4%B8%80%E8%80%81%E4%B8%80%E5%B0%8F%E2%80%9D%E6%95%B4%E4%BD%93%E8%A7%A3%E5%86%B3%E6%96%B9%E6%A1%88%EF%BC%88%E5%BE%81%E6%B1%82%E6%84%8F%E8%A7%81%E7%A8%BF%EF%BC%89%E3%80%8B%E6%84%8F%E8%A7%81%E5%BB%BA%E8%AE%AE%E7%9A%84%E5%85%AC%E5%91%8A.doc#_Toc27315	2	4.加强老年教育师资队伍建设 ？PAGEREF _Toc27315 \h 13	https://www.pingtan.gov.cn/zwgk/gsgg/202305/t20230512_46450.htm
file:///C:/Users/Administrator/Desktop/%E5%B9%B3%E6%BD%AD%E7%BB%BC%E5%90%88%E5%AE%9E%E9%AA%8C%E5%8C%BA%E7%BB%8F%E6%B5%8E%E5%8F%91%E5%B1%95%E5%B1%80%E5%85%B3%E4%BA%8E%E5%85%AC%E5%BC%80%E5%BE%81%E6%B1%82%E3%80%8A%E5%B9%B3%E6%BD%AD%E7%BB%BC%E5%90%88%E5%AE%9E%E9%AA%8C%E5%8C%BA%E2%80%9C%E4%B8%80%E8%80%81%E4%B8%80%E5%B0%8F%E2%80%9D%E6%95%B4%E4%BD%93%E8%A7%A3%E5%86%B3%E6%96%B9%E6%A1%88%EF%BC%88%E5%BE%81%E6%B1%82%E6%84%8F%E8%A7%81%E7%A8%BF%EF%BC%89%E3%80%8B%E6%84%8F%E8%A7%81%E5%BB%BA%E8%AE%AE%E7%9A%84%E5%85%AC%E5%91%8A.doc#_Toc28045	2	4.加大托育服务建设力度 ？PAGEREF _Toc28045 \h 10	https://www.pingtan.gov.cn/zwgk/gsgg/202305/t20230512_46450.htm
file:///C:/Users/Administrator/Desktop/%E5%B9%B3%E6%BD%AD%E7%BB%BC%E5%90%88%E5%AE%9E%E9%AA%8C%E5%8C%BA%E7%BB%8F%E6%B5%8E%E5%8F%91%E5%B1%95%E5%B1%80%E5%85%B3%E4%BA%8E%E5%85%AC%E5%BC%80%E5%BE%81%E6%B1%82%E3%80%8A%E5%B9%B3%E6%BD%AD%E7%BB%BC%E5%90%88%E5%AE%9E%E9%AA%8C%E5%8C%BA%E2%80%9C%E4%B8%80%E8%80%81%E4%B8%80%E5%B0%8F%E2%80%9D%E6%95%B4%E4%BD%93%E8%A7%A3%E5%86%B3%E6%96%B9%E6%A1%88%EF%BC%88%E5%BE%81%E6%B1%82%E6%84%8F%E8%A7%81%E7%A8%BF%EF%BC%89%E3%80%8B%E6%84%8F%E8%A7%81%E5%BB%BA%E8%AE%AE%E7%9A%84%E5%85%AC%E5%91%8A.doc#_Toc28987	2	（十一）建立工作机制 ？PAGEREF _Toc28987 \h 14	https://www.pingtan.gov.cn/zwgk/gsgg/202305/t20230512_46450.htm
file:///C:/Users/Administrator/Desktop/%E5%B9%B3%E6%BD%AD%E7%BB%BC%E5%90%88%E5%AE%9E%E9%AA%8C%E5%8C%BA%E7%BB%8F%E6%B5%8E%E5%8F%91%E5%B1%95%E5%B1%80%E5%85%B3%E4%BA%8E%E5%85%AC%E5%BC%80%E5%BE%81%E6%B1%82%E3%80%8A%E5%B9%B3%E6%BD%AD%E7%BB%BC%E5%90%88%E5%AE%9E%E9%AA%8C%E5%8C%BA%E2%80%9C%E4%B8%80%E8%80%81%E4%B8%80%E5%B0%8F%E2%80%9D%E6%95%B4%E4%BD%93%E8%A7%A3%E5%86%B3%E6%96%B9%E6%A1%88%EF%BC%88%E5%BE%81%E6%B1%82%E6%84%8F%E8%A7%81%E7%A8%BF%EF%BC%89%E3%80%8B%E6%84%8F%E8%A7%81%E5%BB%BA%E8%AE%AE%E7%9A%84%E5%85%AC%E5%91%8A.doc#_Toc2962	2	（十四）加大资金投入 ？PAGEREF _Toc2962 \h 15	https://www.pingtan.gov.cn/zwgk/gsgg/202305/t20230512_46450.htm
file:///C:/Users/Administrator/Desktop/%E5%B9%B3%E6%BD%AD%E7%BB%BC%E5%90%88%E5%AE%9E%E9%AA%8C%E5%8C%BA%E7%BB%8F%E6%B5%8E%E5%8F%91%E5%B1%95%E5%B1%80%E5%85%B3%E4%BA%8E%E5%85%AC%E5%BC%80%E5%BE%81%E6%B1%82%E3%80%8A%E5%B9%B3%E6%BD%AD%E7%BB%BC%E5%90%88%E5%AE%9E%E9%AA%8C%E5%8C%BA%E2%80%9C%E4%B8%80%E8%80%81%E4%B8%80%E5%B0%8F%E2%80%9D%E6%95%B4%E4%BD%93%E8%A7%A3%E5%86%B3%E6%96%B9%E6%A1%88%EF%BC%88%E5%BE%81%E6%B1%82%E6%84%8F%E8%A7%81%E7%A8%BF%EF%BC%89%E3%80%8B%E6%84%8F%E8%A7%81%E5%BB%BA%E8%AE%AE%E7%9A%84%E5%85%AC%E5%91%8A.doc#_Toc30910	2	（六）兜底线、促普惠、市场化协同发展 ？PAGEREF _Toc30910 \h 9	https://www.pingtan.gov.cn/zwgk/gsgg/202305/t20230512_46450.htm
file:///C:/Users/Administrator/Desktop/%E5%B9%B3%E6%BD%AD%E7%BB%BC%E5%90%88%E5%AE%9E%E9%AA%8C%E5%8C%BA%E7%BB%8F%E6%B5%8E%E5%8F%91%E5%B1%95%E5%B1%80%E5%85%B3%E4%BA%8E%E5%85%AC%E5%BC%80%E5%BE%81%E6%B1%82%E3%80%8A%E5%B9%B3%E6%BD%AD%E7%BB%BC%E5%90%88%E5%AE%9E%E9%AA%8C%E5%8C%BA%E2%80%9C%E4%B8%80%E8%80%81%E4%B8%80%E5%B0%8F%E2%80%9D%E6%95%B4%E4%BD%93%E8%A7%A3%E5%86%B3%E6%96%B9%E6%A1%88%EF%BC%88%E5%BE%81%E6%B1%82%E6%84%8F%E8%A7%81%E7%A8%BF%EF%BC%89%E3%80%8B%E6%84%8F%E8%A7%81%E5%BB%BA%E8%AE%AE%E7%9A%84%E5%85%AC%E5%91%8A.doc#_Toc4036	2	平潭综合实验区“一老一小”重大政策清单 ？PAGEREF _Toc4036 \h 19	https://www.pingtan.gov.cn/zwgk/gsgg/202305/t20230512_46450.htm
file:///C:/Users/Administrator/Desktop/%E5%B9%B3%E6%BD%AD%E7%BB%BC%E5%90%88%E5%AE%9E%E9%AA%8C%E5%8C%BA%E7%BB%8F%E6%B5%8E%E5%8F%91%E5%B1%95%E5%B1%80%E5%85%B3%E4%BA%8E%E5%85%AC%E5%BC%80%E5%BE%81%E6%B1%82%E3%80%8A%E5%B9%B3%E6%BD%AD%E7%BB%BC%E5%90%88%E5%AE%9E%E9%AA%8C%E5%8C%BA%E2%80%9C%E4%B8%80%E8%80%81%E4%B8%80%E5%B0%8F%E2%80%9D%E6%95%B4%E4%BD%93%E8%A7%A3%E5%86%B3%E6%96%B9%E6%A1%88%EF%BC%88%E5%BE%81%E6%B1%82%E6%84%8F%E8%A7%81%E7%A8%BF%EF%BC%89%E3%80%8B%E6%84%8F%E8%A7%81%E5%BB%BA%E8%AE%AE%E7%9A%84%E5%85%AC%E5%91%8A.doc#_Toc450	2	表2 “十四五”新增养老床位数任务表 ？PAGEREF _Toc450 \h 8	https://www.pingtan.gov.cn/zwgk/gsgg/202305/t20230512_46450.htm
file:///C:/Users/Administrator/Desktop/%E5%B9%B3%E6%BD%AD%E7%BB%BC%E5%90%88%E5%AE%9E%E9%AA%8C%E5%8C%BA%E7%BB%8F%E6%B5%8E%E5%8F%91%E5%B1%95%E5%B1%80%E5%85%B3%E4%BA%8E%E5%85%AC%E5%BC%80%E5%BE%81%E6%B1%82%E3%80%8A%E5%B9%B3%E6%BD%AD%E7%BB%BC%E5%90%88%E5%AE%9E%E9%AA%8C%E5%8C%BA%E2%80%9C%E4%B8%80%E8%80%81%E4%B8%80%E5%B0%8F%E2%80%9D%E6%95%B4%E4%BD%93%E8%A7%A3%E5%86%B3%E6%96%B9%E6%A1%88%EF%BC%88%E5%BE%81%E6%B1%82%E6%84%8F%E8%A7%81%E7%A8%BF%EF%BC%89%E3%80%8B%E6%84%8F%E8%A7%81%E5%BB%BA%E8%AE%AE%E7%9A%84%E5%85%AC%E5%91%8A.doc#_Toc4811	2	（十）培育壮大用品和服务产业 ？PAGEREF _Toc4811 \h 13	https://www.pingtan.gov.cn/zwgk/gsgg/202305/t20230512_46450.htm
file:///C:/Users/Administrator/Desktop/%E5%B9%B3%E6%BD%AD%E7%BB%BC%E5%90%88%E5%AE%9E%E9%AA%8C%E5%8C%BA%E7%BB%8F%E6%B5%8E%E5%8F%91%E5%B1%95%E5%B1%80%E5%85%B3%E4%BA%8E%E5%85%AC%E5%BC%80%E5%BE%81%E6%B1%82%E3%80%8A%E5%B9%B3%E6%BD%AD%E7%BB%BC%E5%90%88%E5%AE%9E%E9%AA%8C%E5%8C%BA%E2%80%9C%E4%B8%80%E8%80%81%E4%B8%80%E5%B0%8F%E2%80%9D%E6%95%B4%E4%BD%93%E8%A7%A3%E5%86%B3%E6%96%B9%E6%A1%88%EF%BC%88%E5%BE%81%E6%B1%82%E6%84%8F%E8%A7%81%E7%A8%BF%EF%BC%89%E3%80%8B%E6%84%8F%E8%A7%81%E5%BB%BA%E8%AE%AE%E7%9A%84%E5%85%AC%E5%91%8A.doc#_Toc5259	2	2.推动老年教育向基层社区延伸 ？PAGEREF _Toc5259 \h 12	https://www.pingtan.gov.cn/zwgk/gsgg/202305/t20230512_46450.htm
file:///C:/Users/Administrator/Desktop/%E5%B9%B3%E6%BD%AD%E7%BB%BC%E5%90%88%E5%AE%9E%E9%AA%8C%E5%8C%BA%E7%BB%8F%E6%B5%8E%E5%8F%91%E5%B1%95%E5%B1%80%E5%85%B3%E4%BA%8E%E5%85%AC%E5%BC%80%E5%BE%81%E6%B1%82%E3%80%8A%E5%B9%B3%E6%BD%AD%E7%BB%BC%E5%90%88%E5%AE%9E%E9%AA%8C%E5%8C%BA%E2%80%9C%E4%B8%80%E8%80%81%E4%B8%80%E5%B0%8F%E2%80%9D%E6%95%B4%E4%BD%93%E8%A7%A3%E5%86%B3%E6%96%B9%E6%A1%88%EF%BC%88%E5%BE%81%E6%B1%82%E6%84%8F%E8%A7%81%E7%A8%BF%EF%BC%89%E3%80%8B%E6%84%8F%E8%A7%81%E5%BB%BA%E8%AE%AE%E7%9A%84%E5%85%AC%E5%91%8A.doc#_Toc8038	2	（八）促进医养康养结合 ？PAGEREF _Toc8038 \h 11	https://www.pingtan.gov.cn/zwgk/gsgg/202305/t20230512_46450.htm
file:///C:/Users/Administrator/Desktop/%E5%B9%B3%E6%BD%AD%E7%BB%BC%E5%90%88%E5%AE%9E%E9%AA%8C%E5%8C%BA%E7%BB%8F%E6%B5%8E%E5%8F%91%E5%B1%95%E5%B1%80%E5%85%B3%E4%BA%8E%E5%85%AC%E5%BC%80%E5%BE%81%E6%B1%82%E3%80%8A%E5%B9%B3%E6%BD%AD%E7%BB%BC%E5%90%88%E5%AE%9E%E9%AA%8C%E5%8C%BA%E2%80%9C%E4%B8%80%E8%80%81%E4%B8%80%E5%B0%8F%E2%80%9D%E6%95%B4%E4%BD%93%E8%A7%A3%E5%86%B3%E6%96%B9%E6%A1%88%EF%BC%88%E5%BE%81%E6%B1%82%E6%84%8F%E8%A7%81%E7%A8%BF%EF%BC%89%E3%80%8B%E6%84%8F%E8%A7%81%E5%BB%BA%E8%AE%AE%E7%9A%84%E5%85%AC%E5%91%8A.doc#_Toc8972	2	一、实施背景 ？PAGEREF _Toc8972 \h 5	https://www.pingtan.gov.cn/zwgk/gsgg/202305/t20230512_46450.htm
file:///C:/Users/Administrator/Desktop/%E5%B9%B3%E6%BD%AD%E7%BB%BC%E5%90%88%E5%AE%9E%E9%AA%8C%E5%8C%BA%E7%BB%8F%E6%B5%8E%E5%8F%91%E5%B1%95%E5%B1%80%E5%85%B3%E4%BA%8E%E5%85%AC%E5%BC%80%E5%BE%81%E6%B1%82%E3%80%8A%E5%B9%B3%E6%BD%AD%E7%BB%BC%E5%90%88%E5%AE%9E%E9%AA%8C%E5%8C%BA%E2%80%9C%E4%B8%80%E8%80%81%E4%B8%80%E5%B0%8F%E2%80%9D%E6%95%B4%E4%BD%93%E8%A7%A3%E5%86%B3%E6%96%B9%E6%A1%88%EF%BC%88%E5%BE%81%E6%B1%82%E6%84%8F%E8%A7%81%E7%A8%BF%EF%BC%89%E3%80%8B%E6%84%8F%E8%A7%81%E5%BB%BA%E8%AE%AE%E7%9A%84%E5%85%AC%E5%91%8A.doc#_Toc8994	2	（五）具体指标 ？PAGEREF _Toc8994 \h 7	https://www.pingtan.gov.cn/zwgk/gsgg/202305/t20230512_46450.htm
file:///C:/Users/Administrator/Desktop/%E5%B9%B3%E6%BD%AD%E7%BB%BC%E5%90%88%E5%AE%9E%E9%AA%8C%E5%8C%BA%E7%BB%8F%E6%B5%8E%E5%8F%91%E5%B1%95%E5%B1%80%E5%85%B3%E4%BA%8E%E5%85%AC%E5%BC%80%E5%BE%81%E6%B1%82%E3%80%8A%E5%B9%B3%E6%BD%AD%E7%BB%BC%E5%90%88%E5%AE%9E%E9%AA%8C%E5%8C%BA%E2%80%9C%E4%B8%80%E8%80%81%E4%B8%80%E5%B0%8F%E2%80%9D%E6%95%B4%E4%BD%93%E8%A7%A3%E5%86%B3%E6%96%B9%E6%A1%88%EF%BC%88%E5%BE%81%E6%B1%82%E6%84%8F%E8%A7%81%E7%A8%BF%EF%BC%89%E3%80%8B%E6%84%8F%E8%A7%81%E5%BB%BA%E8%AE%AE%E7%9A%84%E5%85%AC%E5%91%8A.doc#_Toc9691	2	2.加快补齐养老服务短板 ？PAGEREF _Toc9691 \h 10	https://www.pingtan.gov.cn/zwgk/gsgg/202305/t20230512_46450.htm
file:///C:/Users/Administrator/Desktop/%E5%B9%B3%E6%BD%AD%E7%BB%BC%E5%90%88%E5%AE%9E%E9%AA%8C%E5%8C%BA%E8%87%AA%E7%84%B6%E8%B5%84%E6%BA%90%E4%B8%8E%E7%94%9F%E6%80%81%E7%8E%AF%E5%A2%83%E5%B1%80%E5%85%B3%E4%BA%8E%E5%8F%91%E5%B8%832022%E5%B9%B4%E5%BA%A6%E9%87%8D%E7%82%B9%E6%8E%92%E6%B1%A1%E5%8D%95%E4%BD%8D%E5%90%8D%E5%8D%95%E7%9A%84%E5%85%AC%E5%91%8A.wps#/javascript:void(0)	2	平潭综合实验区医院（福建医科大学附属协和医院平潭分院）	https://www.pingtan.gov.cn/zwgk/zdlyxxgk/hjbh_1/202209/t20220926_36340.htm
file:///E:/360MoveData/Users/Administrator/Desktop/%E5%B9%B3%E6%BD%AD%E7%BB%BC%E5%90%88%E5%AE%9E%E9%AA%8C%E5%8C%BA%E7%BB%8F%E6%B5%8E%E5%8F%91%E5%B1%95%E5%B1%80%E7%AD%89%E5%8D%81%E4%B8%83%E9%83%A8%E9%97%A8%E5%85%B3%E4%BA%8E%E5%8D%B0%E5%8F%91%E3%80%8A%E5%B9%B3%E6%BD%AD%E7%BB%BC%E5%90%88%E5%AE%9E%E9%AA%8C%E5%8C%BA%E5%9F%BA%E6%9C%AC%E5%85%AC%E5%85%B1%E6%9C%8D%E5%8A%A1%E6%A0%87%E5%87%86%E3%80%8B%E7%9A%84%E9%80%9A%E7%9F%A5.doc#_Toc10926	2	11.医疗保险服务 ？PAGEREF _Toc10926 \h 28	https://www.pingtan.gov.cn/zwgk/zfxxgk/dfbmptlj/ptzhsyqbm/ptzhsyqjjf/fdzdgknr/gzdt/202304/t20230403_78134.htm
file:///E:/360MoveData/Users/Administrator/Desktop/%E5%B9%B3%E6%BD%AD%E7%BB%BC%E5%90%88%E5%AE%9E%E9%AA%8C%E5%8C%BA%E7%BB%8F%E6%B5%8E%E5%8F%91%E5%B1%95%E5%B1%80%E7%AD%89%E5%8D%81%E4%B8%83%E9%83%A8%E9%97%A8%E5%85%B3%E4%BA%8E%E5%8D%B0%E5%8F%91%E3%80%8A%E5%B9%B3%E6%BD%AD%E7%BB%BC%E5%90%88%E5%AE%9E%E9%AA%8C%E5%8C%BA%E5%9F%BA%E6%9C%AC%E5%85%AC%E5%85%B1%E6%9C%8D%E5%8A%A1%E6%A0%87%E5%87%86%E3%80%8B%E7%9A%84%E9%80%9A%E7%9F%A5.doc#_Toc11354	2	15.公租房服务 ？PAGEREF _Toc11354 \h 33	https://www.pingtan.gov.cn/zwgk/zfxxgk/dfbmptlj/ptzhsyqbm/ptzhsyqjjf/fdzdgknr/gzdt/202304/t20230403_78134.htm
file:///E:/360MoveData/Users/Administrator/Desktop/%E5%B9%B3%E6%BD%AD%E7%BB%BC%E5%90%88%E5%AE%9E%E9%AA%8C%E5%8C%BA%E7%BB%8F%E6%B5%8E%E5%8F%91%E5%B1%95%E5%B1%80%E7%AD%89%E5%8D%81%E4%B8%83%E9%83%A8%E9%97%A8%E5%85%B3%E4%BA%8E%E5%8D%B0%E5%8F%91%E3%80%8A%E5%B9%B3%E6%BD%AD%E7%BB%BC%E5%90%88%E5%AE%9E%E9%AA%8C%E5%8C%BA%E5%9F%BA%E6%9C%AC%E5%85%AC%E5%85%B1%E6%9C%8D%E5%8A%A1%E6%A0%87%E5%87%86%E3%80%8B%E7%9A%84%E9%80%9A%E7%9F%A5.doc#_Toc11602	2	四、病有所医 ？PAGEREF _Toc11602 \h 22	https://www.pingtan.gov.cn/zwgk/zfxxgk/dfbmptlj/ptzhsyqbm/ptzhsyqjjf/fdzdgknr/gzdt/202304/t20230403_78134.htm
file:///E:/360MoveData/Users/Administrator/Desktop/%E5%B9%B3%E6%BD%AD%E7%BB%BC%E5%90%88%E5%AE%9E%E9%AA%8C%E5%8C%BA%E7%BB%8F%E6%B5%8E%E5%8F%91%E5%B1%95%E5%B1%80%E7%AD%89%E5%8D%81%E4%B8%83%E9%83%A8%E9%97%A8%E5%85%B3%E4%BA%8E%E5%8D%B0%E5%8F%91%E3%80%8A%E5%B9%B3%E6%BD%AD%E7%BB%BC%E5%90%88%E5%AE%9E%E9%AA%8C%E5%8C%BA%E5%9F%BA%E6%9C%AC%E5%85%AC%E5%85%B1%E6%9C%8D%E5%8A%A1%E6%A0%87%E5%87%86%E3%80%8B%E7%9A%84%E9%80%9A%E7%9F%A5.doc#_Toc12049	2	1.优孕优生服务 ？PAGEREF _Toc12049 \h 5	https://www.pingtan.gov.cn/zwgk/zfxxgk/dfbmptlj/ptzhsyqbm/ptzhsyqjjf/fdzdgknr/gzdt/202304/t20230403_78134.htm
file:///E:/360MoveData/Users/Administrator/Desktop/%E5%B9%B3%E6%BD%AD%E7%BB%BC%E5%90%88%E5%AE%9E%E9%AA%8C%E5%8C%BA%E7%BB%8F%E6%B5%8E%E5%8F%91%E5%B1%95%E5%B1%80%E7%AD%89%E5%8D%81%E4%B8%83%E9%83%A8%E9%97%A8%E5%85%B3%E4%BA%8E%E5%8D%B0%E5%8F%91%E3%80%8A%E5%B9%B3%E6%BD%AD%E7%BB%BC%E5%90%88%E5%AE%9E%E9%AA%8C%E5%8C%BA%E5%9F%BA%E6%9C%AC%E5%85%AC%E5%85%B1%E6%9C%8D%E5%8A%A1%E6%A0%87%E5%87%86%E3%80%8B%E7%9A%84%E9%80%9A%E7%9F%A5.doc#_Toc12200	2	六、住有所居 ？PAGEREF _Toc12200 \h 33	https://www.pingtan.gov.cn/zwgk/zfxxgk/dfbmptlj/ptzhsyqbm/ptzhsyqjjf/fdzdgknr/gzdt/202304/t20230403_78134.htm
file:///E:/360MoveData/Users/Administrator/Desktop/%E5%B9%B3%E6%BD%AD%E7%BB%BC%E5%90%88%E5%AE%9E%E9%AA%8C%E5%8C%BA%E7%BB%8F%E6%B5%8E%E5%8F%91%E5%B1%95%E5%B1%80%E7%AD%89%E5%8D%81%E4%B8%83%E9%83%A8%E9%97%A8%E5%85%B3%E4%BA%8E%E5%8D%B0%E5%8F%91%E3%80%8A%E5%B9%B3%E6%BD%AD%E7%BB%BC%E5%90%88%E5%AE%9E%E9%AA%8C%E5%8C%BA%E5%9F%BA%E6%9C%AC%E5%85%AC%E5%85%B1%E6%9C%8D%E5%8A%A1%E6%A0%87%E5%87%86%E3%80%8B%E7%9A%84%E9%80%9A%E7%9F%A5.doc#_Toc1260	2	10.公共卫生服务 ？PAGEREF _Toc1260 \h 22	https://www.pingtan.gov.cn/zwgk/zfxxgk/dfbmptlj/ptzhsyqbm/ptzhsyqjjf/fdzdgknr/gzdt/202304/t20230403_78134.htm
file:///E:/360MoveData/Users/Administrator/Desktop/%E5%B9%B3%E6%BD%AD%E7%BB%BC%E5%90%88%E5%AE%9E%E9%AA%8C%E5%8C%BA%E7%BB%8F%E6%B5%8E%E5%8F%91%E5%B1%95%E5%B1%80%E7%AD%89%E5%8D%81%E4%B8%83%E9%83%A8%E9%97%A8%E5%85%B3%E4%BA%8E%E5%8D%B0%E5%8F%91%E3%80%8A%E5%B9%B3%E6%BD%AD%E7%BB%BC%E5%90%88%E5%AE%9E%E9%AA%8C%E5%8C%BA%E5%9F%BA%E6%9C%AC%E5%85%AC%E5%85%B1%E6%9C%8D%E5%8A%A1%E6%A0%87%E5%87%86%E3%80%8B%E7%9A%84%E9%80%9A%E7%9F%A5.doc#_Toc13688	2	17.社会救助服务 ？PAGEREF _Toc13688 \h 35	https://www.pingtan.gov.cn/zwgk/zfxxgk/dfbmptlj/ptzhsyqbm/ptzhsyqjjf/fdzdgknr/gzdt/202304/t20230403_78134.htm
file:///E:/360MoveData/Users/Administrator/Desktop/%E5%B9%B3%E6%BD%AD%E7%BB%BC%E5%90%88%E5%AE%9E%E9%AA%8C%E5%8C%BA%E7%BB%8F%E6%B5%8E%E5%8F%91%E5%B1%95%E5%B1%80%E7%AD%89%E5%8D%81%E4%B8%83%E9%83%A8%E9%97%A8%E5%85%B3%E4%BA%8E%E5%8D%B0%E5%8F%91%E3%80%8A%E5%B9%B3%E6%BD%AD%E7%BB%BC%E5%90%88%E5%AE%9E%E9%AA%8C%E5%8C%BA%E5%9F%BA%E6%9C%AC%E5%85%AC%E5%85%B1%E6%9C%8D%E5%8A%A1%E6%A0%87%E5%87%86%E3%80%8B%E7%9A%84%E9%80%9A%E7%9F%A5.doc#_Toc14026	2	20.优军优抚服务 ？PAGEREF _Toc14026 \h 44	https://www.pingtan.gov.cn/zwgk/zfxxgk/dfbmptlj/ptzhsyqbm/ptzhsyqjjf/fdzdgknr/gzdt/202304/t20230403_78134.htm
file:///E:/360MoveData/Users/Administrator/Desktop/%E5%B9%B3%E6%BD%AD%E7%BB%BC%E5%90%88%E5%AE%9E%E9%AA%8C%E5%8C%BA%E7%BB%8F%E6%B5%8E%E5%8F%91%E5%B1%95%E5%B1%80%E7%AD%89%E5%8D%81%E4%B8%83%E9%83%A8%E9%97%A8%E5%85%B3%E4%BA%8E%E5%8D%B0%E5%8F%91%E3%80%8A%E5%B9%B3%E6%BD%AD%E7%BB%BC%E5%90%88%E5%AE%9E%E9%AA%8C%E5%8C%BA%E5%9F%BA%E6%9C%AC%E5%85%AC%E5%85%B1%E6%9C%8D%E5%8A%A1%E6%A0%87%E5%87%86%E3%80%8B%E7%9A%84%E9%80%9A%E7%9F%A5.doc#_Toc14689	2	7.中等职业教育助学服务 ？PAGEREF _Toc14689 \h 15	https://www.pingtan.gov.cn/zwgk/zfxxgk/dfbmptlj/ptzhsyqbm/ptzhsyqjjf/fdzdgknr/gzdt/202304/t20230403_78134.htm
file:///E:/360MoveData/Users/Administrator/Desktop/%E5%B9%B3%E6%BD%AD%E7%BB%BC%E5%90%88%E5%AE%9E%E9%AA%8C%E5%8C%BA%E7%BB%8F%E6%B5%8E%E5%8F%91%E5%B1%95%E5%B1%80%E7%AD%89%E5%8D%81%E4%B8%83%E9%83%A8%E9%97%A8%E5%85%B3%E4%BA%8E%E5%8D%B0%E5%8F%91%E3%80%8A%E5%B9%B3%E6%BD%AD%E7%BB%BC%E5%90%88%E5%AE%9E%E9%AA%8C%E5%8C%BA%E5%9F%BA%E6%9C%AC%E5%85%AC%E5%85%B1%E6%9C%8D%E5%8A%A1%E6%A0%87%E5%87%86%E3%80%8B%E7%9A%84%E9%80%9A%E7%9F%A5.doc#_Toc14854	2	18.公共法律服务 ？PAGEREF _Toc14854 \h 39	https://www.pingtan.gov.cn/zwgk/zfxxgk/dfbmptlj/ptzhsyqbm/ptzhsyqjjf/fdzdgknr/gzdt/202304/t20230403_78134.htm
file:///E:/360MoveData/Users/Administrator/Desktop/%E5%B9%B3%E6%BD%AD%E7%BB%BC%E5%90%88%E5%AE%9E%E9%AA%8C%E5%8C%BA%E7%BB%8F%E6%B5%8E%E5%8F%91%E5%B1%95%E5%B1%80%E7%AD%89%E5%8D%81%E4%B8%83%E9%83%A8%E9%97%A8%E5%85%B3%E4%BA%8E%E5%8D%B0%E5%8F%91%E3%80%8A%E5%B9%B3%E6%BD%AD%E7%BB%BC%E5%90%88%E5%AE%9E%E9%AA%8C%E5%8C%BA%E5%9F%BA%E6%9C%AC%E5%85%AC%E5%85%B1%E6%9C%8D%E5%8A%A1%E6%A0%87%E5%87%86%E3%80%8B%E7%9A%84%E9%80%9A%E7%9F%A5.doc#_Toc14904	2	五、老有所养 ？PAGEREF _Toc14904 \h 30	https://www.pingtan.gov.cn/zwgk/zfxxgk/dfbmptlj/ptzhsyqbm/ptzhsyqjjf/fdzdgknr/gzdt/202304/t20230403_78134.htm
file:///E:/360MoveData/Users/Administrator/Desktop/%E5%B9%B3%E6%BD%AD%E7%BB%BC%E5%90%88%E5%AE%9E%E9%AA%8C%E5%8C%BA%E7%BB%8F%E6%B5%8E%E5%8F%91%E5%B1%95%E5%B1%80%E7%AD%89%E5%8D%81%E4%B8%83%E9%83%A8%E9%97%A8%E5%85%B3%E4%BA%8E%E5%8D%B0%E5%8F%91%E3%80%8A%E5%B9%B3%E6%BD%AD%E7%BB%BC%E5%90%88%E5%AE%9E%E9%AA%8C%E5%8C%BA%E5%9F%BA%E6%9C%AC%E5%85%AC%E5%85%B1%E6%9C%8D%E5%8A%A1%E6%A0%87%E5%87%86%E3%80%8B%E7%9A%84%E9%80%9A%E7%9F%A5.doc#_Toc14938	2	2.儿童健康服务 ？PAGEREF _Toc14938 \h 7	https://www.pingtan.gov.cn/zwgk/zfxxgk/dfbmptlj/ptzhsyqbm/ptzhsyqjjf/fdzdgknr/gzdt/202304/t20230403_78134.htm
file:///E:/360MoveData/Users/Administrator/Desktop/%E5%B9%B3%E6%BD%AD%E7%BB%BC%E5%90%88%E5%AE%9E%E9%AA%8C%E5%8C%BA%E7%BB%8F%E6%B5%8E%E5%8F%91%E5%B1%95%E5%B1%80%E7%AD%89%E5%8D%81%E4%B8%83%E9%83%A8%E9%97%A8%E5%85%B3%E4%BA%8E%E5%8D%B0%E5%8F%91%E3%80%8A%E5%B9%B3%E6%BD%AD%E7%BB%BC%E5%90%88%E5%AE%9E%E9%AA%8C%E5%8C%BA%E5%9F%BA%E6%9C%AC%E5%85%AC%E5%85%B1%E6%9C%8D%E5%8A%A1%E6%A0%87%E5%87%86%E3%80%8B%E7%9A%84%E9%80%9A%E7%9F%A5.doc#_Toc15160	2	22.公共体育服务 ？PAGEREF _Toc15160 \h 50	https://www.pingtan.gov.cn/zwgk/zfxxgk/dfbmptlj/ptzhsyqbm/ptzhsyqjjf/fdzdgknr/gzdt/202304/t20230403_78134.htm
file:///E:/360MoveData/Users/Administrator/Desktop/%E5%B9%B3%E6%BD%AD%E7%BB%BC%E5%90%88%E5%AE%9E%E9%AA%8C%E5%8C%BA%E7%BB%8F%E6%B5%8E%E5%8F%91%E5%B1%95%E5%B1%80%E7%AD%89%E5%8D%81%E4%B8%83%E9%83%A8%E9%97%A8%E5%85%B3%E4%BA%8E%E5%8D%B0%E5%8F%91%E3%80%8A%E5%B9%B3%E6%BD%AD%E7%BB%BC%E5%90%88%E5%AE%9E%E9%AA%8C%E5%8C%BA%E5%9F%BA%E6%9C%AC%E5%85%AC%E5%85%B1%E6%9C%8D%E5%8A%A1%E6%A0%87%E5%87%86%E3%80%8B%E7%9A%84%E9%80%9A%E7%9F%A5.doc#_Toc19347	2	3.儿童关爱服务 ？PAGEREF _Toc19347 \h 9	https://www.pingtan.gov.cn/zwgk/zfxxgk/dfbmptlj/ptzhsyqbm/ptzhsyqjjf/fdzdgknr/gzdt/202304/t20230403_78134.htm
file:///E:/360MoveData/Users/Administrator/Desktop/%E5%B9%B3%E6%BD%AD%E7%BB%BC%E5%90%88%E5%AE%9E%E9%AA%8C%E5%8C%BA%E7%BB%8F%E6%B5%8E%E5%8F%91%E5%B1%95%E5%B1%80%E7%AD%89%E5%8D%81%E4%B8%83%E9%83%A8%E9%97%A8%E5%85%B3%E4%BA%8E%E5%8D%B0%E5%8F%91%E3%80%8A%E5%B9%B3%E6%BD%AD%E7%BB%BC%E5%90%88%E5%AE%9E%E9%AA%8C%E5%8C%BA%E5%9F%BA%E6%9C%AC%E5%85%AC%E5%85%B1%E6%9C%8D%E5%8A%A1%E6%A0%87%E5%87%86%E3%80%8B%E7%9A%84%E9%80%9A%E7%9F%A5.doc#_Toc1958	2	6.普通高中助学服务 ？PAGEREF _Toc1958 \h 14	https://www.pingtan.gov.cn/zwgk/zfxxgk/dfbmptlj/ptzhsyqbm/ptzhsyqjjf/fdzdgknr/gzdt/202304/t20230403_78134.htm
file:///E:/360MoveData/Users/Administrator/Desktop/%E5%B9%B3%E6%BD%AD%E7%BB%BC%E5%90%88%E5%AE%9E%E9%AA%8C%E5%8C%BA%E7%BB%8F%E6%B5%8E%E5%8F%91%E5%B1%95%E5%B1%80%E7%AD%89%E5%8D%81%E4%B8%83%E9%83%A8%E9%97%A8%E5%85%B3%E4%BA%8E%E5%8D%B0%E5%8F%91%E3%80%8A%E5%B9%B3%E6%BD%AD%E7%BB%BC%E5%90%88%E5%AE%9E%E9%AA%8C%E5%8C%BA%E5%9F%BA%E6%9C%AC%E5%85%AC%E5%85%B1%E6%9C%8D%E5%8A%A1%E6%A0%87%E5%87%86%E3%80%8B%E7%9A%84%E9%80%9A%E7%9F%A5.doc#_Toc20042	2	8.就业创业服务 ？PAGEREF _Toc20042 \h 16	https://www.pingtan.gov.cn/zwgk/zfxxgk/dfbmptlj/ptzhsyqbm/ptzhsyqjjf/fdzdgknr/gzdt/202304/t20230403_78134.htm
file:///E:/360MoveData/Users/Administrator/Desktop/%E5%B9%B3%E6%BD%AD%E7%BB%BC%E5%90%88%E5%AE%9E%E9%AA%8C%E5%8C%BA%E7%BB%8F%E6%B5%8E%E5%8F%91%E5%B1%95%E5%B1%80%E7%AD%89%E5%8D%81%E4%B8%83%E9%83%A8%E9%97%A8%E5%85%B3%E4%BA%8E%E5%8D%B0%E5%8F%91%E3%80%8A%E5%B9%B3%E6%BD%AD%E7%BB%BC%E5%90%88%E5%AE%9E%E9%AA%8C%E5%8C%BA%E5%9F%BA%E6%9C%AC%E5%85%AC%E5%85%B1%E6%9C%8D%E5%8A%A1%E6%A0%87%E5%87%86%E3%80%8B%E7%9A%84%E9%80%9A%E7%9F%A5.doc#_Toc20682	2	八、优军服务保障 ？PAGEREF _Toc20682 \h 44	https://www.pingtan.gov.cn/zwgk/zfxxgk/dfbmptlj/ptzhsyqbm/ptzhsyqjjf/fdzdgknr/gzdt/202304/t20230403_78134.htm
file:///E:/360MoveData/Users/Administrator/Desktop/%E5%B9%B3%E6%BD%AD%E7%BB%BC%E5%90%88%E5%AE%9E%E9%AA%8C%E5%8C%BA%E7%BB%8F%E6%B5%8E%E5%8F%91%E5%B1%95%E5%B1%80%E7%AD%89%E5%8D%81%E4%B8%83%E9%83%A8%E9%97%A8%E5%85%B3%E4%BA%8E%E5%8D%B0%E5%8F%91%E3%80%8A%E5%B9%B3%E6%BD%AD%E7%BB%BC%E5%90%88%E5%AE%9E%E9%AA%8C%E5%8C%BA%E5%9F%BA%E6%9C%AC%E5%85%AC%E5%85%B1%E6%9C%8D%E5%8A%A1%E6%A0%87%E5%87%86%E3%80%8B%E7%9A%84%E9%80%9A%E7%9F%A5.doc#_Toc22949	2	12.计划生育扶助服务 ？PAGEREF _Toc22949 \h 29	https://www.pingtan.gov.cn/zwgk/zfxxgk/dfbmptlj/ptzhsyqbm/ptzhsyqjjf/fdzdgknr/gzdt/202304/t20230403_78134.htm
file:///E:/360MoveData/Users/Administrator/Desktop/%E5%B9%B3%E6%BD%AD%E7%BB%BC%E5%90%88%E5%AE%9E%E9%AA%8C%E5%8C%BA%E7%BB%8F%E6%B5%8E%E5%8F%91%E5%B1%95%E5%B1%80%E7%AD%89%E5%8D%81%E4%B8%83%E9%83%A8%E9%97%A8%E5%85%B3%E4%BA%8E%E5%8D%B0%E5%8F%91%E3%80%8A%E5%B9%B3%E6%BD%AD%E7%BB%BC%E5%90%88%E5%AE%9E%E9%AA%8C%E5%8C%BA%E5%9F%BA%E6%9C%AC%E5%85%AC%E5%85%B1%E6%9C%8D%E5%8A%A1%E6%A0%87%E5%87%86%E3%80%8B%E7%9A%84%E9%80%9A%E7%9F%A5.doc#_Toc23558	2	三、劳有所得 ？PAGEREF _Toc23558 \h 16	https://www.pingtan.gov.cn/zwgk/zfxxgk/dfbmptlj/ptzhsyqbm/ptzhsyqjjf/fdzdgknr/gzdt/202304/t20230403_78134.htm
file:///E:/360MoveData/Users/Administrator/Desktop/%E5%B9%B3%E6%BD%AD%E7%BB%BC%E5%90%88%E5%AE%9E%E9%AA%8C%E5%8C%BA%E7%BB%8F%E6%B5%8E%E5%8F%91%E5%B1%95%E5%B1%80%E7%AD%89%E5%8D%81%E4%B8%83%E9%83%A8%E9%97%A8%E5%85%B3%E4%BA%8E%E5%8D%B0%E5%8F%91%E3%80%8A%E5%B9%B3%E6%BD%AD%E7%BB%BC%E5%90%88%E5%AE%9E%E9%AA%8C%E5%8C%BA%E5%9F%BA%E6%9C%AC%E5%85%AC%E5%85%B1%E6%9C%8D%E5%8A%A1%E6%A0%87%E5%87%86%E3%80%8B%E7%9A%84%E9%80%9A%E7%9F%A5.doc#_Toc26555	2	4.学前教育助学服务 ？PAGEREF _Toc26555 \h 11	https://www.pingtan.gov.cn/zwgk/zfxxgk/dfbmptlj/ptzhsyqbm/ptzhsyqjjf/fdzdgknr/gzdt/202304/t20230403_78134.htm
file:///E:/360MoveData/Users/Administrator/Desktop/%E5%B9%B3%E6%BD%AD%E7%BB%BC%E5%90%88%E5%AE%9E%E9%AA%8C%E5%8C%BA%E7%BB%8F%E6%B5%8E%E5%8F%91%E5%B1%95%E5%B1%80%E7%AD%89%E5%8D%81%E4%B8%83%E9%83%A8%E9%97%A8%E5%85%B3%E4%BA%8E%E5%8D%B0%E5%8F%91%E3%80%8A%E5%B9%B3%E6%BD%AD%E7%BB%BC%E5%90%88%E5%AE%9E%E9%AA%8C%E5%8C%BA%E5%9F%BA%E6%9C%AC%E5%85%AC%E5%85%B1%E6%9C%8D%E5%8A%A1%E6%A0%87%E5%87%86%E3%80%8B%E7%9A%84%E9%80%9A%E7%9F%A5.doc#_Toc27831	2	5.义务教育服务 ？PAGEREF _Toc27831 \h 11	https://www.pingtan.gov.cn/zwgk/zfxxgk/dfbmptlj/ptzhsyqbm/ptzhsyqjjf/fdzdgknr/gzdt/202304/t20230403_78134.htm
file:///E:/360MoveData/Users/Administrator/Desktop/%E5%B9%B3%E6%BD%AD%E7%BB%BC%E5%90%88%E5%AE%9E%E9%AA%8C%E5%8C%BA%E7%BB%8F%E6%B5%8E%E5%8F%91%E5%B1%95%E5%B1%80%E7%AD%89%E5%8D%81%E4%B8%83%E9%83%A8%E9%97%A8%E5%85%B3%E4%BA%8E%E5%8D%B0%E5%8F%91%E3%80%8A%E5%B9%B3%E6%BD%AD%E7%BB%BC%E5%90%88%E5%AE%9E%E9%AA%8C%E5%8C%BA%E5%9F%BA%E6%9C%AC%E5%85%AC%E5%85%B1%E6%9C%8D%E5%8A%A1%E6%A0%87%E5%87%86%E3%80%8B%E7%9A%84%E9%80%9A%E7%9F%A5.doc#_Toc27855	2	19.扶残助残服务 ？PAGEREF _Toc27855 \h 39	https://www.pingtan.gov.cn/zwgk/zfxxgk/dfbmptlj/ptzhsyqbm/ptzhsyqjjf/fdzdgknr/gzdt/202304/t20230403_78134.htm
file:///E:/360MoveData/Users/Administrator/Desktop/%E5%B9%B3%E6%BD%AD%E7%BB%BC%E5%90%88%E5%AE%9E%E9%AA%8C%E5%8C%BA%E7%BB%8F%E6%B5%8E%E5%8F%91%E5%B1%95%E5%B1%80%E7%AD%89%E5%8D%81%E4%B8%83%E9%83%A8%E9%97%A8%E5%85%B3%E4%BA%8E%E5%8D%B0%E5%8F%91%E3%80%8A%E5%B9%B3%E6%BD%AD%E7%BB%BC%E5%90%88%E5%AE%9E%E9%AA%8C%E5%8C%BA%E5%9F%BA%E6%9C%AC%E5%85%AC%E5%85%B1%E6%9C%8D%E5%8A%A1%E6%A0%87%E5%87%86%E3%80%8B%E7%9A%84%E9%80%9A%E7%9F%A5.doc#_Toc29238	2	七、弱有所扶 ？PAGEREF _Toc29238 \h 35	https://www.pingtan.gov.cn/zwgk/zfxxgk/dfbmptlj/ptzhsyqbm/ptzhsyqjjf/fdzdgknr/gzdt/202304/t20230403_78134.htm
file:///E:/360MoveData/Users/Administrator/Desktop/%E5%B9%B3%E6%BD%AD%E7%BB%BC%E5%90%88%E5%AE%9E%E9%AA%8C%E5%8C%BA%E7%BB%8F%E6%B5%8E%E5%8F%91%E5%B1%95%E5%B1%80%E7%AD%89%E5%8D%81%E4%B8%83%E9%83%A8%E9%97%A8%E5%85%B3%E4%BA%8E%E5%8D%B0%E5%8F%91%E3%80%8A%E5%B9%B3%E6%BD%AD%E7%BB%BC%E5%90%88%E5%AE%9E%E9%AA%8C%E5%8C%BA%E5%9F%BA%E6%9C%AC%E5%85%AC%E5%85%B1%E6%9C%8D%E5%8A%A1%E6%A0%87%E5%87%86%E3%80%8B%E7%9A%84%E9%80%9A%E7%9F%A5.doc#_Toc30942	2	16.住房改造服务 ？PAGEREF _Toc30942 \h 34	https://www.pingtan.gov.cn/zwgk/zfxxgk/dfbmptlj/ptzhsyqbm/ptzhsyqjjf/fdzdgknr/gzdt/202304/t20230403_78134.htm
file:///E:/360MoveData/Users/Administrator/Desktop/%E5%B9%B3%E6%BD%AD%E7%BB%BC%E5%90%88%E5%AE%9E%E9%AA%8C%E5%8C%BA%E7%BB%8F%E6%B5%8E%E5%8F%91%E5%B1%95%E5%B1%80%E7%AD%89%E5%8D%81%E4%B8%83%E9%83%A8%E9%97%A8%E5%85%B3%E4%BA%8E%E5%8D%B0%E5%8F%91%E3%80%8A%E5%B9%B3%E6%BD%AD%E7%BB%BC%E5%90%88%E5%AE%9E%E9%AA%8C%E5%8C%BA%E5%9F%BA%E6%9C%AC%E5%85%AC%E5%85%B1%E6%9C%8D%E5%8A%A1%E6%A0%87%E5%87%86%E3%80%8B%E7%9A%84%E9%80%9A%E7%9F%A5.doc#_Toc31164	2	一、幼有所育 ？PAGEREF _Toc31164 \h 5	https://www.pingtan.gov.cn/zwgk/zfxxgk/dfbmptlj/ptzhsyqbm/ptzhsyqjjf/fdzdgknr/gzdt/202304/t20230403_78134.htm
file:///E:/360MoveData/Users/Administrator/Desktop/%E5%B9%B3%E6%BD%AD%E7%BB%BC%E5%90%88%E5%AE%9E%E9%AA%8C%E5%8C%BA%E7%BB%8F%E6%B5%8E%E5%8F%91%E5%B1%95%E5%B1%80%E7%AD%89%E5%8D%81%E4%B8%83%E9%83%A8%E9%97%A8%E5%85%B3%E4%BA%8E%E5%8D%B0%E5%8F%91%E3%80%8A%E5%B9%B3%E6%BD%AD%E7%BB%BC%E5%90%88%E5%AE%9E%E9%AA%8C%E5%8C%BA%E5%9F%BA%E6%9C%AC%E5%85%AC%E5%85%B1%E6%9C%8D%E5%8A%A1%E6%A0%87%E5%87%86%E3%80%8B%E7%9A%84%E9%80%9A%E7%9F%A5.doc#_Toc31269	2	九、文体服务保障 ？PAGEREF _Toc31269 \h 47	https://www.pingtan.gov.cn/zwgk/zfxxgk/dfbmptlj/ptzhsyqbm/ptzhsyqjjf/fdzdgknr/gzdt/202304/t20230403_78134.htm
file:///E:/360MoveData/Users/Administrator/Desktop/%E5%B9%B3%E6%BD%AD%E7%BB%BC%E5%90%88%E5%AE%9E%E9%AA%8C%E5%8C%BA%E7%BB%8F%E6%B5%8E%E5%8F%91%E5%B1%95%E5%B1%80%E7%AD%89%E5%8D%81%E4%B8%83%E9%83%A8%E9%97%A8%E5%85%B3%E4%BA%8E%E5%8D%B0%E5%8F%91%E3%80%8A%E5%B9%B3%E6%BD%AD%E7%BB%BC%E5%90%88%E5%AE%9E%E9%AA%8C%E5%8C%BA%E5%9F%BA%E6%9C%AC%E5%85%AC%E5%85%B1%E6%9C%8D%E5%8A%A1%E6%A0%87%E5%87%86%E3%80%8B%E7%9A%84%E9%80%9A%E7%9F%A5.doc#_Toc31777	2	14.养老保险服务 ？PAGEREF _Toc31777 \h 32	https://www.pingtan.gov.cn/zwgk/zfxxgk/dfbmptlj/ptzhsyqbm/ptzhsyqjjf/fdzdgknr/gzdt/202304/t20230403_78134.htm
file:///E:/360MoveData/Users/Administrator/Desktop/%E5%B9%B3%E6%BD%AD%E7%BB%BC%E5%90%88%E5%AE%9E%E9%AA%8C%E5%8C%BA%E7%BB%8F%E6%B5%8E%E5%8F%91%E5%B1%95%E5%B1%80%E7%AD%89%E5%8D%81%E4%B8%83%E9%83%A8%E9%97%A8%E5%85%B3%E4%BA%8E%E5%8D%B0%E5%8F%91%E3%80%8A%E5%B9%B3%E6%BD%AD%E7%BB%BC%E5%90%88%E5%AE%9E%E9%AA%8C%E5%8C%BA%E5%9F%BA%E6%9C%AC%E5%85%AC%E5%85%B1%E6%9C%8D%E5%8A%A1%E6%A0%87%E5%87%86%E3%80%8B%E7%9A%84%E9%80%9A%E7%9F%A5.doc#_Toc3693	2	21.公共文化服务 ？PAGEREF _Toc3693 \h 47	https://www.pingtan.gov.cn/zwgk/zfxxgk/dfbmptlj/ptzhsyqbm/ptzhsyqjjf/fdzdgknr/gzdt/202304/t20230403_78134.htm
file:///E:/360MoveData/Users/Administrator/Desktop/%E5%B9%B3%E6%BD%AD%E7%BB%BC%E5%90%88%E5%AE%9E%E9%AA%8C%E5%8C%BA%E7%BB%8F%E6%B5%8E%E5%8F%91%E5%B1%95%E5%B1%80%E7%AD%89%E5%8D%81%E4%B8%83%E9%83%A8%E9%97%A8%E5%85%B3%E4%BA%8E%E5%8D%B0%E5%8F%91%E3%80%8A%E5%B9%B3%E6%BD%AD%E7%BB%BC%E5%90%88%E5%AE%9E%E9%AA%8C%E5%8C%BA%E5%9F%BA%E6%9C%AC%E5%85%AC%E5%85%B1%E6%9C%8D%E5%8A%A1%E6%A0%87%E5%87%86%E3%80%8B%E7%9A%84%E9%80%9A%E7%9F%A5.doc#_Toc8149	2	二、学有所教 ？PAGEREF _Toc8149 \h 11	https://www.pingtan.gov.cn/zwgk/zfxxgk/dfbmptlj/ptzhsyqbm/ptzhsyqjjf/fdzdgknr/gzdt/202304/t20230403_78134.htm
file:///E:/360MoveData/Users/Administrator/Desktop/%E5%B9%B3%E6%BD%AD%E7%BB%BC%E5%90%88%E5%AE%9E%E9%AA%8C%E5%8C%BA%E7%BB%8F%E6%B5%8E%E5%8F%91%E5%B1%95%E5%B1%80%E7%AD%89%E5%8D%81%E4%B8%83%E9%83%A8%E9%97%A8%E5%85%B3%E4%BA%8E%E5%8D%B0%E5%8F%91%E3%80%8A%E5%B9%B3%E6%BD%AD%E7%BB%BC%E5%90%88%E5%AE%9E%E9%AA%8C%E5%8C%BA%E5%9F%BA%E6%9C%AC%E5%85%AC%E5%85%B1%E6%9C%8D%E5%8A%A1%E6%A0%87%E5%87%86%E3%80%8B%E7%9A%84%E9%80%9A%E7%9F%A5.doc#_Toc9175	2	9.工伤失业保险服务 ？PAGEREF _Toc9175 \h 21	https://www.pingtan.gov.cn/zwgk/zfxxgk/dfbmptlj/ptzhsyqbm/ptzhsyqjjf/fdzdgknr/gzdt/202304/t20230403_78134.htm
file:///E:/360MoveData/Users/Administrator/Desktop/%E5%B9%B3%E6%BD%AD%E7%BB%BC%E5%90%88%E5%AE%9E%E9%AA%8C%E5%8C%BA%E7%BB%8F%E6%B5%8E%E5%8F%91%E5%B1%95%E5%B1%80%E7%AD%89%E5%8D%81%E4%B8%83%E9%83%A8%E9%97%A8%E5%85%B3%E4%BA%8E%E5%8D%B0%E5%8F%91%E3%80%8A%E5%B9%B3%E6%BD%AD%E7%BB%BC%E5%90%88%E5%AE%9E%E9%AA%8C%E5%8C%BA%E5%9F%BA%E6%9C%AC%E5%85%AC%E5%85%B1%E6%9C%8D%E5%8A%A1%E6%A0%87%E5%87%86%E3%80%8B%E7%9A%84%E9%80%9A%E7%9F%A5.doc#_Toc9610	2	13.养老助老服务 ？PAGEREF _Toc9610 \h 30	https://www.pingtan.gov.cn/zwgk/zfxxgk/dfbmptlj/ptzhsyqbm/ptzhsyqjjf/fdzdgknr/gzdt/202304/t20230403_78134.htm
http://112.54.44.39x203a966ea3868.ipv6best.cn:8088/	2	http://112.54.44.39:8088/	https://www.pingtan.gov.cn/zwgk/zxwj/bmwj/202103/t20210316_25191.htm
http://172.23.0.10x5ea89680b3868.ipv6best.cn:1011/law/page/secondbrw.cbs?rid=1&amp;order=2&amp;result=c%3A%5Ctemp%5Ctbs%5CB28B568%2Etmp&amp;page=allindex&amp;f=&amp;field=&amp;transword=++%CA%B3%C6%B7%B0%B2%C8%AB%B7%A8&amp;dkall=1	2	中华人民共和国产品质量法	https://www.pingtan.gov.cn/zwgk/ztzl/hzzfgs/shgk/201912/t20191230_18716.htm
http://202.127.42.160xa27d9671b3868.ipv6best.cn:3009/upload_file/2022/08/07/20220807212307179.doc	2	2022年农机报废更新补贴政策解读培训班报名表	https://www.pingtan.gov.cn/zwgk/zdlyxxgk/snbt/202211/t20221122_41048.htm
http://220.160.52.164.9001x92099684a3868.ipv6best.cn/#/%EF%BC%89%E7%99%BB%E8%AE%B0%E3%80%82	2	http://220.160.52.164:9001/#/）登记。	https://www.pingtan.gov.cn/zwgk/zfxxgk/dfbmptlj/ptzhsyqbm/ptzhsyqhzs/fdzdgknr/zdjsxmdpzh/201911/t20191125_72162.htm
http://220.160.52.164x74229671e3868.ipv6best.cn:9001/#/%EF%BC%89%E7%99%BB%E8%AE%B0%E3%80%82	2	http://220.160.52.164x74229671e3868.ipv6best.cn:9001/#/）登记。	https://www.pingtan.gov.cn/zwgk/zdlyxxgk/zdxmjs/zhxx/202203/t20220302_46084.htm
http://app.hxrc.com/	2	海峡人才市场	https://www.pingtan.gov.cn/zwgk/gsgg/201410/t20141013_1269.htm
http://app.hxrc.com/services/rcjlh/cxtw_bmp_2639.html	2	福建自贸区平潭片区	https://www.pingtan.gov.cn/zwgk/ztzl/rlzyygwygl/gzdtjxxgk/201906/t20190621_14420.htm
http://app.hxrc.com/services/rcjlh/ydtw_text.aspx?rq=1721&amp;id=0	2	http://app.hxrc.com/services/rcjlh/ydtw_text.aspx?rq=1721&amp;id=0	https://www.pingtan.gov.cn/zwgk/gsgg/201511/t20151127_2748.htm
http://aqjd.mwr.gov.cnx197a967533868.ipv6best.cn/	2	http://aqjd.mwr.gov.cn/	https://www.pingtan.gov.cn/zwgk/zdlyxxgk/aqsc_1/xgwj/201606/t20160602_5328.htm
http://baike.baidu.com/view/1410339.htm	2	关键设备	https://www.pingtan.gov.cn/zwgk/zfxxgk/dfbmptlj/ptzhsyqpq/ptzhsyqspp/fdzdgknr/tfggsjdyjy/202105/t20210511_73503.htm
http://baike.baidu.com/view/1527415.htm	2	逃生	https://www.pingtan.gov.cn/zwgk/zfxxgk/dfbmptlj/ptzhsyqbm/ptzhsyqgwh/fdzdgknr/gzdt/201611/t20161113_61436.htm
http://baike.baidu.com/view/2210495.htm	2	行政管理人员	https://www.pingtan.gov.cn/zwgk/zfxxgk/dfbmptlj/ptzhsyqpq/ptzhsyqspp/fdzdgknr/tfggsjdyjy/202105/t20210511_73503.htm
http://baike.baidu.com/view/241366.htm	2	气瓶	https://www.pingtan.gov.cn/zwgk/zfxxgk/dfbmptlj/ptzhsyqbm/ptzhsyqscj/fdzdgknr/hzgfxwj/202601/t20260122_104768.htm
http://baike.baidu.com/view/422302.htm	2	灭火器	https://www.pingtan.gov.cn/zwgk/zfxxgk/dfbmptlj/ptzhsyqpq/ptzhsyqspp/fdzdgknr/tfggsjdyjy/202105/t20210511_73503.htm
http://baike.baidu.com/view/59532.htm	2	指挥	https://www.pingtan.gov.cn/zwgk/zfxxgk/dfbmptlj/ptzhsyqpq/ptzhsyqspp/fdzdgknr/tfggsjdyjy/202105/t20210511_73503.htm
http://baike.baidu.com/view/795565.htm	2	疏散	https://www.pingtan.gov.cn/zwgk/zfxxgk/dfbmptlj/ptzhsyqpq/ptzhsyqspp/fdzdgknr/tfggsjdyjy/202105/t20210511_73503.htm
http://china.findlaw.cn/bianhu/xsssfzs/guanxia/	2	管辖	https://www.pingtan.gov.cn/zwgk/zfxxgk/dfbmptlj/ptzhsyqbm/ptzhsyqjtj/fdzdgknr/jgszqlpzgk/201808/t20180810_66162.htm
http://china.findlaw.cn/info/guojiafa/gjpc/xzhpch/	2	行政赔偿	https://www.pingtan.gov.cn/zwgk/zfxxgk/dfbmptlj/ptzhsyqbm/ptzhsyqjtj/fdzdgknr/jgszqlpzgk/201808/t20180810_66162.htm
http://china.findlaw.cn/info/minshang/minfa/faren/	2	法人	https://www.pingtan.gov.cn/zwgk/zfxxgk/dfbmptlj/ptzhsyqbm/ptzhsyqjtj/fdzdgknr/jgszqlpzgk/201808/t20180810_66162.htm
http://china.findlaw.cn/info/xingzheng/zhianchufafa/zxjd/	2	执法监督	https://www.pingtan.gov.cn/zwgk/zfxxgk/dfbmptlj/ptzhsyqbm/ptzhsyqjtj/fdzdgknr/jgszqlpzgk/201808/t20180810_66162.htm
http://china.findlaw.cn/info/xzss/sszs/xzxw/	2	具体行政行为	https://www.pingtan.gov.cn/zwgk/zfxxgk/dfbmptlj/ptzhsyqbm/ptzhsyqjtj/fdzdgknr/jgszqlpzgk/201808/t20180810_66162.htm
http://china.findlaw.cn/info/zhixing/	2	执行	https://www.pingtan.gov.cn/zwgk/zfxxgk/dfbmptlj/ptzhsyqbm/ptzhsyqjtj/fdzdgknr/jgszqlpzgk/201808/t20180810_66162.htm
http://clq.fuzhou.gov.cnx3cdb9673a3868.ipv6best.cn/xjwz/zwgk/zfxxgkzl/zlszfgzbmxxgkml/zlsczj/gkml/gzdt/201908/P020190816622700673975.pdf	2		https://www.pingtan.gov.cn/zwgk/zdlyxxgk/czzj/zxzjgk/201908/t20190806_18985.htm
http://gat.fujian.gov.cn/zwgk/zxwj/stwj/202111/t20211117_5775586.htm	2	相关文章：福建省公安厅关于印发《福建省户口居民身份证管理工作规定》的通知	https://www.pingtan.gov.cn/zwgk/ztzl/jczwgkbzhgfh/qzbm/hjgl/202201/t20220106_29965.htm
http://hd.chinatax.gov.cn/fuwu/jiucuo.html	2		https://www.pingtan.gov.cn/zwgk/zdlyxxgk/jsjf/202412/t20241211_95761.htm
http://jjj.pingtan.gov.cnx08b49671e3868.ipv6best.cn/jhtml/download/2c90b38b600a6fc701600c07709f0012	2	？2022年澳前、中原安置小区公共租赁住房申请户房源调换名单	https://www.pingtan.gov.cn/zwgk/zdlyxxgk/bzxzf/202206/t20220606_34185.htm
http://jjj.pingtan.gov.cnx08b4967f03868.ipv6best.cn/jhtml/download/2c90b38b600a6fc701600c07709f0012	2	？2022年澳前、中原安置小区公共租赁住房申请户房源调换名单	https://www.pingtan.gov.cn/zwgk/ztzl/fdcjzfbzzxzzxggzzl/gzdt/202206/t20220606_34182.htm
http://jyt.fujian.gov.cn/	2	http://jyt.fujian.gov.cn/	https://www.pingtan.gov.cn/zwgk/ztzl/rlzyygwygl/gzdtjxxgk/201810/t20181023_11210.htm
http://mail.qq.com/cgi-bin/mail_spam?action=check_link&amp;spam=0&amp;url=mailto%3APT23157028%40163%2Ecom	2	PT23157028@163.com	https://www.pingtan.gov.cn/zwgk/zdlyxxgk/hjbh_1/201912/t20191209_17904.htm
http://mitu_rs@163.com/	2	mitu_rs@163.com	https://www.pingtan.gov.cn/zwgk/ztzl/rlzyygwygl/gzdtjxxgk/201710/t20171023_7869.htm
http://mzt.fujian.gov.cn/mgj/wjgg/202103/W020210329525832832324.docx	2	全区行业协会商会“我为企业减负担”专项行动工作情况表	https://www.pingtan.gov.cn/zwgk/zfxxgk/dfbmptlj/ptzhsyqbm/ptzhsyqshs/fdzdgknr/qtyzdgkdzf/202104/t20210420_73871.htm
http://nynct.fujian.gov.cn/ztzl/fjsnjgzbtxxgkzl/tzgg_5721/201812/W020181224393781796436.xlsx	2	&nbsp;&nbsp;&nbsp;&nbsp;1.2018-2020年福建省农机购置补贴产品信息（第四批）&nbsp;&nbsp;	https://www.pingtan.gov.cn/zwgk/zdlyxxgk/snbt/202211/t20221122_41269.htm
http://pt.fjbz.org.cnx1e49967063868.ipv6best.cn:8060/	2	福建省标准信息服务平台	https://www.pingtan.gov.cn/zwgk/zdlyxxgk/spypaqun/spaq/202407/t20240715_91929.htm
http://renwuku.news.ifeng.comxee6e966f43868.ipv6best.cn/index/detail/5/xijinping	2	习近平	https://www.pingtan.gov.cn/zwgk/zfxxgk/gwhwj/gzdt/201907/t20190719_68028.htm
http://renwuku.news.ifeng.comxee6e966f63868.ipv6best.cn/index/detail/5/xijinping	2	习近平	https://www.pingtan.gov.cn/zwgk/zfxxgk/gwhwj/gzdt/201607/t20160716_60969.htm
http://system.fjjs.gov.cnxf2a2966df3868.ipv6best.cn/Green/Pages/DeclareCompanyDetail.aspx?type=0&amp;ApplicationRecordID=175111	2	企业基本信息	https://www.pingtan.gov.cn/zwgk/gsgg/201506/t20150619_1402.htm
http://system.fjjs.gov.cnxf2a2966df3868.ipv6best.cn/Green/Pages/DeclarePerformanceList.aspx?type=0&amp;ApplicationRecordID=175111	2	业绩名称	https://www.pingtan.gov.cn/zwgk/gsgg/201506/t20150619_1402.htm
http://system.fjjs.gov.cnxf2a2966df3868.ipv6best.cn/Green/Pages/DeclarePersonList.aspx?type=0&amp;ApplicationRecordID=175111	2	专业技术人员	https://www.pingtan.gov.cn/zwgk/gsgg/201506/t20150619_1402.htm
http://system.fjjs.gov.cnxf2a29681a3868.ipv6best.cn/Green/Pages/QualifyApprove.aspx?qualifyAppRecordID=238004	2	福建鼎盛建设发展有限公司	https://www.pingtan.gov.cn/zwgk/ztzl/jtyjs/gzdthxxgs/201609/t20160930_5506.htm
http://system.fjjs.gov.cnxf2a2968223868.ipv6best.cn/Green/Pages/DeclarePerformanceList.aspx?type=0&amp;ApplicationRecordID=175111	2	业绩名称	https://www.pingtan.gov.cn/zwgk/ztzl/jtyjs/gzdthxxgs/201601/t20160129_3345.htm
http://system.fjjs.gov.cnxf2a2968223868.ipv6best.cn/Green/Pages/DeclarePersonList.aspx?type=0&amp;ApplicationRecordID=175111	2	高中级职称人员	https://www.pingtan.gov.cn/zwgk/ztzl/jtyjs/gzdthxxgs/201601/t20160129_3345.htm
http://www./	2	Http://www.	https://www.pingtan.gov.cn/zwgk/zfxxgk/dfbmptlj/ptzhsyqbm/ptzhsyqhzs/fdzdgknr/qtyzdgkdzf/202205/t20220519_76148.htm
http://www.110.comx0fa6966f83868.ipv6best.cn/ask/browse-c72.html	2	经济	https://www.pingtan.gov.cn/zwgk/zfxxgk/gwhwj/dfxfgzfgzh/201403/t20140329_56635.htm
http://www.1633.comx891d966db3868.ipv6best.cn/tec/xzt/ShenFenZheng/	2	身份证	https://www.pingtan.gov.cn/zwgk/gsgg/201711/t20171117_8294.htm
http://www.acas.org.cnx7a72967063868.ipv6best.cn/	2	海峡两岸仲裁中心	https://www.pingtan.gov.cn/zwgk/zdlyxxgk/spypaqun/spaq/202407/t20240715_91929.htm
http://www.amic.agri.cnxd7bc9671b3868.ipv6best.cn/subsidy/details/-1/11796/182	2	http://www.amic.agri.cnxd7bc9671b3868.ipv6best.cn/subsidy/details/-1/11796/182	https://www.pingtan.gov.cn/zwgk/zdlyxxgk/snbt/202211/t20221122_41048.htm
http://www.baidu.com/link?url=sbzre4mrMmRv61SXG1MSu77P8_tVVpRES1kA9NOeKxccTmPhn3TYYzWFTidfnrz8nsjwBCMF9DdsrNkIfZLl7CwqSJiSq_cerym_qY7DqMfV8k93QP108lVFdedpCpKaEbiJiGhXogoaapH5j8wXYS7zTuKHzZ8zx3U87F8QJu_eXhEI5rdeORniJTg8AMTR9EqRw6g8SxSNkhKFnCxZiK	2	教育部直属师范类大学	https://www.pingtan.gov.cn/zwgk/ztzl/rlzyygwygl/gzdtjxxgk/202311/t20231130_82665.htm
http://www.baidu.com/s?wd=%E4%B8%AD%E5%8D%8E%E4%BA%BA%E6%B0%91%E5%85%B1%E5%92%8C%E5%9B%BD%E5%9F%8E%E5%B8%82%E5%B1%85%E6%B0%91%E5%A7%94%E5%91%98%E4%BC%9A%E7%BB%84%E7%BB%87%E6%B3%95&amp;hl_tag=textlink&amp;tn=SE_hldp01350_v6v6zkg6	2	中华人民共和国城市居民委员会组织法	https://www.pingtan.gov.cn/zwgk/zfxxgk/gwhwj/cxjshgldzd/201607/t20160719_60970.htm
http://www.china.com.cn/haiyang/node_7200142.htm	2	http://www.china.com.cn/haiyang/node_7200142.htm	https://www.pingtan.gov.cn/zwgk/zfxxgk/dfbmptlj/ptzhsyqbm/ptzhsyqgwh/fdzdgknr/qtyzdgkdzf/201404/t20140403_57267.htm
http://www.cpta.com.cn/n/2014/0611/c385858-25135705.html	2	可直接点击下载	https://www.pingtan.gov.cn/zwgk/zfxxgk/dfbmptlj/ptzhsyqbm/ptzhsyqshs/fdzdgknr/rddbjyzxwy/201904/t20190410_67606.htm
http://www.creditchina.gov.xn--cn)(www-0o3fu69vuosgftrgs7o1fgtwb3oo.ccgp.gov.xn--cn),,()-kw3k2nv4dn1av0a7zeaa734dxer7tj0ddpia74hc0bh02ccqqnt2agxada807c8zj1xnksav5bqa734k2j7aia86ykaj4920lma360mgahi679awybwz9hxka109ona387dkm3e4v9ezjcqaq5299cl9bewdqv7q8eo./	2	www.creditchina.gov.cn）、中国政府采购网（www.ccgp.gov.cn）查询，并打印相应的信用记录，提供的查询结果应为其通过上述网站获取的信用信息查询结果原始页面的打印件或截图（加盖单位公章）。	https://www.pingtan.gov.cn/zwgk/gsgg/202405/t20240513_89969.htm
http://www.crntt.comxfb6b967c73868.ipv6best.cn/doc/1068/9/7/2/106897286.html?coluid=3&docid=106897286&kindid=12&mdate=0307011254	2		https://www.pingtan.gov.cn/zwgk/ldzc/hjb/hdbd/202403/t20240308_87865.htm
http://www.fjcdi.gov.cn/MessageBoard.shtml?method=getAuditedlist	2	http://www.fjcdi.gov.cn/MessageBoard.shtml?method=getAuditedlist	https://www.pingtan.gov.cn/zwgk/ztzl/jjjczl/xcjy/202103/t20210303_25062.htm
http://www.fjetc.gov.cnx9f90968583868.ipv6best.cn/hqxm	2	www.fjetc.gov.cn/hqxm	https://www.pingtan.gov.cn/zwgk/zfxxgk/dfbmptlj/ptzhsyqbm/ptzhsyqjjf/fdzdgknr/qtyzdgkdzf/201708/t20170829_63750.htm
http://www.fjpta.com/	2	www.fjpta.com	https://www.pingtan.gov.cn/zwgk/zfxxgk/dfbmptlj/ptzhsyqbm/ptzhsyqshs/fdzdgknr/rddbjyzxwy/201904/t20190410_67606.htm
http://www.fjrs.gov.cnxe0c969b9e3868.ipv6best.cn/	2	http://www.fjrs.gov.cn	https://www.pingtan.gov.cn/zwgk/zdlyxxgk/jysy/202303/t20230323_45092.htm
http://www.gov.cn/hudong/100dudian/index.htm	2	javascript:void(0);/*1524728296928*/	https://www.pingtan.gov.cn/zwgk/gsgg/201804/t20180426_9527.htm
http://www.jszg.edu.cnx2667967243868.ipv6best.cn/	2	www.jszg.edu.cn	https://www.pingtan.gov.cn/zwgk/zdlyxxgk/jysy/202109/t20210930_28420.htm
http://www.luoyuan.gov.cn/	2	www.pingtan.gov.cn/	https://www.pingtan.gov.cn/zwgk/zfxxgk/dfbmptlj/ptzhsyqbm/ptzhsyqscj/zfxxgknb/201203/t20120322_80685.htm
http://www.news.cn/20240101/79db1086c0334b11b8473ac850f96a75/c.html	2		https://www.pingtan.gov.cn/zwgk/yw/szywn/202401/t20240104_85736.htm
http://www.news.cn/politics/leaders/20240204/9f5841ad62fd4041a790084e1f79fb26/c.html	2		https://www.pingtan.gov.cn/zwgk/yw/szywn/202402/t20240205_86905.htm
http://www.njhs.moa.gov.cn/qcjxhtjxd/202205/t20220513_6399114.htm	2	http://www.njhs.moa.gov.cn/qcjxhtjxd/202205/t20220513_6399114.htm	https://www.pingtan.gov.cn/zwgk/zdlyxxgk/snbt/202211/t20221122_41085.htm
http://www.pingtan.gov.xn--cn),-yx3cg0784ctvc3r2chha2bw52gxhbe1b71oxshn61c6jo81fea84v187nodq0fbc65cwn7c.xn--a4,,,-ov3dh1593dea53bi2bc6pha55mef41hbydxnsqv4hfb9d903busmyfb4yzft06mca950lwvntnsgqbk2v0rdfwxvlpssgd8bsv6gh1yeiav737p3fa928pkuh6o7nn1dstqioywob25ekaz6493cwndnu2o/	2	www.pingtan.gov.cn下载），并按照《申请表》的顺序提供相应的证据材料。证据材料必须以A4规格装订成册，加盖申请人单位印章后，连同《申请表》，向商标注册人地址所在地市场监管局辖区分局提出申请	https://www.pingtan.gov.cn/zwgk/zfxxgk/dfbmptlj/ptzhsyqbm/ptzhsyqscj/fdzdgknr/gzdt/201704/t20170412_62925.htm
http://www.ptjj.gov.cnxe53c9680f3868.ipv6best.cn/	2	www.ptjj.gov.cn	https://www.pingtan.gov.cn/zwgk/ztzl/jtyjs/gzdthxxgs/201805/t20180524_9804.htm
http://www.ptjj.gov.cnxe53c968123868.ipv6best.cn/	2	www.ptjj.gov.cn	https://www.pingtan.gov.cn/zwgk/ztzl/jtyjs/gzdthxxgs/201801/t20180104_8722.htm
http://www.ptjj.gov.cnxe53c968133868.ipv6best.cn/	2	www.ptjj.gov.cn	https://www.pingtan.gov.cn/zwgk/ztzl/jtyjs/gzdthxxgs/201711/t20171130_8363.htm
http://www.ptjj.gov.cnxe53c9681a3868.ipv6best.cn/	2	www.ptjj.gov.cn	https://www.pingtan.gov.cn/zwgk/ztzl/jtyjs/gzdthxxgs/201608/t20160817_5202.htm
http://www.ptshsyj.gov.cnx7a7a967083868.ipv6best.cn/	2	http://www.pingtan.gov.cn/	https://www.pingtan.gov.cn/zwgk/zdlyxxgk/jysy/202402/t20240222_87444.htm
http://www.ptshsyj.gov.cnx7a7a967fa3868.ipv6best.cn/	2	http://www.pingtan.gov.cn/	https://www.pingtan.gov.cn/zwgk/ztzl/jczwgkbzhgfh/qzbm/ywjy/202108/t20210818_27661.htm
http://www.qdsailing.orgx4bec966bf3868.ipv6best.cn/images/2021-06/29/fc920c0c-77b0-4561-9c1a-823bd81aab34.xls	2	附件：平潭综合实验区水上摩托艇备案名单	https://www.pingtan.gov.cn/zwgk/gsgg/202304/t20230423_45929.htm
http://www.qdsailing.orgx4bec968303868.ipv6best.cn/images/2021-06/29/fc920c0c-77b0-4561-9c1a-823bd81aab34.xls	2	附件：平潭综合实验区水上摩托艇备案名单	https://www.pingtan.gov.cn/zwgk/zfxxgk/dfbmptlj/ptzhsyqbm/ptzhsyqlyy/fdzdgknr/blhzxkhqtd/202304/t20230423_78164.htm
http://www.so.comxe4ec966f43868.ipv6best.cn/s?q=%E4%BC%9A%E8%AE%AE%E7%BA%AA%E8%A6%81&ie=utf-8&src=wenda_link	2	会议纪要	https://www.pingtan.gov.cn/zwgk/zxwj/qgwhbgswj/201902/t20190218_12590.htm
http://www.yozosoft.comx3d15966f63868.ipv6best.cn/office/fileconvert.jsp	2	YOZOSOFT	https://www.pingtan.gov.cn/zwgk/zxwj/bmwj/201704/t20170417_7073.htm
http://www.yunxiao.gov.cn/cms/pages/60476582479410000/attachments/%E6%B8%94%E8%88%B9%E7%B3%BB%E7%BB%9F%E6%95%B0%E6%8D%AE%E9%9C%80%E6%B8%85%E7%90%86%E6%B1%87%E6%80%BB%E8%A1%A8(1).xls	2	《	https://www.pingtan.gov.cn/zwgk/gsgg/201910/t20191012_16256.htm
https://27-151-80-61xe076967063868xx.ipv6best.cn:91/#/double-publicity-info	2	信用平潭	https://www.pingtan.gov.cn/zwgk/zdlyxxgk/spypaqun/spaq/202407/t20240715_91929.htm
https://baike.baidu.com/item/%E5%9B%BD%E5%AE%B6%E6%9C%BA%E5%85%B3%E5%B7%A5%E4%BD%9C%E4%BA%BA%E5%91%98	2	国家机关工作人员	https://www.pingtan.gov.cn/zwgk/zfxxgk/dfbmptlj/ptzhsyqbm/ptzhsyqgwh/fdzdgknr/fpjyylshbz/201908/t20190820_68195.htm
https://baike.baidu.com/item/%E5%AE%8C%E5%85%A8%E6%B0%91%E4%BA%8B%E8%A1%8C%E4%B8%BA%E8%83%BD%E5%8A%9B	2	完全民事行为能力	https://www.pingtan.gov.cn/zwgk/zfxxgk/dfbmptlj/ptzhsyqbm/ptzhsyqgwh/fdzdgknr/fpjyylshbz/201908/t20190820_68195.htm
https://bszs-conac-cnxe103967063868xx.ipv6best.cn/sitename?method=show&amp;id=21E2BB13660E0D66E053012819ACFD9D	2		https://www.pingtan.gov.cn/zwgk/zdlyxxgk/spypaqun/spaq/202407/t20240715_91929.htm
https://credit-xm-gov-cnxd4a4967063868xx.ipv6best.cn/	2	信用厦门	https://www.pingtan.gov.cn/zwgk/zdlyxxgk/spypaqun/spaq/202407/t20240715_91929.htm
https://fjrb-fjdaily-comx2d93967063868xx.ipv6best.cn/pc/col/202311/02/node_01.html	2	福建日报	https://www.pingtan.gov.cn/zwgk/zdlyxxgk/spypaqun/spaq/202407/t20240715_91929.htm
https://g.eqxiu.com/s/EGungi4V?eip=true	2	H5解读	https://www.pingtan.gov.cn/zwgk/zfxxgk/dfbmptlj/ptzhsyqbm/ptzhsyqjjf/fdzdgknr/gzdt/202304/t20230403_78134.htm
https://g.eqxiu.com/s/eGcbUXVj?eip=true	2	https://g.eqxiu.com/s/eGcbUXVj?eip=true	https://www.pingtan.gov.cn/zwgk/zfxxgk/gwhwj/hzgfxwj/202311/t20231114_82595.htm
https://img--xhpfm-xinhuaxmt-comxce85967cb3868xx.ipv6best.cn/News/202401/1212db310f4b4060a2bac128cf052925.jpg	2		https://www.pingtan.gov.cn/zwgk/yw/szywn/202401/t20240108_85822.htm
https://img--xhpfm-xinhuaxmt-comxce85967cb3868xx.ipv6best.cn/News/202401/1ad6429998d2400d86ba93be7c2aa5e3.jpg	2		https://www.pingtan.gov.cn/zwgk/yw/szywn/202401/t20240108_85822.htm
https://img--xhpfm-xinhuaxmt-comxce85967cb3868xx.ipv6best.cn/News/202401/d5fa875d9e624164808808cbf8879883.jpg	2		https://www.pingtan.gov.cn/zwgk/yw/szywn/202401/t20240108_85822.htm
https://img--xhpfm-xinhuaxmt-comxce85967cc3868xx.ipv6best.cn/News/202401/0005fea8338243a8afb2ffbae13ca656.jpg	2		https://www.pingtan.gov.cn/zwgk/yw/szywn/202401/t20240103_85670.htm
https://img--xhpfm-xinhuaxmt-comxce85967cc3868xx.ipv6best.cn/News/202401/524086d9479f4b2c835ba9b8dd567280.jpg	2		https://www.pingtan.gov.cn/zwgk/yw/szywn/202401/t20240103_85670.htm
https://img--xhpfm-xinhuaxmt-comxce85967cc3868xx.ipv6best.cn/News/202401/9e3a5007dd1f48bca083288f86098544.jpg	2		https://www.pingtan.gov.cn/zwgk/yw/szywn/202401/t20240103_85670.htm
https://img--xhpfm-xinhuaxmt-comxce85967cc3868xx.ipv6best.cn/News/202401/9ee956b211c444ec9c1cf7a5d0894334.jpg	2		https://www.pingtan.gov.cn/zwgk/yw/szywn/202401/t20240103_85670.htm
https://img--xhpfm-xinhuaxmt-comxce85967cc3868xx.ipv6best.cn/News/202401/bc3ac1e64d464779aa2f342048b9c521.jpg	2		https://www.pingtan.gov.cn/zwgk/yw/szywn/202401/t20240103_85670.htm
https://img--xhpfm-xinhuaxmt-comxce85967cc3868xx.ipv6best.cn/News/202401/cc11ca34bccd448d8cec2614367de08a.jpg	2		https://www.pingtan.gov.cn/zwgk/yw/szywn/202401/t20240103_85670.htm
https://img--xhpfm-xinhuaxmt-comxce85967cc3868xx.ipv6best.cn/News/202401/da8d44a7c03d49068583600b8b48c939.jpg	2		https://www.pingtan.gov.cn/zwgk/yw/szywn/202401/t20240103_85670.htm
https://img--xhpfm-xinhuaxmt-comxce85967cc3868xx.ipv6best.cn/News/202401/f0cfd079dcc349b9b919e46e9eabf8dd.jpg	2		https://www.pingtan.gov.cn/zwgk/yw/szywn/202401/t20240103_85670.htm
https://liuyan.www.gov.cn/2018gwyddc/index.htm	2	提建议地址：https://liuyan.www.gov.cn/2018gwyddc/index.htm	https://www.pingtan.gov.cn/zwgk/zfxxgk/dfbmptlj/ptzhsyqbm/ptzhsyqjjf/fdzdgknr/gzdt/201808/t20180802_65857.htm
https://mp.weixin.qq.com/s/7EdB3SzwfKwQncSTJijXhw	2	第23号公告	https://www.pingtan.gov.cn/zwgk/gsgg/202203/t20220331_32646.htm
https://mp.weixin.qq.com/s/sGRjU5fem-N6xD-OpSmfuA	2	sGRjU5fem-N6xD-OpSmfuA	https://www.pingtan.gov.cn/zwgk/zdlyxxgk/xczxggtpgjcg/202211/t20221127_41583.htm
https://mp.weixin.qq.com/s?__biz=MzkxMjIwMTcxMQ==&mid=2247500984&idx=2&sn=3303fc90157398a27010332a8801bbb5&chksm=c1120638f6658f2e2dc059c03ab3620dfa23d2ee25d65aadd70c3afdec41ddcf84b53d0edd14&mpshare=1&scene=1&srcid=0709848YigGixBcS8Y6n58vV&sharer_shareinfo=775182d37ef7ef8c48c4a13409d7a6b8&sharer_shareinfo_first=789e0842337494a5cbe764c89efb143f&key=f0105ea82589ae93106cfe683eb5d9615c0b5a2ff6a718b5561b373c65dac48ebc37f463b9cace77db682e359b19c8f048438172787cbe734a2df88b7a517485d1f51a624d574439a8d11b456c20fb66c269344ecde59f42e591e46ce8c13aae7d7f6159f087c0164791a5ecd8da2ea63ff75a88ebf18371af1fd5b8247c50cd&ascene=0&uin=NzI2NDIwODMx&devicetype=Windows+7+x64&version=63090b13&lang=zh_CN&countrycode=CN&exportkey=n_ChQIAhIQcWjK15oY/NFfhQUMgPPfehLlAQIE97dBBAEAAAAAALFiIhDVcrQAAAAOpnltbLcz9gKNyK89dVj0i/3f8xRVQnX+eZUhsPPNT6LezYp1tSo2N1DBXeTc6fr8FFfEnS1JsjGbf+P29tbZe4l2Ak8Uz9UYuaol0eY19MZklrhI150i8VULFZ1CT/MR1MARicCcZ8FozUy0QILNkj3R2+m4R5Co/vCvc0YBvPczvL4jWakmwrdNxByiksDaw4mYuzbzI/f9zSqyWQ9/4cQQEZ86z66dYJix4ntZmp1Vn3erQwU2p24utJWTFEGCXV1XM4zzF4k3OhHRSlk=&acctmode=0&pass_ticket=5cOuI9DaCCMccyp661KhXGpkW9iRt2bxPoy63byIKkwNyDhvgwb9m5trYPGLK4LF&wx_header=1&fasttmpl_type=0&fasttmpl_fullversion=7285416-zh_CN-zip&fasttmpl_flag=3	2	报价清单	https://www.pingtan.gov.cn/zwgk/zdlyxxgk/ggtywh/tzgg/202510/t20251030_102537.htm
https://pan.baidu.com/s/1DTwnyEWdvTrhjd_cZFHEpQ	2	https://pan.baidu.com/s/1DTwnyEWdvTrhjd_cZFHEpQ	https://www.pingtan.gov.cn/zwgk/zfxxgk/dfbmptlj/ptzhsyqpq/ptzhsyqspp/fdzdgknr/fpjyylshbz/202205/t20220516_76177.htm
https://q.eqxiu.com/s/Ms43msjj?eip=true	2	https://q.eqxiu.com/s/Ms43msjj?eip=true	https://www.pingtan.gov.cn/zwgk/zfxxgk/gwhwj/hzgfxwj/202310/t20231024_82522.htm
https://q.eqxiu.com/s/RtovBDRn?eip=true	2	https://q.eqxiu.com/s/RtovBDRn?eip=true	https://www.pingtan.gov.cn/zwgk/zfxxgk/dfbmptlj/ptzhsyqbm/ptzhsyqjjf/fdzdgknr/hzgfxwj/202306/t20230630_79454.htm
https://u.eqxiu.com/s/2bMHGWU7?eip=true	2	《平潭综合实验区科技类校外培训机构准入实施办法（试行）》政策解读	https://www.pingtan.gov.cn/zwgk/zfxxgk/dfbmptlj/ptzhsyqbm/ptzhsyqjjf/fdzdgknr/hzgfxwj/202307/t20230706_79381.htm
https://wap.peopleapp.com/article/7247484/7087953	2		https://www.pingtan.gov.cn/zwgk/zdlyxxgk/zdxmjs/zhxx/202311/t20231108_81817.htm
https://www-beian-gov-cnx45c8967063868xx.ipv6best.cn/portal/registerSystemInfo?recordcode=35012899001-19002	2	公安备案号：35012899001-19002	https://www.pingtan.gov.cn/zwgk/zdlyxxgk/spypaqun/spaq/202407/t20240715_91929.htm
https://www-jdonline-com-hkxcbad967c73868xx.ipv6best.cn/content_86544.html	2		https://www.pingtan.gov.cn/zwgk/ldzc/hjb/hdbd/202403/t20240308_87865.htm
https://www.baidu.com/s?wd=%E5%AD%A6%E4%BD%8D%E8%AF%81%E4%B9%A6&amp;tn=44039180_cpr&amp;fenlei=mv6quAkxTZn0IZRqIHckPjm4nH00T1Y3nvN9mHm4mW6duW-bPHTv0ZwV5Hcvrjm3rH6sPfKWUMw85HfYnjn4nH6sgvPsT6KdThsqpZwYTjCEQLGCpyw9Uz4Bmy-bIi4WUvYETgN-TLwGUv3EPWfLP10dPWDzPjb4PH6dPj0d	2	学位证书	https://www.pingtan.gov.cn/zwgk/ztzl/rlzyygwygl/gzdtjxxgk/201712/t20171215_8551.htm
https://www.qcc.com/pl/pr04428c4b2d73f7e7ef37e2530bcc0e.html	2	林传福	https://www.pingtan.gov.cn/zwgk/zfxxgk/dfbmptlj/ptzhsyqbm/ptzhsyqshs/fdzdgknr/shjzywjyyl/202308/t20230829_79943.htm
https://www.qcc.com/pl/pr36c5b720c6793f2c2963c20d9b4679.html	2	陈兆铨	https://www.pingtan.gov.cn/zwgk/zfxxgk/dfbmptlj/ptzhsyqbm/ptzhsyqshs/fdzdgknr/shjzywjyyl/202308/t20230829_79943.htm
https://www.qcc.com/pl/prb25fd093c1041c53debe2263ef0b76.html	2	邱仁福	https://www.pingtan.gov.cn/zwgk/zfxxgk/dfbmptlj/ptzhsyqbm/ptzhsyqshs/fdzdgknr/shjzywjyyl/202308/t20230829_79943.htm
https://wx.qq.com/cgi-bin/mmwebwx-bin/webwxcheckurl?requrl=https%3A%2F%2Fmp.weixin.qq.com%2Fs%2F5-JkFgkUBrdotMfMtgD-Fg&amp;skey=%40crypt_9aabd894_534656fb0f8e9c2ecb973e3b6d2cdde7&amp;deviceid=e415511569495081&amp;pass_ticket=undefined&amp;opcode=2&amp;scene=1&amp;username=@b4c36c2a93c90aa1ad78644a72c27604	2	https://mp.weixin.qq.com/s/5-JkFgkUBrdotMfMtgD-Fg	https://www.pingtan.gov.cn/zwgk/ztzl/yqfkptzhdygd/gzdtjxxgk/202205/t20220527_34026.htm
https://wx.qq.com/cgi-bin/mmwebwx-bin/webwxcheckurl?requrl=https%3A%2F%2Fmp.weixin.qq.com%2Fs%2Fj1eMqOtlYBcM0HwRQC-q5w&amp;skey=%40crypt_9aabd894_9a0d626c181147f78ecec1fe85c5e45e&amp;deviceid=e528768063282438&amp;pass_ticket=95YQLbAYvYO64dWWObTz5jE6%252B8a5raezzZyafo8YVrXJTivRsxSp3LCDFepWI5nQ&amp;opcode=2&amp;scene=1&amp;username=@8ae71c7fbef6990cd021c4c35b463665	2	https://mp.weixin.qq.com/s/j1eMqOtlYBcM0HwRQC-q5w	https://www.pingtan.gov.cn/zwgk/ztzl/jczwgkbzhgfh/sdpq/htpq/gzdt/202206/t20220607_34251.htm
https://wx2.qq.com/cgi-bin/mmwebwx-bin/webwxcheckurl?requrl=http%3A%2F%2Fnynct.fujian.gov.cn%2Fxxgk%2Ftzgg%2Fqt%2F202207%2Ft20220725_5960964.htm&amp;skey=%40crypt_b1717847_dd11a19d9848d3b4c96c00b125f09e21&amp;deviceid=e581497438090601&amp;pass_ticket=UKb7hXVopOVpjUjHK5h2wHzNKyZR1EkN1Coi8xlELpe75rLF%252BwpMSc4vEz2%252B1Rdp&amp;opcode=2&amp;scene=1&amp;username=@629341fe06a8d38ab5fbf135d2b098204f9301372a12165b839bfd97bac0a8e0	2	http://nynct.fujian.gov.cn/xxgk/tzgg/qt/202207/t20220725_5960964.htm	https://www.pingtan.gov.cn/zwgk/zdlyxxgk/snbt/202211/t20221122_41040.htm
https://wx2.qq.com/cgi-bin/mmwebwx-bin/webwxcheckurl?requrl=http%3A%2F%2Fnynct.fujian.gov.cn%2Fztzl%2Ffjsnjgzbtxxgkzl%2Ftzgg_5721%2F202205%2Ft20220520_5915471.htm&amp;skey=%40crypt_b1717847_70b12d7dfb00e872d439546b18e4e44d&amp;deviceid=e889817618604079&amp;pass_ticket=lk9D7x3zsjmMmzfzh3kmBpLUhV%252BhWuYNNqv%252BtuTnG9lrN5J8gS28YX9goCcvnMdx&amp;opcode=2&amp;scene=1&amp;username=@286957f9e025ca6f1a1151754738244fcc537d4f4b3f54b7000df4e31d0acfd1	2	http://nynct.fujian.gov.cn/ztzl/fjsnjgzbtxxgkzl/tzgg_5721/202205/t20220520_5915471.htm	https://www.pingtan.gov.cn/zwgk/zdlyxxgk/snbt/202211/t20221122_41098.htm
https://wx2.qq.com/cgi-bin/mmwebwx-bin/webwxcheckurl?requrl=http%3A%2F%2Fnynct.fujian.gov.cn%2Fztzl%2Ffjsnjgzbtxxgkzl%2Ftzgg_5721%2F202205%2Ft20220525_5919818.htm&amp;skey=%40crypt_b1717847_c447db8537035c3347cbf6f9729becf7&amp;deviceid=e166863709319024&amp;pass_ticket=JwJ4FAhbo1bbCjhPsYUX8dBp%252F3FMHLhiya3Vhyg7lkGLa1hePSao2IBCTZgUs9fR&amp;opcode=2&amp;scene=1&amp;username=@9390c31f351c478f3445e85baa3afa129d648fdfcc412974c0537c46db4634a3	2	http://nynct.fujian.gov.cn/ztzl/fjsnjgzbtxxgkzl/tzgg_5721/202205/t20220525_5919818.htm	https://www.pingtan.gov.cn/zwgk/zdlyxxgk/snbt/202211/t20221122_41087.htm
https://wx2.qq.com/cgi-bin/mmwebwx-bin/webwxcheckurl?requrl=http%3A%2F%2Fnynct.fujian.gov.cn%2Fztzl%2Ffjsnjgzbtxxgkzl%2Ftzgg_5721%2F202207%2Ft20220729_5963604.htm&amp;skey=%40crypt_b1717847_cbb1b39d373a71865de6523c5279c0b4&amp;deviceid=e881631351044305&amp;pass_ticket=undefined&amp;opcode=2&amp;scene=1&amp;username=@5b27d84865b112f789b3e9306dc436787a4e69e9e8373c74ec9a4941752da9a0	2	http://nynct.fujian.gov.cn/ztzl/fjsnjgzbtxxgkzl/tzgg_5721/202207/t20220729_5963604.htm	https://www.pingtan.gov.cn/zwgk/zdlyxxgk/snbt/202211/t20221122_41050.htm
https://wx2.qq.com/cgi-bin/mmwebwx-bin/webwxcheckurl?requrl=http%3A%2F%2Fnynct.fujian.gov.cn%2Fztzl%2Ffjsnjgzbtxxgkzl%2Fzhyw%2F202207%2Ft20220714_5953592.htm&amp;skey=%40crypt_b1717847_389b8d1549884a6cfc3bfde4453a9d9f&amp;deviceid=e122336556614048&amp;pass_ticket=undefined&amp;opcode=2&amp;scene=1&amp;username=@25aeadef3f47b8c9b1f55fa042b40596b7abc23e7af3a9f25b6e3c49994aed31	2	http://nynct.fujian.gov.cn/ztzl/fjsnjgzbtxxgkzl/zhyw/202207/t20220714_5953592.htm	https://www.pingtan.gov.cn/zwgk/zdlyxxgk/snbt/202211/t20221122_41063.htm
https://wx2.qq.com/cgi-bin/mmwebwx-bin/webwxcheckurl?requrl=http%3A%2F%2Fnynct.fujian.gov.cn%2Fztzl%2Ffjsnjgzbtxxgkzl%2Fzhyw%2F202209%2Ft20220913_5991510.htm&amp;skey=%40crypt_b1717847_ac74b5edcd6c1497df8343edd9cf2562&amp;deviceid=e060593815859740&amp;pass_ticket=D1PdXxUQION00OETZjT0gVnRSlsjyauWq0CU%252B5lS5LmpTriw9RepaUgkbcPl4tSX&amp;opcode=2&amp;scene=1&amp;username=@d779e22ce80818ad7b677dff65d2cd367822884e8288d870bc2d4fcb385b4d18	2	http://nynct.fujian.gov.cn/ztzl/fjsnjgzbtxxgkzl/zhyw/202209/t20220913_5991510.htm	https://www.pingtan.gov.cn/zwgk/zdlyxxgk/snbt/202211/t20221122_41033.htm
https://wx2.qq.com/cgi-bin/mmwebwx-bin/webwxcheckurl?requrl=http%3A%2F%2Fwww.amic.agri.cn%2Fsubsidy%2Fdetails%2F-1%2F11796%2F182&amp;skey=%40crypt_b1717847_f1ed853bfd02a7ea02d9c6c0973d317d&amp;deviceid=e693507837015457&amp;pass_ticket=undefined&amp;opcode=2&amp;scene=1&amp;username=@dfdd6c7b8e45d429757fa0afe53cb4b59f42c8188ebc9a975b541f4ef9ffc20c	2	http://www.amic.agri.cn/subsidy/details/-1/11796/182	https://www.pingtan.gov.cn/zwgk/zdlyxxgk/snbt/202211/t20221122_41048.htm
https://wx2.qq.com/cgi-bin/mmwebwx-bin/webwxcheckurl?requrl=http%3A%2F%2Fwww.njhs.moa.gov.cn%2Ftzggjzcjd%2F201309%2Ft20130910_6315192.htm&amp;skey=%40crypt_b1717847_2e7ace94791fcd46f8dfa40758aece3c&amp;deviceid=e844535235348370&amp;pass_ticket=%252FtZ3CfSHHNN%252BixujyyeiEhomDrICWSbYiLxFMC3ez7gyzkjZqe%252FgY%252BdkUtZeZI4q&amp;opcode=2&amp;scene=1&amp;username=@8cdb233095470e108f24e6440428ba305f5c805a6d3254fc72402da71fa4579d	2	http://www.njhs.moa.gov.cn/tzggjzcjd/201309/t20130910_6315192.htm	https://www.pingtan.gov.cn/zwgk/zdlyxxgk/snbt/202211/t20221122_41057.htm
https://wx2.qq.com/cgi-bin/mmwebwx-bin/webwxcheckurl?requrl=http%3A%2F%2Fwww.njhs.moa.gov.cn%2Ftzggjzcjd%2F202206%2Ft20220628_6403619.htm&amp;skey=%40crypt_b1717847_eaa289b4b43f2d5c8f7769385054184b&amp;deviceid=e860456008444282&amp;pass_ticket=undefined&amp;opcode=2&amp;scene=1&amp;username=@41755b0f98cef9f78636415ba3a49cd350994abae61710de98ce4c768c0bd142	2	http://www.njhs.moa.gov.cn/tzggjzcjd/202206/t20220628_6403619.htm	https://www.pingtan.gov.cn/zwgk/zdlyxxgk/snbt/202211/t20221122_41044.htm
https://zwfw.fujian.gov.cn/listopen/power-list/index?paramsType=qzqd	2	平潭综合实验区行政审批局权责清单	https://www.pingtan.gov.cn/zwgk/zfxxgk/dfbmptlj/ptzhsyqbm/ptzhsyqhzs/fdzdgknr/qzqd/202111/t20211130_74954.htm
file:///C:/Users/ADMINI~1/AppData/Local/Temp/Rar$DIa0.423/%E5%B9%B3%E6%BD%AD%E7%BB%BC%E5%90%88%E5%AE%9E%E9%AA%8C%E5%8C%BA%E5%9C%9F%E5%9C%B0%E5%BC%80%E5%8F%91%E9%9B%86%E5%9B%A2%E6%9C%89%E9%99%90%E5%85%AC%E5%8F%B82016%E5%B9%B4%E5%B7%A5%E4%BD%9C%E4%BA%BA%E5%91%98%E6%8B%9B%E8%81%98%E6%8A%A5%E5%90%8D%E8%A1%A8.doc	1	平潭综合实验区城市投资建设集团有限公司2017年公开招聘工作人员岗位信息表1.doc	https://www.pingtan.gov.cn/zwgk/ztzl/rlzyygwygl/gzdtjxxgk/201701/t20170125_6600.htm
file:///C:/Users/Administrator/Desktop/%E5%B9%B3%E6%BD%AD%E7%BB%BC%E5%90%88%E5%AE%9E%E9%AA%8C%E5%8C%BA%E6%A3%AE%E6%9E%97%E9%98%B2%E7%81%AD%E7%81%AB%E5%BA%94%E6%80%A5%E9%A2%84%E6%A1%88(%E5%BE%81%E6%B1%82%E6%84%8F%E8%A7%81%E7%A8%BF).wps#_Toc10054	1	9.2 预案管理与更新	https://www.pingtan.gov.cn/zwgk/ztzl/jczwgkbzhgfh/qzbm/jz/jzjz/202211/t20221101_37950.htm
file:///C:/Users/Administrator/Desktop/%E5%B9%B3%E6%BD%AD%E7%BB%BC%E5%90%88%E5%AE%9E%E9%AA%8C%E5%8C%BA%E6%A3%AE%E6%9E%97%E9%98%B2%E7%81%AD%E7%81%AB%E5%BA%94%E6%80%A5%E9%A2%84%E6%A1%88(%E5%BE%81%E6%B1%82%E6%84%8F%E8%A7%81%E7%A8%BF).wps#_Toc10232	1	9 附则	https://www.pingtan.gov.cn/zwgk/ztzl/jczwgkbzhgfh/qzbm/jz/jzjz/202211/t20221101_37950.htm
file:///C:/Users/Administrator/Desktop/%E5%B9%B3%E6%BD%AD%E7%BB%BC%E5%90%88%E5%AE%9E%E9%AA%8C%E5%8C%BA%E6%A3%AE%E6%9E%97%E9%98%B2%E7%81%AD%E7%81%AB%E5%BA%94%E6%80%A5%E9%A2%84%E6%A1%88(%E5%BE%81%E6%B1%82%E6%84%8F%E8%A7%81%E7%A8%BF).wps#_Toc10801	1	6 应急响应	https://www.pingtan.gov.cn/zwgk/ztzl/jczwgkbzhgfh/qzbm/jz/jzjz/202211/t20221101_37950.htm
file:///C:/Users/Administrator/Desktop/%E5%B9%B3%E6%BD%AD%E7%BB%BC%E5%90%88%E5%AE%9E%E9%AA%8C%E5%8C%BA%E6%A3%AE%E6%9E%97%E9%98%B2%E7%81%AD%E7%81%AB%E5%BA%94%E6%80%A5%E9%A2%84%E6%A1%88(%E5%BE%81%E6%B1%82%E6%84%8F%E8%A7%81%E7%A8%BF).wps#_Toc13652	1	7 综合保障	https://www.pingtan.gov.cn/zwgk/ztzl/jczwgkbzhgfh/qzbm/jz/jzjz/202211/t20221101_37950.htm
file:///C:/Users/Administrator/Desktop/%E5%B9%B3%E6%BD%AD%E7%BB%BC%E5%90%88%E5%AE%9E%E9%AA%8C%E5%8C%BA%E6%A3%AE%E6%9E%97%E9%98%B2%E7%81%AD%E7%81%AB%E5%BA%94%E6%80%A5%E9%A2%84%E6%A1%88(%E5%BE%81%E6%B1%82%E6%84%8F%E8%A7%81%E7%A8%BF).wps#_Toc14066	1	3.3 &nbsp;扑救指挥	https://www.pingtan.gov.cn/zwgk/ztzl/jczwgkbzhgfh/qzbm/jz/jzjz/202211/t20221101_37950.htm
file:///C:/Users/Administrator/Desktop/%E5%B9%B3%E6%BD%AD%E7%BB%BC%E5%90%88%E5%AE%9E%E9%AA%8C%E5%8C%BA%E6%A3%AE%E6%9E%97%E9%98%B2%E7%81%AD%E7%81%AB%E5%BA%94%E6%80%A5%E9%A2%84%E6%A1%88(%E5%BE%81%E6%B1%82%E6%84%8F%E8%A7%81%E7%A8%BF).wps#_Toc15452	1	3.2 指挥单位任务分工	https://www.pingtan.gov.cn/zwgk/ztzl/jczwgkbzhgfh/qzbm/jz/jzjz/202211/t20221101_37950.htm
file:///C:/Users/Administrator/Desktop/%E5%B9%B3%E6%BD%AD%E7%BB%BC%E5%90%88%E5%AE%9E%E9%AA%8C%E5%8C%BA%E6%A3%AE%E6%9E%97%E9%98%B2%E7%81%AD%E7%81%AB%E5%BA%94%E6%80%A5%E9%A2%84%E6%A1%88(%E5%BE%81%E6%B1%82%E6%84%8F%E8%A7%81%E7%A8%BF).wps#_Toc15661	1	5.1 &nbsp;预警	https://www.pingtan.gov.cn/zwgk/ztzl/jczwgkbzhgfh/qzbm/jz/jzjz/202211/t20221101_37950.htm
file:///C:/Users/Administrator/Desktop/%E5%B9%B3%E6%BD%AD%E7%BB%BC%E5%90%88%E5%AE%9E%E9%AA%8C%E5%8C%BA%E6%A3%AE%E6%9E%97%E9%98%B2%E7%81%AD%E7%81%AB%E5%BA%94%E6%80%A5%E9%A2%84%E6%A1%88(%E5%BE%81%E6%B1%82%E6%84%8F%E8%A7%81%E7%A8%BF).wps#_Toc16182	1	2 主要任务	https://www.pingtan.gov.cn/zwgk/ztzl/jczwgkbzhgfh/qzbm/jz/jzjz/202211/t20221101_37950.htm
file:///C:/Users/Administrator/Desktop/%E5%B9%B3%E6%BD%AD%E7%BB%BC%E5%90%88%E5%AE%9E%E9%AA%8C%E5%8C%BA%E6%A3%AE%E6%9E%97%E9%98%B2%E7%81%AD%E7%81%AB%E5%BA%94%E6%80%A5%E9%A2%84%E6%A1%88(%E5%BE%81%E6%B1%82%E6%84%8F%E8%A7%81%E7%A8%BF).wps#_Toc18177	1	8.2 &nbsp;火因火案查处	https://www.pingtan.gov.cn/zwgk/ztzl/jczwgkbzhgfh/qzbm/jz/jzjz/202211/t20221101_37950.htm
file:///C:/Users/Administrator/Desktop/%E5%B9%B3%E6%BD%AD%E7%BB%BC%E5%90%88%E5%AE%9E%E9%AA%8C%E5%8C%BA%E6%A3%AE%E6%9E%97%E9%98%B2%E7%81%AD%E7%81%AB%E5%BA%94%E6%80%A5%E9%A2%84%E6%A1%88(%E5%BE%81%E6%B1%82%E6%84%8F%E8%A7%81%E7%A8%BF).wps#_Toc18185	1	1.3 &nbsp;适用范围	https://www.pingtan.gov.cn/zwgk/ztzl/jczwgkbzhgfh/qzbm/jz/jzjz/202211/t20221101_37950.htm
file:///C:/Users/Administrator/Desktop/%E5%B9%B3%E6%BD%AD%E7%BB%BC%E5%90%88%E5%AE%9E%E9%AA%8C%E5%8C%BA%E6%A3%AE%E6%9E%97%E9%98%B2%E7%81%AD%E7%81%AB%E5%BA%94%E6%80%A5%E9%A2%84%E6%A1%88(%E5%BE%81%E6%B1%82%E6%84%8F%E8%A7%81%E7%A8%BF).wps#_Toc19217	1	3.4 专家组	https://www.pingtan.gov.cn/zwgk/ztzl/jczwgkbzhgfh/qzbm/jz/jzjz/202211/t20221101_37950.htm
file:///C:/Users/Administrator/Desktop/%E5%B9%B3%E6%BD%AD%E7%BB%BC%E5%90%88%E5%AE%9E%E9%AA%8C%E5%8C%BA%E6%A3%AE%E6%9E%97%E9%98%B2%E7%81%AD%E7%81%AB%E5%BA%94%E6%80%A5%E9%A2%84%E6%A1%88(%E5%BE%81%E6%B1%82%E6%84%8F%E8%A7%81%E7%A8%BF).wps#_Toc20732	1	2.3 &nbsp;保护重要目标	https://www.pingtan.gov.cn/zwgk/ztzl/jczwgkbzhgfh/qzbm/jz/jzjz/202211/t20221101_37950.htm
file:///C:/Users/Administrator/Desktop/%E5%B9%B3%E6%BD%AD%E7%BB%BC%E5%90%88%E5%AE%9E%E9%AA%8C%E5%8C%BA%E6%A3%AE%E6%9E%97%E9%98%B2%E7%81%AD%E7%81%AB%E5%BA%94%E6%80%A5%E9%A2%84%E6%A1%88(%E5%BE%81%E6%B1%82%E6%84%8F%E8%A7%81%E7%A8%BF).wps#_Toc21141	1	2.4 &nbsp;转移重要物资	https://www.pingtan.gov.cn/zwgk/ztzl/jczwgkbzhgfh/qzbm/jz/jzjz/202211/t20221101_37950.htm
file:///C:/Users/Administrator/Desktop/%E5%B9%B3%E6%BD%AD%E7%BB%BC%E5%90%88%E5%AE%9E%E9%AA%8C%E5%8C%BA%E6%A3%AE%E6%9E%97%E9%98%B2%E7%81%AD%E7%81%AB%E5%BA%94%E6%80%A5%E9%A2%84%E6%A1%88(%E5%BE%81%E6%B1%82%E6%84%8F%E8%A7%81%E7%A8%BF).wps#_Toc21301	1	9.1	https://www.pingtan.gov.cn/zwgk/ztzl/jczwgkbzhgfh/qzbm/jz/jzjz/202211/t20221101_37950.htm
file:///C:/Users/Administrator/Desktop/%E5%B9%B3%E6%BD%AD%E7%BB%BC%E5%90%88%E5%AE%9E%E9%AA%8C%E5%8C%BA%E6%A3%AE%E6%9E%97%E9%98%B2%E7%81%AD%E7%81%AB%E5%BA%94%E6%80%A5%E9%A2%84%E6%A1%88(%E5%BE%81%E6%B1%82%E6%84%8F%E8%A7%81%E7%A8%BF).wps#_Toc2133	1	8.3 &nbsp;约谈整改	https://www.pingtan.gov.cn/zwgk/ztzl/jczwgkbzhgfh/qzbm/jz/jzjz/202211/t20221101_37950.htm
file:///C:/Users/Administrator/Desktop/%E5%B9%B3%E6%BD%AD%E7%BB%BC%E5%90%88%E5%AE%9E%E9%AA%8C%E5%8C%BA%E6%A3%AE%E6%9E%97%E9%98%B2%E7%81%AD%E7%81%AB%E5%BA%94%E6%80%A5%E9%A2%84%E6%A1%88(%E5%BE%81%E6%B1%82%E6%84%8F%E8%A7%81%E7%A8%BF).wps#_Toc2255	1	6.3 &nbsp;区级层面应对工作	https://www.pingtan.gov.cn/zwgk/ztzl/jczwgkbzhgfh/qzbm/jz/jzjz/202211/t20221101_37950.htm
file:///C:/Users/Administrator/Desktop/%E5%B9%B3%E6%BD%AD%E7%BB%BC%E5%90%88%E5%AE%9E%E9%AA%8C%E5%8C%BA%E6%A3%AE%E6%9E%97%E9%98%B2%E7%81%AD%E7%81%AB%E5%BA%94%E6%80%A5%E9%A2%84%E6%A1%88(%E5%BE%81%E6%B1%82%E6%84%8F%E8%A7%81%E7%A8%BF).wps#_Toc22907	1	4 处置力量	https://www.pingtan.gov.cn/zwgk/ztzl/jczwgkbzhgfh/qzbm/jz/jzjz/202211/t20221101_37950.htm
file:///C:/Users/Administrator/Desktop/%E5%B9%B3%E6%BD%AD%E7%BB%BC%E5%90%88%E5%AE%9E%E9%AA%8C%E5%8C%BA%E6%A3%AE%E6%9E%97%E9%98%B2%E7%81%AD%E7%81%AB%E5%BA%94%E6%80%A5%E9%A2%84%E6%A1%88(%E5%BE%81%E6%B1%82%E6%84%8F%E8%A7%81%E7%A8%BF).wps#_Toc23601	1	2.5 &nbsp;维护社会稳定	https://www.pingtan.gov.cn/zwgk/ztzl/jczwgkbzhgfh/qzbm/jz/jzjz/202211/t20221101_37950.htm
file:///C:/Users/Administrator/Desktop/%E5%B9%B3%E6%BD%AD%E7%BB%BC%E5%90%88%E5%AE%9E%E9%AA%8C%E5%8C%BA%E6%A3%AE%E6%9E%97%E9%98%B2%E7%81%AD%E7%81%AB%E5%BA%94%E6%80%A5%E9%A2%84%E6%A1%88(%E5%BE%81%E6%B1%82%E6%84%8F%E8%A7%81%E7%A8%BF).wps#_Toc23763	1	7.2 资金保障	https://www.pingtan.gov.cn/zwgk/ztzl/jczwgkbzhgfh/qzbm/jz/jzjz/202211/t20221101_37950.htm
file:///C:/Users/Administrator/Desktop/%E5%B9%B3%E6%BD%AD%E7%BB%BC%E5%90%88%E5%AE%9E%E9%AA%8C%E5%8C%BA%E6%A3%AE%E6%9E%97%E9%98%B2%E7%81%AD%E7%81%AB%E5%BA%94%E6%80%A5%E9%A2%84%E6%A1%88(%E5%BE%81%E6%B1%82%E6%84%8F%E8%A7%81%E7%A8%BF).wps#_Toc2383	1	1.2 &nbsp;编制依据	https://www.pingtan.gov.cn/zwgk/ztzl/jczwgkbzhgfh/qzbm/jz/jzjz/202211/t20221101_37950.htm
file:///C:/Users/Administrator/Desktop/%E5%B9%B3%E6%BD%AD%E7%BB%BC%E5%90%88%E5%AE%9E%E9%AA%8C%E5%8C%BA%E6%A3%AE%E6%9E%97%E9%98%B2%E7%81%AD%E7%81%AB%E5%BA%94%E6%80%A5%E9%A2%84%E6%A1%88(%E5%BE%81%E6%B1%82%E6%84%8F%E8%A7%81%E7%A8%BF).wps#_Toc23845	1	8.5 工作总结	https://www.pingtan.gov.cn/zwgk/ztzl/jczwgkbzhgfh/qzbm/jz/jzjz/202211/t20221101_37950.htm
file:///C:/Users/Administrator/Desktop/%E5%B9%B3%E6%BD%AD%E7%BB%BC%E5%90%88%E5%AE%9E%E9%AA%8C%E5%8C%BA%E6%A3%AE%E6%9E%97%E9%98%B2%E7%81%AD%E7%81%AB%E5%BA%94%E6%80%A5%E9%A2%84%E6%A1%88(%E5%BE%81%E6%B1%82%E6%84%8F%E8%A7%81%E7%A8%BF).wps#_Toc23993	1	2.1 &nbsp;组织灭火行动	https://www.pingtan.gov.cn/zwgk/ztzl/jczwgkbzhgfh/qzbm/jz/jzjz/202211/t20221101_37950.htm
file:///C:/Users/Administrator/Desktop/%E5%B9%B3%E6%BD%AD%E7%BB%BC%E5%90%88%E5%AE%9E%E9%AA%8C%E5%8C%BA%E6%A3%AE%E6%9E%97%E9%98%B2%E7%81%AD%E7%81%AB%E5%BA%94%E6%80%A5%E9%A2%84%E6%A1%88(%E5%BE%81%E6%B1%82%E6%84%8F%E8%A7%81%E7%A8%BF).wps#_Toc25414	1	9.3	https://www.pingtan.gov.cn/zwgk/ztzl/jczwgkbzhgfh/qzbm/jz/jzjz/202211/t20221101_37950.htm
file:///C:/Users/Administrator/Desktop/%E5%B9%B3%E6%BD%AD%E7%BB%BC%E5%90%88%E5%AE%9E%E9%AA%8C%E5%8C%BA%E6%A3%AE%E6%9E%97%E9%98%B2%E7%81%AD%E7%81%AB%E5%BA%94%E6%80%A5%E9%A2%84%E6%A1%88(%E5%BE%81%E6%B1%82%E6%84%8F%E8%A7%81%E7%A8%BF).wps#_Toc26710	1	3 组织指挥体系	https://www.pingtan.gov.cn/zwgk/ztzl/jczwgkbzhgfh/qzbm/jz/jzjz/202211/t20221101_37950.htm
file:///C:/Users/Administrator/Desktop/%E5%B9%B3%E6%BD%AD%E7%BB%BC%E5%90%88%E5%AE%9E%E9%AA%8C%E5%8C%BA%E6%A3%AE%E6%9E%97%E9%98%B2%E7%81%AD%E7%81%AB%E5%BA%94%E6%80%A5%E9%A2%84%E6%A1%88(%E5%BE%81%E6%B1%82%E6%84%8F%E8%A7%81%E7%A8%BF).wps#_Toc2712	1	4.1 &nbsp;力量编成	https://www.pingtan.gov.cn/zwgk/ztzl/jczwgkbzhgfh/qzbm/jz/jzjz/202211/t20221101_37950.htm
file:///C:/Users/Administrator/Desktop/%E5%B9%B3%E6%BD%AD%E7%BB%BC%E5%90%88%E5%AE%9E%E9%AA%8C%E5%8C%BA%E6%A3%AE%E6%9E%97%E9%98%B2%E7%81%AD%E7%81%AB%E5%BA%94%E6%80%A5%E9%A2%84%E6%A1%88(%E5%BE%81%E6%B1%82%E6%84%8F%E8%A7%81%E7%A8%BF).wps#_Toc27567	1	1.1 &nbsp;指导思想	https://www.pingtan.gov.cn/zwgk/ztzl/jczwgkbzhgfh/qzbm/jz/jzjz/202211/t20221101_37950.htm
file:///C:/Users/Administrator/Desktop/%E5%B9%B3%E6%BD%AD%E7%BB%BC%E5%90%88%E5%AE%9E%E9%AA%8C%E5%8C%BA%E6%A3%AE%E6%9E%97%E9%98%B2%E7%81%AD%E7%81%AB%E5%BA%94%E6%80%A5%E9%A2%84%E6%A1%88(%E5%BE%81%E6%B1%82%E6%84%8F%E8%A7%81%E7%A8%BF).wps#_Toc27683	1	4.2 &nbsp;力量调动	https://www.pingtan.gov.cn/zwgk/ztzl/jczwgkbzhgfh/qzbm/jz/jzjz/202211/t20221101_37950.htm
file:///C:/Users/Administrator/Desktop/%E5%B9%B3%E6%BD%AD%E7%BB%BC%E5%90%88%E5%AE%9E%E9%AA%8C%E5%8C%BA%E6%A3%AE%E6%9E%97%E9%98%B2%E7%81%AD%E7%81%AB%E5%BA%94%E6%80%A5%E9%A2%84%E6%A1%88(%E5%BE%81%E6%B1%82%E6%84%8F%E8%A7%81%E7%A8%BF).wps#_Toc2827	1	5 预警	https://www.pingtan.gov.cn/zwgk/ztzl/jczwgkbzhgfh/qzbm/jz/jzjz/202211/t20221101_37950.htm
file:///C:/Users/Administrator/Desktop/%E5%B9%B3%E6%BD%AD%E7%BB%BC%E5%90%88%E5%AE%9E%E9%AA%8C%E5%8C%BA%E6%A3%AE%E6%9E%97%E9%98%B2%E7%81%AD%E7%81%AB%E5%BA%94%E6%80%A5%E9%A2%84%E6%A1%88(%E5%BE%81%E6%B1%82%E6%84%8F%E8%A7%81%E7%A8%BF).wps#_Toc28535	1	8.4 &nbsp;责任追究	https://www.pingtan.gov.cn/zwgk/ztzl/jczwgkbzhgfh/qzbm/jz/jzjz/202211/t20221101_37950.htm
file:///C:/Users/Administrator/Desktop/%E5%B9%B3%E6%BD%AD%E7%BB%BC%E5%90%88%E5%AE%9E%E9%AA%8C%E5%8C%BA%E6%A3%AE%E6%9E%97%E9%98%B2%E7%81%AD%E7%81%AB%E5%BA%94%E6%80%A5%E9%A2%84%E6%A1%88(%E5%BE%81%E6%B1%82%E6%84%8F%E8%A7%81%E7%A8%BF).wps#_Toc2871	1	8.1 火灾评估	https://www.pingtan.gov.cn/zwgk/ztzl/jczwgkbzhgfh/qzbm/jz/jzjz/202211/t20221101_37950.htm
file:///C:/Users/Administrator/Desktop/%E5%B9%B3%E6%BD%AD%E7%BB%BC%E5%90%88%E5%AE%9E%E9%AA%8C%E5%8C%BA%E6%A3%AE%E6%9E%97%E9%98%B2%E7%81%AD%E7%81%AB%E5%BA%94%E6%80%A5%E9%A2%84%E6%A1%88(%E5%BE%81%E6%B1%82%E6%84%8F%E8%A7%81%E7%A8%BF).wps#_Toc30117	1	6.2 响应措施	https://www.pingtan.gov.cn/zwgk/ztzl/jczwgkbzhgfh/qzbm/jz/jzjz/202211/t20221101_37950.htm
file:///C:/Users/Administrator/Desktop/%E5%B9%B3%E6%BD%AD%E7%BB%BC%E5%90%88%E5%AE%9E%E9%AA%8C%E5%8C%BA%E6%A3%AE%E6%9E%97%E9%98%B2%E7%81%AD%E7%81%AB%E5%BA%94%E6%80%A5%E9%A2%84%E6%A1%88(%E5%BE%81%E6%B1%82%E6%84%8F%E8%A7%81%E7%A8%BF).wps#_Toc31404	1	8 后期处置	https://www.pingtan.gov.cn/zwgk/ztzl/jczwgkbzhgfh/qzbm/jz/jzjz/202211/t20221101_37950.htm
file:///C:/Users/Administrator/Desktop/%E5%B9%B3%E6%BD%AD%E7%BB%BC%E5%90%88%E5%AE%9E%E9%AA%8C%E5%8C%BA%E6%A3%AE%E6%9E%97%E9%98%B2%E7%81%AD%E7%81%AB%E5%BA%94%E6%80%A5%E9%A2%84%E6%A1%88(%E5%BE%81%E6%B1%82%E6%84%8F%E8%A7%81%E7%A8%BF).wps#_Toc3177	1	3.1 森林防灭火指挥机构	https://www.pingtan.gov.cn/zwgk/ztzl/jczwgkbzhgfh/qzbm/jz/jzjz/202211/t20221101_37950.htm
file:///C:/Users/Administrator/Desktop/%E5%B9%B3%E6%BD%AD%E7%BB%BC%E5%90%88%E5%AE%9E%E9%AA%8C%E5%8C%BA%E6%A3%AE%E6%9E%97%E9%98%B2%E7%81%AD%E7%81%AB%E5%BA%94%E6%80%A5%E9%A2%84%E6%A1%88(%E5%BE%81%E6%B1%82%E6%84%8F%E8%A7%81%E7%A8%BF).wps#_Toc32138	1	8.6 &nbsp;表彰奖励	https://www.pingtan.gov.cn/zwgk/ztzl/jczwgkbzhgfh/qzbm/jz/jzjz/202211/t20221101_37950.htm
file:///C:/Users/Administrator/Desktop/%E5%B9%B3%E6%BD%AD%E7%BB%BC%E5%90%88%E5%AE%9E%E9%AA%8C%E5%8C%BA%E6%A3%AE%E6%9E%97%E9%98%B2%E7%81%AD%E7%81%AB%E5%BA%94%E6%80%A5%E9%A2%84%E6%A1%88(%E5%BE%81%E6%B1%82%E6%84%8F%E8%A7%81%E7%A8%BF).wps#_Toc32219	1	9.4	https://www.pingtan.gov.cn/zwgk/ztzl/jczwgkbzhgfh/qzbm/jz/jzjz/202211/t20221101_37950.htm
file:///C:/Users/Administrator/Desktop/%E5%B9%B3%E6%BD%AD%E7%BB%BC%E5%90%88%E5%AE%9E%E9%AA%8C%E5%8C%BA%E6%A3%AE%E6%9E%97%E9%98%B2%E7%81%AD%E7%81%AB%E5%BA%94%E6%80%A5%E9%A2%84%E6%A1%88(%E5%BE%81%E6%B1%82%E6%84%8F%E8%A7%81%E7%A8%BF).wps#_Toc4151	1	1.4 &nbsp;工作原则	https://www.pingtan.gov.cn/zwgk/ztzl/jczwgkbzhgfh/qzbm/jz/jzjz/202211/t20221101_37950.htm
file:///C:/Users/Administrator/Desktop/%E5%B9%B3%E6%BD%AD%E7%BB%BC%E5%90%88%E5%AE%9E%E9%AA%8C%E5%8C%BA%E6%A3%AE%E6%9E%97%E9%98%B2%E7%81%AD%E7%81%AB%E5%BA%94%E6%80%A5%E9%A2%84%E6%A1%88(%E5%BE%81%E6%B1%82%E6%84%8F%E8%A7%81%E7%A8%BF).wps#_Toc4670	1	6.1 &nbsp;分级响应	https://www.pingtan.gov.cn/zwgk/ztzl/jczwgkbzhgfh/qzbm/jz/jzjz/202211/t20221101_37950.htm
file:///C:/Users/Administrator/Desktop/%E5%B9%B3%E6%BD%AD%E7%BB%BC%E5%90%88%E5%AE%9E%E9%AA%8C%E5%8C%BA%E6%A3%AE%E6%9E%97%E9%98%B2%E7%81%AD%E7%81%AB%E5%BA%94%E6%80%A5%E9%A2%84%E6%A1%88(%E5%BE%81%E6%B1%82%E6%84%8F%E8%A7%81%E7%A8%BF).wps#_Toc5692	1	2.2 &nbsp;解救疏散人员	https://www.pingtan.gov.cn/zwgk/ztzl/jczwgkbzhgfh/qzbm/jz/jzjz/202211/t20221101_37950.htm
file:///C:/Users/Administrator/Desktop/%E5%B9%B3%E6%BD%AD%E7%BB%BC%E5%90%88%E5%AE%9E%E9%AA%8C%E5%8C%BA%E6%A3%AE%E6%9E%97%E9%98%B2%E7%81%AD%E7%81%AB%E5%BA%94%E6%80%A5%E9%A2%84%E6%A1%88(%E5%BE%81%E6%B1%82%E6%84%8F%E8%A7%81%E7%A8%BF).wps#_Toc6920	1	1.5 &nbsp;灾害分级	https://www.pingtan.gov.cn/zwgk/ztzl/jczwgkbzhgfh/qzbm/jz/jzjz/202211/t20221101_37950.htm
file:///C:/Users/Administrator/Desktop/%E5%B9%B3%E6%BD%AD%E7%BB%BC%E5%90%88%E5%AE%9E%E9%AA%8C%E5%8C%BA%E6%A3%AE%E6%9E%97%E9%98%B2%E7%81%AD%E7%81%AB%E5%BA%94%E6%80%A5%E9%A2%84%E6%A1%88(%E5%BE%81%E6%B1%82%E6%84%8F%E8%A7%81%E7%A8%BF).wps#_Toc8128	1		https://www.pingtan.gov.cn/zwgk/ztzl/jczwgkbzhgfh/qzbm/jz/jzjz/202211/t20221101_37950.htm
file:///C:/Users/Administrator/Desktop/%E5%B9%B3%E6%BD%AD%E7%BB%BC%E5%90%88%E5%AE%9E%E9%AA%8C%E5%8C%BA%E6%A3%AE%E6%9E%97%E9%98%B2%E7%81%AD%E7%81%AB%E5%BA%94%E6%80%A5%E9%A2%84%E6%A1%88(%E5%BE%81%E6%B1%82%E6%84%8F%E8%A7%81%E7%A8%BF).wps#_Toc8795	1	7.1 物资保障	https://www.pingtan.gov.cn/zwgk/ztzl/jczwgkbzhgfh/qzbm/jz/jzjz/202211/t20221101_37950.htm
file:///C:/Users/Administrator/Desktop/%E5%B9%B3%E6%BD%AD%E7%BB%BC%E5%90%88%E5%AE%9E%E9%AA%8C%E5%8C%BA%E6%A3%AE%E6%9E%97%E9%98%B2%E7%81%AD%E7%81%AB%E5%BA%94%E6%80%A5%E9%A2%84%E6%A1%88(%E5%BE%81%E6%B1%82%E6%84%8F%E8%A7%81%E7%A8%BF).wps#_Toc8951	1	1 总则	https://www.pingtan.gov.cn/zwgk/ztzl/jczwgkbzhgfh/qzbm/jz/jzjz/202211/t20221101_37950.htm
file:///C:/Users/Administrator/Desktop/%E5%B9%B3%E6%BD%AD%E8%BE%93%E6%B0%B4%E7%AE%A1%E7%BA%BF%E7%AE%80%E6%9C%AC-%E7%BD%91%E4%B8%8A%E5%85%AC%E7%A4%BA.doc#_Toc430697204	1	目录&nbsp;&nbsp;&nbsp; PAGEREF _Toc430697204 \h 1 08D0C9EA79F9BACE118C8200AA004BA90B02000000080000000E0000005F0054006F0063003400330030003600390037003200	https://www.pingtan.gov.cn/zwgk/gsgg/201509/t20150924_1465.htm
file:///C:/Users/Administrator/Desktop/%E5%B9%B3%E6%BD%AD%E8%BE%93%E6%B0%B4%E7%AE%A1%E7%BA%BF%E7%AE%80%E6%9C%AC-%E7%BD%91%E4%B8%8A%E5%85%AC%E7%A4%BA.doc#_Toc430697205	1	1、建设项目概况... PAGEREF _Toc430697205 \h 1 08D0C9EA79F9BACE118C8200AA004BA90B02000000080000000E0000005F0054006F0063003400330030003600390037003200300035000	https://www.pingtan.gov.cn/zwgk/gsgg/201509/t20150924_1465.htm
file:///C:/Users/Administrator/Desktop/%E5%B9%B3%E6%BD%AD%E8%BE%93%E6%B0%B4%E7%AE%A1%E7%BA%BF%E7%AE%80%E6%9C%AC-%E7%BD%91%E4%B8%8A%E5%85%AC%E7%A4%BA.doc#_Toc430697206	1	1.1地理位置... PAGEREF _Toc430697206 \h 1 08D0C9EA79F9BACE118C8200AA004BA90B02000000080000000E0000005F0054006F00630034003300300036003900370032003000360000	https://www.pingtan.gov.cn/zwgk/gsgg/201509/t20150924_1465.htm
file:///C:/Users/Administrator/Desktop/%E5%B9%B3%E6%BD%AD%E8%BE%93%E6%B0%B4%E7%AE%A1%E7%BA%BF%E7%AE%80%E6%9C%AC-%E7%BD%91%E4%B8%8A%E5%85%AC%E7%A4%BA.doc#_Toc430697207	1	1.2工程概况... PAGEREF _Toc430697207 \h 1 08D0C9EA79F9BACE118C8200AA004BA90B02000000080000000E0000005F0054006F00630034003300300036003900370032003000370000	https://www.pingtan.gov.cn/zwgk/gsgg/201509/t20150924_1465.htm
file:///C:/Users/Administrator/Desktop/%E5%B9%B3%E6%BD%AD%E8%BE%93%E6%B0%B4%E7%AE%A1%E7%BA%BF%E7%AE%80%E6%9C%AC-%E7%BD%91%E4%B8%8A%E5%85%AC%E7%A4%BA.doc#_Toc430697208	1	1.3与相关规划、区划的符合性... PAGEREF _Toc430697208 \h 2 08D0C9EA79F9BACE118C8200AA004BA90B02000000080000000E0000005F0054006F006300340033003000360039003700320030	https://www.pingtan.gov.cn/zwgk/gsgg/201509/t20150924_1465.htm
file:///C:/Users/Administrator/Desktop/%E5%B9%B3%E6%BD%AD%E8%BE%93%E6%B0%B4%E7%AE%A1%E7%BA%BF%E7%AE%80%E6%9C%AC-%E7%BD%91%E4%B8%8A%E5%85%AC%E7%A4%BA.doc#_Toc430697209	1	2、建设项目所在地的环境质量现状... PAGEREF _Toc430697209 \h 3 08D0C9EA79F9BACE118C8200AA004BA90B02000000080000000E0000005F0054006F00630034003300300036003900370032003	https://www.pingtan.gov.cn/zwgk/gsgg/201509/t20150924_1465.htm
file:///C:/Users/Administrator/Desktop/%E5%B9%B3%E6%BD%AD%E8%BE%93%E6%B0%B4%E7%AE%A1%E7%BA%BF%E7%AE%80%E6%9C%AC-%E7%BD%91%E4%B8%8A%E5%85%AC%E7%A4%BA.doc#_Toc430697210	1	2.1 海域水环境质量现状... PAGEREF _Toc430697210 \h 3 08D0C9EA79F9BACE118C8200AA004BA90B02000000080000000E0000005F0054006F00630034003300300036003900370032003100	https://www.pingtan.gov.cn/zwgk/gsgg/201509/t20150924_1465.htm
file:///C:/Users/Administrator/Desktop/%E5%B9%B3%E6%BD%AD%E8%BE%93%E6%B0%B4%E7%AE%A1%E7%BA%BF%E7%AE%80%E6%9C%AC-%E7%BD%91%E4%B8%8A%E5%85%AC%E7%A4%BA.doc#_Toc430697211	1	2.2 海洋沉积物质量现状... PAGEREF _Toc430697211 \h 4 08D0C9EA79F9BACE118C8200AA004BA90B02000000080000000E0000005F0054006F00630034003300300036003900370032003100	https://www.pingtan.gov.cn/zwgk/gsgg/201509/t20150924_1465.htm
file:///C:/Users/Administrator/Desktop/%E5%B9%B3%E6%BD%AD%E8%BE%93%E6%B0%B4%E7%AE%A1%E7%BA%BF%E7%AE%80%E6%9C%AC-%E7%BD%91%E4%B8%8A%E5%85%AC%E7%A4%BA.doc#_Toc430697212	1	2.3 海洋生物质量现状... PAGEREF _Toc430697212 \h 4 08D0C9EA79F9BACE118C8200AA004BA90B02000000080000000E0000005F0054006F006300340033003000360039003700320031003	https://www.pingtan.gov.cn/zwgk/gsgg/201509/t20150924_1465.htm
file:///C:/Users/Administrator/Desktop/%E5%B9%B3%E6%BD%AD%E8%BE%93%E6%B0%B4%E7%AE%A1%E7%BA%BF%E7%AE%80%E6%9C%AC-%E7%BD%91%E4%B8%8A%E5%85%AC%E7%A4%BA.doc#_Toc430697213	1	2.4 海洋生态环境现状... PAGEREF _Toc430697213 \h 4 08D0C9EA79F9BACE118C8200AA004BA90B02000000080000000E0000005F0054006F006300340033003000360039003700320031003	https://www.pingtan.gov.cn/zwgk/gsgg/201509/t20150924_1465.htm
file:///C:/Users/Administrator/Desktop/%E5%B9%B3%E6%BD%AD%E8%BE%93%E6%B0%B4%E7%AE%A1%E7%BA%BF%E7%AE%80%E6%9C%AC-%E7%BD%91%E4%B8%8A%E5%85%AC%E7%A4%BA.doc#_Toc430697214	1	3、环境保护目标... PAGEREF _Toc430697214 \h 6 08D0C9EA79F9BACE118C8200AA004BA90B02000000080000000E0000005F0054006F0063003400330030003600390037003200310034000	https://www.pingtan.gov.cn/zwgk/gsgg/201509/t20150924_1465.htm
file:///C:/Users/Administrator/Desktop/%E5%B9%B3%E6%BD%AD%E8%BE%93%E6%B0%B4%E7%AE%A1%E7%BA%BF%E7%AE%80%E6%9C%AC-%E7%BD%91%E4%B8%8A%E5%85%AC%E7%A4%BA.doc#_Toc430697215	1	4、建设项目环境影响分析... PAGEREF _Toc430697215 \h 6 08D0C9EA79F9BACE118C8200AA004BA90B02000000080000000E0000005F0054006F006300340033003000360039003700320031003	https://www.pingtan.gov.cn/zwgk/gsgg/201509/t20150924_1465.htm
file:///C:/Users/Administrator/Desktop/%E5%B9%B3%E6%BD%AD%E8%BE%93%E6%B0%B4%E7%AE%A1%E7%BA%BF%E7%AE%80%E6%9C%AC-%E7%BD%91%E4%B8%8A%E5%85%AC%E7%A4%BA.doc#_Toc430697216	1	4.1 环境影响因素分析... PAGEREF _Toc430697216 \h 6 08D0C9EA79F9BACE118C8200AA004BA90B02000000080000000E0000005F0054006F006300340033003000360039003700320031003	https://www.pingtan.gov.cn/zwgk/gsgg/201509/t20150924_1465.htm
file:///C:/Users/Administrator/Desktop/%E5%B9%B3%E6%BD%AD%E8%BE%93%E6%B0%B4%E7%AE%A1%E7%BA%BF%E7%AE%80%E6%9C%AC-%E7%BD%91%E4%B8%8A%E5%85%AC%E7%A4%BA.doc#_Toc430697217	1	4.1.1 施工期主要污染源分析... PAGEREF _Toc430697217 \h 6 08D0C9EA79F9BACE118C8200AA004BA90B02000000080000000E0000005F0054006F00630034003300300036003900370032003	https://www.pingtan.gov.cn/zwgk/gsgg/201509/t20150924_1465.htm
file:///C:/Users/Administrator/Desktop/%E5%B9%B3%E6%BD%AD%E8%BE%93%E6%B0%B4%E7%AE%A1%E7%BA%BF%E7%AE%80%E6%9C%AC-%E7%BD%91%E4%B8%8A%E5%85%AC%E7%A4%BA.doc#_Toc430697218	1	4.1.2 运营期环境影响因素... PAGEREF _Toc430697218 \h 7 08D0C9EA79F9BACE118C8200AA004BA90B02000000080000000E0000005F0054006F006300340033003000360039003700320031	https://www.pingtan.gov.cn/zwgk/gsgg/201509/t20150924_1465.htm
file:///C:/Users/Administrator/Desktop/%E5%B9%B3%E6%BD%AD%E8%BE%93%E6%B0%B4%E7%AE%A1%E7%BA%BF%E7%AE%80%E6%9C%AC-%E7%BD%91%E4%B8%8A%E5%85%AC%E7%A4%BA.doc#_Toc430697219	1	4.2 环境影响分析... PAGEREF _Toc430697219 \h 7 08D0C9EA79F9BACE118C8200AA004BA90B02000000080000000E0000005F0054006F00630034003300300036003900370032003100390	https://www.pingtan.gov.cn/zwgk/gsgg/201509/t20150924_1465.htm
file:///C:/Users/Administrator/Desktop/%E5%B9%B3%E6%BD%AD%E8%BE%93%E6%B0%B4%E7%AE%A1%E7%BA%BF%E7%AE%80%E6%9C%AC-%E7%BD%91%E4%B8%8A%E5%85%AC%E7%A4%BA.doc#_Toc430697220	1	4.2.1 悬浮泥沙对海水水质环境的影响... PAGEREF _Toc430697220 \h 7 08D0C9EA79F9BACE118C8200AA004BA90B02000000080000000E0000005F0054006F0063003400330030003600390037003	https://www.pingtan.gov.cn/zwgk/gsgg/201509/t20150924_1465.htm
file:///C:/Users/Administrator/Desktop/%E5%B9%B3%E6%BD%AD%E8%BE%93%E6%B0%B4%E7%AE%A1%E7%BA%BF%E7%AE%80%E6%9C%AC-%E7%BD%91%E4%B8%8A%E5%85%AC%E7%A4%BA.doc#_Toc430697221	1	4.2.2 对海洋沉积物的影响... PAGEREF _Toc430697221 \h 7 08D0C9EA79F9BACE118C8200AA004BA90B02000000080000000E0000005F0054006F006300340033003000360039003700320032	https://www.pingtan.gov.cn/zwgk/gsgg/201509/t20150924_1465.htm
file:///C:/Users/Administrator/Desktop/%E5%B9%B3%E6%BD%AD%E8%BE%93%E6%B0%B4%E7%AE%A1%E7%BA%BF%E7%AE%80%E6%9C%AC-%E7%BD%91%E4%B8%8A%E5%85%AC%E7%A4%BA.doc#_Toc430697222	1	4.2.3 对海洋保护区的影响... PAGEREF _Toc430697222 \h 7 08D0C9EA79F9BACE118C8200AA004BA90B02000000080000000E0000005F0054006F006300340033003000360039003700320032	https://www.pingtan.gov.cn/zwgk/gsgg/201509/t20150924_1465.htm
file:///C:/Users/Administrator/Desktop/%E5%B9%B3%E6%BD%AD%E8%BE%93%E6%B0%B4%E7%AE%A1%E7%BA%BF%E7%AE%80%E6%9C%AC-%E7%BD%91%E4%B8%8A%E5%85%AC%E7%A4%BA.doc#_Toc430697223	1	4.2.4 对养殖和周边用海活动的影响... PAGEREF _Toc430697223 \h 8 08D0C9EA79F9BACE118C8200AA004BA90B02000000080000000E0000005F0054006F00630034003300300036003900370032	https://www.pingtan.gov.cn/zwgk/gsgg/201509/t20150924_1465.htm
file:///C:/Users/Administrator/Desktop/%E5%B9%B3%E6%BD%AD%E8%BE%93%E6%B0%B4%E7%AE%A1%E7%BA%BF%E7%AE%80%E6%9C%AC-%E7%BD%91%E4%B8%8A%E5%85%AC%E7%A4%BA.doc#_Toc430697224	1	4.2.5 对大气环境的影响... PAGEREF _Toc430697224 \h 8 08D0C9EA79F9BACE118C8200AA004BA90B02000000080000000E0000005F0054006F0063003400330030003600390037003200320	https://www.pingtan.gov.cn/zwgk/gsgg/201509/t20150924_1465.htm
file:///C:/Users/Administrator/Desktop/%E5%B9%B3%E6%BD%AD%E8%BE%93%E6%B0%B4%E7%AE%A1%E7%BA%BF%E7%AE%80%E6%9C%AC-%E7%BD%91%E4%B8%8A%E5%85%AC%E7%A4%BA.doc#_Toc430697225	1	4.2.6 对声环境的影响... PAGEREF _Toc430697225 \h 8 08D0C9EA79F9BACE118C8200AA004BA90B02000000080000000E0000005F0054006F00630034003300300036003900370032003200	https://www.pingtan.gov.cn/zwgk/gsgg/201509/t20150924_1465.htm
file:///C:/Users/Administrator/Desktop/%E5%B9%B3%E6%BD%AD%E8%BE%93%E6%B0%B4%E7%AE%A1%E7%BA%BF%E7%AE%80%E6%9C%AC-%E7%BD%91%E4%B8%8A%E5%85%AC%E7%A4%BA.doc#_Toc430697226	1	4.2.7 固体废物的环境影响... PAGEREF _Toc430697226 \h 9 08D0C9EA79F9BACE118C8200AA004BA90B02000000080000000E0000005F0054006F006300340033003000360039003700320032	https://www.pingtan.gov.cn/zwgk/gsgg/201509/t20150924_1465.htm
file:///C:/Users/Administrator/Desktop/%E5%B9%B3%E6%BD%AD%E8%BE%93%E6%B0%B4%E7%AE%A1%E7%BA%BF%E7%AE%80%E6%9C%AC-%E7%BD%91%E4%B8%8A%E5%85%AC%E7%A4%BA.doc#_Toc430697227	1	4.2.8 风险事故的影响... PAGEREF _Toc430697227 \h 9 08D0C9EA79F9BACE118C8200AA004BA90B02000000080000000E0000005F0054006F00630034003300300036003900370032003200	https://www.pingtan.gov.cn/zwgk/gsgg/201509/t20150924_1465.htm
file:///C:/Users/Administrator/Desktop/%E5%B9%B3%E6%BD%AD%E8%BE%93%E6%B0%B4%E7%AE%A1%E7%BA%BF%E7%AE%80%E6%9C%AC-%E7%BD%91%E4%B8%8A%E5%85%AC%E7%A4%BA.doc#_Toc430697228	1	5、环境保护措施... PAGEREF _Toc430697228 \h 9 08D0C9EA79F9BACE118C8200AA004BA90B02000000080000000E0000005F0054006F0063003400330030003600390037003200320038000	https://www.pingtan.gov.cn/zwgk/gsgg/201509/t20150924_1465.htm
file:///C:/Users/Administrator/Desktop/%E5%B9%B3%E6%BD%AD%E8%BE%93%E6%B0%B4%E7%AE%A1%E7%BA%BF%E7%AE%80%E6%9C%AC-%E7%BD%91%E4%B8%8A%E5%85%AC%E7%A4%BA.doc#_Toc430697229	1	5.1悬浮泥沙污染防治措施... PAGEREF _Toc430697229 \h 9 08D0C9EA79F9BACE118C8200AA004BA90B02000000080000000E0000005F0054006F00630034003300300036003900370032003200	https://www.pingtan.gov.cn/zwgk/gsgg/201509/t20150924_1465.htm
file:///C:/Users/Administrator/Desktop/%E5%B9%B3%E6%BD%AD%E8%BE%93%E6%B0%B4%E7%AE%A1%E7%BA%BF%E7%AE%80%E6%9C%AC-%E7%BD%91%E4%B8%8A%E5%85%AC%E7%A4%BA.doc#_Toc430697230	1	5.2减少施工船舶含有污水和生活污水处理措施... PAGEREF _Toc430697230 \h 10 08D0C9EA79F9BACE118C8200AA004BA90B02000000080000000E0000005F0054006F0063003400330030003600390037	https://www.pingtan.gov.cn/zwgk/gsgg/201509/t20150924_1465.htm
file:///C:/Users/Administrator/Desktop/%E5%B9%B3%E6%BD%AD%E8%BE%93%E6%B0%B4%E7%AE%A1%E7%BA%BF%E7%AE%80%E6%9C%AC-%E7%BD%91%E4%B8%8A%E5%85%AC%E7%A4%BA.doc#_Toc430697231	1	5.3固废污染物治理措施... PAGEREF _Toc430697231 \h 10 08D0C9EA79F9BACE118C8200AA004BA90B02000000080000000E0000005F0054006F00630034003300300036003900370032003300	https://www.pingtan.gov.cn/zwgk/gsgg/201509/t20150924_1465.htm
file:///C:/Users/Administrator/Desktop/%E5%B9%B3%E6%BD%AD%E8%BE%93%E6%B0%B4%E7%AE%A1%E7%BA%BF%E7%AE%80%E6%9C%AC-%E7%BD%91%E4%B8%8A%E5%85%AC%E7%A4%BA.doc#_Toc430697232	1	5.4防止施工船舶事故对海域污染影响的措施... PAGEREF _Toc430697232 \h 11 08D0C9EA79F9BACE118C8200AA004BA90B02000000080000000E0000005F0054006F00630034003300300036003900370	https://www.pingtan.gov.cn/zwgk/gsgg/201509/t20150924_1465.htm
file:///C:/Users/Administrator/Desktop/%E5%B9%B3%E6%BD%AD%E8%BE%93%E6%B0%B4%E7%AE%A1%E7%BA%BF%E7%AE%80%E6%9C%AC-%E7%BD%91%E4%B8%8A%E5%85%AC%E7%A4%BA.doc#_Toc430697233	1	5.5生态影响防治措施... PAGEREF _Toc430697233 \h 11 08D0C9EA79F9BACE118C8200AA004BA90B02000000080000000E0000005F0054006F006300340033003000360039003700320033003	https://www.pingtan.gov.cn/zwgk/gsgg/201509/t20150924_1465.htm
file:///C:/Users/Administrator/Desktop/%E5%B9%B3%E6%BD%AD%E8%BE%93%E6%B0%B4%E7%AE%A1%E7%BA%BF%E7%AE%80%E6%9C%AC-%E7%BD%91%E4%B8%8A%E5%85%AC%E7%A4%BA.doc#_Toc430697234	1	6、环境影响评价结论... PAGEREF _Toc430697234 \h 12 08D0C9EA79F9BACE118C8200AA004BA90B02000000080000000E0000005F0054006F0063003400330030003600390037003200330034	https://www.pingtan.gov.cn/zwgk/gsgg/201509/t20150924_1465.htm
file:///C:/Users/Administrator/Desktop/%E5%B9%B3%E6%BD%AD%E8%BE%93%E6%B0%B4%E7%AE%A1%E7%BA%BF%E7%AE%80%E6%9C%AC-%E7%BD%91%E4%B8%8A%E5%85%AC%E7%A4%BA.doc#_Toc430697235	1	7、联系方式... PAGEREF _Toc430697235 \h 12 08D0C9EA79F9BACE118C8200AA004BA90B02000000080000000E0000005F0054006F00630034003300300036003900370032003300350000	https://www.pingtan.gov.cn/zwgk/gsgg/201509/t20150924_1465.htm
file:///C:/Users/Administrator/Desktop/%E5%B9%B3%E6%BD%AD%E8%BE%93%E6%B0%B4%E7%AE%A1%E7%BA%BF%E7%AE%80%E6%9C%AC-%E7%BD%91%E4%B8%8A%E5%85%AC%E7%A4%BA.doc#_Toc430697236	1	7.1 建设单位的名称和联系方式... PAGEREF _Toc430697236 \h 12 08D0C9EA79F9BACE118C8200AA004BA90B02000000080000000E0000005F0054006F0063003400330030003600390037003200	https://www.pingtan.gov.cn/zwgk/gsgg/201509/t20150924_1465.htm
file:///C:/Users/Administrator/Desktop/%E5%B9%B3%E6%BD%AD%E8%BE%93%E6%B0%B4%E7%AE%A1%E7%BA%BF%E7%AE%80%E6%9C%AC-%E7%BD%91%E4%B8%8A%E5%85%AC%E7%A4%BA.doc#_Toc430697237	1	7.2 评价单位的名称和联系方式... PAGEREF _Toc430697237 \h 12 08D0C9EA79F9BACE118C8200AA004BA90B02000000080000000E0000005F0054006F0063003400330030003600390037003200	https://www.pingtan.gov.cn/zwgk/gsgg/201509/t20150924_1465.htm
file:///C:/Users/Lenovo/Documents/WeChat%20Files/wxid_1lyq4dn9pqgs22/FileStorage/File/2024-06/%E5%AE%9A%E5%B1%85.doc	1	定居	https://www.pingtan.gov.cn/zwgk/zfxxgk/dfbmptlj/ptzhsyqbm/ptzhsyqshs/fdzdgknr/shjzywjyyl/202406/t20240626_91354.htm
file:///C:/Users/l	1	电动摩托车（含电动三轮车）以旧换新补贴活动销售商家报名表	https://www.pingtan.gov.cn/zwgk/zfxxgk/dfbmptlj/ptzhsyqbm/ptzhsyqjjf/fdzdgknr/gzdt/202506/t20250609_99464.htm
file:///C:/Users/lenovo/Desktop/%E5%AE%9A%E5%B1%85.doc	1	定居	https://www.pingtan.gov.cn/zwgk/ztzl/jczwgkbzhgfh/qzbm/ywjy/202206/t20220622_34589.htm
file:///C:/Users/lenovo0210/Documents/WeChat%20Files/wxid_1lyq4dn9pqgs22/FileStorage/File/2025-06/%E5%AE%9A%E5%B1%85.doc	1	定居	https://www.pingtan.gov.cn/zwgk/zfxxgk/dfbmptlj/ptzhsyqbm/ptzhsyqshs/fdzdgknr/shjzywjyyl/202506/t20250623_99792.htm
file:///C:/Users/lenovo0210/xwechat_files/wxid_1lyq4dn9pqgs22_98f6/msg/file/2026-06/%E5%AE%9A%E5%B1%85.doc	1	定居	https://www.pingtan.gov.cn/zwgk/zfxxgk/dfbmptlj/ptzhsyqbm/ptzhsyqshs/fdzdgknr/shjzywjyyl/202606/t20260622_107444.htm
http://10.130.24.180x00539685b3868.ipv6best.cn/UploadFiles/fjzd/2017/4/201704070837306208.pdf	1	关于做好迎接国务院2016年度消防工作考核准备工作的通知	https://www.pingtan.gov.cn/zwgk/zfxxgk/dfbmptlj/ptzhsyqbm/ptzhsyqgwh/fdzdgknr/hjbhggwsaq/201704/t20170418_62485.htm
http://10.36.0.174x27c69685e3868.ipv6best.cn:201/0031.htm	1	小浪底水利枢纽管理中心	https://www.pingtan.gov.cn/zwgk/zfxxgk/dfbmptlj/ptzhsyqbm/ptzhsyqnyn/fdzdgknr/hjbhggwsaq/201606/t20160607_60683.htm
http://112.35.76.9x57139680f3868.ipv6best.cn:8081/index	1	http://112.35.76.9:8081/index	https://www.pingtan.gov.cn/zwgk/ztzl/gazl/jwzxjxxgk/201808/t20180808_10493.htm
http://112.54.44.39x203a968483868.ipv6best.cn:8088/	1	http://112.54.44.39:8088/	https://www.pingtan.gov.cn/zwgk/zfxxgk/dfbmptlj/ptzhsyqbm/ptzhsyqshs/fdzdgknr/qxjzyfjjsh/202004/t20200423_70617.htm
http://112.54.44.39x203a968483868.ipv6best.cn:8088/shzz_njgs/	1	http://112.54.44.39:8088/shzz_njgs/	https://www.pingtan.gov.cn/zwgk/zfxxgk/dfbmptlj/ptzhsyqbm/ptzhsyqshs/fdzdgknr/qxjzyfjjsh/202004/t20200423_70617.htm
http://117.27.135.5xc2ae968583868.ipv6best.cn:8888/default/com.hymake.remaius.project.dailySupervision.inspection.hyInspecition.flow	1	DZ35100030201706001	https://www.pingtan.gov.cn/zwgk/zfxxgk/dfbmptlj/ptzhsyqbm/ptzhsyqjtj/fdzdgknr/hjbhggwsaq/201708/t20170818_62987.htm
http://121.207.226.151xbe74968233868.ipv6best.cn:8080/outweb/main.htm	1	平潭综合实验区住房保障网	https://www.pingtan.gov.cn/zwgk/ztzl/jtyjs/gzdthxxgs/201603/t20160329_3887.htm
http://172.23.0.10x5ea8966f83868.ipv6best.cn:1011/law/page/secondbrw.cbs?rid=1&amp;order=2&amp;result=c%3A%5Ctemp%5Ctbs%5CF034EF6%2Etmp&amp;page=allindex&amp;f=&amp;field=&amp;transword=++%D6%D0%CD%E2%BA%CF%D7%F7&amp;dkall=1##	1	《中华人民共和国中外合作经营企业法》	https://www.pingtan.gov.cn/zwgk/zfxxgk/gwhwj/dfxfgzfgzh/201403/t20140301_56185.htm
http://172.23.0.10x5ea8966f83868.ipv6best.cn:1011/law/page/secondbrw.cbs?rid=1&amp;order=2&amp;result=c%3A%5Ctemp%5Ctbs%5CF0353C6%2Etmp&amp;page=allindex&amp;f=&amp;field=&amp;transword=++%CD%E2%D7%CA&amp;dkall=1##	1	《中华人民共和国外资企业法》	https://www.pingtan.gov.cn/zwgk/zfxxgk/gwhwj/dfxfgzfgzh/201403/t20140301_56185.htm
http://172.23.0.10x5ea8968063868.ipv6best.cn:1011/law/page/browseotherlaw.cbs?rid=1&amp;bs=329&amp;anchor=0	1	第四十九条	https://www.pingtan.gov.cn/zwgk/ztzl/hzzfgs/shgk/201912/t20191230_18713.htm
http://172.23.0.10x5ea8968063868.ipv6best.cn:1011/law/page/secondbrw.cbs?rid=1&amp;order=2&amp;result=c%3A%5Ctemp%5Ctbs%5CB28B568%2Etmp&amp;page=allindex&amp;f=&amp;field=&amp;transword=++%CA%B3%C6%B7%B0%B2%C8%AB%B7%A8&amp;dkall=1	1	中华人民共和国产品质量法	https://www.pingtan.gov.cn/zwgk/ztzl/hzzfgs/shgk/201912/t20191230_18713.htm
http://172.23.0.12x659c968063868.ipv6best.cn:8266/FullText/fulltext_form.aspx?db=chl&amp;gid=269223	1	中华人民共和国食品安全法	https://www.pingtan.gov.cn/zwgk/ztzl/hzzfgs/shgk/201912/t20191231_18767.htm
http://172.23.0.12x659c968073868.ipv6best.cn:8266/FullText/fulltext_form.aspx?db=chl&amp;gid=269223	1	中华人民共和国食品安全法	https://www.pingtan.gov.cn/zwgk/ztzl/hzzfgs/shgk/201912/t20191230_18715.htm
http://172.23.0.12x659c9680d3868.ipv6best.cn:8266/FullText/fulltext_form.aspx?db=chl&amp;gid=269223	1	中华人民共和国烟草专卖法实施条例	https://www.pingtan.gov.cn/zwgk/ztzl/hzzfgs/shgk/201810/t20181024_11254.htm
http://172.23.25.226xa437966c03868.ipv6best.cn/oa/esfimpl/fjgs/oa/doc/javascript:viewSendFlowOrDoc(	1	《福建省餐饮质量安全提升行动实施方案》	https://www.pingtan.gov.cn/zwgk/gsgg/202304/t20230403_45327.htm
http://172.23.25.226xa437966c63868.ipv6best.cn/oa/esfimpl/fjgs/oa/doc/javascript:viewSendFlowOrDoc(	1	《福建省餐饮质量安全提升行动实施方案》	https://www.pingtan.gov.cn/zwgk/gsgg/202203/t20220331_32648.htm
http://172.23.25.226xa437966cd3868.ipv6best.cn/oa/esfimpl/fjgs/oa/doc/javascript:viewSendFlowOrDoc(	1	《福建省餐饮质量安全提升行动实施方案》	https://www.pingtan.gov.cn/zwgk/gsgg/202103/t20210309_25098.htm
http://172.23.25.226xa437967dd3868.ipv6best.cn/oa/esfimpl/fjgs/oa/doc/javascript:viewSendFlowOrDoc(	1	《福建省餐饮质量安全提升行动实施方案》	https://www.pingtan.gov.cn/zwgk/ztzl/scjggzhbz/hdfajlsjc/202412/t20241210_95648.htm
http://172.23.25.226xa437967f23868.ipv6best.cn/oa/esfimpl/fjgs/oa/doc/javascript:viewSendFlowOrDoc(	1	《福建省餐饮质量安全提升行动实施方案》	https://www.pingtan.gov.cn/zwgk/ztzl/scjggzhbz/hdfajlsjc/202412/t20241210_95652.htm
http://218.66.59.97xa9d6968493868.ipv6best.cn:8096/REG/	1	http://218.66.59.97:8096/REG/	https://www.pingtan.gov.cn/zwgk/zfxxgk/dfbmptlj/ptzhsyqbm/ptzhsyqhzs/fdzdgknr/zdjsxmdpzh/202003/t20200310_72320.htm
http://218.85.73.164xc980966e23868.ipv6best.cn:8088/wcm/WCMV6/editor/editor/fckeditor.html?InstanceName=TRS_Editor&amp;Toolbar=WCM6&amp;Version=1.0.0.1&amp;ConfigEx=fckconfig_ex.js#_Toc366504974	1	1&nbsp;总则	https://www.pingtan.gov.cn/zwgk/gsgg/201310/t20131022_1148.htm
http://218.85.73.164xc980966e23868.ipv6best.cn:8088/wcm/WCMV6/editor/editor/fckeditor.html?InstanceName=TRS_Editor&amp;Toolbar=WCM6&amp;Version=1.0.0.1&amp;ConfigEx=fckconfig_ex.js#_Toc366504975	1	1.1编制目的	https://www.pingtan.gov.cn/zwgk/gsgg/201310/t20131022_1148.htm
http://218.85.73.164xc980966e23868.ipv6best.cn:8088/wcm/WCMV6/editor/editor/fckeditor.html?InstanceName=TRS_Editor&amp;Toolbar=WCM6&amp;Version=1.0.0.1&amp;ConfigEx=fckconfig_ex.js#_Toc366504976	1	1.2编制依据	https://www.pingtan.gov.cn/zwgk/gsgg/201310/t20131022_1148.htm
http://218.85.73.164xc980966e23868.ipv6best.cn:8088/wcm/WCMV6/editor/editor/fckeditor.html?InstanceName=TRS_Editor&amp;Toolbar=WCM6&amp;Version=1.0.0.1&amp;ConfigEx=fckconfig_ex.js#_Toc366504977	1	1.3适用范围	https://www.pingtan.gov.cn/zwgk/gsgg/201310/t20131022_1148.htm
http://218.85.73.164xc980966e23868.ipv6best.cn:8088/wcm/WCMV6/editor/editor/fckeditor.html?InstanceName=TRS_Editor&amp;Toolbar=WCM6&amp;Version=1.0.0.1&amp;ConfigEx=fckconfig_ex.js#_Toc366504978	1	1.4工作原则	https://www.pingtan.gov.cn/zwgk/gsgg/201310/t20131022_1148.htm
http://218.85.73.164xc980966e23868.ipv6best.cn:8088/wcm/WCMV6/editor/editor/fckeditor.html?InstanceName=TRS_Editor&amp;Toolbar=WCM6&amp;Version=1.0.0.1&amp;ConfigEx=fckconfig_ex.js#_Toc366504979	1	2&nbsp;组织指挥体系及职责	https://www.pingtan.gov.cn/zwgk/gsgg/201310/t20131022_1148.htm
http://218.85.73.164xc980966e23868.ipv6best.cn:8088/wcm/WCMV6/editor/editor/fckeditor.html?InstanceName=TRS_Editor&amp;Toolbar=WCM6&amp;Version=1.0.0.1&amp;ConfigEx=fckconfig_ex.js#_Toc366504984	1	3&nbsp;应急准备	https://www.pingtan.gov.cn/zwgk/gsgg/201310/t20131022_1148.htm
http://218.85.73.164xc980966e23868.ipv6best.cn:8088/wcm/WCMV6/editor/editor/fckeditor.html?InstanceName=TRS_Editor&amp;Toolbar=WCM6&amp;Version=1.0.0.1&amp;ConfigEx=fckconfig_ex.js#_Toc366504985	1	3.1&nbsp;资金准备	https://www.pingtan.gov.cn/zwgk/gsgg/201310/t20131022_1148.htm
http://218.85.73.164xc980966e23868.ipv6best.cn:8088/wcm/WCMV6/editor/editor/fckeditor.html?InstanceName=TRS_Editor&amp;Toolbar=WCM6&amp;Version=1.0.0.1&amp;ConfigEx=fckconfig_ex.js#_Toc366504986	1	3.2&nbsp;物资准备	https://www.pingtan.gov.cn/zwgk/gsgg/201310/t20131022_1148.htm
http://218.85.73.164xc980966e23868.ipv6best.cn:8088/wcm/WCMV6/editor/editor/fckeditor.html?InstanceName=TRS_Editor&amp;Toolbar=WCM6&amp;Version=1.0.0.1&amp;ConfigEx=fckconfig_ex.js#_Toc366504987	1	3.3&nbsp;通信和信息准备	https://www.pingtan.gov.cn/zwgk/gsgg/201310/t20131022_1148.htm
http://218.85.73.164xc980966e23868.ipv6best.cn:8088/wcm/WCMV6/editor/editor/fckeditor.html?InstanceName=TRS_Editor&amp;Toolbar=WCM6&amp;Version=1.0.0.1&amp;ConfigEx=fckconfig_ex.js#_Toc366504988	1	3.4&nbsp;装备和设施准备	https://www.pingtan.gov.cn/zwgk/gsgg/201310/t20131022_1148.htm
http://218.85.73.164xc980966e23868.ipv6best.cn:8088/wcm/WCMV6/editor/editor/fckeditor.html?InstanceName=TRS_Editor&amp;Toolbar=WCM6&amp;Version=1.0.0.1&amp;ConfigEx=fckconfig_ex.js#_Toc366504989	1	3.5&nbsp;人员准备	https://www.pingtan.gov.cn/zwgk/gsgg/201310/t20131022_1148.htm
http://218.85.73.164xc980966e23868.ipv6best.cn:8088/wcm/WCMV6/editor/editor/fckeditor.html?InstanceName=TRS_Editor&amp;Toolbar=WCM6&amp;Version=1.0.0.1&amp;ConfigEx=fckconfig_ex.js#_Toc366504990	1	3.6&nbsp;救灾捐赠	https://www.pingtan.gov.cn/zwgk/gsgg/201310/t20131022_1148.htm
http://218.85.73.164xc980966e23868.ipv6best.cn:8088/wcm/WCMV6/editor/editor/fckeditor.html?InstanceName=TRS_Editor&amp;Toolbar=WCM6&amp;Version=1.0.0.1&amp;ConfigEx=fckconfig_ex.js#_Toc366504991	1	3.7&nbsp;技术准备	https://www.pingtan.gov.cn/zwgk/gsgg/201310/t20131022_1148.htm
http://218.85.73.164xc980966e23868.ipv6best.cn:8088/wcm/WCMV6/editor/editor/fckeditor.html?InstanceName=TRS_Editor&amp;Toolbar=WCM6&amp;Version=1.0.0.1&amp;ConfigEx=fckconfig_ex.js#_Toc366504992	1	3.8&nbsp;宣传和培训	https://www.pingtan.gov.cn/zwgk/gsgg/201310/t20131022_1148.htm
http://218.85.73.164xc980966e23868.ipv6best.cn:8088/wcm/WCMV6/editor/editor/fckeditor.html?InstanceName=TRS_Editor&amp;Toolbar=WCM6&amp;Version=1.0.0.1&amp;ConfigEx=fckconfig_ex.js#_Toc366504993	1	4&nbsp;&nbsp;预警预报与信息管理	https://www.pingtan.gov.cn/zwgk/gsgg/201310/t20131022_1148.htm
http://218.85.73.164xc980966e23868.ipv6best.cn:8088/wcm/WCMV6/editor/editor/fckeditor.html?InstanceName=TRS_Editor&amp;Toolbar=WCM6&amp;Version=1.0.0.1&amp;ConfigEx=fckconfig_ex.js#_Toc366504994	1	4.1&nbsp;灾害预警预报	https://www.pingtan.gov.cn/zwgk/gsgg/201310/t20131022_1148.htm
http://218.85.73.164xc980966e23868.ipv6best.cn:8088/wcm/WCMV6/editor/editor/fckeditor.html?InstanceName=TRS_Editor&amp;Toolbar=WCM6&amp;Version=1.0.0.1&amp;ConfigEx=fckconfig_ex.js#_Toc366504995	1	4.2&nbsp;灾情信息管理	https://www.pingtan.gov.cn/zwgk/gsgg/201310/t20131022_1148.htm
http://218.85.73.164xc980966e23868.ipv6best.cn:8088/wcm/WCMV6/editor/editor/fckeditor.html?InstanceName=TRS_Editor&amp;Toolbar=WCM6&amp;Version=1.0.0.1&amp;ConfigEx=fckconfig_ex.js#_Toc366504996	1	4.3&nbsp;灾情会商核定	https://www.pingtan.gov.cn/zwgk/gsgg/201310/t20131022_1148.htm
http://218.85.73.164xc980966e23868.ipv6best.cn:8088/wcm/WCMV6/editor/editor/fckeditor.html?InstanceName=TRS_Editor&amp;Toolbar=WCM6&amp;Version=1.0.0.1&amp;ConfigEx=fckconfig_ex.js#_Toc366504997	1	5&nbsp;&nbsp;应急响应	https://www.pingtan.gov.cn/zwgk/gsgg/201310/t20131022_1148.htm
http://218.85.73.164xc980966e23868.ipv6best.cn:8088/wcm/WCMV6/editor/editor/fckeditor.html?InstanceName=TRS_Editor&amp;Toolbar=WCM6&amp;Version=1.0.0.1&amp;ConfigEx=fckconfig_ex.js#_Toc366504998	1	5.1&nbsp;&nbsp;Ⅰ级响应	https://www.pingtan.gov.cn/zwgk/gsgg/201310/t20131022_1148.htm
http://218.85.73.164xc980966e23868.ipv6best.cn:8088/wcm/WCMV6/editor/editor/fckeditor.html?InstanceName=TRS_Editor&amp;Toolbar=WCM6&amp;Version=1.0.0.1&amp;ConfigEx=fckconfig_ex.js#_Toc366504999	1	5.2&nbsp;&nbsp;Ⅱ级响应	https://www.pingtan.gov.cn/zwgk/gsgg/201310/t20131022_1148.htm
http://218.85.73.164xc980966e23868.ipv6best.cn:8088/wcm/WCMV6/editor/editor/fckeditor.html?InstanceName=TRS_Editor&amp;Toolbar=WCM6&amp;Version=1.0.0.1&amp;ConfigEx=fckconfig_ex.js#_Toc366505001	1	5.3&nbsp;&nbsp;Ⅲ级响应	https://www.pingtan.gov.cn/zwgk/gsgg/201310/t20131022_1148.htm
http://218.85.73.164xc980966e23868.ipv6best.cn:8088/wcm/WCMV6/editor/editor/fckeditor.html?InstanceName=TRS_Editor&amp;Toolbar=WCM6&amp;Version=1.0.0.1&amp;ConfigEx=fckconfig_ex.js#_Toc366505002	1	5.4&nbsp;&nbsp;Ⅳ级响应	https://www.pingtan.gov.cn/zwgk/gsgg/201310/t20131022_1148.htm
http://218.85.73.164xc980966e23868.ipv6best.cn:8088/wcm/WCMV6/editor/editor/fckeditor.html?InstanceName=TRS_Editor&amp;Toolbar=WCM6&amp;Version=1.0.0.1&amp;ConfigEx=fckconfig_ex.js#_Toc366505005	1	5.5&nbsp;&nbsp;信息发布	https://www.pingtan.gov.cn/zwgk/gsgg/201310/t20131022_1148.htm
http://218.85.73.164xc980966e23868.ipv6best.cn:8088/wcm/WCMV6/editor/editor/fckeditor.html?InstanceName=TRS_Editor&amp;Toolbar=WCM6&amp;Version=1.0.0.1&amp;ConfigEx=fckconfig_ex.js#_Toc366505006	1	6&nbsp;&nbsp;灾后救助与恢复重建	https://www.pingtan.gov.cn/zwgk/gsgg/201310/t20131022_1148.htm
http://218.85.73.164xc980966e23868.ipv6best.cn:8088/wcm/WCMV6/editor/editor/fckeditor.html?InstanceName=TRS_Editor&amp;Toolbar=WCM6&amp;Version=1.0.0.1&amp;ConfigEx=fckconfig_ex.js#_Toc366505007	1	6.1&nbsp;&nbsp;过渡性生活救助	https://www.pingtan.gov.cn/zwgk/gsgg/201310/t20131022_1148.htm
http://218.85.73.164xc980966e23868.ipv6best.cn:8088/wcm/WCMV6/editor/editor/fckeditor.html?InstanceName=TRS_Editor&amp;Toolbar=WCM6&amp;Version=1.0.0.1&amp;ConfigEx=fckconfig_ex.js#_Toc366505008	1	6.2&nbsp;&nbsp;冬春救助	https://www.pingtan.gov.cn/zwgk/gsgg/201310/t20131022_1148.htm
http://218.85.73.164xc980966e23868.ipv6best.cn:8088/wcm/WCMV6/editor/editor/fckeditor.html?InstanceName=TRS_Editor&amp;Toolbar=WCM6&amp;Version=1.0.0.1&amp;ConfigEx=fckconfig_ex.js#_Toc366505009	1	6.3&nbsp;&nbsp;倒损农房恢复重建	https://www.pingtan.gov.cn/zwgk/gsgg/201310/t20131022_1148.htm
http://218.85.73.164xc980966e23868.ipv6best.cn:8088/wcm/WCMV6/editor/editor/fckeditor.html?InstanceName=TRS_Editor&amp;Toolbar=WCM6&amp;Version=1.0.0.1&amp;ConfigEx=fckconfig_ex.js#_Toc366505010	1	7&nbsp;&nbsp;附则	https://www.pingtan.gov.cn/zwgk/gsgg/201310/t20131022_1148.htm
http://218.85.73.164xc980966e23868.ipv6best.cn:8088/wcm/WCMV6/editor/editor/fckeditor.html?InstanceName=TRS_Editor&amp;Toolbar=WCM6&amp;Version=1.0.0.1&amp;ConfigEx=fckconfig_ex.js#_Toc366505011	1	7.1&nbsp;自然灾害救助款物监管	https://www.pingtan.gov.cn/zwgk/gsgg/201310/t20131022_1148.htm
http://218.85.73.164xc980966e23868.ipv6best.cn:8088/wcm/WCMV6/editor/editor/fckeditor.html?InstanceName=TRS_Editor&amp;Toolbar=WCM6&amp;Version=1.0.0.1&amp;ConfigEx=fckconfig_ex.js#_Toc366505012	1	7.2&nbsp;闽台沟通与协作	https://www.pingtan.gov.cn/zwgk/gsgg/201310/t20131022_1148.htm
http://218.85.73.164xc980966e23868.ipv6best.cn:8088/wcm/WCMV6/editor/editor/fckeditor.html?InstanceName=TRS_Editor&amp;Toolbar=WCM6&amp;Version=1.0.0.1&amp;ConfigEx=fckconfig_ex.js#_Toc366505013	1	7.3&nbsp;预案演练	https://www.pingtan.gov.cn/zwgk/gsgg/201310/t20131022_1148.htm
http://218.85.73.164xc980966e23868.ipv6best.cn:8088/wcm/WCMV6/editor/editor/fckeditor.html?InstanceName=TRS_Editor&amp;Toolbar=WCM6&amp;Version=1.0.0.1&amp;ConfigEx=fckconfig_ex.js#_Toc366505014	1	7.4&nbsp;奖励与责任	https://www.pingtan.gov.cn/zwgk/gsgg/201310/t20131022_1148.htm
http://218.85.73.164xc980966e23868.ipv6best.cn:8088/wcm/WCMV6/editor/editor/fckeditor.html?InstanceName=TRS_Editor&amp;Toolbar=WCM6&amp;Version=1.0.0.1&amp;ConfigEx=fckconfig_ex.js#_Toc366505015	1	7.5&nbsp;预案管理与更新	https://www.pingtan.gov.cn/zwgk/gsgg/201310/t20131022_1148.htm
http://218.85.73.164xc980966e23868.ipv6best.cn:8088/wcm/WCMV6/editor/editor/fckeditor.html?InstanceName=TRS_Editor&amp;Toolbar=WCM6&amp;Version=1.0.0.1&amp;ConfigEx=fckconfig_ex.js#_Toc366505017	1	7.6&nbsp;预案生效时间	https://www.pingtan.gov.cn/zwgk/gsgg/201310/t20131022_1148.htm
http://220.160.52.164.9001x9209968483868.ipv6best.cn/#/%EF%BC%89%E7%99%BB%E8%AE%B0%E3%80%82	1	http://220.160.52.164:9001/#/）登记。	https://www.pingtan.gov.cn/zwgk/zfxxgk/dfbmptlj/ptzhsyqbm/ptzhsyqhzs/fdzdgknr/zdjsxmdpzh/202004/t20200403_72338.htm
http://220.160.52.164x7422967203868.ipv6best.cn:9001/#/%EF%BC%89%E7%99%BB%E8%AE%B0%E3%80%82	1	http://220.160.52.164:9001/#/）登记。	https://www.pingtan.gov.cn/zwgk/zdlyxxgk/zdxmjs/zhxx/202211/t20221117_40340.htm
http://220.160.52.164x7422967283868.ipv6best.cn:9001/#/%EF%BC%89%E7%99%BB%E8%AE%B0%E3%80%82	1	http://220.160.52.164:9001/#/）登记。	https://www.pingtan.gov.cn/zwgk/zdlyxxgk/zdxmjs/zhxx/202211/t20221117_40542.htm
http://220.160.52.164x7422968453868.ipv6best.cn:9001/#/%EF%BC%89%E7%99%BB%E8%AE%B0%E3%80%82	1	http://220.160.52.164:9001/#/）登记。	https://www.pingtan.gov.cn/zwgk/zfxxgk/dfbmptlj/ptzhsyqbm/ptzhsyqhzs/fdzdgknr/zdjsxmdpzh/202006/t20200623_72419.htm
http://220.160.52.235x5c16968263868.ipv6best.cn:9080/	1	http://220.160.52.235:9080	https://www.pingtan.gov.cn/zwgk/zfxxgk/dfbmptlj/ptzhsyqbm/ptzhsyqjjf/fdzdgknr/gzdt/202603/t20260330_105904.htm
http://220.160.52.43xcd04968453868.ipv6best.cn:8888/sses/%EF%BC%8C%E8%B4%A6%E5%8F%B7%EF%BC%88%E7%94%A8%E6%88%B7%E5%90%8D%EF%BC%89%E5%92%8C%E5%AF%86%E7%A0%81%E7%94%B1%E7%9C%81%E8%AF%84%E4%BC%B0%E4%B8%AD%E5%BF%83%E7%BB%9F%E4%B8%80%E7%BB%99%E5%90%84%E8%AE%BE%E5%8C%BA%E5%B8%82%EF%BC%8C%E7%94%B1%E5%90%84%E8%AE%BE%E5%8C%BA%E5%B8%82%E5%86%8D%E5%BC%80%E8%B4%A6%E5%8F%B7%E7%BB%99%E5%90%84%E5%8E%BF%EF%BC%88%E5%B8%82%E3%80%81%E5%8C%BA%EF%BC%89%EF%BC%8C%E5%90%84%E5%8E%BF%EF%BC%88%E5%B8%82%E3%80%81%E5%8C%BA%EF%BC%89%E5%86%8D%E5%BC%80%E8%B4%A6%E5%8F%B7%E7%BB%99%E7%94%B3%E6%8A%A5%E5%AD%A6%E6%A0%A1%E3%80%82	1	http://220.160.52.43:8888/sses/	https://www.pingtan.gov.cn/zwgk/zfxxgk/dfbmptlj/ptzhsyqbm/ptzhsyqshs/fdzdgknr/shjzywjyyl/202006/t20200622_70583.htm
http://220.160.53.12xe61e966eb3868.ipv6best.cn:8080/fjismp/cms	1	http://220.160.53.12:8080/fjismp/cms	https://www.pingtan.gov.cn/zwgk/zxwj/bmwj/202105/t20210517_26199.htm
http://220.160.53.12xe61e9683e3868.ipv6best.cn:8080/fjismp/cms	1	http://220.160.53.12:8080/fjismp/cms	https://www.pingtan.gov.cn/zwgk/zfxxgk/dfbmptlj/ptzhsyqbm/ptzhsyqjjf/fdzdgknr/gzdt/202105/t20210517_73425.htm
http://223.71.147.149x0fa3968483868.ipv6best.cn/portal/	1	http://223.71.147.149/portal/	https://www.pingtan.gov.cn/zwgk/zfxxgk/dfbmptlj/ptzhsyqbm/ptzhsyqshs/fdzdgknr/shjzywjyyl/202004/t20200414_70593.htm
http://27.151.80.23xc1e3967303868.ipv6best.cn/gpms/f/project/PurchaseshareAtt/attachdown/AC3FF7EDEB0A8F4EE053F38FA8C026AC_zdwfjls?planName=%E5%B9%B3%E6%BD%AD%E7%BB%BC%E5%90%88%E5%AE%9E%E9%AA%8C%E5%8C%BA%E6%97%85%E6%B8%B8%E4%B8%8E%E6%96%87%E5%8C%96%E4%BD%93%E8%82%B2%E5%B1%802020%E6%B5%B7%E5%B3%A1%E6%97%85%E6%B8%B8%E5%8D%9A%E8%A7%88%E4%BC%9A%E5%B9%B3%E6%BD%AD%E9%A6%86%E5%B8%83%E5%B1%95%E9%A1%B9%E7%9B%AE%E7%BB%93%E6%9E%9C%E5%85%AC%E5%91%8A(%E5%8C%851)%E5%8F%82%E5%8A%A0%E9%87%87%E8%B4%AD%E6%B4%BB%E5%8A%A8%E5%89%8D%E4%B8%89%E5%B9%B4%E5%86%85%E5%9C%A8%E7%BB%8F%E8%90%A5%E6%B4%BB%E5%8A%A8%E4%B8%AD%E6%B2%A1%E6%9C%89%E9%87%8D%E5%A4%A7%E8%BF%9D%E6%B3%95%E8%AE%B0%E5%BD%95%E4%B9%A6%E9%9D%A2%E5%A3%B0%E6%98%8E	1	平潭综合实验区旅游与文化体育局2020海峡旅游博览会平潭馆布展项目结果公告(包1)参加采购活动前三年内在经营活动中没有重大违法记录书面声明	https://www.pingtan.gov.cn/zwgk/zdlyxxgk/ggtywh/tzgg/202511/t20251103_102723.htm
http://27.151.80.61xe273968393868.ipv6best.cn:91/#/double-publicity-info	1	行政许可、行政处罚双公示	https://www.pingtan.gov.cn/zwgk/zfxxgk/dfbmptlj/ptzhsyqbm/ptzhsyqhzs/fdzdgknr/hzxkhzcfsg/202111/t20211125_74923.htm
http://59.204.225.134xf72c966ba3868.ipv6best.cn/BGZC/GWCL/GWSF/XZWJ.aspx?zw=1&amp;BH=B594AED5286F0B88&amp;sj=4F9F66C9CBA2E4B532E79D7F99288DED52495C19D6B095A4	1	平潭综合实验区消防安全委员会关于印发&lt;平潭综合实验区低收入群体居住环境消防安全改造项目实施方案&gt;的通知	https://www.pingtan.gov.cn/zwgk/gsgg/202309/t20230919_50249.htm
http://59.204.225.134xf72c966e43868.ipv6best.cn/BGZC/GWCL/GWSF/XZWJ.aspx?zw=1&amp;BH=B594AED5286F0B88&amp;sj=4F9F66C9CBA2E4B532E79D7F99288DED52495C19D6B095A4	1	平潭综合实验区消防安全委员会关于印发&lt;平潭综合实验区低收入群体居住环境消防安全改造项目实施方案&gt;的通知	https://www.pingtan.gov.cn/zwgk/zxwj/bmwj/202306/t20230626_47973.htm
http://59.204.225.134xf72c966e73868.ipv6best.cn/BGZC/GWCL/GWSF/XZWJ.aspx?zw=1&amp;BH=80CDCC1A60B45315&amp;sj=89DC9BF7B9EC281F7E19F52973D6068C53BF3DA15EE69F87	1	平潭综合实验区管委会安全生产委员会办公室关于印发〈实验区生产经营租住场所重大火灾风险综合治理方案〉的通知	https://www.pingtan.gov.cn/zwgk/zxwj/bmwj/202205/t20220526_35841.htm
http://59.204.225.134xf72c967da3868.ipv6best.cn/BGZC/GWCL/GWSF/XZWJ.aspx?zw=1&amp;BH=B594AED5286F0B88&amp;sj=4F9F66C9CBA2E4B532E79D7F99288DED52495C19D6B095A4	1	平潭综合实验区消防安全委员会关于印发〈平潭综合实验区低收入群体居住环境消防安全改造项目实施方案〉的通知	https://www.pingtan.gov.cn/zwgk/ztzl/jczwgkbzhgfh/sdpq/jjpq/gzdt/202306/t20230625_48010.htm
http://59.204.225.134xf72c9682f3868.ipv6best.cn/BGZC/GWCL/GWSF/XZWJ.aspx?zw=1&amp;BH=B594AED5286F0B88&amp;sj=4F9F66C9CBA2E4B532E79D7F99288DED52495C19D6B095A4	1	平潭综合实验区消防安全委员会关于印发〈平潭综合实验区低收入群体居住环境消防安全改造项目实施方案〉的通知	https://www.pingtan.gov.cn/zwgk/zfxxgk/dfbmptlj/ptzhsyqpq/ptzhsyqjjp/fdzdgknr/hjbhggwsaq/202306/t20230625_79359.htm
http://59.204.225.134xf72c968363868.ipv6best.cn/BGZC/GWCL/GWSF/XZWJ.aspx?zw=1&amp;BH=80CDCC1A60B45315&amp;sj=89DC9BF7B9EC281F7E19F52973D6068C53BF3DA15EE69F87	1	平潭综合实验区管委会安全生产委员会办公室关于印发〈实验区生产经营租住场所重大火灾风险综合治理方案〉的通知	https://www.pingtan.gov.cn/zwgk/zfxxgk/dfbmptlj/ptzhsyqpq/ptzhsyqjsp/fdzdgknr/hjbhggwsaq/202205/t20220526_76367.htm
http://app.hxrc.com/downfile/uploadfilesfile/20181129/20181129104831_8785.doc	1	招聘会海报模板	https://www.pingtan.gov.cn/zwgk/ztzl/rlzyygwygl/gzdtjxxgk/201812/t20181203_11668.htm
http://app.hxrc.com/services/%E5%B9%B3%E6%BD%AD%E6%B5%B7%E5%B3%A1%E4%BA%BA%E5%8A%9B%E8%B5%84%E6%BA%90%E6%9C%8D%E5%8A%A1%E6%9C%89%E9%99%90%E5%85%AC%E5%8F%B8%E5%85%AC%E5%BC%80%E6%8B%9B%E8%81%98%E6%B2%B3%E9%81%93%E7%AE%A1%E7%90%86%E5%91%98%E6%8A%A5%E5%90%8D%E8%A1%A8	1		https://www.pingtan.gov.cn/zwgk/ztzl/rlzyygwygl/gzdtjxxgk/201803/t20180313_9280.htm
http://app.hxrc.com/services/NewsDetail_101637.html	1	平潭综合实验区2018年旅游文化行业公益性专场招聘会	https://www.pingtan.gov.cn/zwgk/yw/ptyw/201804/t20180425_9495.htm
http://app.hxrc.com/services/rcjlh/cxtw_bmp_2243.html	1	平潭综合实验区	https://www.pingtan.gov.cn/zwgk/ztzl/rlzyygwygl/gzdtjxxgk/201708/t20170817_7606.htm
http://app.hxrc.com/services/rcjlh/cxtw_bmp_2509.html	1	平潭综合实验区2018冬季大中专毕业生暨就业扶贫公益性专场招聘会	https://www.pingtan.gov.cn/zwgk/ztzl/rlzyygwygl/gzdtjxxgk/201812/t20181203_11668.htm
http://aqjd.mwr.gov.cnx197a9685e3868.ipv6best.cn/	1	http://aqjd.mwr.gov.cn/	https://www.pingtan.gov.cn/zwgk/zfxxgk/dfbmptlj/ptzhsyqbm/ptzhsyqnyn/fdzdgknr/hjbhggwsaq/201606/t20160607_60683.htm
http://baike.baidu.com/item/%E5%9F%8E%E5%B8%82%E7%BE%8E%E5%AE%B9%E5%B8%88	1	城市美容师	https://www.pingtan.gov.cn/zwgk/zfxxgk/dfbmptlj/ptzhsyqbm/ptzhsyqjtj/fdzdgknr/qtyzdgkdzf/201706/t20170613_62393.htm
http://baike.baidu.com/item/%E5%9F%8E%E5%B8%82%E9%BB%84%E7%8E%AB%E7%91%B0	1	城市黄玫瑰	https://www.pingtan.gov.cn/zwgk/zfxxgk/dfbmptlj/ptzhsyqbm/ptzhsyqjtj/fdzdgknr/qtyzdgkdzf/201706/t20170613_62393.htm
http://baike.baidu.com/item/%E6%8B%9B%E6%A0%87%E4%BA%BA/10393072	1	招标人	https://www.pingtan.gov.cn/zwgk/zfxxgk/dfbmptlj/ptzhsyqbm/ptzhsyqjtj/fdzdgknr/gzdt/201706/t20170629_62330.htm
http://baike.baidu.com/item/%E6%8B%9B%E6%A0%87%E5%A4%B1%E8%B4%A5/511156	1	招标失败	https://www.pingtan.gov.cn/zwgk/zfxxgk/dfbmptlj/ptzhsyqbm/ptzhsyqjtj/fdzdgknr/gzdt/201706/t20170629_62330.htm
http://baike.baidu.com/view/1512654.htm	1	平原镇	https://www.pingtan.gov.cn/zwgk/zfxxgk/gwhwj/gzdt/201409/t20140912_57249.htm
http://baike.baidu.com/view/23602.htm	1	灭火器	https://www.pingtan.gov.cn/zwgk/ztzl/xfaq/xfzs/201512/t20151210_2975.htm
http://baike.baidu.com/view/3125956.htm	1	敖东镇	https://www.pingtan.gov.cn/zwgk/zfxxgk/gwhwj/gzdt/201409/t20140912_57249.htm
http://baike.baidu.com/view/4264168.htm	1	社会安全	https://www.pingtan.gov.cn/zwgk/zfxxgk/dfbmptlj/ptzhsyqbm/ptzhsyqshs/fdzdgknr/shjzywjyyl/202006/t20200622_70583.htm
http://baike.baidu.com/view/54326.htm	1	中华人民共和国未成年人保护法》	https://www.pingtan.gov.cn/zwgk/zdlyxxgk/jysy/202112/t20211209_29411.htm
http://baike.baidu.com/view/5967352.htm	1	羊瘟	https://www.pingtan.gov.cn/zwgk/zfxxgk/dfbmptlj/ptzhsyqbm/ptzhsyqjjf/fdzdgknr/gzdt/201505/t20150520_58195.htm
http://baike.baidu.com/view/633036.htm	1	流水镇	https://www.pingtan.gov.cn/zwgk/zfxxgk/gwhwj/gzdt/201409/t20140912_57249.htm
http://baike.baidu.com/view/94076.htm	1	岛屿	https://www.pingtan.gov.cn/zwgk/gsgg/201108/t20110819_818.htm
http://baike.baidu.com/view/946682.htm	1	潭城镇	https://www.pingtan.gov.cn/zwgk/zfxxgk/gwhwj/gzdt/201409/t20140912_57249.htm
http://baike.baidu.com/view/946688.htm	1	苏澳镇	https://www.pingtan.gov.cn/zwgk/zfxxgk/gwhwj/gzdt/201409/t20140912_57249.htm
http://baike.baidu.com/view/946691.htm	1	澳前镇	https://www.pingtan.gov.cn/zwgk/zfxxgk/gwhwj/gzdt/201409/t20140912_57249.htm
http://baike.baidu.com/view/946696.htm	1	北厝镇	https://www.pingtan.gov.cn/zwgk/zfxxgk/gwhwj/gzdt/201409/t20140912_57249.htm
http://baike.baidu.com/view/946704.htm	1	屿头乡	https://www.pingtan.gov.cn/zwgk/zfxxgk/gwhwj/gzdt/201409/t20140912_57249.htm
http://baike.baidu.com/view/946706.htm	1	大练乡	https://www.pingtan.gov.cn/zwgk/zfxxgk/gwhwj/gzdt/201409/t20140912_57249.htm
http://baike.baidu.com/view/946707.htm	1	白青乡	https://www.pingtan.gov.cn/zwgk/zfxxgk/gwhwj/gzdt/201409/t20140912_57249.htm
http://baike.baidu.com/view/948303.htm	1	海坛岛	https://www.pingtan.gov.cn/zwgk/gsgg/201108/t20110819_818.htm
http://baike.haosou.comx4a96968613868.ipv6best.cn/doc/3227312.html	1	失业保险	https://www.pingtan.gov.cn/zwgk/zfxxgk/dfbmptlj/ptzhsyqbm/ptzhsyqzhz/fdzdgknr/gzdt/201601/t20160114_59325.htm
http://baike.haosou.comx4a96968613868.ipv6best.cn/doc/44036.html	1	生育保险	https://www.pingtan.gov.cn/zwgk/zfxxgk/dfbmptlj/ptzhsyqbm/ptzhsyqzhz/fdzdgknr/gzdt/201601/t20160114_59325.htm
http://baike.haosou.comx4a96968613868.ipv6best.cn/doc/5368765.html	1	工伤保险	https://www.pingtan.gov.cn/zwgk/zfxxgk/dfbmptlj/ptzhsyqbm/ptzhsyqzhz/fdzdgknr/gzdt/201601/t20160114_59325.htm
http://baike.haosou.comx4a96968613868.ipv6best.cn/doc/5369070.html	1	医疗保险	https://www.pingtan.gov.cn/zwgk/zfxxgk/dfbmptlj/ptzhsyqbm/ptzhsyqzhz/fdzdgknr/gzdt/201601/t20160114_59325.htm
http://biz.finance.sina.com.cnx257a968623868.ipv6best.cn/forex/quote.php?code=USDCNY&amp;img_type=min	1	人民币	https://www.pingtan.gov.cn/zwgk/zfxxgk/dfbmptlj/ptzhsyqbm/ptzhsyqgwh/fdzdgknr/gzdt/201509/t20150911_58729.htm
http://case.cn-healthcare.comx82f09673f3868.ipv6best.cn/2018	1	http://case.cn-healthcare.com/2018	https://www.pingtan.gov.cn/zwgk/zdlyxxgk/ylws_1/201904/t20190401_13178.htm
http://clq.fuzhou.gov.cnx3cdb9684d3868.ipv6best.cn/xjwz/zwgk/zfxxgkzl/zlszfgzbmxxgkml/zlsczj/gkml/gzdt/201908/P020190816622700673975.pdf	1		https://www.pingtan.gov.cn/zwgk/zfxxgk/dfbmptlj/ptzhsyqbm/ptzhsyqczj/fdzdgknr/8dfxfgzfgz/201908/t20190806_69455.htm
http://cpc.people.com.cn/n/2015/0514/c64102-27002165.html	1	把主体责任扛在肩上抓在手里	https://www.pingtan.gov.cn/zwgk/zfxxgk/dfbmptlj/ptzhsyqbm/ptzhsyqscj/fdzdgknr/gzdt/201507/t20150701_58063.htm
http://cpro.baidu.comxefe49681f3868.ipv6best.cn/cpro/ui/uijs.php?c=news&amp;cf=1001&amp;ch=0&amp;di=128&amp;fv=11&amp;jk=12c5abbfbd993205&amp;k=%B0%B2%C8%AB%C9%FA%B2%FA&amp;k0=%B0%B2%C8%AB%C9%FA%B2%FA&amp;kdi0=0&amp;luki=4&amp;n=10&amp;p=baidu&amp;q=chinacpunioncpr&amp;rb=0&amp;rs=1&amp;seller_id=1&amp;sid=53299bdbfabc512&amp;ssp2=1&amp;stid=0&amp;t=tpclicked3_hc&amp;tu=u1938199&amp;u=http%3A%2F%2Fwww%2E51test%2Enet%2Fshow%2F1288475%2Ehtml&amp;urlid=0	1	安全生产	https://www.pingtan.gov.cn/zwgk/ztzl/jtyjs/gzdthxxgs/201603/t20160321_3982.htm
http://cpro.baidu.comxefe49681f3868.ipv6best.cn/cpro/ui/uijs.php?c=news&amp;cf=1001&amp;ch=0&amp;di=128&amp;fv=11&amp;jk=4da37daff5f5b791&amp;k=%B8%DA%CE%BB%C5%E0%D1%B5&amp;k0=%B8%DA%CE%BB%C5%E0%D1%B5&amp;kdi0=0&amp;luki=6&amp;n=10&amp;p=baidu&amp;q=chinacpunioncpr&amp;rb=0&amp;rs=1&amp;seller_id=1&amp;sid=91b7f5f5af7da34d&amp;ssp2=1&amp;stid=0&amp;t=tpclicked3_hc&amp;tu=u1938199&amp;u=http%3A%2F%2Fwww%2E51test%2Enet%2Fshow%2F1288475%5F2%2Ehtml&amp;urlid=0	1	岗位培训	https://www.pingtan.gov.cn/zwgk/ztzl/jtyjs/gzdthxxgs/201603/t20160321_3982.htm
http://cpro.baidu.comxefe4968613868.ipv6best.cn/cpro/ui/uijs.php?c=news&amp;cf=1001&amp;ch=0&amp;di=128&amp;fv=11&amp;jk=12c5abbfbd993205&amp;k=%B0%B2%C8%AB%C9%FA%B2%FA&amp;k0=%B0%B2%C8%AB%C9%FA%B2%FA&amp;kdi0=0&amp;luki=4&amp;n=10&amp;p=baidu&amp;q=chinacpunioncpr&amp;rb=0&amp;rs=1&amp;seller_id=1&amp;sid=53299bdbfabc512&amp;ssp2=1&amp;stid=0&amp;t=tpclicked3_hc&amp;tu=u1938199&amp;u=http%3A%2F%2Fwww%2E51test%2Enet%2Fshow%2F1288475%2Ehtml&amp;urlid=0	1	安全生产	https://www.pingtan.gov.cn/zwgk/zfxxgk/dfbmptlj/ptzhsyqbm/ptzhsyqjtj/fdzdgknr/qtyzdgkdzf/201603/t20160321_59768.htm
http://cpro.baidu.comxefe4968613868.ipv6best.cn/cpro/ui/uijs.php?c=news&amp;cf=1001&amp;ch=0&amp;di=128&amp;fv=11&amp;jk=4da37daff5f5b791&amp;k=%B8%DA%CE%BB%C5%E0%D1%B5&amp;k0=%B8%DA%CE%BB%C5%E0%D1%B5&amp;kdi0=0&amp;luki=6&amp;n=10&amp;p=baidu&amp;q=chinacpunioncpr&amp;rb=0&amp;rs=1&amp;seller_id=1&amp;sid=91b7f5f5af7da34d&amp;ssp2=1&amp;stid=0&amp;t=tpclicked3_hc&amp;tu=u1938199&amp;u=http%3A%2F%2Fwww%2E51test%2Enet%2Fshow%2F1288475%5F2%2Ehtml&amp;urlid=0	1	岗位培训	https://www.pingtan.gov.cn/zwgk/zfxxgk/dfbmptlj/ptzhsyqbm/ptzhsyqjtj/fdzdgknr/qtyzdgkdzf/201603/t20160321_59768.htm
http://cpro.baidu.comxefe4968683868.ipv6best.cn/cpro/ui/uijs.php?rs=1&amp;u=http%3A%2F%2Fwww%2Egovyi%2Ecom%2Ffanwen%2Fzhengfuzhengwuzongjie%2F201411%2Ffanwen%5F20141120113024%5F171329%2Eshtml&amp;p=baidu&amp;c=news&amp;n=10&amp;t=tpclicked3_hc&amp;q=wwwglrcn_cpr&amp;k=%B9%A4%D7%F7&amp;k0=%B9%A4%D7%F7%D7%DC%BD%E1&amp;kdi0=8&amp;k1=%C3%C5%BB%A7%CD%F8%D5%BE&amp;kdi1=8&amp;k2=%B9%A4%D7%F7&amp;kdi2=8&amp;sid=a12d0689a5af179a&amp;ch=0&amp;tu=u1683029&amp;jk=121a81d4d7d60a89&amp;cf=29&amp;rb=0&amp;fv=11&amp;stid=9&amp;urlid=0&amp;luki=3&amp;seller_id=1&amp;di=128	1	工作	https://www.pingtan.gov.cn/zwgk/zfxxgk/dfbmptlj/ptzhsyqbm/ptzhsyqzhz/zfxxgknb/201501/t20150123_80792.htm
http://cz.fjicpa.org.cnx0741968513868.ipv6best.cn/news/show/8b8bfaff8fa043d39275d9df22fc9763	1	福建省注册会计师协会关于2018年度注册会计师任职资格检查结果的通告	https://www.pingtan.gov.cn/zwgk/zfxxgk/dfbmptlj/ptzhsyqbm/ptzhsyqczj/fdzdgknr/8dfxfgzfgz/201811/t20181127_66680.htm
http://cz.fjzfcg.gov.cn/	1	http://cz.fjzfcg.gov.cn/	https://www.pingtan.gov.cn/zwgk/zxwj/qgwhbgswj/201902/t20190218_12526.htm
http://czt.fujian.gov.cn/zfxxgkzl/zfxxgkml/czzjgl/zjfpwj/201901/t20190110_4755749.htm	1	福建省财政厅 福建省农业农村厅关于下达2019年中央农业生产发展资金的通知	https://www.pingtan.gov.cn/zwgk/zdlyxxgk/snbt/202211/t20221122_41273.htm
http://czt.fujian.gov.cn/ztzl/jsjfgz/202206/P020220712594406348530.pdf	1	P020220712594406348530.pdf	https://www.pingtan.gov.cn/zwgk/zfxxgk/dfbmptlj/ptzhsyqbm/ptzhsyqczj/fdzdgknr/4jsjfjghsf/202206/t20220627_77230.htm
http://fj.110.comx9b1e966f83868.ipv6best.cn/	1	福建	https://www.pingtan.gov.cn/zwgk/zfxxgk/gwhwj/dfxfgzfgzh/201409/t20140913_57250.htm
http://fj.110.comx9b1e9684e3868.ipv6best.cn/	1	福建	https://www.pingtan.gov.cn/zwgk/zfxxgk/dfbmptlj/ptzhsyqbm/ptzhsyqjtj/fdzdgknr/gzdt/201905/t20190530_67646.htm
http://fj.110.comx9b1e968683868.ipv6best.cn/	1	福建	https://www.pingtan.gov.cn/zwgk/zfxxgk/dfbmptlj/ptzhsyqbm/ptzhsyqjtj/fdzdgknr/qtyzdgkdzf/201406/t20140607_56786.htm
http://fj.people.com.cn/n2/2025/1004/c181466-41372446.html	1		https://www.pingtan.gov.cn/zwgk/zdlyxxgk/ggtywh/wlxx/202510/t20251010_101915.htm
http://fjgpjy.fjgtzy.gov.cnx62a0966da3868.ipv6best.cn/zpgpublicweb/Index.aspx	1	http://fjgpjy.fjgtzy.gov.cn/zpgpublicweb/Index.aspx	https://www.pingtan.gov.cn/zwgk/gsgg/201803/t20180319_9314.htm
http://fjgpjy.fjgtzy.gov.cnx62a0966df3868.ipv6best.cn/zpgpublicweb/Index.aspx	1	http://fjgpjy.fjgtzy.gov.cn/zpgpublicweb/Index.aspx	https://www.pingtan.gov.cn/zwgk/gsgg/201701/t20170123_6583.htm
http://fjgpjy.fjgtzy.gov.cnx62a09684d3868.ipv6best.cn/zpgpublicweb/Index.aspx	1	http://fjgpjy.fjgtzy.gov.cn/zpgpublicweb/Index.aspx	https://www.pingtan.gov.cn/zwgk/zfxxgk/dfbmptlj/ptzhsyqbm/ptzhsyqzrz/fdzdgknr/tdhbjggs/201908/t20190806_68091.htm
http://fjksbm.comxc208968023868.ipv6best.cn/	1	http://fjksbm.com	https://www.pingtan.gov.cn/zwgk/ztzl/rlzyygwygl/gzdtjxxgk/202006/t20200618_21426.htm
http://fjnews.fjsen.com/2025-10/05/content_32052841.htm?page=pc	1		https://www.pingtan.gov.cn/zwgk/zdlyxxgk/ggtywh/wlxx/202510/t20251010_101915.htm
http://fjxy.91huayi.comx4796968453868.ipv6best.cn/	1	http://fjxy.91huayi.com/	https://www.pingtan.gov.cn/zwgk/zfxxgk/dfbmptlj/ptzhsyqbm/ptzhsyqshs/fdzdgknr/qxjzyfjjsh/202006/t20200622_70622.htm
http://fund.jrj.com.cnx1d769673e3868.ipv6best.cn/subject/24/	1	金融改革	https://www.pingtan.gov.cn/zwgk/zdlyxxgk/czzj/bmyjsgk/bmysgk/201902/t20190219_12613.htm
http://fund.jrj.com.cnx1d76967423868.ipv6best.cn/subject/24/	1	金融改革	https://www.pingtan.gov.cn/zwgk/zdlyxxgk/czzj/bmyjsgk/bmjsgk/201808/t20180814_10551.htm
http://gw.yjbys.comxa736968613868.ipv6best.cn/tonggao/	1	公告	https://www.pingtan.gov.cn/zwgk/zfxxgk/dfbmptlj/ptzhsyqbm/ptzhsyqscj/fdzdgknr/hzsyxsfdxm/201601/t20160114_59374.htm
http://gw.yjbys.comxa736968613868.ipv6best.cn/tongzhi/	1	通知	https://www.pingtan.gov.cn/zwgk/zfxxgk/dfbmptlj/ptzhsyqbm/ptzhsyqscj/fdzdgknr/hzsyxsfdxm/201601/t20160114_59374.htm
http://gw.yjbys.comxa736968623868.ipv6best.cn/tonggao/	1	公告	https://www.pingtan.gov.cn/zwgk/zfxxgk/dfbmptlj/ptzhsyqbm/ptzhsyqscj/fdzdgknr/dfxfgzfgzh/201510/t20151009_58790.htm
http://gw.yjbys.comxa736968623868.ipv6best.cn/tongzhi/	1	通知	https://www.pingtan.gov.cn/zwgk/zfxxgk/dfbmptlj/ptzhsyqbm/ptzhsyqscj/fdzdgknr/dfxfgzfgzh/201510/t20151009_58790.htm
http://gzw.fujian.gov.cn/zwgk/tzgg/202112/P020211203507922850748.docx	1		https://www.pingtan.gov.cn/zwgk/gsgg/202212/t20221208_42190.htm
http://home.5ykj.comx5e329685b3868.ipv6best.cn/mnkc/	1	成绩	https://www.pingtan.gov.cn/zwgk/zfxxgk/dfbmptlj/ptzhsyqbm/ptzhsyqczj/fdzdgknr/10qtwjdzjg/201703/t20170331_61946.htm
http://hub.110.comx2ea6966f83868.ipv6best.cn/	1	福建	https://www.pingtan.gov.cn/zwgk/zfxxgk/gwhwj/gzdt/201507/t20150725_58667.htm
http://img.longhai.gov.cnx879e968123868.ipv6best.cn/pages/670412402483090000/attachments/2016%E5%B9%B4%E5%BA%A6%E7%81%B5%E6%B4%BB%E5%B0%B1%E4%B8%9A%E7%A4%BE%E4%BF%9D%E8%A1%A5%E8%B4%B4%E8%8A%B1%E5%90%8D%E5%86%8C%E5%85%AC%E7%A4%BA.xls	1		https://www.pingtan.gov.cn/zwgk/ztzl/rlzyygwygl/gzdtjxxgk/201803/t20180314_9284.htm
http://img.weinan.gov.cnxd6f9968013868.ipv6best.cn/HIWCMwnjtj/201802/201802130537036.xlsx	1	平潭综合实验区2019年度机动车驾驶培训机构质量信誉考核结果公示表	https://www.pingtan.gov.cn/zwgk/ztzl/jtyjs/gzdthxxgs/202011/t20201112_23485.htm
http://img.weinan.gov.cnxd6f99680d3868.ipv6best.cn/HIWCMwnjtj/201802/201802130537036.xlsx	1		https://www.pingtan.gov.cn/zwgk/ztzl/jtyjs/gzdthxxgs/201809/t20180907_10833.htm
http://img.weinan.gov.cnxd6f99680f3868.ipv6best.cn/HIWCMwnjtj/201802/201802130537036.xlsx	1		https://www.pingtan.gov.cn/zwgk/ztzl/jtyjs/gzdthxxgs/201807/t20180720_10333.htm
http://img.weinan.gov.cnxd6f99680f3868.ipv6best.cn/HIWCMwnjtj/201802/201802130537056.xls	1		https://www.pingtan.gov.cn/zwgk/ztzl/jtyjs/gzdthxxgs/201807/t20180720_10333.htm
http://insurance.hexun.comx214a966f63868.ipv6best.cn/	1	保险	https://www.pingtan.gov.cn/zwgk/zxwj/qgwhbgswj/201611/t20161125_6268.htm
http://insurance.hexun.comx214a9685d3868.ipv6best.cn/	1	保险	https://www.pingtan.gov.cn/zwgk/zfxxgk/dfbmptlj/ptzhsyqbm/ptzhsyqgwh/fdzdgknr/gzdt/201611/t20161125_61440.htm
http://jfgl.fjsjyt.cnx01b3968413868.ipv6best.cn/login	1	http://jfgl.fjsjyt.cn/login	https://www.pingtan.gov.cn/zwgk/zfxxgk/dfbmptlj/ptzhsyqbm/ptzhsyqshs/fdzdgknr/shjzywjyyl/202011/t20201111_72449.htm
http://jingzhi.funds.hexun.comx1e85966f63868.ipv6best.cn/159939.shtml	1	信息技术	https://www.pingtan.gov.cn/zwgk/zxwj/qgwhbgswj/201611/t20161125_6268.htm
http://jingzhi.funds.hexun.comx1e859685d3868.ipv6best.cn/159939.shtml	1	信息技术	https://www.pingtan.gov.cn/zwgk/zfxxgk/dfbmptlj/ptzhsyqbm/ptzhsyqgwh/fdzdgknr/gzdt/201611/t20161125_61440.htm
http://jjj.pingtan.gov.cnx08b49680d3868.ipv6best.cn/	1	http://jjj.pingtan.gov.cn/	https://www.pingtan.gov.cn/zwgk/ztzl/jtyjs/gzdthxxgs/201808/t20180814_10563.htm
http://kjs.mof.gov.cn/zhengwuxinxi/zhengcefabu/201812/t20181213_3091998.html	1	《财政部关平潭综合实验区财政金融局文件于进一步做好政府会计准则制度新旧衔接和加强行政事业单位资产核算的通知》(财会〔2018〕34号)	https://www.pingtan.gov.cn/zwgk/zfxxgk/dfbmptlj/ptzhsyqbm/ptzhsyqczj/fdzdgknr/8dfxfgzfgz/201812/t20181228_66689.htm
http://ks.fjfda.gov.cnxdc19967473868.ipv6best.cn/	1	http://ks.fjfda.gov.cn	https://www.pingtan.gov.cn/zwgk/zdlyxxgk/spypaqun/spaq/201711/t20171109_8504.htm
http://ks.fjfda.gov.cnxdc19968573868.ipv6best.cn/	1	http://ks.fjfda.gov.cn	https://www.pingtan.gov.cn/zwgk/zfxxgk/dfbmptlj/ptzhsyqbm/ptzhsyqscj/fdzdgknr/gzdt/201711/t20171109_63539.htm
http://law.esnai.comx98df9685d3868.ipv6best.cn/law_show.aspx?LawID=105076	1	人社部发[2011]88号	https://www.pingtan.gov.cn/zwgk/zfxxgk/dfbmptlj/ptzhsyqbm/ptzhsyqjjf/fdzdgknr/hzgfxwj/201611/t20161123_79974.htm
http://law.esnai.comx98df9685d3868.ipv6best.cn/law_show.aspx?LawID=121617	1	事业单位工作人员处分暂行规定	https://www.pingtan.gov.cn/zwgk/zfxxgk/dfbmptlj/ptzhsyqbm/ptzhsyqjjf/fdzdgknr/hzgfxwj/201611/t20161123_79974.htm
http://law.esnai.comx98df9685d3868.ipv6best.cn/law_show.aspx?LawID=145264	1	事业单位人事管理条例	https://www.pingtan.gov.cn/zwgk/zfxxgk/dfbmptlj/ptzhsyqbm/ptzhsyqjjf/fdzdgknr/hzgfxwj/201611/t20161123_79974.htm
http://law.esnai.comx98df9685d3868.ipv6best.cn/law_show.aspx?LawID=17904	1	中华人民共和国劳动法	https://www.pingtan.gov.cn/zwgk/zfxxgk/dfbmptlj/ptzhsyqbm/ptzhsyqjjf/fdzdgknr/hzgfxwj/201611/t20161123_79974.htm
http://law.esnai.comx98df9685d3868.ipv6best.cn/law_show.aspx?LawID=17910	1	中华人民共和国仲裁法	https://www.pingtan.gov.cn/zwgk/zfxxgk/dfbmptlj/ptzhsyqbm/ptzhsyqjjf/fdzdgknr/hzgfxwj/201611/t20161123_79974.htm
http://law.esnai.comx98df9685d3868.ipv6best.cn/law_show.aspx?LawID=17930	1	中华人民共和国行政监察法	https://www.pingtan.gov.cn/zwgk/zfxxgk/dfbmptlj/ptzhsyqbm/ptzhsyqjjf/fdzdgknr/hzgfxwj/201611/t20161123_79974.htm
http://law.esnai.comx98df9685d3868.ipv6best.cn/law_show.aspx?LawID=22215	1	劳动保障监察条例	https://www.pingtan.gov.cn/zwgk/zfxxgk/dfbmptlj/ptzhsyqbm/ptzhsyqjjf/fdzdgknr/hzgfxwj/201611/t20161123_79974.htm
http://law.esnai.comx98df9685d3868.ipv6best.cn/law_show.aspx?LawID=27494	1	中华人民共和国行政复议法	https://www.pingtan.gov.cn/zwgk/zfxxgk/dfbmptlj/ptzhsyqbm/ptzhsyqjjf/fdzdgknr/hzgfxwj/201611/t20161123_79974.htm
http://law.esnai.comx98df9685d3868.ipv6best.cn/law_show.aspx?LawID=27496	1	中华人民共和国国家赔偿法	https://www.pingtan.gov.cn/zwgk/zfxxgk/dfbmptlj/ptzhsyqbm/ptzhsyqjjf/fdzdgknr/hzgfxwj/201611/t20161123_79974.htm
http://law.esnai.comx98df9685d3868.ipv6best.cn/law_show.aspx?LawID=31126	1	物权法	https://www.pingtan.gov.cn/zwgk/zfxxgk/dfbmptlj/ptzhsyqbm/ptzhsyqjjf/fdzdgknr/hzgfxwj/201611/t20161123_79974.htm
http://law.esnai.comx98df9685d3868.ipv6best.cn/law_show.aspx?LawID=33565	1	政府信息公开条例	https://www.pingtan.gov.cn/zwgk/zfxxgk/dfbmptlj/ptzhsyqbm/ptzhsyqjjf/fdzdgknr/hzgfxwj/201611/t20161123_79974.htm
http://law.esnai.comx98df9685d3868.ipv6best.cn/law_show.aspx?LawID=33634	1	行政机关公务员处分条例	https://www.pingtan.gov.cn/zwgk/zfxxgk/dfbmptlj/ptzhsyqbm/ptzhsyqjjf/fdzdgknr/hzgfxwj/201611/t20161123_79974.htm
http://law.esnai.comx98df9685d3868.ipv6best.cn/law_show.aspx?LawID=35527	1	劳动合同法	https://www.pingtan.gov.cn/zwgk/zfxxgk/dfbmptlj/ptzhsyqbm/ptzhsyqjjf/fdzdgknr/hzgfxwj/201611/t20161123_79974.htm
http://law.esnai.comx98df9685d3868.ipv6best.cn/law_show.aspx?LawID=42150	1	职业病防治法	https://www.pingtan.gov.cn/zwgk/zfxxgk/dfbmptlj/ptzhsyqbm/ptzhsyqjjf/fdzdgknr/hzgfxwj/201611/t20161123_79974.htm
http://law.esnai.comx98df9685d3868.ipv6best.cn/law_show.aspx?LawID=42802	1	劳动争议调解仲裁法	https://www.pingtan.gov.cn/zwgk/zfxxgk/dfbmptlj/ptzhsyqbm/ptzhsyqjjf/fdzdgknr/hzgfxwj/201611/t20161123_79974.htm
http://law.esnai.comx98df9685d3868.ipv6best.cn/law_show.aspx?LawID=51944	1	劳动人事争议仲裁办案规则	https://www.pingtan.gov.cn/zwgk/zfxxgk/dfbmptlj/ptzhsyqbm/ptzhsyqjjf/fdzdgknr/hzgfxwj/201611/t20161123_79974.htm
http://law.esnai.comx98df9685d3868.ipv6best.cn/law_show.aspx?LawID=51962	1	禁止使用童工规定	https://www.pingtan.gov.cn/zwgk/zfxxgk/dfbmptlj/ptzhsyqbm/ptzhsyqjjf/fdzdgknr/hzgfxwj/201611/t20161123_79974.htm
http://law.esnai.comx98df9685d3868.ipv6best.cn/law_show.aspx?LawID=66417	1	统计调查证管理办法	https://www.pingtan.gov.cn/zwgk/zfxxgk/dfbmptlj/ptzhsyqbm/ptzhsyqjjf/fdzdgknr/hzgfxwj/201611/t20161123_79974.htm
http://law.esnai.comx98df9685d3868.ipv6best.cn/law_show.aspx?LawID=68343	1	公务员法	https://www.pingtan.gov.cn/zwgk/zfxxgk/dfbmptlj/ptzhsyqbm/ptzhsyqjjf/fdzdgknr/hzgfxwj/201611/t20161123_79974.htm
http://m618.mail.qq.comx9cb49686f3868.ipv6best.cn/cgi-bin/mail_spam?action=check_link&amp;spam=0&amp;sid=vDkeJQtYwd2tnQZI&amp;url=http%3A%2F%2Fwww.tujian.com%2FSoft%2Fjzgf%2FIndex.html&amp;mailid=ZL1614-S86g6sTmvaHR5X4wkfFnZ19	1		https://www.pingtan.gov.cn/zwgk/zfxxgk/dfbmptlj/ptzhsyqbm/ptzhsyqjtj/fdzdgknr/qtyzdgkdzf/201109/t20110929_53366.htm
http://m618.mail.qq.comx9cb49686f3868.ipv6best.cn/cgi-bin/mail_spam?action=check_link&amp;spam=0&amp;sid=vDkeJQtYwd2tnQZI&amp;url=http%3A%2F%2Fwww.tujian.com%2Fearthwork%2Fsggl%2Faqgl%2FIndex.html&amp;mailid=ZL1614-S86g6sTmvaHR5X4wkfFnZ19	1		https://www.pingtan.gov.cn/zwgk/zfxxgk/dfbmptlj/ptzhsyqbm/ptzhsyqjtj/fdzdgknr/qtyzdgkdzf/201109/t20110929_53366.htm
http://map.baidu.comxa8aa968683868.ipv6best.cn/?newmap=1&amp;s=inf%26uid%3D435d7aea70f421355bbbbca2%26c%3D300%26all%3D0&amp;fr=alas0&amp;from=alamap	1	翰英中学	https://www.pingtan.gov.cn/zwgk/zfxxgk/dfbmptlj/ptzhsyqbm/ptzhsyqjtj/fdzdgknr/qtyzdgkdzf/201404/t20140426_56640.htm
http://mob.visualbusiness.cnx19c19680c3868.ipv6best.cn/pingtan_app/app.html?appId=1275&amp;ticket=3cab1eb8eac9041a62e33b7a0102dca9&amp;activityid=6469743&amp;from=timeline&amp;isappinstalled=0	1	链接	https://www.pingtan.gov.cn/zwgk/yw/ptyw/201811/t20181109_11438.htm
http://money.163.com/keywords/5/e/5de54f5c/1.html	1	工作	https://www.pingtan.gov.cn/zwgk/zfxxgk/dfbmptlj/ptzhsyqbm/ptzhsyqgwh/fdzdgknr/gzdt/201501/t20150131_57618.htm
http://mp.weixin.qq.com/s?__biz=MjM5NDY3OTcyMA==&mid=2651923835&idx=1&sn=14f441b3a456c88cf5a4dc5626a5cb20&chksm=bd619bbc8a1612aa720291e39937cafc99e16b3072a6d020c4d4faef5096c158e7fee73c8e81&scene=21#wechat_redirect	1		https://www.pingtan.gov.cn/zwgk/zdlyxxgk/ggtywh/wlxx/202601/t20260111_104506.htm
http://mp.weixin.qq.com/s?__biz=MjM5NDY3OTcyMA==&mid=2651925285&idx=1&sn=8d1fb80042b9236c2a68b3dd45fedc72&chksm=bd6195e28a161cf4d888dbba8c89969aa1c9744d416c29cdd78fd94b4115132af9af6ce0f10d&scene=21#wechat_redirect	1		https://www.pingtan.gov.cn/zwgk/zdlyxxgk/ggtywh/wlxx/202601/t20260111_104506.htm
http://mp.weixin.qq.com/s?__biz=MjM5NDY3OTcyMA==&mid=2651925387&idx=1&sn=e0fc849fd27d83aab7ed50eb36cfa6ad&chksm=bd61954c8a161c5a426d99a722c3b5fd9c935d674b509f6f2cfef68cc78b5b1c2e856b307263&scene=21#wechat_redirect	1		https://www.pingtan.gov.cn/zwgk/zdlyxxgk/ggtywh/wlxx/202601/t20260111_104506.htm
http://mp.weixin.qq.com/s?__biz=MjM5NDY3OTcyMA==&mid=2651928563&idx=1&sn=520b43ec0549e9c5313adf7baf9ee616&chksm=bd6189348a160022617569d628f9c3a596a2249431255abaedb53a3c064e7a06b3da69065d09&scene=21#wechat_redirect	1		https://www.pingtan.gov.cn/zwgk/zdlyxxgk/ggtywh/wlxx/202601/t20260111_104506.htm
http://mp.weixin.qq.com/s?__biz=MjM5NDY3OTcyMA==&mid=2651928755&idx=1&sn=70606b1944fb108e4872f09f14735962&chksm=bd6186748a160f62d114edc8bbbe3df509f936a692d7081fd5a2d071f2e9b102a3ff9c7568cb&scene=21#wechat_redirect	1		https://www.pingtan.gov.cn/zwgk/zdlyxxgk/ggtywh/wlxx/202601/t20260111_104506.htm
http://mp.weixin.qq.com/s?__biz=MzAwMzM0NTM4MQ==&mid=2647857225&idx=4&sn=ffa13fd1b54515326b56025cb33d7b1e&chksm=831b26c3b46cafd59e0067ccbe658ca62e185bdb4508b557d4a52dae87060cda1dd4883d76dd&scene=21#wechat_redirect	1	来啦！平潭2023年秋季一年级、七年级招生预报名系统操作指南	https://www.pingtan.gov.cn/zwgk/yw/ptyw/202307/t20230724_48433.htm
http://mp.weixin.qq.com/s?__biz=MzU1NTY2ODUyOQ==&amp;mid=2247532879&amp;idx=1&amp;sn=9212913ee787d81a5ce4e735d6484fbd&amp;chksm=fbd2c411cca54d07324edecaadb71e8d9cd3b3999bd57524cdce5e8decea421bbbf6e35819b5&amp;scene=21#wechat_redirect	1	“中国这十年”系列主题新闻发布会	https://www.pingtan.gov.cn/zwgk/zdlyxxgk/xczxggtpgjcg/202211/t20221127_41533.htm
http://mp.weixin.qq.com/s?__biz=MzU1NTY2ODUyOQ==&amp;mid=2247534293&amp;idx=1&amp;sn=df2bf48e2590805daffc445b5862b851&amp;chksm=fbd2c38bcca54a9d27d8eb46675ce3c635b6fc7b52515beddbaef2815d2844e815b4ed34b018&amp;scene=21#wechat_redirect	1	《关于促进乡村民宿高质量发展的指导意见》	https://www.pingtan.gov.cn/zwgk/zdlyxxgk/xczxggtpgjcg/202211/t20221127_41524.htm
http://mzt.fujian.gov.cn/mgj/wjgg/202102/W020210224339891782568.xlsx	1	附件1：《2020年度－2022年度不具有公开募捐资格社会组织公益性捐赠税前扣除资格确认填报表》	https://www.pingtan.gov.cn/zwgk/zxwj/bmwj/202103/t20210303_25054.htm
http://mzt.fujian.gov.cn/mgj/wjgg/202102/W020210224339892114822.xlsx	1	附件2：《2020年度－2022年度具有公开募捐资格社会组织公益性捐赠税前扣除资格确认填报表》	https://www.pingtan.gov.cn/zwgk/zxwj/bmwj/202103/t20210303_25054.htm
http://news.hexun.comx4f68966f83868.ipv6best.cn/company	1	产业	https://www.pingtan.gov.cn/zwgk/zfxxgk/gwhwj/dfxfgzfgzh/201307/t20130727_55352.htm
http://news.hexun.comx4f68968203868.ipv6best.cn/2013/lh/	1	两会	https://www.pingtan.gov.cn/zwgk/ztzl/jtyjs/gzdthxxgs/201603/t20160304_3986.htm
http://news.hexun.comx4f68968613868.ipv6best.cn/2013/lh/	1	两会	https://www.pingtan.gov.cn/zwgk/zfxxgk/dfbmptlj/ptzhsyqbm/ptzhsyqjtj/fdzdgknr/qtyzdgkdzf/201603/t20160304_59767.htm
http://nynct.fujian.gov.cn/ztzl/fjsnjgzbtxxgkzl/tzgg_5721/201902/W020190201421288924528.pdf	1	闽农	https://www.pingtan.gov.cn/zwgk/zdlyxxgk/snbt/202211/t20221122_41274.htm
http://nynct.fujian.gov.cn/ztzl/fjsnjgzbtxxgkzl/tzgg_5721/201908/W020190807581660068656.docx	1	福建省2018—2020年中央财政资金农机购置补贴机具种类范围（2019年第1次调整）	https://www.pingtan.gov.cn/zwgk/zdlyxxgk/snbt/202211/t20221122_41268.htm
http://nynct.fujian.gov.cn/ztzl/fjsnjgzbtxxgkzl/tzgg_5721/201908/W020190807581660392906.docx	1	福建省2018—2020年省级财政资金特色农业产业农机购置补贴机具种类范围（2019年第1次调整）	https://www.pingtan.gov.cn/zwgk/zdlyxxgk/snbt/202211/t20221122_41268.htm
http://nynct.fujian.gov.cn/ztzl/fjsnjgzbtxxgkzl/tzgg_5721/201908/W020190807581660641351.xls	1	福建省2018—2020年中央财政资金农机购置补贴机具补贴额一览表（2019年第1次调整）	https://www.pingtan.gov.cn/zwgk/zdlyxxgk/snbt/202211/t20221122_41268.htm
http://nynct.fujian.gov.cn/ztzl/fjsnjgzbtxxgkzl/tzgg_5721/201908/W020190807581661348271.xls	1	福建省2018—2020年省级财政资金特色农业产业农机购置补贴机具补贴额一览表（2019年第1次调整）	https://www.pingtan.gov.cn/zwgk/zdlyxxgk/snbt/202211/t20221122_41268.htm
http://nynct.fujian.gov.cn/ztzl/fjsnjgzbtxxgkzl/tzgg_5721/201908/W020190807581661704872.xls	1	有机废弃物好氧发酵翻堆机、田间运输机补贴额一览表（2019年第1次调整）	https://www.pingtan.gov.cn/zwgk/zdlyxxgk/snbt/202211/t20221122_41268.htm
http://nynct.fujian.gov.cn/ztzl/fjsnjgzbtxxgkzl/tzgg_5721/202007/W020200728600031077874.xls	1	福建省2018-2020年农机购置补贴机具2020年第1次投档产品公示期复议（或申请修改）产品审核情况	https://www.pingtan.gov.cn/zwgk/zdlyxxgk/snbt/202211/t20221122_41243.htm
http://nynct.fujian.gov.cn/ztzl/fjsnjgzbtxxgkzl/tzgg_5721/202109/t20210930_5699661.htm	1	t20210930_5699661.htm	https://www.pingtan.gov.cn/zwgk/zdlyxxgk/snbt/202211/t20221122_41159.htm
http://nynct.fujian.gov.cn/ztzl/fjsnjgzbtxxgkzl/tzgg_5721/202110/t20211015_5740236.htm	1	t20211015_5740236.htm	https://www.pingtan.gov.cn/zwgk/zdlyxxgk/snbt/202211/t20221122_41155.htm
http://nyt.fujian.gov.cnx52d09673e3868.ipv6best.cn/ztzl/fjsnjgzbtxxgkzl/tzgg_5721/201810/W020181012563965548306.docx	1	福建省	https://www.pingtan.gov.cn/zwgk/zdlyxxgk/snbt/202211/t20221122_41276.htm
http://nyt.fujian.gov.cnx52d09673f3868.ipv6best.cn/ztzl/fjsnjgzbtxxgkzl/tzgg_5721/201809/W020180928632623442910.xls	1	&nbsp;&nbsp;&nbsp; 1.2018-2020年福建省农机购置补贴产品信息（第三批）&nbsp;	https://www.pingtan.gov.cn/zwgk/zdlyxxgk/snbt/202211/t20221122_41278.htm
http://nyt.fujian.gov.cnx52d09673f3868.ipv6best.cn/ztzl/fjsnjgzbtxxgkzl/zhyw/201806/t20180619_3256005.htm	1	《关于启用福建省农机购置补贴辅助管理系统	https://www.pingtan.gov.cn/zwgk/zdlyxxgk/snbt/202211/t20221122_41278.htm
http://nyt.fujian.gov.cnx52d0967433868.ipv6best.cn/ztzl/fjsnjgzbtxxgkzl/tzgg_5721/201807/W020180727634697505577.xls	1	1.2018-2020年福建省农机购置补贴产品信息（第二批）&nbsp;&nbsp;	https://www.pingtan.gov.cn/zwgk/zdlyxxgk/snbt/202211/t20221122_41282.htm
http://nyt.fujian.gov.cnx52d0967433868.ipv6best.cn/ztzl/fjsnjgzbtxxgkzl/tzgg_5721/201807/W020180730388330952731.docx	1	福建省	https://www.pingtan.gov.cn/zwgk/zdlyxxgk/snbt/202211/t20221122_41285.htm
http://nyt.fujian.gov.cnx52d0967433868.ipv6best.cn/ztzl/fjsnjgzbtxxgkzl/tzgg_5721/201808/W020180803596070429545.xls	1	1.福建省省级农机购置补贴资金分配表	https://www.pingtan.gov.cn/zwgk/zdlyxxgk/snbt/202211/t20221122_41280.htm
http://nyt.fujian.gov.cnx52d0967433868.ipv6best.cn/ztzl/fjsnjgzbtxxgkzl/tzgg_5721/201808/W020180803596070486773.xls	1	2.福建省省级农机购置补贴项目绩效目标表	https://www.pingtan.gov.cn/zwgk/zdlyxxgk/snbt/202211/t20221122_41280.htm
http://nyt.fujian.gov.cnx52d0967433868.ipv6best.cn/ztzl/fjsnjgzbtxxgkzl/zhyw/201804/W020180426607232983109.xls	1	福建省2018-2020年农机购置补贴机具补贴额一览表	https://www.pingtan.gov.cn/zwgk/zdlyxxgk/snbt/202211/t20221122_41284.htm
http://nyt.fujian.gov.cnx52d0967433868.ipv6best.cn/ztzl/fjsnjgzbtxxgkzl/zhyw/201804/W020180426607233003639.xls	1	福建省2018-2020年省级资金农机购置补贴机具补贴额一览表	https://www.pingtan.gov.cn/zwgk/zdlyxxgk/snbt/202211/t20221122_41284.htm
http://nyt.fujian.gov.cnx52d0967433868.ipv6best.cn/ztzl/fjsnjgzbtxxgkzl/zhyw/201806/W020180608635306321947.xls	1	1.2018-2020年福建省农机购置补贴产品信息（第一批）&nbsp;	https://www.pingtan.gov.cn/zwgk/zdlyxxgk/snbt/202211/t20221122_41283.htm
http://old.pingtan.gov.cnx0634968613868.ipv6best.cn/Upload/File/2016/20160204164611307.doc	1	附件.doc	https://www.pingtan.gov.cn/zwgk/zfxxgk/dfbmptlj/ptzhsyqbm/ptzhsyqjjf/fdzdgknr/gfxwj/201602/t20160204_59521.htm
http://old.pingtan.gov.cnx0634968613868.ipv6best.cn/manage/Zfxxgk/News_Edit.aspx?id=16394	1	(2016年1月15日)	https://www.pingtan.gov.cn/zwgk/zfxxgk/dfbmptlj/ptzhsyqbm/ptzhsyqscj/fdzdgknr/qtyzdgkdzf/201601/t20160115_59489.htm
http://pi.fj12345.gov.cnx7e0e968583868.ipv6best.cn/	1	http://pi.fj12345.gov.cn/	https://www.pingtan.gov.cn/zwgk/zfxxgk/dfbmptlj/ptzhsyqbm/ptzhsyqgwh/fdzdgknr/dfxfgzfgzh/201708/t20170830_63711.htm
http://pt.fjbz.org.cn:8060/	1	福建省标准信息服务平台	https://www.pingtan.gov.cn/zwgk/zdlyxxgk/hjbh_1/202304/t20230428_46155.htm
http://pt.fjbz.org.cnx1e49968703868.ipv6best.cn:8060/	1	福建省标准信息服务平台	https://www.pingtan.gov.cn/zwgk/gsgg/202111/t20211112_29001.htm
http://pt.fjbz.org.cnx1e49968713868.ipv6best.cn:8060/	1	福建省标准信息服务平台	https://www.pingtan.gov.cn/zwgk/zdlyxxgk/czzj/bmyjsgk/bmjsgk/202208/t20220803_35359.htm
http://ptggzy.pingtan.gov.cnx0d8f9682c3868.ipv6best.cn/%EF%BC%89jinxing	1	http://ptggzy.pingtan.gov.cn/）	https://www.pingtan.gov.cn/zwgk/zfxxgk/dfbmptlj/ptzhsyqbm/ptzhsyqjtj/fdzdgknr/zdjsxmfjhs/202401/t20240125_86495.htm
http://ptq.fujiansme.comxb1eb9684f3868.ipv6best.cn/	1	http://ptq.fujiansme.com	https://www.pingtan.gov.cn/zwgk/zfxxgk/dfbmptlj/ptzhsyqbm/ptzhsyqjjf/fdzdgknr/gzdt/201904/t20190429_67358.htm
http://ptq.fujiansme.comxb1eb968613868.ipv6best.cn/	1	http:∥ptq.fujiansme.com	https://www.pingtan.gov.cn/zwgk/zfxxgk/dfbmptlj/ptzhsyqbm/ptzhsyqjjf/fdzdgknr/gzdt/201512/t20151203_59132.htm
http://ptsb.pingtan.gov.cnxfb94967573868.ipv6best.cn/html/2015-09/07/content_46997.htm	1	平潭时报	https://www.pingtan.gov.cn/zwgk/zdlyxxgk/zdxmjs/zhxx/202211/t20221117_39033.htm
http://ptsb.pingtan.gov.cnxfb94967573868.ipv6best.cn/html/2015-09/09/content_47074.htm	1	平潭时报	https://www.pingtan.gov.cn/zwgk/zdlyxxgk/zdxmjs/zhxx/202211/t20221117_39032.htm
http://ptsb.pingtan.gov.cnxfb94967573868.ipv6best.cn/html/2015-09/12/content_47165.htm	1	平潭时报	https://www.pingtan.gov.cn/zwgk/zdlyxxgk/zdxmjs/zhxx/202211/t20221117_39031.htm
http://ptsb.pingtan.gov.cnxfb94967573868.ipv6best.cn/html/2015-09/17/content_47329.htm	1	平潭时报	https://www.pingtan.gov.cn/zwgk/zdlyxxgk/zdxmjs/zhxx/202211/t20221117_39027.htm
http://ptsb.pingtan.gov.cnxfb94967573868.ipv6best.cn/html/2015-09/18/content_47338.htm	1	平潭时报	https://www.pingtan.gov.cn/zwgk/zdlyxxgk/zdxmjs/zhxx/202211/t20221117_39026.htm
http://ptsb.pingtan.gov.cnxfb94967583868.ipv6best.cn/html/2015-03/25/content_40272.htm	1	平潭时报	https://www.pingtan.gov.cn/zwgk/zdlyxxgk/zdxmjs/zhxx/202211/t20221117_39106.htm
http://ptsb.pingtan.gov.cnxfb94967583868.ipv6best.cn/html/2015-04/10/content_40957.htm	1	平潭时报	https://www.pingtan.gov.cn/zwgk/zdlyxxgk/zdxmjs/zhxx/202211/t20221117_39098.htm
http://ptsb.pingtan.gov.cnxfb94967583868.ipv6best.cn/html/2015-04/10/content_40959.htm	1	平潭时报	https://www.pingtan.gov.cn/zwgk/zdlyxxgk/zdxmjs/zhxx/202211/t20221117_39099.htm
http://ptsb.pingtan.gov.cnxfb94967583868.ipv6best.cn/html/2015-05/01/content_42336.htm	1	平潭时报	https://www.pingtan.gov.cn/zwgk/zdlyxxgk/zdxmjs/zhxx/202211/t20221117_39093.htm
http://ptsb.pingtan.gov.cnxfb94967583868.ipv6best.cn/html/2015-05/04/content_42407.htm	1	平潭时报	https://www.pingtan.gov.cn/zwgk/zdlyxxgk/zdxmjs/zhxx/202211/t20221117_39090.htm
http://ptsb.pingtan.gov.cnxfb94967593868.ipv6best.cn/html/2015-05/26/content_43228.htm	1	平潭时报&nbsp;	https://www.pingtan.gov.cn/zwgk/zdlyxxgk/zdxmjs/zhxx/202211/t20221117_39080.htm
http://ptsb.pingtan.gov.cnxfb94967593868.ipv6best.cn/html/2015-05/28/content_43333.htm	1	平潭时报	https://www.pingtan.gov.cn/zwgk/zdlyxxgk/zdxmjs/zhxx/202211/t20221117_39079.htm
http://ptsb.pingtan.gov.cnxfb94967593868.ipv6best.cn/html/2015-05/28/content_43335.htm	1	平潭时报	https://www.pingtan.gov.cn/zwgk/zdlyxxgk/zdxmjs/zhxx/202211/t20221117_39078.htm
http://ptsb.pingtan.gov.cnxfb94967593868.ipv6best.cn/html/2015-05/31/content_43403.htm	1	平潭时报	https://www.pingtan.gov.cn/zwgk/zdlyxxgk/zdxmjs/zhxx/202211/t20221117_39076.htm
http://ptsb.pingtan.gov.cnxfb94967593868.ipv6best.cn/html/2015-06/03/content_43513.htm	1	平潭时报	https://www.pingtan.gov.cn/zwgk/zdlyxxgk/zdxmjs/zhxx/202211/t20221117_39074.htm
http://ptsb.pingtan.gov.cnxfb94967593868.ipv6best.cn/html/2015-06/04/content_43549.htm	1	平潭时报	https://www.pingtan.gov.cn/zwgk/zdlyxxgk/zdxmjs/zhxx/202211/t20221117_39073.htm
http://ptsb.pingtan.gov.cnxfb94967593868.ipv6best.cn/html/2015-06/18/content_44036.htm	1	平潭时报	https://www.pingtan.gov.cn/zwgk/zdlyxxgk/zdxmjs/zhxx/202211/t20221117_39069.htm
http://ptsb.pingtan.gov.cnxfb94967593868.ipv6best.cn/html/2015-06/21/content_44124.htm	1	平潭时报	https://www.pingtan.gov.cn/zwgk/zdlyxxgk/zdxmjs/zhxx/202211/t20221117_39065.htm
http://ptsb.pingtan.gov.cnxfb94967593868.ipv6best.cn/html/2015-06/25/content_44482.htm	1	平潭时报	https://www.pingtan.gov.cn/zwgk/zdlyxxgk/zdxmjs/zhxx/202211/t20221117_39063.htm
http://ptsb.pingtan.gov.cnxfb94967593868.ipv6best.cn/html/2015-06/26/content_44666.htm	1	平潭时报	https://www.pingtan.gov.cn/zwgk/zdlyxxgk/zdxmjs/zhxx/202211/t20221117_39062.htm
http://ptsb.pingtan.gov.cnxfb94967593868.ipv6best.cn/html/2015-07/02/content_44902.htm	1	平潭时报	https://www.pingtan.gov.cn/zwgk/zdlyxxgk/zdxmjs/zhxx/202211/t20221117_39060.htm
http://ptsb.pingtan.gov.cnxfb94967593868.ipv6best.cn/html/2015-07/27/content_45709.htm	1	平潭时报	https://www.pingtan.gov.cn/zwgk/zdlyxxgk/zdxmjs/zhxx/202211/t20221117_39050.htm
http://ptsb.pingtan.gov.cnxfb94967593868.ipv6best.cn/html/2015-07/27/content_45716.htm	1	平潭时报	https://www.pingtan.gov.cn/zwgk/zdlyxxgk/zdxmjs/zhxx/202211/t20221117_39051.htm
http://ptsb.pingtan.gov.cnxfb94967593868.ipv6best.cn/html/2015-08/02/content_45895.htm	1	平潭时报	https://www.pingtan.gov.cn/zwgk/zdlyxxgk/zdxmjs/zhxx/202211/t20221117_39049.htm
http://ptsb.pingtan.gov.cnxfb94967593868.ipv6best.cn/html/2015-08/03/content_45911.htm	1	平潭时报	https://www.pingtan.gov.cn/zwgk/zdlyxxgk/zdxmjs/zhxx/202211/t20221117_39047.htm
http://ptsb.pingtan.gov.cnxfb94967593868.ipv6best.cn/html/2015-08/07/content_46020.htm	1	平潭时报	https://www.pingtan.gov.cn/zwgk/zdlyxxgk/zdxmjs/zhxx/202211/t20221117_39044.htm
http://ptsb.pingtan.gov.cnxfb94967593868.ipv6best.cn/html/2015-08/17/content_46297.htm	1	平潭时报	https://www.pingtan.gov.cn/zwgk/zdlyxxgk/zdxmjs/zhxx/202211/t20221117_39040.htm
http://ptsb.pingtan.gov.cnxfb94967593868.ipv6best.cn/html/2015-08/17/content_46299.htm	1	平潭时报	https://www.pingtan.gov.cn/zwgk/zdlyxxgk/zdxmjs/zhxx/202211/t20221117_39041.htm
http://ptsb.pingtan.gov.cnxfb94967593868.ipv6best.cn/html/2015-08/17/content_46300.htm	1	平潭时报	https://www.pingtan.gov.cn/zwgk/zdlyxxgk/zdxmjs/zhxx/202211/t20221117_39042.htm
http://ptsb.pingtan.gov.cnxfb94967593868.ipv6best.cn/html/2015-08/24/content_46480.htm	1	平潭时报	https://www.pingtan.gov.cn/zwgk/zdlyxxgk/zdxmjs/zhxx/202211/t20221117_39037.htm
http://ptsb.pingtan.gov.cnxfb94967593868.ipv6best.cn/html/2015-08/29/content_46664.htm	1	平潭时报	https://www.pingtan.gov.cn/zwgk/zdlyxxgk/zdxmjs/zhxx/202211/t20221117_39034.htm
http://ptsb.ptrmt.comx9e90967693868.ipv6best.cn/2025/20250401/20250401_001/20250401_001.html	1		https://www.pingtan.gov.cn/zwgk/ztzl/zmsgzl/202504/t20250410_98356.htm
http://rj.5ykj.comx8baa9685d3868.ipv6best.cn/	1	生活环境	https://www.pingtan.gov.cn/zwgk/zfxxgk/dfbmptlj/ptzhsyqbm/ptzhsyqjtj/fdzdgknr/qtyzdgkdzf/201607/t20160721_60818.htm
http://scjgj.fujian.gov.cn/bz/gywm/	1	关于我们	https://www.pingtan.gov.cn/zwgk/ztzl/scjggzhbz/jggzhbz/202211/t20221110_38446.htm
http://scjgj.fujian.gov.cn/bz/lxwm/	1	联系我们	https://www.pingtan.gov.cn/zwgk/ztzl/scjggzhbz/jggzhbz/202211/t20221110_38446.htm
http://scjgj.fujian.gov.cn/bz/wzdt/	1	站点地图	https://www.pingtan.gov.cn/zwgk/ztzl/scjggzhbz/jggzhbz/202211/t20221110_38446.htm
http://scjgj.fujian.gov.cn/zw/zcfg/flfggz/202009/t20200904_5380651.htm#menu0	1	第一章 总则	https://www.pingtan.gov.cn/zwgk/ztzl/scjggzhbz/jggzhbz/202211/t20221110_38443.htm
http://scjgj.fujian.gov.cn/zw/zcfg/flfggz/202009/t20200904_5380651.htm#menu1	1	第二章 经营者的价格行为	https://www.pingtan.gov.cn/zwgk/ztzl/scjggzhbz/jggzhbz/202211/t20221110_38443.htm
http://scjgj.fujian.gov.cn/zw/zcfg/flfggz/202009/t20200904_5380651.htm#menu2	1	第三章 政府的定价行为	https://www.pingtan.gov.cn/zwgk/ztzl/scjggzhbz/jggzhbz/202211/t20221110_38443.htm
http://scjgj.fujian.gov.cn/zw/zcfg/flfggz/202009/t20200904_5380651.htm#menu3	1	第四章 价格总水平调控	https://www.pingtan.gov.cn/zwgk/ztzl/scjggzhbz/jggzhbz/202211/t20221110_38443.htm
http://scjgj.fujian.gov.cn/zw/zcfg/flfggz/202009/t20200904_5380651.htm#menu4	1	第五章 价格监督检查	https://www.pingtan.gov.cn/zwgk/ztzl/scjggzhbz/jggzhbz/202211/t20221110_38443.htm
http://scjgj.fujian.gov.cn/zw/zcfg/flfggz/202009/t20200904_5380651.htm#menu5	1	第六章 法律责任	https://www.pingtan.gov.cn/zwgk/ztzl/scjggzhbz/jggzhbz/202211/t20221110_38443.htm
http://scjgj.fujian.gov.cn/zw/zcfg/flfggz/202009/t20200904_5380651.htm#menu6	1	第七章 附则	https://www.pingtan.gov.cn/zwgk/ztzl/scjggzhbz/jggzhbz/202211/t20221110_38443.htm
http://shixin.court.gov.cnx7c95966f53868.ipv6best.cn/index.html	1	http://shixin.court.gov.cn/index.html	https://www.pingtan.gov.cn/zwgk/zxwj/bmwj/201704/t20170412_8022.htm
http://shixin.court.gov.cnx7c959685b3868.ipv6best.cn/index.html	1	http://shixin.court.gov.cn/index.html	https://www.pingtan.gov.cn/zwgk/zfxxgk/dfbmptlj/ptzhsyqbm/ptzhsyqscj/fdzdgknr/gzdt/201704/t20170412_62925.htm
http://site.conac.cnxc10d968193868.ipv6best.cn/www/142230000/60671287/index.html	1	平潭综合实验区事业单位登记管理局.公益	https://www.pingtan.gov.cn/zwgk/ztzl/rlzyygwygl/gzdtjxxgk/201610/t20161028_5804.htm
http://sns.qzone.qq.comx6225967cb3868.ipv6best.cn/cgi-bin/qzshare/cgi_qzshare_onekey?url=https%3A%2F%2Fwww.china-fjftz.gov.cn%2Farticle%2Findex%2Faid%2F21917.html&title=%E5%B9%B3%E6%BD%AD%E6%95%B0%E6%8D%AE%E8%B7%A8%E5%A2%83%E6%B5%81%E5%8A%A8%E6%9C%8D%E5%8A%A1%E6%9E%A2%E7%BA%BD%E5%B9%B3%E5%8F%B0%E6%8A%95%E5%85%A5%E8%AF%95%E8%BF%90%E8%A1%8C-%E4%B8%AD%E5%9B%BD%EF%BC%88%E7%A6%8F%E5%BB%BA%EF%BC%89%E8%87%AA%E7%94%B1%E8%B4%B8%E6%98%93%E8%AF%95%E9%AA%8C%E5%8C%BA%E9%97%A8%E6%88%B7%E7%BD%91%E7%AB%99&desc=12%E6%9C%8811%E6%97%A5%EF%BC%8C%E8%AE%B0%E8%80%85%E4%BB%8E%E5%B9%B3%E6%BD%AD%E7%BB%BC%E5%90%88%E5%AE%9E%E9%AA%8C%E5%8C%BA%E8%A1%8C%E6%94%BF%E5%AE%A1%E6%89%B9%E7%B3%BB%E7%BB%9F%E8%8E%B7%E6%82%89%EF%BC%8C%E7%94%B1%E5%B9%B3%E6%BD%AD%E7%BB%BC%E5%90%88%E5%AE%9E%E9%AA%8C%E5%8C%BA%E6%8A%95%E8%B5%84%E5%BB%BA%E8%AE%BE%E7%9A%84%E7%9C%81%E9%87%8D%E7%82%B9%E5%B7%A5%E7%A8%8B%E2%80%9C%E5%B9%B3%E6%BD%AD%E6%95%B0%E6%8D%AE%E8%B7%A8%E5%A2%83%E6%B5%81%E5%8A%A8%E6%9C%8D%E5%8A%A1%E6%9E%A2%E7%BA%BD%E5%B9%B3%E5%8F%B0%E2%80%9D%E7%9B%AE%E5%89%8D%E5%B7%B2%E9%A1%BA%E5%88%A9%E9%80%9A%E8%BF%87%E4%B8%93%E5%AE%B6%E8%AF%84%E5%AE%A1%EF%BC%8C%E6%8A%95%E5%85%A5%E8%AF%95%E8%BF%90%E8%A1%8C%E3%80%82&summary=12%E6%9C%8811%E6%97%A5%EF%BC%8C%E8%AE%B0%E8%80%85%E4%BB%8E%E5%B9%B3%E6%BD%AD%E7%BB%BC%E5%90%88%E5%AE%9E%E9%AA%8C%E5%8C%BA%E8%A1%8C%E6%94%BF%E5%AE%A1%E6%89%B9%E7%B3%BB%E7%BB%9F%E8%8E%B7%E6%82%89%EF%BC%8C%E7%94%B1%E5%B9%B3%E6%BD%AD%E7%BB%BC%E5%90%88%E5%AE%9E%E9%AA%8C%E5%8C%BA%E6%8A%95%E8%B5%84%E5%BB%BA%E8%AE%BE%E7%9A%84%E7%9C%81%E9%87%8D%E7%82%B9%E5%B7%A5%E7%A8%8B%E2%80%9C%E5%B9%B3%E6%BD%AD%E6%95%B0%E6%8D%AE%E8%B7%A8%E5%A2%83%E6%B5%81%E5%8A%A8%E6%9C%8D%E5%8A%A1%E6%9E%A2%E7%BA%BD%E5%B9%B3%E5%8F%B0%E2%80%9D%E7%9B%AE%E5%89%8D%E5%B7%B2%E9%A1%BA%E5%88%A9%E9%80%9A%E8%BF%87%E4%B8%93%E5%AE%B6%E8%AF%84%E5%AE%A1%EF%BC%8C%E6%8A%95%E5%85%A5%E8%AF%95%E8%BF%90%E8%A1%8C%E3%80%82&site=%E5%B9%B3%E6%BD%AD%E6%95%B0%E6%8D%AE%E8%B7%A8%E5%A2%83%E6%B5%81%E5%8A%A8%E6%9C%8D%E5%8A%A1%E6%9E%A2%E7%BA%BD%E5%B9%B3%E5%8F%B0%E6%8A%95%E5%85%A5%E8%AF%95%E8%BF%90%E8%A1%8C-%E4%B8%AD%E5%9B%BD%EF%BC%88%E7%A6%8F%E5%BB%BA%EF%BC%89%E8%87%AA%E7%94%B1%E8%B4%B8%E6%98%93%E8%AF%95%E9%AA%8C%E5%8C%BA%E9%97%A8%E6%88%B7%E7%BD%91%E7%AB%99	1		https://www.pingtan.gov.cn/zwgk/ztzl/zmsgzl/202312/t20231219_83490.htm
http://stats.cdpf.org.cnxdb0c966eb3868.ipv6best.cn/%ef%bc%89%e3%80%82%e8%a6%81%e5%bb%ba%e7%ab%8b%e5%b9%b6%e5%ae%8c%e5%96%84%e9%a1%b9%e7%9b%ae%e6%a1%a3%e6%a1%88%ef%bc%8c%e5%af%b9%e8%b5%84%e5%8a%a9%e5%af%b9%e8%b1%a1	1	http://stats.cdpf.org.cnxdb0c966eb3868.ipv6best.cn/）。要建立并完善项目档案，对资助对象	https://www.pingtan.gov.cn/zwgk/zxwj/bmwj/202107/t20210730_27369.htm
http://system.fjjs.gov.cnxf2a29681e3868.ipv6best.cn/ConstructionQualify/Pages/MainFrame.aspx?companyID=51491	1	福建榕强建设工程有限公司	https://www.pingtan.gov.cn/zwgk/ztzl/jtyjs/gzdthxxgs/201606/t20160616_4595.htm
http://system.fjjs.gov.cnxf2a2968203868.ipv6best.cn/ConstructionQualify/Pages/MainFrame.aspx?companyID=58708	1	福建省永兴奕达建筑有限公司	https://www.pingtan.gov.cn/zwgk/ztzl/jtyjs/gzdthxxgs/201602/t20160218_3991.htm
http://system.fjjs.gov.cnxf2a29685c3868.ipv6best.cn/Green/Pages/QualifyApprove.aspx?qualifyAppRecordID=238004	1	福建鼎盛建设发展有限公司	https://www.pingtan.gov.cn/zwgk/zfxxgk/dfbmptlj/ptzhsyqbm/ptzhsyqjtj/fdzdgknr/zdjsxmfjhs/201609/t20160930_60780.htm
http://system.fjjs.gov.cnxf2a29685e3868.ipv6best.cn/ConstructionQualify/Pages/MainFrame.aspx?companyID=51491	1	福建榕强建设工程有限公司	https://www.pingtan.gov.cn/zwgk/zfxxgk/dfbmptlj/ptzhsyqbm/ptzhsyqjtj/fdzdgknr/qtyzdgkdzf/201605/t20160525_60331.htm
http://system.fjjs.gov.cnxf2a2968613868.ipv6best.cn/ConstructionQualify/Pages/MainFrame.aspx?companyID=58708	1	福建省永兴奕达建筑有限公司	https://www.pingtan.gov.cn/zwgk/zfxxgk/dfbmptlj/ptzhsyqbm/ptzhsyqjtj/fdzdgknr/qtyzdgkdzf/201602/t20160218_59786.htm
http://szs.mof.gov.cn/zhengwuxinxi/zhengcefabu/201603/W020160324518147256678.doc	1	营业税改征增值税试点实施办法	https://www.pingtan.gov.cn/zwgk/zfxxgk/dfbmptlj/ptzhsyqbm/ptzhsyqczj/fdzdgknr/6csxgzcjjd/201711/t20171130_63494.htm
http://szs.mof.gov.cn/zhengwuxinxi/zhengcefabu/201603/W020160324518147346862.doc	1	营业税改征增值税试点有关事项的规定	https://www.pingtan.gov.cn/zwgk/zfxxgk/dfbmptlj/ptzhsyqbm/ptzhsyqczj/fdzdgknr/6csxgzcjjd/201711/t20171130_63494.htm
http://szs.mof.gov.cn/zhengwuxinxi/zhengcefabu/201603/W020160324518147382198.doc	1	营业税改征增值税试点过渡政策的规定	https://www.pingtan.gov.cn/zwgk/zfxxgk/dfbmptlj/ptzhsyqbm/ptzhsyqczj/fdzdgknr/6csxgzcjjd/201711/t20171130_63494.htm
http://szs.mof.gov.cn/zhengwuxinxi/zhengcefabu/201603/W020160324518147438672.doc	1	跨境应税行为适用增值税零税率和免税政策的规定	https://www.pingtan.gov.cn/zwgk/zfxxgk/dfbmptlj/ptzhsyqbm/ptzhsyqczj/fdzdgknr/6csxgzcjjd/201711/t20171130_63494.htm
http://t.qq.com/ptpolice	1	http://t.qq.com/ptpolice	https://www.pingtan.gov.cn/zwgk/zfxxgk/dfbmptlj/ptzhsyqbm/ptzhsyqgaj/fdzdgknr/qtyzdgkdzf/201203/t20120330_52234.htm
http://tourism.gemas.com.cnx6fe49673b3868.ipv6best.cn/u/cms/tour/201907/021504037po2.pdf	1	一览通	https://www.pingtan.gov.cn/zwgk/zdlyxxgk/ggtywh/tzgg/202511/t20251107_103051.htm
http://vote.fjftz.gov.cnxc10a9681b3868.ipv6best.cn/index.php?c=content&amp;a=list&amp;catid=25	1	http://vote.fjftz.gov.cn/index.php?c=content&amp;a=list&amp;catid=25	https://www.pingtan.gov.cn/zwgk/yw/ptyw/201607/t20160704_4847.htm
http://weibo.com/ptga	1	http://weibo.com/ptga	https://www.pingtan.gov.cn/zwgk/zfxxgk/dfbmptlj/ptzhsyqbm/ptzhsyqgaj/fdzdgknr/qtyzdgkdzf/201203/t20120330_52234.htm
http://wjw.longyan.gov.cn/gk/gggs/202206/javascript:void(0);	1		https://www.pingtan.gov.cn/zwgk/zdlyxxgk/ylws_1/202206/t20220613_34370.htm
http://www.110.comx0fa6966f83868.ipv6best.cn/ask/browse-c44.html	1	环境污染	https://www.pingtan.gov.cn/zwgk/zfxxgk/gwhwj/dfxfgzfgzh/201403/t20140329_56635.htm
http://www.110.comx0fa6966f83868.ipv6best.cn/ask/browse-c73.html	1	刑事	https://www.pingtan.gov.cn/zwgk/zfxxgk/gwhwj/dfxfgzfgzh/201403/t20140329_56635.htm
http://www.110.comx0fa6966f83868.ipv6best.cn/fagui/	1	法律	https://www.pingtan.gov.cn/zwgk/zfxxgk/gwhwj/dfxfgzfgzh/201403/t20140329_56635.htm
http://www.110.comx0fa6967573868.ipv6best.cn/ask/browse-c40.html	1	行政复议	https://www.pingtan.gov.cn/zwgk/zdlyxxgk/czzj/bmyjsgk/bmjsgk/201612/t20161215_6200.htm
http://www.110.comx0fa6967573868.ipv6best.cn/fagui/	1	法律	https://www.pingtan.gov.cn/zwgk/zdlyxxgk/czzj/bmyjsgk/bmjsgk/201612/t20161215_6200.htm
http://www.110.comx0fa69684e3868.ipv6best.cn/ask/browse-c20.html	1	招标投标	https://www.pingtan.gov.cn/zwgk/zfxxgk/dfbmptlj/ptzhsyqbm/ptzhsyqjtj/fdzdgknr/gzdt/201905/t20190530_67646.htm
http://www.110.comx0fa6968623868.ipv6best.cn/ask/browse-c40.html	1	行政复议	https://www.pingtan.gov.cn/zwgk/zfxxgk/dfbmptlj/ptzhsyqbm/ptzhsyqscj/fdzdgknr/czysjsbg/201509/t20150901_61016.htm
http://www.110.comx0fa6968623868.ipv6best.cn/fagui/	1	法律	https://www.pingtan.gov.cn/zwgk/zfxxgk/dfbmptlj/ptzhsyqbm/ptzhsyqscj/fdzdgknr/czysjsbg/201509/t20150901_61016.htm
http://www.110.comx0fa6968683868.ipv6best.cn/ask/browse-c72.html	1	经济	https://www.pingtan.gov.cn/zwgk/zfxxgk/dfbmptlj/ptzhsyqbm/ptzhsyqjtj/fdzdgknr/qtyzdgkdzf/201404/t20140403_56431.htm
http://www.12333.gov.cn/	1	www.12333.gov.cn	https://www.pingtan.gov.cn/zwgk/zfxxgk/dfbmptlj/ptzhsyqbm/ptzhsyqshs/fdzdgknr/shjzywjyyl/202004/t20200414_70593.htm
http://www.1633.comx891d966df3868.ipv6best.cn/tec/xzt/ShenFenZheng/	1	身份证	https://www.pingtan.gov.cn/zwgk/gsgg/201510/t20151030_2015.htm
http://www.51test.netxf2f09681d3868.ipv6best.cn/show/7000336.html	1	《2016年福建省高校毕业生三支一扶计划实施方案》	https://www.pingtan.gov.cn/zwgk/ztzl/rlzyygwygl/gzdtjxxgk/201605/t20160511_4292.htm
http://www.abbs.com.cnx03f0966e23868.ipv6best.cn/	1	www.abbs.com.cn	https://www.pingtan.gov.cn/zwgk/gsgg/201108/t20110819_818.htm
http://www.acas.org.cn/	1	海峡两岸仲裁中心	https://www.pingtan.gov.cn/zwgk/zdlyxxgk/hjbh_1/202304/t20230428_46155.htm
http://www.acas.org.cnx7a72968703868.ipv6best.cn/	1	海峡两岸仲裁中心	https://www.pingtan.gov.cn/zwgk/gsgg/202111/t20211112_29001.htm
http://www.acas.org.cnx7a72968713868.ipv6best.cn/	1	海峡两岸仲裁中心	https://www.pingtan.gov.cn/zwgk/zdlyxxgk/czzj/bmyjsgk/bmjsgk/202208/t20220803_35359.htm
http://www.amic.agri.gov.cnx30d39674a3868.ipv6best.cn/nxtwebfreamwork/detail.jsp?articleId=ff8080815d81e381015d82be404b0532	1	http://www.amic.agri.gov.cn/nxtwebfreamwork/detail.jsp?articleId=ff8080815d81e381015d82be404b0532	https://www.pingtan.gov.cn/zwgk/zdlyxxgk/snbt/202211/t20221122_41315.htm
http://www.baidu.com/link?url=KSHKDIGjsq4fOcCBE09F9EL5tjsm4mgLcNrxBzHnoCuSORXAUEQR2UEHHnolGfye	1	福建省建设工程造价管理协会	https://www.pingtan.gov.cn/zwgk/ztzl/jtyjs/gzdthxxgs/202209/t20220913_36106.htm
http://www.baidu.com/link?url=c_oNECxhwFgkybCRK69Jg7eSHQ3Fse8xs03iyjFojQDk4jnvpTMul3jllKYT851bPvoHjecmdzDMYNmx4o8nCAYMiH-eCRBtxmJPP7kDqkW	1	稳妥做好社保费征管职责划转，	https://www.pingtan.gov.cn/zwgk/zdlyxxgk/czzj/zfyjsgk/zfysgk/201902/t20190211_12399.htm
http://www.baidu.com/link?url=kZfLupCPKrqjipdTzDICSHwXFIKI8pUBJMuEaMHrQ-gW14P_XNhcAF1ayqwW5xwV9TvRg16h8cY-tJBbKF6Ts_Se37gusO7ncc4kOeR68dW	1	抓好工作落实	https://www.pingtan.gov.cn/zwgk/zdlyxxgk/ylws_1/201904/t20190401_13316.htm
http://www.baidu.com/link?url=muA7uMJFSuI1yEanai81oUAH0ZTn7fFjVfLf7qTWiOoXaxZkwfbiJc7EDebA6TSD-GfPkpZMeNf8wwmfCJ1Sp_	1	《灯具&nbsp;第1部分:一般要求与试验	https://www.pingtan.gov.cn/zwgk/gsgg/201901/t20190116_12157.htm
http://www.chinaacc.comx3ab9968253868.ipv6best.cn/new/63/68/2008/4/ta202031381164800216182-0.htm	1	《中华人民共和国海关法》	https://www.pingtan.gov.cn/zwgk/ztzl/zsycycj/yhzc/201910/t20191023_16403.htm
http://www.chinadegrees.com.cnx822c966df3868.ipv6best.cn/	1	http://www.chinadegrees.com.cn/	https://www.pingtan.gov.cn/zwgk/gsgg/201601/t20160119_3208.htm
http://www.chinahighway.gov.xn--cn()-2f5f93g8vdx6c58o6xxouq4v2e0yxb/	1	www.chinahighway.gov.cn （中国公路信息服务网）	https://www.pingtan.gov.cn/zwgk/zfxxgk/dfbmptlj/ptzhsyqbm/ptzhsyqjtj/fdzdgknr/tfggsjdyjy/201706/t20170614_62343.htm
http://www.chinalawedu.com/	1	法律	https://www.pingtan.gov.cn/zwgk/zfxxgk/dfbmptlj/ptzhsyqbm/ptzhsyqgwh/fdzdgknr/hjbhggwsaq/201508/t20150806_58711.htm
http://www.chinalawedu.com/falvfagui	1	法规	https://www.pingtan.gov.cn/zwgk/zfxxgk/dfbmptlj/ptzhsyqbm/ptzhsyqgwh/fdzdgknr/hjbhggwsaq/201508/t20150806_58711.htm
http://www.chinanews.com.cn/cj/2025/10-07/10494850.shtml	1		https://www.pingtan.gov.cn/zwgk/zdlyxxgk/ggtywh/wlxx/202510/t20251010_101915.htm
http://www.chinanews.com.cn/sh/shipin/cns-d/2024/04-08/news986873.shtml	1		https://www.pingtan.gov.cn/zwgk/yw/ptyw/202404/t20240409_88875.htm
http://www.chsi.com.cnxa371966df3868.ipv6best.cn/	1	http://www.chsi.com.cn/	https://www.pingtan.gov.cn/zwgk/gsgg/201601/t20160119_3208.htm
http://www.cmrn.com.cnx1bac9683a3868.ipv6best.cn/cmrn.html	1	研究	https://www.pingtan.gov.cn/zwgk/zfxxgk/dfbmptlj/ptzhsyqbm/ptzhsyqscj/fdzdgknr/qtyzdgkdzf/202201/t20220101_75379.htm
http://www.cnipa.gov.cn/	1	http://www.cnipa.gov.cn	https://www.pingtan.gov.cn/zwgk/gsgg/202303/t20230309_44700.htm
http://www.cnpharm.cnx6bdb966f53868.ipv6best.cn/	1	http://www.cnpharm.cn/	https://www.pingtan.gov.cn/zwgk/zxwj/bmwj/201707/t20170704_7992.htm
http://www.cnpharm.cnx6bdb9674b3868.ipv6best.cn/	1	http://www.cnpharm.cn/	https://www.pingtan.gov.cn/zwgk/zdlyxxgk/spypaqun/spaq/201707/t20170704_8057.htm
http://www.cnpharm.cnx6bdb968593868.ipv6best.cn/	1	http://www.cnpharm.cn/	https://www.pingtan.gov.cn/zwgk/zfxxgk/dfbmptlj/ptzhsyqbm/ptzhsyqscj/fdzdgknr/gzdt/201707/t20170704_62979.htm
http://www.cnrencai.comxe7ce966f83868.ipv6best.cn/	1	人才	https://www.pingtan.gov.cn/zwgk/zfxxgk/gwhwj/dfxfgzfgzh/201601/t20160108_59118.htm
http://www.cnrencai.comxe7ce966f83868.ipv6best.cn/gongzuozongjie/	1	总结	https://www.pingtan.gov.cn/zwgk/zfxxgk/gwhwj/dfxfgzfgzh/201601/t20160108_59118.htm
http://www.cnrencai.comxe7ce966f83868.ipv6best.cn/kaoshi/	1	考试	https://www.pingtan.gov.cn/zwgk/zfxxgk/gwhwj/dfxfgzfgzh/201601/t20160108_59118.htm
http://www.creditchina.gov.xn--cn),(www-hm3go77xypa4qutc21gm1ixuisndt6he4dn5u6glqgm74jozdi9z01rthak22c58h361b2o2gtkrbx14d7ycsa8183bplvs8qhga.ccgp.gov.xn--cn)-058dvd38i36ibqbl0yitnj2b6w5anixq21gbwk8xfh8m6tild./	1	www.creditchina.gov.cn)失信被执行人、重大税收违法案件当事人名单，也未被列入中国政府采购网(www.ccgp.gov.cn)政府采购严重违法失信行为记录名单。	https://www.pingtan.gov.cn/zwgk/zfxxgk/dfbmptlj/ptzhsyqbm/ptzhsyqjjf/fdzdgknr/gzdt/202508/t20250805_100724.htm
http://www.csh.moe.gov.cnx8bb0968433868.ipv6best.cn/	1	www.csh.moe.gov.cn	https://www.pingtan.gov.cn/zwgk/zfxxgk/dfbmptlj/ptzhsyqbm/ptzhsyqshs/fdzdgknr/shjzywjyyl/202011/t20201104_72445.htm
http://www.customs.gov.cn/customs/2026-07/15/article_2026071517453833245.html	1	点击查看《规划》全文	https://www.pingtan.gov.cn/zwgk/yw/ptyw/202607/t20260724_108076.htm
http://www.faxin.cnx28ea967ea3868.ipv6best.cn/lib/dffl/javascript:void(0);	1	物业管理条例	https://www.pingtan.gov.cn/zwgk/ztzl/fdcjzfbzzxzzxggzzl/gzdt/202301/t20230129_43542.htm
http://www.fiet.gov.cnx86d4968593868.ipv6best.cn/	1	www.pingtan.gov.cn	https://www.pingtan.gov.cn/zwgk/zfxxgk/dfbmptlj/ptzhsyqbm/ptzhsyqjjf/fdzdgknr/zdjsxmdpzh/201706/t20170622_62615.htm
http://www.fj-archives.org.xn--cn),-ec1gmmy53d2uh6rkf85b61pbb7727bs8b.xn--730-q33e785dbvav0p0d40i2y2io84b./	1	http://www.fj-archives.org.cn)本通知，转发并组织报名。报名时间截至	https://www.pingtan.gov.cn/zwgk/zfxxgk/dfbmptlj/ptzhsyqbm/ptzhsyqhzs/fdzdgknr/qtyzdgkdzf/202407/t20240705_91681.htm
http://www.fj-n-tax.gov.cnxffbe966eb3868.ipv6best.cn/%EF%BC%89%E5%92%8C%E9%AB%98%E4%BC%81%E5%B7%A5%E4%BD%9C%E7%BD%91%EF%BC%88www.innocom.gov.cn%EF%BC%89%E4%B8%8A%E6%9F%A5%E7%9C%8B%E7%9B%B8%E5%85%B3%E5%8F%96%E6%B6%88%E8%B5%84%E6%A0%BC%E7%9A%84%E6%96%87%E4%BB%B6%E3%80%82	1	http://www.fj-n-tax.gov.cnxffbe966eb3868.ipv6best.cn/）上查看。	https://www.pingtan.gov.cn/zwgk/zxwj/bmwj/202105/t20210517_26199.htm
http://www.fj-n-tax.gov.cnxffbe9683e3868.ipv6best.cn/%EF%BC%89%E5%92%8C%E9%AB%98%E4%BC%81%E5%B7%A5%E4%BD%9C%E7%BD%91%EF%BC%88www.innocom.gov.cn%EF%BC%89%E4%B8%8A%E6%9F%A5%E7%9C%8B%E7%9B%B8%E5%85%B3%E5%8F%96%E6%B6%88%E8%B5%84%E6%A0%BC%E7%9A%84%E6%96%87%E4%BB%B6%E3%80%82	1	http://www.fj-n-tax.gov.cnxffbe9683e3868.ipv6best.cn/）上查看。	https://www.pingtan.gov.cn/zwgk/zfxxgk/dfbmptlj/ptzhsyqbm/ptzhsyqjjf/fdzdgknr/gzdt/202105/t20210517_73425.htm
http://www.fj.gov.cn/zc/zfxxgkl/xxgkgd/201904/t20190417_4852392.htm#	1	大	https://www.pingtan.gov.cn/zwgk/zfxxgk/zfxxgkzd/202311/t20231109_80966.htm
http://www.fj.gov.cn/zc/zfxxgkl/xxgkgd/201905/t20190528_4887748.htm#	1	大	https://www.pingtan.gov.cn/zwgk/zfxxgk/zfxxgkzd/202311/t20231109_80967.htm
http://www.fj.gov.cn/zc/zfxxgkl/xxgkgd/201912/t20191205_5145687.htm#	1	大	https://www.pingtan.gov.cn/zwgk/zfxxgk/zfxxgkzd/202311/t20231109_80968.htm
http://www.fj.xinhuanet.com/20241015/1fbbed2756424d7984030ef7e7a9bc03/c.html	1		https://www.pingtan.gov.cn/zwgk/yw/ptyw/202410/t20241016_94332.htm
http://www.fj99.org.cnx49659680e3868.ipv6best.cn/	1	www.fj99.org.cn	https://www.pingtan.gov.cn/zwgk/ztzl/rlzyygwygl/gzdtjxxgk/201806/t20180629_10135.htm
http://www.fjagri.gov.cnx0547967453868.ipv6best.cn/hypd/nyjx/fjsnjgzbtxxgkzl/tzgg_5721/201804/W020180419650205498266.xls	1	福建省2018年省级农机购置补贴资金分配表	https://www.pingtan.gov.cn/zwgk/zdlyxxgk/snbt/202211/t20221122_41288.htm
http://www.fjagri.gov.cnx0547967453868.ipv6best.cn/hypd/nyjx/fjsnjgzbtxxgkzl/tzgg_5721/201804/W020180419650205588673.xls	1	福建省2018年省级农机购置补贴项目绩效目标表	https://www.pingtan.gov.cn/zwgk/zdlyxxgk/snbt/202211/t20221122_41288.htm
http://www.fjagri.gov.cnx0547967453868.ipv6best.cn/hypd/nyjx/tzgg_627/201712/W020171207297696755082.xls	1	2017年福建省农机购置补贴资金实施情况通报（六	https://www.pingtan.gov.cn/zwgk/zdlyxxgk/snbt/202211/t20221122_41302.htm
http://www.fjagri.gov.cnx0547967453868.ipv6best.cn/hypd/nyjx/tzgg_627/201712/W020171207340872003964.pdf	1	通报六.pdf	https://www.pingtan.gov.cn/zwgk/zdlyxxgk/snbt/202211/t20221122_41302.htm
http://www.fjagri.gov.cnx0547967453868.ipv6best.cn:81/hypd/nyjx/tzgg_627/201709/W020170913567741867758.xls	1	1.2015-2017年福建省农机购置补贴产品信息（2017年第二批）.xls	https://www.pingtan.gov.cn/zwgk/zdlyxxgk/snbt/202211/t20221122_41305.htm
http://www.fjagri.gov.cnx0547967453868.ipv6best.cn:81/hypd/nyjx/tzgg_627/201709/W020170913567742567035.xls	1	2017年第一批福建省农机购置补贴新增产品重复归档产品信息.xls	https://www.pingtan.gov.cn/zwgk/zdlyxxgk/snbt/202211/t20221122_41305.htm
http://www.fjagri.gov.cnx0547967453868.ipv6best.cn:81/hypd/nyjx/tzgg_627/201710/W020171020614718431755.xls	1	2017年福建省省级、新产品试点等农机购置补贴产品信息（2017年第三批）.xls	https://www.pingtan.gov.cn/zwgk/zdlyxxgk/snbt/202211/t20221122_41304.htm
http://www.fjagri.gov.cnx0547967453868.ipv6best.cn:81/hypd/nyjx/tzgg_627/201711/W020171129627449257620.xls	1	2015-2017年福建省农机购置补贴产品信息（2017年第四批	https://www.pingtan.gov.cn/zwgk/zdlyxxgk/snbt/202211/t20221122_41303.htm
http://www.fjagri.gov.cnx0547967453868.ipv6best.cn:81/hypd/nyjx/tzgg_627/201711/W020171129627449279008.xls	1	2017年第三批福建省农机购置补贴新增产品重复归档产品信息	https://www.pingtan.gov.cn/zwgk/zdlyxxgk/snbt/202211/t20221122_41303.htm
http://www.fjagri.gov.cnx0547967453868.ipv6best.cn:81/hypd/nyjx/tzgg_627/201711/W020171129627449289791.xls	1	涉及违规问题暂缓补贴产品信息	https://www.pingtan.gov.cn/zwgk/zdlyxxgk/snbt/202211/t20221122_41303.htm
http://www.fjagri.gov.cnx0547967453868.ipv6best.cn:81/hypd/nyjx/tzgg_627/201711/W020171129627449306282.xls	1	补贴额未确定产品信息	https://www.pingtan.gov.cn/zwgk/zdlyxxgk/snbt/202211/t20221122_41303.htm
http://www.fjagri.gov.cnx0547967453868.ipv6best.cn:81/hypd/nyjx/tzgg_627/201712/W020171211568193925023.xls	1	福建省2017年县级农机购置补贴信息公开专栏内容抽查工作表	https://www.pingtan.gov.cn/zwgk/zdlyxxgk/snbt/202211/t20221122_41301.htm
http://www.fjagri.gov.cnx0547967453868.ipv6best.cn:81/hypd/nyjx/tzgg_627/201712/W020171211568193940545.xls	1	福建省2017年县级农机购置补贴信息公开专栏内容抽查情况统计表	https://www.pingtan.gov.cn/zwgk/zdlyxxgk/snbt/202211/t20221122_41301.htm
http://www.fjagri.gov.cnx0547967453868.ipv6best.cn:81/hypd/nyjx/tzgg_627/201712/W020171218359267351768.xls	1	福建省省级农机购置补贴机具补贴额一览表（2017年新增）.xls	https://www.pingtan.gov.cn/zwgk/zdlyxxgk/snbt/202211/t20221122_41296.htm
http://www.fjagri.gov.cnx0547967453868.ipv6best.cn:81/hypd/nyjx/tzgg_627/201712/W020171218359267367842.xls	1	2017年福建省农机新产品购置补贴试点补贴机具补贴额一览表.xls	https://www.pingtan.gov.cn/zwgk/zdlyxxgk/snbt/202211/t20221122_41296.htm
http://www.fjagri.gov.cnx0547967453868.ipv6best.cn:81/hypd/nyjx/tzgg_627/201712/W020171225363351907135.doc	1	农业部办公厅、财政部办公厅《农业机械购置补贴产品违规经营行为处理办法（试行）》	https://www.pingtan.gov.cn/zwgk/zdlyxxgk/snbt/202211/t20221122_41297.htm
http://www.fjagri.gov.cnx0547967453868.ipv6best.cn:81/hypd/nyjx/tzgg_627/201801/W020180119578086016387.xls	1	福建省2018年中央农机购置补贴资金分配表	https://www.pingtan.gov.cn/zwgk/zdlyxxgk/snbt/202211/t20221122_41292.htm
http://www.fjagri.gov.cnx0547967453868.ipv6best.cn:81/hypd/nyjx/tzgg_627/201801/W020180119578086037358.xls	1	福建省2018年中央农机购置补贴项目任务分配（绩效目标）表	https://www.pingtan.gov.cn/zwgk/zdlyxxgk/snbt/202211/t20221122_41292.htm
http://www.fjagri.gov.cnx0547967473868.ipv6best.cn:81/hypd/nyjx/tzgg_627/201711/W020171103403240504786.xls	1	福建省省级农机购置补贴机具补贴额一览表（2017年新增）	https://www.pingtan.gov.cn/zwgk/zdlyxxgk/snbt/202211/t20221122_41307.htm
http://www.fjagri.gov.cnx0547967473868.ipv6best.cn:81/hypd/nyjx/tzgg_627/201711/W020171103403241146784.xls	1	2017年福建省农机新产品购置补贴试点补贴机具补贴额一览表	https://www.pingtan.gov.cn/zwgk/zdlyxxgk/snbt/202211/t20221122_41307.htm
http://www.fjagri.gov.cnx0547967473868.ipv6best.cn:81/hypd/nyjx/tzgg_627/201711/W020171103403241169139.xls	1	轻型履带式拖拉机补贴机具补贴额一览表（2017年新增	https://www.pingtan.gov.cn/zwgk/zdlyxxgk/snbt/202211/t20221122_41307.htm
http://www.fjagri.gov.cnx0547967483868.ipv6best.cn:81/hypd/nyjx/tzgg_627/201709/W020170925462360252455.doc	1	3WPZ-200A型、3WPZ-200型自走式喷杆式喷雾机经销企业名单	https://www.pingtan.gov.cn/zwgk/zdlyxxgk/snbt/202211/t20221122_41309.htm
http://www.fjagri.gov.cnx0547967483868.ipv6best.cn:81/hypd/nyjx/tzgg_627/201709/W020170927337534714872.doc	1	福建省2015-2017年农机购置补贴机具补贴额一览表（2017年9月部分调整）	https://www.pingtan.gov.cn/zwgk/zdlyxxgk/snbt/202211/t20221122_41308.htm
http://www.fjagri.gov.cnx0547967483868.ipv6best.cn:81/hypd/nyjx/tzgg_627/201709/W020170927337534740245.doc	1	福建省省级农机购置补贴机具补贴额一览表（2017年9月部分调整）	https://www.pingtan.gov.cn/zwgk/zdlyxxgk/snbt/202211/t20221122_41308.htm
http://www.fjam.gov.cnxab139674d3868.ipv6best.cn:2000/upload/wb_user/admin/%E7%A6%8F%E5%BB%BA%E7%9C%81%E5%86%9C%E4%B8%9A%E6%9C%BA%E6%A2%B0%E5%8C%96%E5%8D%8F%E4%BC%9A%E5%86%9C%E6%9C%BA%E5%90%88%E4%BD%9C%E7%A4%BE%E5%88%86%E4%BC%9A%E5%85%A5%E4%BC%9A%E7%94%B3%E8%AF%B7%E8%A1%A8.docx	1	福建省农业机械化协会农机合作社分会入会申请表.docx	https://www.pingtan.gov.cn/zwgk/zdlyxxgk/snbt/202211/t20221122_41327.htm
http://www.fjam.gov.cnxab139681a3868.ipv6best.cn:2000/upload/WB_User/admin/%E9%80%9A%E5%91%8A%EF%BC%882016%EF%BC%8917%E5%8F%B7%E9%99%84%E4%BB%B6.xls	1	福建省2015-2017年农机购置补贴机具补贴额一览表（2016年调整） （三）.xls	https://www.pingtan.gov.cn/zwgk/ztzl/snxx/201609/t20160912_5376.htm
http://www.fjbys.gov.cnx3513968623868.ipv6best.cn/	1	www.fjbys.gov.cn	https://www.pingtan.gov.cn/zwgk/zfxxgk/dfbmptlj/ptzhsyqbm/ptzhsyqjjf/fdzdgknr/qtyzdgkdzf/201510/t20151009_58870.htm
http://www.fjcdi.gov.cn/html/zzqzsbdfbhbzzf/	1	http://www.fjcdi.gov.cn/html/zzqzsbdfbhbzzf/	https://www.pingtan.gov.cn/zwgk/ztzl/jjjczl/dfzf/202106/t20210603_26484.htm
http://www.fjedu.gov.cnx2c0e968143868.ipv6best.cn/	1	www.fjedu.gov.cn	https://www.pingtan.gov.cn/zwgk/ztzl/rlzyygwygl/gzdtjxxgk/201710/t20171023_7869.htm
http://www.fjepb.gov.xn--cn--)-fi1hzb0cv6donhxv8fyu5dfa8159bba4390cwjb625dmqhcp0aia4688bo3qja690hetp/	1	www.fjepb.gov.cn人事管理-职称评审-环保专业任职资格评审表格下载）	https://www.pingtan.gov.cn/zwgk/ztzl/rlzyygwygl/gzdtjxxgk/201605/t20160524_4401.htm
http://www.fjetc.gov.cnx9f90966e03868.ipv6best.cn/Hqxm/Default.aspx	1	http://www.fjetc.gov.cn/Hqxm/Default.aspx	https://www.pingtan.gov.cn/zwgk/gsgg/201408/t20140808_1236.htm
http://www.fjetc.gov.cnx9f909681b3868.ipv6best.cn/	1	www.fjetc.gov.cn	https://www.pingtan.gov.cn/zwgk/ztzl/rlzyygwygl/gzdtjxxgk/201607/t20160713_4946.htm
http://www.fjetc.gov.cnx9f90968623868.ipv6best.cn/Hqxm/Default.aspx	1	http://www.fjetc.gov.cn/Hqxm	https://www.pingtan.gov.cn/zwgk/zfxxgk/dfbmptlj/ptzhsyqbm/ptzhsyqjjf/fdzdgknr/gzdt/201508/t20150818_58427.htm
http://www.fjgat.gov.cnx7c43966fb3868.ipv6best.cn/	1	http://www.pingtan.gov.cn	https://www.pingtan.gov.cn/zwgk/zfxxgk/zfxxgkzd/202311/t20231108_80920.htm
http://www.fjhjpg.comxa66c966e23868.ipv6best.cn/web/index.asp	1	http://www.fjhjpg.com/web/index.asp	https://www.pingtan.gov.cn/zwgk/gsgg/201101/t20110105_808.htm
http://www.fjite.gov.cnxac8d966e03868.ipv6best.cn/	1	www.fjite.gov.cn	https://www.pingtan.gov.cn/zwgk/gsgg/201407/t20140715_1234.htm
http://www.fjjs.gov.cnxacbc968133868.ipv6best.cn/xxgk/zfxxgkzl/zfxxgkml/flfg_zfxxgkml/jskj/201707/t20170711_112646.htm	1	http://www.fjjs.gov.cn/xxgk/zfxxgkzl/zfxxgkml/flfg_zfxxgkml/jskj/201707/t20170711_112646.htm	https://www.pingtan.gov.cn/zwgk/ztzl/jtyjs/gzdthxxgs/201712/t20171205_8480.htm
http://www.fjjs.gov.cnxacbc968223868.ipv6best.cn/xxgk/zfxxgkzl/zfxxgkml/flfg_zfxxgkml/jzsc/201503/t20150302_99007.htm	1	http://www.fjjs.gov.cn/xxgk/zfxxgkzl/zfxxgkml/flfg_zfxxgkml/jzsc/201503/t20150302_99007.htm	https://www.pingtan.gov.cn/zwgk/ztzl/jtyjs/gzdthxxgs/201601/t20160129_3309.htm
http://www.fjjs.gov.cnxacbc968593868.ipv6best.cn:96/deposit/login.aspx	1	http://www.fjjs.gov.cn:96/deposit/login.aspx	https://www.pingtan.gov.cn/zwgk/zfxxgk/dfbmptlj/ptzhsyqbm/ptzhsyqjtj/fdzdgknr/zdjsxmfjhs/201705/t20170518_62231.htm
http://www.fjjs.gov.cnxacbc9686f3868.ipv6best.cn/Xsgl/Wzxs/tabid/156/ArticleID/26908/Default.aspx	1	《关于抓紧填报2010年度福建省建筑能耗和节能信息统计数据的通知》（闽建科函﹝2011﹞63号）	https://www.pingtan.gov.cn/zwgk/zfxxgk/dfbmptlj/ptzhsyqbm/ptzhsyqjtj/fdzdgknr/qtyzdgkdzf/201107/t20110730_53338.htm
http://www.fjpit.edu.cnx3f599680d3868.ipv6best.cn/	1	www.fjpit.edu.cn	https://www.pingtan.gov.cn/zwgk/ztzl/rlzyygwygl/gzdtjxxgk/201810/t20181023_11210.htm
http://www.fjpit.edu.cnx3f59968143868.ipv6best.cn/	1	www.fjpit.edu.cn	https://www.pingtan.gov.cn/zwgk/ztzl/rlzyygwygl/gzdtjxxgk/201710/t20171023_7869.htm
http://www.fjrs.gov.cnxe0c9967263868.ipv6best.cn/	1	http://www.fjrs.gov.cn	https://www.pingtan.gov.cn/zwgk/zdlyxxgk/jysy/202107/t20210709_27064.htm
http://www.fjrs.gov.cnxe0c9967283868.ipv6best.cn/	1	http://www.fjrs.gov.cn	https://www.pingtan.gov.cn/zwgk/zdlyxxgk/jysy/202204/t20220415_33025.htm
http://www.fjrs.gov.cnxe0c9967563868.ipv6best.cn/fjrc/ztzl/ptrczp/rczp/ptsyqjgjzsdw/	1	在线应聘&gt;&gt;&gt;	https://www.pingtan.gov.cn/zwgk/zdlyxxgk/wgjy/201202/t20120214_835.htm
http://www.fjrs.gov.cnxe0c9967573868.ipv6best.cn/fjrc/ztzl/ptrczp/rczp/ptsyqfzyjzx/	1	在线应聘&gt;&gt;&gt;	https://www.pingtan.gov.cn/zwgk/zdlyxxgk/wgjy/201202/t20120214_836.htm
http://www.fjrs.gov.cnxe0c9967583868.ipv6best.cn/fjrc/ztzl/ptrczp/rczp/pthydx/	1	在线应聘&gt;&gt;&gt;	https://www.pingtan.gov.cn/zwgk/zdlyxxgk/wgjy/201202/t20120214_839.htm
http://www.fjrs.gov.cnxe0c9967593868.ipv6best.cn/fjrc/ztzl/ptrczp/rczp/twcxtd/	1	在线应聘&gt;&gt;&gt;	https://www.pingtan.gov.cn/zwgk/zdlyxxgk/wgjy/201202/t20120214_837.htm
http://www.fjrs.gov.cnxe0c9967593868.ipv6best.cn/fjrc/ztzl/ptrczp/rczp/xhyyptfy/	1	在线应聘&gt;&gt;&gt;	https://www.pingtan.gov.cn/zwgk/zdlyxxgk/wgjy/201202/t20120214_840.htm
http://www.fjrs.gov.cnxe0c9967593868.ipv6best.cn/fjrc/ztzl/ptrczp/rczp/xmhztd/	1	在线应聘&gt;&gt;&gt;	https://www.pingtan.gov.cn/zwgk/zdlyxxgk/wgjy/201202/t20120214_838.htm
http://www.fjrs.gov.cnxe0c9968143868.ipv6best.cn/	1	www.fjrs.gov.cn	https://www.pingtan.gov.cn/zwgk/ztzl/rlzyygwygl/gzdtjxxgk/201710/t20171023_7869.htm
http://www.fjsdy.fhidxd0f3967553868.ipv6best.cn/	1	http://www.fjsdy.fhid/	https://www.pingtan.gov.cn/zwgk/zdlyxxgk/hjbh_1/201912/t20191209_18086.htm
http://www.fjsdy.fhidxd0f3968613868.ipv6best.cn/	1	http://www.fjsdy.fhid/	https://www.pingtan.gov.cn/zwgk/zfxxgk/dfbmptlj/ptzhsyqbm/ptzhsyqzrz/fdzdgknr/hjbhjdjcqk/201603/t20160302_59623.htm
http://www.fjsmzt.gov.cnxbd03966ed3868.ipv6best.cn/xxgk/jggk/cxzz/mgj	1	mzt.fujian.gov.cn/mgj/	https://www.pingtan.gov.cn/zwgk/zxwj/bmwj/202102/t20210222_24946.htm
http://www.fjsmzt.gov.cnxbd03968403868.ipv6best.cn/xxgk/jggk/cxzz/mgj	1	mzt.fujian.gov.cn/mgj/	https://www.pingtan.gov.cn/zwgk/zfxxgk/dfbmptlj/ptzhsyqbm/ptzhsyqshs/fdzdgknr/qxjzyfjjsh/202012/t20201205_72469.htm
http://www.fjvs.org%EF%BC%89%E8%BF%9B%E8%A1%8C%E5%BF%97%E6%84%BF%E8%80%85%E7%BB%84%E7%BB%87%E6%B3%A8%E5%86%8C%EF%BC%8C%E5%A1%AB%E5%86%99%E3%80%8A%E5%B9%B3%E6%BD%AD%E7%BB%BC%E5%90%88%E5%AE%9E%E9%AA%8C%E5%8C%BA%E6%96%87%E5%8C%96%E5%BF%97%E6%84%BF%E6%9C%8D%E5%8A%A1%E7%BB%84%E7%BB%87%E7%94%B3%E8%AF%B7%E8%A1%A8%E3%80%8B%E6%88%96%E3%80%8A%E5%B9%B3%E6%BD%AD%E7%BB%BC%E5%90%88%E5%AE%9E%E9%AA%8C%E5%8C%BA%E6%96%87%E5%8C%96%E5%BF%97%E6%84%BF%E8%80%85%E6%8A%A5%E5%90%8D%E8%A1%A8%E3%80%8B%EF%BC%88%E8%A7%81%E9%99%84%E4%BB%B6%EF%BC%89%EF%BC%8C%E5%B9%B6%E5%B0%86%E7%94%B3%E8%AF%B7%E8%A1%A8%E5%8F%91%E8%87%B3%E9%82%AE%E7%AE%B1850218819@qq.com./	1	www.fjvs.org）进行志愿者组织注册，填写《平潭综合实验区文化志愿服务组织申请表》或《平潭综合实验区文化志愿者报名表》（见附件），并将申请表发至邮箱850218819@qq.com。	https://www.pingtan.gov.cn/zwgk/zdlyxxgk/ggtywh/tzgg/202510/t20251029_102388.htm
http://www.fjys.edu.cn/	1	http://www.fjys.edu.cn/	https://www.pingtan.gov.cn/zwgk/zdlyxxgk/jysy/201703/t20170327_6953.htm
http://www.fjyszyxy.xn--com),-9h1hm9unwzex2b2p2c/%E2%80%9C%E7%A6%8F%E5%BB%BA%E7%9C%812024%E5%B9%B4%E5%AF%BC%E6%B8%B8%E8%BF%9C%E7%A8%8B%E6%95%99%E8%82%B2%E5%9F%B9%E8%AE%AD/%E2%80%9D%E5%9B%BE%E6%A0%87%E8%BF%9B%E5%85%A5%E5%9C%A8%E7%BA%BF%E5%9F%B9%E8%AE%AD%E7%B3%BB%E7%BB%9F%E3%80%82	1	http://www.fjyszyxy.com），点击左上角“福建省2024年导游远程教育培训”图标进入在线培训系统。	https://www.pingtan.gov.cn/zwgk/zdlyxxgk/ggtywh/tzgg/202510/t20251030_102555.htm
http://www.fujian.gov.cn/sylm/szyw/202303/t20230315_6131484.htm	1	加快建设农业强国 推进农业农村现代化	https://www.pingtan.gov.cn/zwgk/yw/szywn/202303/t20230315_84752.htm
http://www.fujian.gov.cn/sylm/szyw/202510/t20251028_7027118.htm	1	《中共中央关于制定国民经济和社会发展第十五个五年规划的建议》	https://www.pingtan.gov.cn/zwgk/yw/szywn/202510/t20251029_102343.htm
http://www.fujian.gov.cn/xw/fjyw/201805/t20180525_2531800.htm	1	坚持正确准确 及时注重科学规范&lt;br&gt;我省印发2018年政务公开主要任务	https://www.pingtan.gov.cn/zwgk/zfxxgk/zfxxgkzd/202311/t20231109_80965.htm
http://www.fujian.gov.cn/xw/fjyw/201810/t20181028_4556261.htm	1	我省取消10项行政许可等事项	https://www.pingtan.gov.cn/zwgk/zfxxgk/dfbmptlj/ptzhsyqbm/ptzhsyqhzs/fdzdgknr/hzxkdsxyjt/201907/t20190724_68021.htm
http://www.fujian.gov.cn/zc/flfgjd/szfzcjd/201805/t20180525_2532001.htm	1	2018年政务公开工作主要任务解读【图解】	https://www.pingtan.gov.cn/zwgk/zfxxgk/zfxxgkzd/202311/t20231109_80965.htm
http://www.fujian.gov.cn/zc/flfgjd/szfzcjd/201906/t20190604_4893026.htm	1	图解：2019年福建省政务公开工作的主要任务有哪些？以下是引用片段：	https://www.pingtan.gov.cn/zwgk/zfxxgk/zfxxgkzd/202311/t20231109_80967.htm
http://www.fujian.gov.cn/zwgk/zfxxgk/ysqxxgk/	1	点此提交	https://www.pingtan.gov.cn/zwgk/zxwj/bmwj/202111/t20211126_29180.htm
http://www.fujian.gov.cn/zwgk/zxwj/sqswj/zz/201507/P020150713602637332650.doc	1	平潭综合实验区网格化环保监管体系实施方案	https://www.pingtan.gov.cn/zwgk/zxwj/qgwhwj/201512/t20151230_3062.htm
http://www.fuqing.gov.cn/zfclass.asp?ClassID=1	1	机构职能、主要职能、办事程序信息	https://www.pingtan.gov.cn/zwgk/zfxxgk/zfxxgknb/201204/t20120420_80678.htm
http://www.fuqing.gov.cn/zfclass.asp?ClassID=3	1	政策、规范性文件类信息	https://www.pingtan.gov.cn/zwgk/zfxxgk/zfxxgknb/201204/t20120420_80678.htm
http://www.fuzhou.gov.cn/zwgk/gzdt/szyw/202310/t20231019_4701221.htm	1	第三届“一带一路”国际合作高峰论坛务实合作项目清单	https://www.pingtan.gov.cn/zwgk/yw/szywn/202310/t20231019_85213.htm
http://www.fuzhou.gov.cn/zwgk/gzdt/szyw/202310/t20231019_4701227.htm	1	第三届“一带一路”国际合作高峰论坛多边合作成果文件清单	https://www.pingtan.gov.cn/zwgk/yw/szywn/202310/t20231019_85213.htm
http://www.fuzhou.gov.cn/zwgk/gzdt/szyw/202311/t20231103_4710378.htm	1	李克强同志生平照片	https://www.pingtan.gov.cn/zwgk/yw/szywn/202311/t20231103_85253.htm
http://www.fwsir.comxbe6e9681f3868.ipv6best.cn/shizheng/List/List_256.html	1	党风廉政建设	https://www.pingtan.gov.cn/zwgk/ztzl/jtyjs/gzdthxxgs/201603/t20160321_3982.htm
http://www.fwsir.comxbe6e9681f3868.ipv6best.cn/xinde/List/List_444.html	1	培训	https://www.pingtan.gov.cn/zwgk/ztzl/jtyjs/gzdthxxgs/201603/t20160321_3982.htm
http://www.fwsir.comxbe6e968613868.ipv6best.cn/shizheng/List/List_256.html	1	党风廉政建设	https://www.pingtan.gov.cn/zwgk/zfxxgk/dfbmptlj/ptzhsyqbm/ptzhsyqjtj/fdzdgknr/qtyzdgkdzf/201603/t20160321_59768.htm
http://www.fwsir.comxbe6e968613868.ipv6best.cn/xinde/List/List_444.html	1	培训	https://www.pingtan.gov.cn/zwgk/zfxxgk/dfbmptlj/ptzhsyqbm/ptzhsyqjtj/fdzdgknr/qtyzdgkdzf/201603/t20160321_59768.htm
http://www.fzepb.gov.cnxa6a69686c3868.ipv6best.cn/	1	http://www.fzies.gov.cn	https://www.pingtan.gov.cn/zwgk/zfxxgk/dfbmptlj/ptzhsyqbm/ptzhsyqzrz/fdzdgknr/hjbhjdjcqk/201306/t20130620_54661.htm
http://www.gapp.gov.cnxf855967163868.ipv6best.cn/%EF%BC%89%E7%A1%AE%E8%AE%A4%E7%94%B3%E6%8A%A5%E4%BA%BA%E5%91%98%E6%8F%90%E4%BE%9B%E7%9A%84%E5%88%8A%E7%89%A9%E6%98%AF%E5%90%A6%E4%B8%BA%E6%96%B0%E9%97%BB%E5%87%BA%E7%89%88%E4%B8%BB%E7%AE%A1%E9%83%A8%E9%97%A8%E6%89%B9%E5%87%86%E5%8F%91%E8%A1%8C%EF%BC%8C%E5%B9%B6%E6%8C%89%E3%80%8A%E4%B8%AD%E5%9B%BD%E5%9B%BE%E4%B9%A6%E9%A6%86%E5%88%86%E7%B1%BB%E6%B3%95%E3%80%8B%E6%A0%87%E5%87%86%E7%A1%AE%E8%AE%A4%E6%98%AF%E5%90%A6%E4%B8%BA%E6%9C%AC%E4%B8%93%E4%B8%9A%E3%80%81%E6%9C%AC%E5%AD%A6%E7%A7%91	1	）确认申报人员提供的刊物是否为新闻出版主管部门批准发行，并按《中国图书馆分类法》标准确认是否为本专业、本学科	https://www.pingtan.gov.cn/zwgk/zdlyxxgk/jysy/202301/t20230118_43345.htm
http://www.gapp.gov.cnxf855967243868.ipv6best.cn/%EF%BC%89%E7%A1%AE%E8%AE%A4%E7%94%B3%E6%8A%A5%E4%BA%BA%E5%91%98%E6%8F%90%E4%BE%9B%E7%9A%84%E5%88%8A%E7%89%A9%E6%98%AF%E5%90%A6%E4%B8%BA%E6%96%B0%E9%97%BB%E5%87%BA%E7%89%88%E4%B8%BB%E7%AE%A1%E9%83%A8%E9%97%A8%E6%89%B9%E5%87%86%E5%8F%91%E8%A1%8C%EF%BC%8C%E5%B9%B6%E6%8C%89%E3%80%8A%E4%B8%AD%E5%9B%BD%E5%9B%BE%E4%B9%A6%E9%A6%86%E5%88%86%E7%B1%BB%E6%B3%95%E3%80%8B%E6%A0%87%E5%87%86%E7%A1%AE%E8%AE%A4%E6%98%AF%E5%90%A6%E4%B8%BA%E6%9C%AC%E4%B8%93%E4%B8%9A%E3%80%81%E6%9C%AC%E5%AD%A6%E7%A7%91	1	www. sapprft.gov.cn/）确认申报人员提供的刊物是否为新闻出版主管部门批准发行，并按《中国图书馆分类法》标准确认是否为本专业、本学科	https://www.pingtan.gov.cn/zwgk/zdlyxxgk/jysy/202110/t20211029_28829.htm
http://www.gapp.gov.cnxf8559682c3868.ipv6best.cn/%EF%BC%89%E7%A1%AE%E8%AE%A4%E7%94%B3%E6%8A%A5%E4%BA%BA%E5%91%98%E6%8F%90%E4%BE%9B%E7%9A%84%E5%88%8A%E7%89%A9%E6%98%AF%E5%90%A6%E4%B8%BA%E6%96%B0%E9%97%BB%E5%87%BA%E7%89%88%E4%B8%BB%E7%AE%A1%E9%83%A8%E9%97%A8%E6%89%B9%E5%87%86%E5%8F%91%E8%A1%8C%EF%BC%8C%E5%B9%B6%E6%8C%89%E3%80%8A%E4%B8%AD%E5%9B%BD%E5%9B%BE%E4%B9%A6%E9%A6%86%E5%88%86%E7%B1%BB%E6%B3%95%E3%80%8B%E6%A0%87%E5%87%86%E7%A1%AE%E8%AE%A4%E6%98%AF%E5%90%A6%E4%B8%BA%E6%9C%AC%E4%B8%93%E4%B8%9A%E3%80%81%E6%9C%AC%E5%AD%A6%E7%A7%91	1	）确认申报人员提供的刊物是否为新闻出版主管部门批准发行，并按《中国图书馆分类法》标准确认是否为本专业、本学科	https://www.pingtan.gov.cn/zwgk/zfxxgk/dfbmptlj/ptzhsyqbm/ptzhsyqshs/fdzdgknr/shjzywjyyl/202401/t20240130_86681.htm
http://www.gapp.gov.cnxf855968313868.ipv6best.cn/%EF%BC%89%E7%A1%AE%E8%AE%A4%E7%94%B3%E6%8A%A5%E4%BA%BA%E5%91%98%E6%8F%90%E4%BE%9B%E7%9A%84%E5%88%8A%E7%89%A9%E6%98%AF%E5%90%A6%E4%B8%BA%E6%96%B0%E9%97%BB%E5%87%BA%E7%89%88%E4%B8%BB%E7%AE%A1%E9%83%A8%E9%97%A8%E6%89%B9%E5%87%86%E5%8F%91%E8%A1%8C%EF%BC%8C%E5%B9%B6%E6%8C%89%E3%80%8A%E4%B8%AD%E5%9B%BD%E5%9B%BE%E4%B9%A6%E9%A6%86%E5%88%86%E7%B1%BB%E6%B3%95%E3%80%8B%E6%A0%87%E5%87%86%E7%A1%AE%E8%AE%A4%E6%98%AF%E5%90%A6%E4%B8%BA%E6%9C%AC%E4%B8%93%E4%B8%9A%E3%80%81%E6%9C%AC%E5%AD%A6%E7%A7%91	1	）确认申报人员提供的刊物是否为新闻出版主管部门批准发行，并按《中国图书馆分类法》标准确认是否为本专业、本学科	https://www.pingtan.gov.cn/zwgk/zfxxgk/dfbmptlj/ptzhsyqbm/ptzhsyqshs/fdzdgknr/shjzywjyyl/202301/t20230119_77736.htm
http://www.gov.cn/xinwen/2018-05/25/content_5293543.htm	1	javascript:void(0);/*1527234563858*/	https://www.pingtan.gov.cn/zwgk/gsgg/201805/t20180525_9811.htm
http://www.gov.cn/zhuanti/2020qglh/index.htm	1		https://www.pingtan.gov.cn/zwgk/yw/ptyw/202005/t20200526_20950.htm
http://www.hbsafety.cnx48b2968223868.ipv6best.cn/article/33/	1	事故	https://www.pingtan.gov.cn/zwgk/ztzl/jtyjs/gzdthxxgs/201602/t20160201_3416.htm
http://www.hbsafety.cnx48b2968223868.ipv6best.cn/article/65/	1	火灾	https://www.pingtan.gov.cn/zwgk/ztzl/jtyjs/gzdthxxgs/201602/t20160201_3416.htm
http://www.hbsafety.cnx48b2968223868.ipv6best.cn/article/73/	1	应急救援	https://www.pingtan.gov.cn/zwgk/ztzl/jtyjs/gzdthxxgs/201602/t20160201_3416.htm
http://www.hbsafety.cnx48b2968223868.ipv6best.cn/article/77/	1	危险化学品	https://www.pingtan.gov.cn/zwgk/ztzl/jtyjs/gzdthxxgs/201602/t20160201_3416.htm
http://www.hbsafety.cnx48b2968663868.ipv6best.cn/article/33/	1	事故	https://www.pingtan.gov.cn/zwgk/zfxxgk/dfbmptlj/ptzhsyqbm/ptzhsyqjtj/fdzdgknr/qtyzdgkdzf/201505/t20150528_58008.htm
http://www.hbsafety.cnx48b2968663868.ipv6best.cn/article/65/	1	火灾	https://www.pingtan.gov.cn/zwgk/zfxxgk/dfbmptlj/ptzhsyqbm/ptzhsyqjtj/fdzdgknr/qtyzdgkdzf/201505/t20150528_58008.htm
http://www.hbsafety.cnx48b2968663868.ipv6best.cn/article/73/	1	应急救援	https://www.pingtan.gov.cn/zwgk/zfxxgk/dfbmptlj/ptzhsyqbm/ptzhsyqjtj/fdzdgknr/qtyzdgkdzf/201505/t20150528_58008.htm
http://www.hbsafety.cnx48b2968663868.ipv6best.cn/article/77/	1	危险化学品	https://www.pingtan.gov.cn/zwgk/zfxxgk/dfbmptlj/ptzhsyqbm/ptzhsyqjtj/fdzdgknr/qtyzdgkdzf/201505/t20150528_58008.htm
http://www.hbsjy.comx1ff7966e23868.ipv6best.cn/	1	http://www.hbsjy.com/	https://www.pingtan.gov.cn/zwgk/gsgg/201105/t20110511_813.htm
http://www.hxnews.com/news/fj/	1	福建省	https://www.pingtan.gov.cn/zwgk/ztzl/zmsgzl/202306/t20230621_47527.htm
http://www.hxnews.com/news/fj/pingtan/	1	平潭	https://www.pingtan.gov.cn/zwgk/ztzl/zmsgzl/202306/t20230621_47527.htm
http://www.hxnews.com/news/la/	1	海峡两岸	https://www.pingtan.gov.cn/zwgk/ztzl/zmsgzl/202306/t20230621_47527.htm
http://www.jszg.edu.cnx2667967193868.ipv6best.cn/	1	www.jszg.edu.cn	https://www.pingtan.gov.cn/zwgk/zdlyxxgk/jysy/202209/t20220928_36381.htm
http://www.jszg.edu.cnx26679671e3868.ipv6best.cn/	1	www.jszg.edu.cn	https://www.pingtan.gov.cn/zwgk/zdlyxxgk/jysy/202205/t20220505_33553.htm
http://www.jszg.edu.cnx2667967283868.ipv6best.cn/	1	www.jszg.edu.cn	https://www.pingtan.gov.cn/zwgk/zdlyxxgk/jysy/202204/t20220415_33022.htm
http://www.lfw.pt.gov.cnx1fd1966f13868.ipv6best.cn/	1	www.lfw.pt.gov.cn	https://www.pingtan.gov.cn/zwgk/zxwj/bmwj/202001/t20200106_19090.htm
http://www.liuxue86.comx983d9683c3868.ipv6best.cn/fanwen/gwxz/	1	公文写作	https://www.pingtan.gov.cn/zwgk/zfxxgk/dfbmptlj/ptzhsyqbm/ptzhsyqshs/fdzdgknr/shjzywjyyl/202109/t20210904_74649.htm
http://www.mca.gov.cn/	1	www.mca.gov.cn	https://www.pingtan.gov.cn/zwgk/gsgg/202108/t20210805_27466.htm
http://www.mct.gov.xn--cn)-128dw501a./	1	www.mct.gov.cn）下载。	https://www.pingtan.gov.cn/zwgk/zdlyxxgk/ggtywh/tzgg/202511/t20251107_103015.htm
http://www.mee.gov.cn/xxgk2018/xxgk/xxgk06/202012/W020201224438315605938.pdf	1	1.建设项目环境影响报告书审批基础信息表	https://www.pingtan.gov.cn/zwgk/gsgg/202101/t20210106_24393.htm
http://www.mee.gov.cn/xxgk2018/xxgk/xxgk06/202012/W020201224438319639023.pdf	1	2.建设项目环境影响报告书审批基础信息表填写说明	https://www.pingtan.gov.cn/zwgk/gsgg/202101/t20210106_24393.htm
http://www.mempe.org.cnx30f39671d3868.ipv6best.cn/upload/202205/23/202205231055534566.docx	1	应急安全宣教走基层活动申请表	https://www.pingtan.gov.cn/zwgk/zdlyxxgk/aqsc_1/xgwj/202206/t20220614_34433.htm
http://www.mitu.cn/	1	http://www.mitu.cn/	https://www.pingtan.gov.cn/zwgk/ztzl/rlzyygwygl/gzdtjxxgk/201905/t20190505_13899.htm
http://www.mofcom.gov.cn/article/b/g/201507/javascript:void(0)	1	加工贸易	https://www.pingtan.gov.cn/zwgk/ztzl/zsycycj/yhzc/201910/t20191023_16398.htm
http://www.mohurd.gov.cn/wbdt/xzzx/zzfjbz/w02015090220803047648395468.pdf	1	建筑业企业资质标准	https://www.pingtan.gov.cn/zwgk/zfxxgk/dfbmptlj/ptzhsyqbm/ptzhsyqjtj/fdzdgknr/qtyzdgkdzf/201806/t20180629_65662.htm
http://www.mswk.cnx953e968003868.ipv6best.cn/Article/List/List_87.html	1	宣传	https://www.pingtan.gov.cn/zwgk/ztzl/jczwgkbzhgfh/sdpq/htpq/gzdt/202102/t20210204_24846.htm
http://www.mswk.cnx953e9683f3868.ipv6best.cn/Article/List/List_87.html	1	宣传	https://www.pingtan.gov.cn/zwgk/zfxxgk/dfbmptlj/ptzhsyqpq/ptzhsyqhtp/fdzdgknr/hjbhggwsaq/202102/t20210204_72770.htm
http://www.news.cn/20251008/dfcd560225804b778c09ab7e70270ad7/c.html	1		https://www.pingtan.gov.cn/zwgk/zdlyxxgk/ggtywh/wlxx/202510/t20251010_101915.htm
http://www.news.cn/politics/20240513/22f264c90c7d42ce98d7bac17a8a5894/c.html	1		https://www.pingtan.gov.cn/zwgk/yw/szywn/202405/t20240514_89988.htm
http://www.news.cn/politics/leaders/20240306/7c11fb6c36b84d029f82b997d7b00fae/c.html	1		https://www.pingtan.gov.cn/zwgk/yw/szywn/202403/t20240307_87813.htm
http://www.news.cn/politics/leaders/20240616/e82b419535f54bbd95c1b716c37e6d1f/c.html	1		https://www.pingtan.gov.cn/zwgk/yw/szywn/202406/t20240617_91032.htm
http://www.news.cn/politics/leaders/20240828/14c08ba37fcd4896a6350a618977f49b/c.html	1		https://www.pingtan.gov.cn/zwgk/yw/szywn/202408/t20240829_93271.htm
http://www.news.cn/politics/leaders/20241124/8140e769097c48cb9c6a19d3cf73731e/c.html	1		https://www.pingtan.gov.cn/zwgk/yw/szywn/202411/t20241125_95263.htm
http://www.njhs.moa.gov.cn/qcjxhtjxd/201711/t20171102_6297017.htm	1	http://www.njhs.moa.gov.cn/qcjxhtjxd/201711/t20171102_6297017.htm	https://www.pingtan.gov.cn/zwgk/zdlyxxgk/snbt/202211/t20221122_41013.htm
http://www.nyjx.cnx94b1967453868.ipv6best.cn/	1	农业机械	https://www.pingtan.gov.cn/zwgk/zdlyxxgk/snbt/202211/t20221122_41300.htm
http://www.nyjx.cnx94b19681d3868.ipv6best.cn/	1	农业机械	https://www.pingtan.gov.cn/zwgk/ztzl/snxx/201605/t20160511_4295.htm
http://www.pingtan.gov.cn%EF%BC%89%E8%BF%9B%E8%A1%8C%E6%89%B9%E5%89%8D%E5%85%AC%E7%A4%BA%EF%BC%8C%E5%BE%81%E8%AF%A2%E5%85%AC%E4%BC%97%E6%84%8F%E8%A7%81%E3%80%82%E5%85%AC%E7%A4%BA%E6%97%B6%E9%97%B4%E4%B8%BA2026%E5%B9%B42%E6%9C%8813%E6%97%A5%E8%87%B32026%E5%B9%B43%E6%9C%884%E6%97%A5%EF%BC%88%E5%8D%81%E4%B8%AA%E5%B7%A5%E4%BD%9C%E6%97%A5%EF%BC%89%E3%80%82%E5%85%AC%E7%A4%BA%E6%9C%9F%E9%97%B4%EF%BC%8C%E5%A6%82%E6%9C%89%E6%84%8F%E8%A7%81%EF%BC%8C%E8%AF%B7%E4%BA%8E%E5%85%AC%E7%A4%BA%E6%9C%9F%E5%86%85%E4%B9%A6%E9%9D%A2%E5%8F%8D%E9%A6%88%E8%87%B3%E5%B9%B3%E6%BD%AD%E7%BB%BC%E5%90%88%E5%AE%9E%E9%AA%8C%E5%8C%BA%E8%87%AA%E7%84%B6%E8%B5%84%E6%BA%90%E4%B8%8E%E7%94%9F%E6%80%81%E7%8E%AF%E5%A2%83%E5%B1%80%E7%A9%BA%E9%97%B4%E8%A7%84%E5%88%92%E7%BC%96%E5%88%B6%E4%B8%8E%E7%AE%A1%E7%90%86%E5%A4%84%E3%80%82%E5%8F%8D%E9%A6%88%E6%9D%90%E6%96%99%E4%B8%AD%E8%AF%B7%E6%B3%A8%E6%98%8E%E7%9C%9F%E5%AE%9E%E5%A7%93%E5%90%8D%E3%80%81%E8%81%94%E7%B3%BB%E7%94%B5%E8%AF%9D%E3%80%81%E8%81%94%E7%B3%BB%E5%9C%B0%E5%9D%80%EF%BC%8C%E5%A6%82%E5%8F%8D%E9%A6%88%E6%84%8F%E8%A7%81%E4%BF%A1%E6%81%AF%E4%B8%8D%E5%87%86%E7%A1%AE%E6%88%96%E4%B8%8D%E5%AE%8C%E6%95%B4%EF%BC%8C%E4%B8%94%E6%97%A0%E6%B3%95%E5%8F%8A%E6%97%B6%E8%BF%9B%E4%B8%80%E6%AD%A5%E6%A0%B8%E5%AF%B9%E6%9C%89%E5%85%B3%E6%83%85%E5%86%B5%E7%9A%84%EF%BC%8C%E8%A7%86%E4%B8%BA%E6%97%A0%E6%95%88%E6%84%8F%E8%A7%81%E3%80%82%E5%8F%8D%E9%A6%88%E8%B6%85%E5%87%BA%E5%85%AC%E7%A4%BA%E6%9C%9F%E7%9A%84%EF%BC%8C%E8%A7%86%E4%B8%BA%E6%97%A0%E6%95%88%E6%84%8F%E8%A7%81%E4%B8%8D%E4%BA%88%E9%87%87%E7%BA%B3%E3%80%82%E5%85%AC%E7%A4%BA%E6%97%A0%E5%BC%82%E8%AE%AE%E5%90%8E%EF%BC%8C%E6%88%91%E5%B1%80%E6%8B%9F%E6%A0%B8%E5%8F%91%E8%AF%A5%E9%A1%B9%E7%9B%AE%E5%BB%BA%E8%AE%BE%E5%B7%A5%E7%A8%8B%E8%A7%84%E5%88%92%E8%AE%B8%E5%8F%AF%E8%AF%81%E3%80%82%E9%99%84%E6%B3%A8%EF%BC%9A1.%E9%99%84%E5%9B%BE%EF%BC%9A%E6%80%BB%E5%B9%B3%E9%9D%A2%E5%9B%BE%EF%BC%9B%E6%9C%80%E7%BB%88%E8%A7%84%E5%88%92%E8%AE%BE%E8%AE%A1%E6%96%B9%E6%A1%88%E4%BB%A5%E6%A0%B8%E5%8F%91%E5%BB%BA%E8%AE%BE%E5%B7%A5%E7%A8%8B%E8%A7%84%E5%88%92%E8%AE%B8%E5%8F%AF%E8%AF%81%E7%9A%84%E9%99%84%E4%BB%B6%E4%B8%BA%E5%87%86%E3%80%822%EF%BC%8E%E5%8C%BA%E8%87%AA%E7%84%B6%E8%B5%84%E6%BA%90%E4%B8%8E%E7%94%9F%E6%80%81%E7%8E%AF%E5%A2%83%E5%B1%80%E7%A9%BA%E9%97%B4%E8%A7%84%E5%88%92%E7%BC%96%E5%88%B6%E4%B8%8E%E7%AE%A1%E7%90%86%E5%A4%84%E5%8A%9E%E5%85%AC%E5%9C%B0%E7%82%B9%EF%BC%9A%E5%B9%B3%E6%BD%AD%E7%BB%BC%E5%90%88%E5%AE%9E%E9%AA%8C%E5%8C%BA%E9%87%91%E4%BA%95%E6%B9%BE%E5%95%86%E5%8A%A1%E8%90%A5%E8%BF%90%E4%B8%AD%E5%BF%837%E5%8F%B7%E6%A5%BC7%E5%B1%82%E3%80%823%EF%BC%8E%E8%81%94%E7%B3%BB%E4%BA%BA%EF%BC%9A%E6%96%BD%E5%B7%A5%EF%BC%8C%E8%81%94%E7%B3%BB%E6%96%B9%E5%BC%8F%EF%BC%9A0591-23163343%EF%BC%8C%E7%94%B5%E5%AD%90%E9%82%AE%E7%AE%B1%EF%BC%9Azystjjgc@163.com./	1	www.pingtan.gov.cn）进行批前公示，征询公众意见。公示时间为2026年2月13日至2026年3月4日（十个工作日）。公示期间，如有意见，请于公示期内书面反馈至平潭综合实验区自然资源与生态环境局空间规划编制与管理处。反馈材料中请注明真实姓名、联系电话、联系地址，如反馈意见信息不准确或不	https://www.pingtan.gov.cn/zwgk/gsgg/202602/t20260225_105284.htm
http://www.pingtan.gov.cn)./	1	http://www.pingtan.gov.cn）。	https://www.pingtan.gov.cn/zwgk/gsgg/202603/t20260327_105870.htm
http://www.pingtan.gov.cn)/%E2%80%9C%E5%85%AC%E7%A4%BA%E5%85%AC%E5%91%8A/%E2%80%9D%E6%A0%8F%E4%B8%8B%E8%BD%BD%E6%8A%A5%E5%90%8D%E8%A1%A8%EF%BC%8C%E7%BB%8F%E6%89%80%E5%9C%A8%E5%BE%8B%E5%B8%88%E4%BA%8B%E5%8A%A1%E6%89%80%E7%AD%BE%E7%AB%A0%E5%90%8C%E6%84%8F%E5%90%8E%EF%BC%8C%E5%B0%86%E6%8A%A5%E5%90%8D%E8%A1%A8%E3%80%81%E7%AC%A6%E5%90%88%E8%B5%84%E6%A0%BC%E6%9D%A1%E4%BB%B6%E7%9A%84%E8%AF%81%E6%98%8E%E6%9D%90%E6%96%99%E5%A4%8D%E5%8D%B0%E4%BB%B6%E7%AD%89%E7%9B%B8%E5%85%B3%E6%9D%90%E6%96%99%E4%BA%8E2020%E5%B9%B46%E6%9C%888	1	www.pingtan.gov.cn)“公示公告”栏下载报名表，经所在律师事务所签章同意后，将报名表、报价单、符合资格条件的证明材料复印件等相关材料于2021年5月5	https://www.pingtan.gov.cn/zwgk/gsgg/202204/t20220426_33404.htm
http://www.pingtan.gov.xn--cn),-8z5f87lnnbg48bo0h33d6u4b465bwy8a./	1	www.pingtan.gov.cn),征求利害关系人意见。	https://www.pingtan.gov.cn/zwgk/zdlyxxgk/ssjygk/sjccjg/202605/t20260521_106841.htm
http://www.pingtan.gov.xn--cn),-je6fn7jba11ph30d1iduzehr4g46zbqjeqrjy6q./	1	www.pingtan.gov.cn)进行批前公示,征询公众意见。	https://www.pingtan.gov.cn/zwgk/gsgg/202605/t20260520_106775.htm
http://www.pingtan.gov.xn--cn)pdf-dt3eia5030eqha30b04aog48bucw6i4vkia4s39b04ustcdv3f4gnja20bn03aoin98w8ilz0gnpbw09zza0583bhkcv033aga7201cha750y9ma./	1	www.pingtan.gov.cn)的《信息公开专栏》中以PDF文件格式公开本部门及所属单位的部门预决算等具体事项。	https://www.pingtan.gov.cn/zwgk/zfxxgk/dfbmptlj/ptzhsyqbm/ptzhsyqzhz/fdzdgknr/czysjsbg/202108/t20210809_74188.htm
http://www.ptgh.gov.cnx42d8966c33868.ipv6best.cn/	1	www.pingtan.gov.cn	https://www.pingtan.gov.cn/zwgk/gsgg/202206/t20220614_34397.htm
http://www.ptgh.gov.cnx42d8966ce3868.ipv6best.cn/	1	www.pingtan.gov.cn	https://www.pingtan.gov.cn/zwgk/gsgg/202007/t20200702_21627.htm
http://www.ptgh.gov.cnx42d8966d23868.ipv6best.cn/	1	www.pingtan.gov.cn	https://www.pingtan.gov.cn/zwgk/gsgg/202003/t20200316_19911.htm
http://www.ptgh.gov.cnx42d8966d33868.ipv6best.cn/	1	www.pingtan.gov.cn	https://www.pingtan.gov.cn/zwgk/gsgg/201911/t20191101_16585.htm
http://www.ptgh.gov.cnx42d8966d43868.ipv6best.cn/	1	&nbsp;www.pingtan.gov.cn	https://www.pingtan.gov.cn/zwgk/gsgg/201910/t20191018_16332.htm
http://www.ptgh.gov.cnx42d8966d63868.ipv6best.cn/	1	http://www.pingtan.gov.cn/	https://www.pingtan.gov.cn/zwgk/gsgg/201905/t20190520_14079.htm
http://www.ptgh.gov.cnx42d8967f13868.ipv6best.cn/	1	www.pingtan.gov.cn	https://www.pingtan.gov.cn/zwgk/ztzl/jczwgkbzhgfh/qzbm/cxgh/202206/t20220614_34414.htm
http://www.ptgtjt.comx44c0968173868.ipv6best.cn/	1	www.ptgtjt.com	https://www.pingtan.gov.cn/zwgk/ztzl/rlzyygwygl/gzdtjxxgk/201701/t20170125_6600.htm
http://www.ptht.gov.cnxe53a9673e3868.ipv6best.cn/	1	http://www.ptht.gov.cn/	https://www.pingtan.gov.cn/zwgk/zdlyxxgk/ggtywh/tzgg/202511/t20251104_102860.htm
http://www.ptjj.gov.cnxe53c966e03868.ipv6best.cn/	1	http://www.ptjj.gov.cn	https://www.pingtan.gov.cn/zwgk/gsgg/201409/t20140901_1246.htm
http://www.ptjj.gov.cnxe53c968083868.ipv6best.cn/	1	www.ptjj.gov.cn	https://www.pingtan.gov.cn/zwgk/ztzl/jtyjs/gzdthxxgs/201903/t20190318_12983.htm
http://www.ptjj.gov.cnxe53c9680d3868.ipv6best.cn/	1	www.ptjj.gov.cn	https://www.pingtan.gov.cn/zwgk/ztzl/jtyjs/gzdthxxgs/201808/t20180829_10734.htm
http://www.ptjj.gov.cnxe53c968153868.ipv6best.cn/	1	www.ptjj.gov.cn	https://www.pingtan.gov.cn/zwgk/ztzl/jtyjs/gzdthxxgs/201708/t20170810_7577.htm
http://www.ptjj.gov.cnxe53c968193868.ipv6best.cn/	1	www.ptjj.gov.cn	https://www.pingtan.gov.cn/zwgk/ztzl/jtyjs/gzdthxxgs/201611/t20161102_5834.htm
http://www.ptjj.gov.cnxe53c968203868.ipv6best.cn/UploadFile/Editor/file/20160128/20160128153730_0319.xls	1		https://www.pingtan.gov.cn/zwgk/ztzl/jtyjs/gzdthxxgs/201601/t20160129_3331.htm
http://www.ptjj.gov.cnxe53c968213868.ipv6best.cn/UploadFile/Editor/file/20151029/20151029170154_5422.xls	1		https://www.pingtan.gov.cn/zwgk/ztzl/jtyjs/gzdthxxgs/201601/t20160129_3339.htm
http://www.ptjj.gov.cnxe53c968233868.ipv6best.cn/	1	http://www.ptjj.gov.cn	https://www.pingtan.gov.cn/zwgk/ztzl/jtyjs/gzdthxxgs/201601/t20160129_3315.htm
http://www.ptjj.gov.cnxe53c968233868.ipv6best.cn/UploadFile/Editor/file/20141021/20141021103614_9063.xlsx	1	各乡镇民政审核结果公示	https://www.pingtan.gov.cn/zwgk/ztzl/jtyjs/gzdthxxgs/201601/t20160129_3368.htm
http://www.ptjj.gov.cnxe53c968693868.ipv6best.cn/	1	http://www.ptjj.gov.cn	https://www.pingtan.gov.cn/zwgk/zfxxgk/dfbmptlj/ptzhsyqbm/ptzhsyqjtj/fdzdgknr/qtyzdgkdzf/201408/t20140830_57190.htm
http://www.ptnet.cn/news/2015-03/18/t10124.html	1	平潭网	https://www.pingtan.gov.cn/zwgk/zdlyxxgk/zdxmjs/zhxx/202211/t20221117_39111.htm
http://www.ptnet.cn/news/2015-03/18/t10134.html	1	平潭网	https://www.pingtan.gov.cn/zwgk/zdlyxxgk/zdxmjs/zhxx/202211/t20221117_39112.htm
http://www.ptnet.cn/news/2015-03/19/t10370.html	1	文章来源：平潭网	https://www.pingtan.gov.cn/zwgk/zdlyxxgk/zdxmjs/zhxx/202211/t20221117_39110.htm
http://www.ptnet.cn/news/2015-03/20/t10616.html	1	平潭网	https://www.pingtan.gov.cn/zwgk/zdlyxxgk/zdxmjs/zhxx/202211/t20221117_39107.htm
http://www.ptnet.cn/news/2015-03/20/t10618.html	1	平潭网	https://www.pingtan.gov.cn/zwgk/zdlyxxgk/zdxmjs/zhxx/202211/t20221117_39108.htm
http://www.ptnet.cn/news/2015-03/20/t10625.html	1	平潭网	https://www.pingtan.gov.cn/zwgk/zdlyxxgk/zdxmjs/zhxx/202211/t20221117_39109.htm
http://www.ptnet.cn/news/2015-03/31/t12364.html	1	平潭时报	https://www.pingtan.gov.cn/zwgk/zdlyxxgk/zdxmjs/zhxx/202211/t20221117_39102.htm
http://www.ptnet.cn/news/2015-03/31/t12369.html	1	平潭时报	https://www.pingtan.gov.cn/zwgk/zdlyxxgk/zdxmjs/zhxx/202211/t20221117_39103.htm
http://www.ptnet.cn/news/2015-03/31/t12371.html	1	平潭时报&nbsp;	https://www.pingtan.gov.cn/zwgk/zdlyxxgk/zdxmjs/zhxx/202211/t20221117_39104.htm
http://www.ptnet.cn/news/2015-03/31/t12374.html	1	平潭时报 &nbsp;	https://www.pingtan.gov.cn/zwgk/zdlyxxgk/zdxmjs/zhxx/202211/t20221117_39105.htm
http://www.ptnet.cn/news/2015-04/07/t13728.html	1	平潭网&nbsp;	https://www.pingtan.gov.cn/zwgk/zdlyxxgk/zdxmjs/zhxx/202211/t20221117_39100.htm
http://www.ptnet.cn/news/2015-04/07/t13734.html	1	平潭网	https://www.pingtan.gov.cn/zwgk/zdlyxxgk/zdxmjs/zhxx/202211/t20221117_39101.htm
http://www.ptnet.cn/news/2015-04/11/t14953.html	1	http://www.ptnet.cn/news/2015-04/11/t14953.html	https://www.pingtan.gov.cn/zwgk/yw/ptyw/201510/t20151029_1548.htm
http://www.ptnet.cn/news/2015-04/14/t15760.html	1	http://www.ptnet.cn/news/2015-04/14/t15760.html	https://www.pingtan.gov.cn/zwgk/yw/ptyw/201510/t20151029_1546.htm
http://www.ptnet.cn/news/2015-04/17/t16692.html	1	http://www.ptnet.cn/news/2015-04/17/t16692.html	https://www.pingtan.gov.cn/zwgk/yw/ptyw/201510/t20151029_1545.htm
http://www.ptnet.cn/news/2015-04/20/t16903.html	1	文章来源：平潭网	https://www.pingtan.gov.cn/zwgk/zdlyxxgk/zdxmjs/zhxx/202211/t20221117_39097.htm
http://www.ptnet.cn/news/2015-04/20/t16905.html	1	文章来源：平潭网&nbsp;	https://www.pingtan.gov.cn/zwgk/zdlyxxgk/zdxmjs/zhxx/202211/t20221117_39096.htm
http://www.ptshsyj.gov.cnx7a7a9670c3868.ipv6best.cn/	1	http://www.pingtan.gov.cn/	https://www.pingtan.gov.cn/zwgk/zdlyxxgk/jysy/202309/t20230928_50538.htm
http://www.ptshsyj.gov.cnx7a7a967123868.ipv6best.cn/	1	http://www.pingtan.gov.cn/	https://www.pingtan.gov.cn/zwgk/zdlyxxgk/jysy/202305/t20230518_46629.htm
http://www.ptshsyj.gov.cnx7a7a967133868.ipv6best.cn/	1	http://www.pingtan.gov.cn/	https://www.pingtan.gov.cn/zwgk/zdlyxxgk/jysy/202303/t20230323_45092.htm
http://www.ptshsyj.gov.cnx7a7a967283868.ipv6best.cn/	1	http://www.pingtan.gov.cn/	https://www.pingtan.gov.cn/zwgk/zdlyxxgk/jysy/202204/t20220415_33025.htm
http://www.ptshsyj.gov.cnx7a7a967353868.ipv6best.cn/	1	http://www.pingtan.gov.cn/	https://www.pingtan.gov.cn/zwgk/zdlyxxgk/jysy/202204/t20220415_33057.htm
http://www.ptshsyj.gov.cnx7a7a967fc3868.ipv6best.cn/	1	http://www.pingtan.gov.cn/	https://www.pingtan.gov.cn/zwgk/ztzl/jczwgkbzhgfh/qzbm/ywjy/202108/t20210818_27670.htm
http://www.ptshsyj.gov.cnx7a7a9681b3868.ipv6best.cn/)%E3%80%82	1	http://www.ptshsyj.gov.cn/)。	https://www.pingtan.gov.cn/zwgk/yw/ptyw/201607/t20160705_4858.htm
http://www.pttourism.comx0c1e966ca3868.ipv6best.cn/news.aspx?cateid=9	1	http://www.pttourism.com	https://www.pingtan.gov.cn/zwgk/gsgg/202106/t20210604_26509.htm
http://www.ptzbtb.comxe523968233868.ipv6best.cn:8002/manage/biddingResult_view.html?tpid=5440caf549600105987bfc34&amp;id=54729892496001093c884e18&amp;resend=false&amp;ProjName=%E5%B9%B3%E6%BD%AD%E7%BB%BC%E5%90%88%E5%AE%9E%E9%AA%8C%E5%8C%BA%E5%B2%9A%E5%9F%8E%E5%AE%89%E7%BD%AE%E5%B0%8F%E5%8C%BA%E5%8C%97%E5%9C%B0%E5%9D%97%EF%BC%88A%E6%A0%87%E6%AE%B5%EF%BC%89#	1	1125_2.jpg	https://www.pingtan.gov.cn/zwgk/ztzl/jtyjs/gzdthxxgs/201601/t20160129_3363.htm
http://www.qdsailing.orgx4bec967123868.ipv6best.cn/images/2021-06/29/fc920c0c-77b0-4561-9c1a-823bd81aab34.xls	1	附件：平潭综合实验区水上摩托艇备案名单	https://www.pingtan.gov.cn/zwgk/zdlyxxgk/ggtywh/tzgg/202511/t20251105_102914.htm
http://www.saac.gov.cn/	1	www.saac.gov.cn	https://www.pingtan.gov.cn/zwgk/zfxxgk/dfbmptlj/ptzhsyqbm/ptzhsyqhzs/fdzdgknr/qtyzdgkdzf/202202/t20220223_75547.htm
http://www.sasacxd6a3968483868.ipv6best.cn/	1	www.sasac	https://www.pingtan.gov.cn/zwgk/zfxxgk/dfbmptlj/ptzhsyqbm/ptzhsyqgyz/fdzdgknr/gzdt/202004/t20200414_70047.htm
http://www.sdsgwy.comxefa29681d3868.ipv6best.cn/	1	公务员	https://www.pingtan.gov.cn/zwgk/ztzl/rlzyygwygl/gzdtjxxgk/201605/t20160511_4291.htm
http://www.sdsgwy.comxefa29681d3868.ipv6best.cn/fujian/	1	福建	https://www.pingtan.gov.cn/zwgk/ztzl/rlzyygwygl/gzdtjxxgk/201605/t20160511_4291.htm
http://www.sdsgwy.comxefa29681d3868.ipv6best.cn/sanzhiyifu/	1	三支一扶	https://www.pingtan.gov.cn/zwgk/ztzl/rlzyygwygl/gzdtjxxgk/201605/t20160511_4291.htm
http://www.sdsgwy.comxefa29681d3868.ipv6best.cn/zhengfu/	1	政府	https://www.pingtan.gov.cn/zwgk/ztzl/rlzyygwygl/gzdtjxxgk/201605/t20160511_4291.htm
http://www.shui5.cnxae7c968563868.ipv6best.cn/article/13/68275.html	1	财政部 国家税务总局关于将铁路运输和邮政业纳入营业税改征增值税试点的通知	https://www.pingtan.gov.cn/zwgk/zfxxgk/dfbmptlj/ptzhsyqbm/ptzhsyqczj/fdzdgknr/6csxgzcjjd/201711/t20171130_63499.htm
http://www.shui5.cnxae7c968563868.ipv6best.cn/article/27/36906.html	1	财政部 国家税务总局关于教育税收政策的通知	https://www.pingtan.gov.cn/zwgk/zfxxgk/dfbmptlj/ptzhsyqbm/ptzhsyqczj/fdzdgknr/6csxgzcjjd/201711/t20171130_63499.htm
http://www.shui5.cnxae7c968563868.ipv6best.cn/article/f5/5170.html	1	财政部 国家税务总局关于促进残疾人就业税收优惠政策的通知	https://www.pingtan.gov.cn/zwgk/zfxxgk/dfbmptlj/ptzhsyqbm/ptzhsyqczj/fdzdgknr/6csxgzcjjd/201711/t20171130_63499.htm
http://www.so.comxe4ec966ef3868.ipv6best.cn/s?q=%E5%99%A8%E6%9D%90&ie=utf-8&src=internal_wenda_recommend_textn	1	器材	https://www.pingtan.gov.cn/zwgk/zxwj/bmwj/202008/t20200814_22762.htm
http://www.so.comxe4ec966ef3868.ipv6best.cn/s?q=%E6%B6%88%E9%98%B2%E8%AE%BE%E6%96%BD&ie=utf-8&src=internal_wenda_recommend_textn	1	消防设施	https://www.pingtan.gov.cn/zwgk/zxwj/bmwj/202008/t20200814_22762.htm
http://www.so.comxe4ec968453868.ipv6best.cn/s?q=%E5%99%A8%E6%9D%90&ie=utf-8&src=internal_wenda_recommend_textn	1	器材	https://www.pingtan.gov.cn/zwgk/zfxxgk/dfbmptlj/ptzhsyqpq/ptzhsyqjsp/fdzdgknr/jgznjgszbg/202008/t20200814_71209.htm
http://www.so.comxe4ec968453868.ipv6best.cn/s?q=%E6%B6%88%E9%98%B2%E8%AE%BE%E6%96%BD&ie=utf-8&src=internal_wenda_recommend_textn	1	消防设施	https://www.pingtan.gov.cn/zwgk/zfxxgk/dfbmptlj/ptzhsyqpq/ptzhsyqjsp/fdzdgknr/jgznjgszbg/202008/t20200814_71209.htm
http://www.so.comxe4ec968553868.ipv6best.cn/s?q=%E4%BC%9A%E8%AE%AE%E7%BA%AA%E8%A6%81&amp;ie=utf-8&amp;src=wenda_link	1	会议纪要	https://www.pingtan.gov.cn/zwgk/zfxxgk/dfbmptlj/ptzhsyqbm/ptzhsyqgwh/fdzdgknr/hzgfxwj/201803/t20180306_79884.htm
http://www.stats.gov.cn/tjzyjszgks/	1	http://www.stats.gov.cn/tjzyjszgks/	https://www.pingtan.gov.cn/zwgk/gsgg/201304/t20130426_968.htm
http://www.tdzyw.comx7c00966f13868.ipv6best.cn/subject/jiatingnongchang	1	家庭农场	https://www.pingtan.gov.cn/zwgk/zxwj/bmwj/201911/t20191106_16695.htm
http://www.tdzyw.comx7c009684a3868.ipv6best.cn/subject/jiatingnongchang	1	家庭农场	https://www.pingtan.gov.cn/zwgk/zfxxgk/dfbmptlj/ptzhsyqbm/ptzhsyqnyn/fdzdgknr/qtyzdgkdzf/201911/t20191106_68610.htm
http://www.tdzyw.comx7c00968523868.ipv6best.cn/subject/jiatingnongchang	1	家庭农场	https://www.pingtan.gov.cn/zwgk/zfxxgk/dfbmptlj/ptzhsyqbm/ptzhsyqnyn/fdzdgknr/qtyzdgkdzf/201809/t20180907_66236.htm
http://www.tdzyw.comx7c00968573868.ipv6best.cn/subject/jiatingnongchang	1	家庭农场	https://www.pingtan.gov.cn/zwgk/zfxxgk/dfbmptlj/ptzhsyqbm/ptzhsyqnyn/fdzdgknr/qtyzdgkdzf/201709/t20170928_63083.htm
http://www.waizi.org.cnx59be968493868.ipv6best.cn/law/9215.html	1	医疗废物管理条例	https://www.pingtan.gov.cn/zwgk/zfxxgk/dfbmptlj/ptzhsyqbm/ptzhsyqgwh/fdzdgknr/hzgfxwj/202001/t20200108_79858.htm
http://www.wm114.cnxe290968553868.ipv6best.cn/0o/40/index.html	1	政治规矩	https://www.pingtan.gov.cn/zwgk/zfxxgk/dfbmptlj/ptzhsyqbm/ptzhsyqjjf/fdzdgknr/gzdt/201803/t20180319_64250.htm
http://www.wm114.cnxe290968553868.ipv6best.cn/0v/119/index.html	1	民主生活会	https://www.pingtan.gov.cn/zwgk/zfxxgk/dfbmptlj/ptzhsyqbm/ptzhsyqjjf/fdzdgknr/gzdt/201803/t20180319_64250.htm
http://www.wm114.cnxe290968553868.ipv6best.cn/wen/180/358147.html	1	党风廉政建设	https://www.pingtan.gov.cn/zwgk/zfxxgk/dfbmptlj/ptzhsyqbm/ptzhsyqjjf/fdzdgknr/gzdt/201803/t20180319_64250.htm
http://www.xinhuanet.com/politics/2018-07/10/c_1123106900.htm	1	http://www.xinhuanet.com/politics/2018-07/10/c_1123106900.htm	https://www.pingtan.gov.cn/zwgk/ztzl/gazl/jwzxjxxgk/201902/t20190218_12499.htm
http://www.xx.com)/	1	www.mitu.cn首页人才招聘）	https://www.pingtan.gov.cn/zwgk/ztzl/rlzyygwygl/gzdtjxxgk/202006/t20200618_21426.htm
http://www.ynqi.gov.xn--cn),20172232017-nj3x12ufohrmbf17jvhbn3z37cvxm500bdggqx3jndbjy3fix3fnr5agbsmk9d/	1	上进行预决算信息公开，对台工部2018	https://www.pingtan.gov.cn/zwgk/gsgg/201912/t20191227_18650.htm
http://www.z-xm.comxab439681b3868.ipv6best.cn/app/live?sign=XLCeTjVikC	1	“海洋杯”中国平潭国际自行车公开赛赛事视频直播点击这里	https://www.pingtan.gov.cn/zwgk/yw/ptyw/201606/t20160627_4699.htm
http://www.zhazhi.comx553a966f43868.ipv6best.cn/qikan/shxzx/glx/	1	管理	https://www.pingtan.gov.cn/zwgk/zfxxgk/gwhwj/hjbhggwsaq/201901/t20190129_67106.htm
http://www.zjgwy.orgx3d0f9680b3868.ipv6best.cn/html/kszc/sj/201011/42_807.html	1	关于印发&lt;公务员录用体检通用标准（试行）&gt;的通知	https://www.pingtan.gov.cn/zwgk/ztzl/rlzyygwygl/gzdtjxxgk/201902/t20190214_12429.htm
http://www.zjgwy.orgx3d0f9680b3868.ipv6best.cn/html/kszc/sj/201101/42_2235.html	1	关于修订&lt;公务员录用体检通用标准（试行）&gt;及&lt;公务员录用体检操作手册（试行）&gt;的通知	https://www.pingtan.gov.cn/zwgk/ztzl/rlzyygwygl/gzdtjxxgk/201902/t20190214_12429.htm
http://www.zjgwy.orgx3d0f9680b3868.ipv6best.cn/html/kszc/sj/201202/42_7566.html	1	关于印发公务员录用体检特殊标准（试行）的通知	https://www.pingtan.gov.cn/zwgk/ztzl/rlzyygwygl/gzdtjxxgk/201902/t20190214_12429.htm
http://www.zldsj.comxd3df968583868.ipv6best.cn/index_pingtan.jsp	1	http://www.zldsj.com/index_pingtan.jsp	https://www.pingtan.gov.cn/zwgk/zfxxgk/dfbmptlj/ptzhsyqbm/ptzhsyqscj/fdzdgknr/gzdt/201708/t20170802_63011.htm
http://www.zzdingsheng.cnx931d968583868.ipv6best.cn/cpzx/ydpsz_1730_434.html	1	成建筑垃圾资源化	https://www.pingtan.gov.cn/zwgk/zfxxgk/dfbmptlj/ptzhsyqbm/ptzhsyqgwh/fdzdgknr/hjbhggwsaq/201707/t20170712_62696.htm
http://www.zzdingsheng.cnx931d968593868.ipv6best.cn/cpzx/ydpsz_1730_434.html	1	成建筑垃圾资源化	https://www.pingtan.gov.cn/zwgk/zfxxgk/dfbmptlj/ptzhsyqbm/ptzhsyqjtj/fdzdgknr/qtyzdgkdzf/201706/t20170613_62397.htm
http://yun.fj12396.comxd72e966ef3868.ipv6best.cn/question	1	http://yun.fj12396.com/question	https://www.pingtan.gov.cn/zwgk/zxwj/bmwj/202007/t20200713_21788.htm
http://yun.fj12396.comxd72e966f13868.ipv6best.cn/questionnaire/tecRequire	1	http://yun.fj12396.com/questionnaire/tecRequire	https://www.pingtan.gov.cn/zwgk/zxwj/bmwj/202004/t20200417_20412.htm
http://yun.fj12396.comxd72e968443868.ipv6best.cn/question	1	http://yun.fj12396.com/question	https://www.pingtan.gov.cn/zwgk/zfxxgk/dfbmptlj/ptzhsyqbm/ptzhsyqjjf/fdzdgknr/gzdt/202007/t20200713_70685.htm
http://yun.fj12396.comxd72e968483868.ipv6best.cn/questionnaire/tecRequire	1	http://yun.fj12396.com/questionnaire/tecRequire	https://www.pingtan.gov.cn/zwgk/zfxxgk/dfbmptlj/ptzhsyqbm/ptzhsyqjjf/fdzdgknr/gzdt/202004/t20200417_70031.htm
http://zczx.fjjs.gov.cnx33ca9686e3868.ipv6best.cn/	1	http://zczx.fjjs.gov.cn	https://www.pingtan.gov.cn/zwgk/zfxxgk/dfbmptlj/ptzhsyqbm/ptzhsyqjtj/fdzdgknr/qtyzdgkdzf/201207/t20120706_53248.htm
http://zk.pingtan.gov.cnxef94968163868.ipv6best.cn/signup/	1	http://zk.pingtan.gov.cn/signup/	https://www.pingtan.gov.cn/zwgk/ztzl/rlzyygwygl/gzdtjxxgk/201706/t20170612_7301.htm
http://zpfz1402.fjkl.gov.cnx1735966e13868.ipv6best.cn/positiontable.htm	1	平潭综合实验区行政服务中心招聘岗位信息表	https://www.pingtan.gov.cn/zwgk/gsgg/201405/t20140505_1195.htm
http://zs.fjsdptfz.comxea509673b3868.ipv6best.cn/	1	http://zs.fjsdptfz.com	https://www.pingtan.gov.cn/zwgk/zdlyxxgk/jysy/201904/t20190401_13123.htm
http://ztb.pingtan.gov.cnx8284966e03868.ipv6best.cn/Upload/Attachment/2014-10/20141020170553%E6%8B%9B%E6%A0%87%E5%85%AC%E5%91%8A(%E5%AE%9A).doc	1	招标公告(定).doc	https://www.pingtan.gov.cn/zwgk/gsgg/201410/t20141020_1273.htm
http://zw.5ykj.comx65649685d3868.ipv6best.cn/	1	指导	https://www.pingtan.gov.cn/zwgk/zfxxgk/dfbmptlj/ptzhsyqbm/ptzhsyqjtj/fdzdgknr/qtyzdgkdzf/201607/t20160721_60818.htm
http://zxzj.mofcom.gov.cnxae3c966ef3868.ipv6best.cn/	1	http：//zxzj.mofcom.gov.cn/	https://www.pingtan.gov.cn/zwgk/zxwj/bmwj/202006/t20200608_21324.htm
https://220.160.52.164:8813/gaia/infoPublic/index.html#/dashboard%EF%BC%89%E3%80%82	1	https://220.160.52.164:8813/gaia/infoPublic/index.html#/dashboard）。	https://www.pingtan.gov.cn/zwgk/gsgg/202408/t20240808_92666.htm
https://27-151-80-61xe076968703868xx.ipv6best.cn:91/#/double-publicity-info	1	信用平潭	https://www.pingtan.gov.cn/zwgk/gsgg/202111/t20211112_29001.htm
https://27-151-80-61xe076968713868xx.ipv6best.cn:91/#/double-publicity-info	1	信用平潭	https://www.pingtan.gov.cn/zwgk/zdlyxxgk/czzj/bmyjsgk/bmjsgk/202208/t20220803_35359.htm
https://27.151.80.61:91/#/double-publicity-info	1	信用平潭	https://www.pingtan.gov.cn/zwgk/zdlyxxgk/hjbh_1/202304/t20230428_46155.htm
https://baike-sogou-comxc495966d23868xx.ipv6best.cn/lemma/ShowInnerLink.htm?lemmaId=110496&amp;ss_c=ssc.citiao.link	1	国家体育总局	https://www.pingtan.gov.cn/zwgk/gsgg/201912/t20191227_18643.htm
https://baike.baidu.com/item/%E4%B8%93%E4%B8%9A/33053	1	专业	https://www.pingtan.gov.cn/zwgk/zdlyxxgk/ggtywh/tzgg/202511/t20251104_102853.htm
https://baike.baidu.com/item/%E5%85%AC%E5%85%B1%E5%8D%AB%E7%94%9F%E4%BA%8B%E4%BB%B6	1	公共卫生事件	https://www.pingtan.gov.cn/zwgk/zfxxgk/dfbmptlj/ptzhsyqbm/ptzhsyqzhz/fdzdgknr/gzdt/202005/t20200531_70535.htm
https://baike.baidu.com/item/%E5%8A%B3%E5%8A%A8%E5%AF%86%E9%9B%86%E5%9E%8B%E4%BC%81%E4%B8%9A	1	劳动密集型企业	https://www.pingtan.gov.cn/zwgk/zfxxgk/dfbmptlj/ptzhsyqbm/ptzhsyqjtj/fdzdgknr/hjbhggwsaq/201906/t20190607_67791.htm
https://baike.baidu.com/item/%E5%8D%97%E6%96%B9%E5%8C%BB%E7%A7%91%E5%A4%A7%E5%AD%A6/239833	1	南方医科大学	https://www.pingtan.gov.cn/zwgk/zdlyxxgk/yata/zxta/202211/t20221104_38204.htm
https://baike.baidu.com/item/%E8%88%B9%E6%B8%A1	1	船渡	https://www.pingtan.gov.cn/zwgk/zfxxgk/dfbmptlj/ptzhsyqbm/ptzhsyqjtj/fdzdgknr/tfggsjdyjy/201904/t20190418_67388.htm
https://beian.miit.gov.cn/#/Integrated/index	1	闽ICP备20010194号	https://www.pingtan.gov.cn/zwgk/ztzl/scjggzhbz/jggzhbz/202211/t20221110_38446.htm
https://bszs-conac-cnxe103968703868xx.ipv6best.cn/sitename?method=show&amp;id=21E2BB13660E0D66E053012819ACFD9D	1		https://www.pingtan.gov.cn/zwgk/gsgg/202111/t20211112_29001.htm
https://bszs-conac-cnxe103968713868xx.ipv6best.cn/sitename?method=show&amp;id=21E2BB13660E0D66E053012819ACFD9D	1		https://www.pingtan.gov.cn/zwgk/zdlyxxgk/czzj/bmyjsgk/bmjsgk/202208/t20220803_35359.htm
https://bszs.conac.cn/sitename?method=show&amp;id=21E2BB13660E0D66E053012819ACFD9D	1		https://www.pingtan.gov.cn/zwgk/zdlyxxgk/hjbh_1/202304/t20230428_46155.htm
https://content--static-cctvnews-cctv-comx19b4966ff3868xx.ipv6best.cn/snow-book/index.html?item_id=12186354652282353298&toc_style_id=feeds_default&track_id=817427A7-E893-4B96-AFF0-C5A636F56D3C_781672036095&share_to=wechat	1		https://www.pingtan.gov.cn/zwgk/zdlyxxgk/ggtywh/wlxx/202510/t20251010_101915.htm
https://content--static-cctvnews-cctv-comx19b4967c73868xx.ipv6best.cn/snow-book/index.html?item_id=11288797652209588350&t=1709859842264&toc_style_id=feeds_default&track_id=24A65193-35E6-40AB-A52B-15F0FE4F9576_731553142897&share_to=wechat	1		https://www.pingtan.gov.cn/zwgk/yw/szywn/202403/t20240308_87882.htm
https://credit-xm-gov-cnxd4a4968703868xx.ipv6best.cn/	1	信用厦门	https://www.pingtan.gov.cn/zwgk/gsgg/202111/t20211112_29001.htm
https://credit-xm-gov-cnxd4a4968713868xx.ipv6best.cn/	1	信用厦门	https://www.pingtan.gov.cn/zwgk/zdlyxxgk/czzj/bmyjsgk/bmjsgk/202208/t20220803_35359.htm
https://credit.xm.gov.cn/	1	信用厦门	https://www.pingtan.gov.cn/zwgk/zdlyxxgk/hjbh_1/202304/t20230428_46155.htm
https://cx--fj-fujiansme-comxd48e9683c3868xx.ipv6best.cn/	1	https://cx-fj.fujiansme.com/	https://www.pingtan.gov.cn/zwgk/zfxxgk/dfbmptlj/ptzhsyqbm/ptzhsyqjjf/fdzdgknr/gzdt/202106/t20210629_73752.htm
https://cx-fj.fujiansme.com/	1	https://cx-fj.fujiansme.com/	https://www.pingtan.gov.cn/zwgk/zxwj/bmwj/202106/t20210629_26894.htm
https://difang.gmw.cn/fj/2025-09/30/content_38321755.htm	1		https://www.pingtan.gov.cn/zwgk/zdlyxxgk/ggtywh/wlxx/202510/t20251010_101915.htm
https://fgk-chinatax-gov-cnx342e9682b3868xx.ipv6best.cn/zcfgk/c100012/c5222349/5222349/files/%E9%87%8D%E7%82%B9%E7%BE%A4%E4%BD%93%E6%88%96%E8%87%AA%E4%B8%BB%E5%B0%B1%E4%B8%9A%E9%80%80%E5%BD%B9%E5%A3%AB%E5%85%B5%E5%88%9B%E4%B8%9A%E4%BF%A1%E6%81%AF%E8%A1%A8%EF%BC%88%E6%A0%B7%E8%A1%A8%EF%BC%89.docx	1	重点群体或自主就业退役士兵创业信息表（样表）.docx	https://www.pingtan.gov.cn/zwgk/zfxxgk/dfbmptlj/ptzhsyqbm/ptzhsyqczj/fdzdgknr/4jsjfjghsf/202404/t20240407_88830.htm
https://fgk-chinatax-gov-cnx342e9682b3868xx.ipv6best.cn/zcfgk/c100012/c5222349/5222349/files/%E9%87%8D%E7%82%B9%E7%BE%A4%E4%BD%93%E6%88%96%E8%87%AA%E4%B8%BB%E5%B0%B1%E4%B8%9A%E9%80%80%E5%BD%B9%E5%A3%AB%E5%85%B5%E5%B0%B1%E4%B8%9A%E4%BF%A1%E6%81%AF%E8%A1%A8%EF%BC%88%E6%A0%B7%E8%A1%A8%EF%BC%89.docx	1	重点群体或自主就业退役士兵就业信息表（样表）.docx	https://www.pingtan.gov.cn/zwgk/zfxxgk/dfbmptlj/ptzhsyqbm/ptzhsyqczj/fdzdgknr/4jsjfjghsf/202404/t20240407_88830.htm
https://fjksbm-comx48019671e3868xx.ipv6best.cn/omd/ptwj2204/biz/www/javascript:void(0)	1	(05) 专业技术初级岗位麻醉医师	https://www.pingtan.gov.cn/zwgk/zdlyxxgk/ylws_1/202205/t20220505_33554.htm
https://fjksbm-comx4801968123868xx.ipv6best.cn/pt1805/positiontable	1	平潭综合实验区2018年上半年紧缺急需人才招聘报名岗位表	https://www.pingtan.gov.cn/zwgk/yw/ptyw/201805/t20180502_9574.htm
https://fjrb-fjdaily-comx2d93966ff3868xx.ipv6best.cn/pc/con/202510/09/content_482331.html	1		https://www.pingtan.gov.cn/zwgk/zdlyxxgk/ggtywh/wlxx/202510/t20251010_101915.htm
https://fjrb-fjdaily-comx2d939670d3868xx.ipv6best.cn/pc/con/202311/03/content_317041.html	1		https://www.pingtan.gov.cn/zwgk/zdlyxxgk/zdxmjs/zhxx/202311/t20231108_81817.htm
https://fjrb-fjdaily-comx2d93967603868xx.ipv6best.cn/pc/con/202602/02/content_510864.html	1		https://www.pingtan.gov.cn/zwgk/ztzl/zmsgzl/202602/t20260209_105115.htm
https://fjrb-fjdaily-comx2d93967603868xx.ipv6best.cn/pc/con/202602/22/content_514358.html	1		https://www.pingtan.gov.cn/zwgk/ztzl/zmsgzl/202602/t20260224_105274.htm
https://fjrb-fjdaily-comx2d939682c3868xx.ipv6best.cn/pc/con/202311/03/content_317041.html	1		https://www.pingtan.gov.cn/zwgk/zfxxgk/dfbmptlj/ptzhsyqbm/ptzhsyqjjf/fdzdgknr/gzdt/202311/t20231108_82517.htm
https://fjrb-fjdaily-comx2d93968703868xx.ipv6best.cn/pc/col/202311/02/node_01.html	1	福建日报	https://www.pingtan.gov.cn/zwgk/gsgg/202111/t20211112_29001.htm
https://fjrb-fjdaily-comx2d93968713868xx.ipv6best.cn/pc/col/202311/02/node_01.html	1	福建日报	https://www.pingtan.gov.cn/zwgk/zdlyxxgk/czzj/bmyjsgk/bmjsgk/202208/t20220803_35359.htm
https://fjrb.fjdaily.com/pc/col/202311/02/node_01.html	1	福建日报	https://www.pingtan.gov.cn/zwgk/zdlyxxgk/hjbh_1/202304/t20230428_46155.htm
https://fujian-12388-gov-cnx03659675b3868xx.ipv6best.cn/pingtan/	1	举报系统及举报方式 网上举报：https://fujian.12388.gov.cn/pingtan/ 来信举报地址：平潭综合实验区纪工委监察工委信访与案件监督管理室，邮编：350400 来访接待地址：平潭综合实验区信访接待大厅区纪工委监察工委来访接待室 时间：法定工作日上午8:00-12:00，下	https://www.pingtan.gov.cn/zwgk/ztzl/hjfqjdztc/
https://fujian-12388-gov-cnx0365967f93868xx.ipv6best.cn/pingtan/%EF%BC%9B	1	https://fujian.12388.gov.cn/pingtan/；	https://www.pingtan.gov.cn/zwgk/ztzl/jjjczl/dfzf/202109/t20210915_28174.htm
https://fujian-12388-gov-cnx0365967fa3868xx.ipv6best.cn/pingtan/	1	https://fujian.12388.gov.cn/pingtan/	https://www.pingtan.gov.cn/zwgk/ztzl/jjjczl/dfzf/202108/t20210820_27755.htm
https://g.eqxiu.com/s/HjH0WV2W?eip=true	1	《企业内设加油站点报备工作方案（试行）》政策解读	https://www.pingtan.gov.cn/zwgk/zxwj/bmwj/202303/t20230327_45403.htm
https://hk-lexiscn-comx7cac966d33868xx.ipv6best.cn/law/law-chinese-1-1402534-T.html?crid=7597f1c9-7186-7778-7a0f-0235da37dbdd&amp;prid=	1	《中华人民共和国招标投标法实施条例》	https://www.pingtan.gov.cn/zwgk/gsgg/202001/t20200106_18973.htm
https://hk-lexiscn-comx7cac967373868xx.ipv6best.cn/law/law-chinese-1-1402534-T.html?crid=7597f1c9-7186-7778-7a0f-0235da37dbdd&amp;prid=	1	《中华人民共和国招标投标法实施条例》	https://www.pingtan.gov.cn/zwgk/zdlyxxgk/zdxmjs/zhxx/202211/t20221117_39978.htm
https://hk-lexiscn-comx7cac968493868xx.ipv6best.cn/law/law-chinese-1-1402534-T.html?crid=7597f1c9-7186-7778-7a0f-0235da37dbdd&amp;prid=	1	《中华人民共和国招标投标法实施条例》	https://www.pingtan.gov.cn/zwgk/zfxxgk/dfbmptlj/ptzhsyqbm/ptzhsyqhzs/fdzdgknr/zdjsxmdpzh/202001/t20200106_69449.htm
https://img--xhpfm-xinhuaxmt-comxce859677a3868xx.ipv6best.cn/News/202405/0379c6c9d0fd4022b70b5e6cad4b19c9.jpg	1		https://www.pingtan.gov.cn/zwgk/yw/szywn/202405/t20240514_89988.htm
https://img--xhpfm-xinhuaxmt-comxce859677a3868xx.ipv6best.cn/News/202405/2e0e89a5c4f047b1af08d6ae7e81c48f.jpg	1		https://www.pingtan.gov.cn/zwgk/yw/szywn/202405/t20240514_89988.htm
https://img--xhpfm-xinhuaxmt-comxce859677a3868xx.ipv6best.cn/News/202405/498c2655d26c4d98bf356f60733cfe1a.jpg	1		https://www.pingtan.gov.cn/zwgk/yw/szywn/202405/t20240514_89988.htm
https://img--xhpfm-xinhuaxmt-comxce859677a3868xx.ipv6best.cn/News/202405/fdc25d9b73634e60a815e86f4baecd5d.jpg	1		https://www.pingtan.gov.cn/zwgk/yw/szywn/202405/t20240514_89988.htm
https://img--xhpfm-xinhuaxmt-comxce85967ca3868xx.ipv6best.cn/News/202401/10bc065ee6094ccc87829b8883c9959e.jpg	1		https://www.pingtan.gov.cn/zwgk/yw/szywn/202401/t20240130_86653.htm
https://img--xhpfm-xinhuaxmt-comxce85967ca3868xx.ipv6best.cn/News/202401/173c447e1129493b8fbb01c73c9ab0f4.jpg	1		https://www.pingtan.gov.cn/zwgk/yw/szywn/202401/t20240130_86653.htm
https://img--xhpfm-xinhuaxmt-comxce85967ca3868xx.ipv6best.cn/News/202401/1f0a176eaaf2497886b8e492647927a2.jpg	1		https://www.pingtan.gov.cn/zwgk/yw/szywn/202401/t20240130_86653.htm
https://img--xhpfm-xinhuaxmt-comxce85967ca3868xx.ipv6best.cn/News/202401/4cca1ffbbefe42539bcf17d28d0e5be4.jpg	1		https://www.pingtan.gov.cn/zwgk/yw/szywn/202401/t20240130_86653.htm
https://img--xhpfm-xinhuaxmt-comxce85967ca3868xx.ipv6best.cn/News/202401/53844b2c46474ec3a58c017e756bddd2.jpg	1		https://www.pingtan.gov.cn/zwgk/yw/szywn/202401/t20240130_86653.htm
https://img--xhpfm-xinhuaxmt-comxce85967ca3868xx.ipv6best.cn/News/202401/5e76c18ce96c44a9bbe2996fcc9a3531.jpg	1		https://www.pingtan.gov.cn/zwgk/yw/szywn/202401/t20240130_86653.htm
https://img--xhpfm-xinhuaxmt-comxce85967ca3868xx.ipv6best.cn/News/202401/b0cc0e71a8a3475d845101fc6831790c.jpg	1		https://www.pingtan.gov.cn/zwgk/yw/szywn/202401/t20240130_86653.htm
https://img--xhpfm-xinhuaxmt-comxce85967ca3868xx.ipv6best.cn/News/202401/b5ab72cca2764a4bb3d555c2c2a824dc.jpg	1		https://www.pingtan.gov.cn/zwgk/yw/szywn/202401/t20240130_86653.htm
https://img--xhpfm-xinhuaxmt-comxce85967ca3868xx.ipv6best.cn/News/202401/b74ff59baed1464aab7fcf457f46c5c5.jpg	1		https://www.pingtan.gov.cn/zwgk/yw/szywn/202401/t20240130_86653.htm
https://img--xhpfm-xinhuaxmt-comxce85967ca3868xx.ipv6best.cn/News/202401/b8df73885c0b485f948e90a379d18888.jpg	1		https://www.pingtan.gov.cn/zwgk/yw/szywn/202401/t20240130_86653.htm
https://img--xhpfm-xinhuaxmt-comxce85967ca3868xx.ipv6best.cn/News/202401/b98e8348b1db49d09523fe52fe302504.jpg	1		https://www.pingtan.gov.cn/zwgk/yw/szywn/202401/t20240130_86653.htm
https://kdocs.cn/l/cfNFNkXWVesV	1	《苏平片区管理局政府信息公开申请表》	https://www.pingtan.gov.cn/zwgk/zfxxgk/dfbmptlj/ptzhsyqpq/ptzhsyqspp/fdzdgknr/jgznjgszbg/202111/t20211126_74933.htm
https://lfw-pingtan-gov-cnx10c1966ff3868xx.ipv6best.cn/uploads/20200806/1596711166751765.docx	1	“康乐佳”杯2020年“运动健身进万家”——福建省“全民健身日”线上公益健步走活动规程.docx	https://www.pingtan.gov.cn/zwgk/zdlyxxgk/ggtywh/tzgg/202511/t20251103_102729.htm
https://lfw-pingtan-gov-cnx10c1967243868xx.ipv6best.cn/admin/open/edit?id=363#point_33	1		https://www.pingtan.gov.cn/zwgk/zdlyxxgk/ggtywh/tzgg/202510/t20251029_102323.htm
https://lfw-pingtan-gov-cnx10c1967243868xx.ipv6best.cn/admin/open/edit?id=363#point_34	1		https://www.pingtan.gov.cn/zwgk/zdlyxxgk/ggtywh/tzgg/202510/t20251029_102323.htm
https://lfw-pingtan-gov-cnx10c1967283868xx.ipv6best.cn/uploads/20210601/1622529927112183.docx	1	附件3.docx	https://www.pingtan.gov.cn/zwgk/zdlyxxgk/ggtywh/tzgg/202510/t20251029_102382.htm
https://lfw-pingtan-gov-cnx10c1967283868xx.ipv6best.cn/uploads/20210601/1622529927123875.docx	1	附件1.docx	https://www.pingtan.gov.cn/zwgk/zdlyxxgk/ggtywh/tzgg/202510/t20251029_102382.htm
https://lfw-pingtan-gov-cnx10c1967283868xx.ipv6best.cn/uploads/20210601/1622529927124938.docx	1	附件2.docx	https://www.pingtan.gov.cn/zwgk/zdlyxxgk/ggtywh/tzgg/202510/t20251029_102382.htm
https://lfw-pingtan-gov-cnx10c1967283868xx.ipv6best.cn/uploads/20220209/1644410125510141.pdf	1	文化和旅游部资源开发司关于印发《旅游景区恢复开放疫情防控措施指南（2021年3月修订版）》的通知.pdf	https://www.pingtan.gov.cn/zwgk/zdlyxxgk/ggtywh/tzgg/202510/t20251029_102397.htm
https://lfw-pingtan-gov-cnx10c19672a3868xx.ipv6best.cn/uploads/20210224/1614158461724612.doc	1	附件2：区域特色非物质文化遗产项目线索推荐表.doc	https://www.pingtan.gov.cn/zwgk/zdlyxxgk/ggtywh/tzgg/202510/t20251029_102403.htm
https://lfw-pingtan-gov-cnx10c19672a3868xx.ipv6best.cn/uploads/20210224/1614158461761146.doc	1	附件3：非物质文化遗产普查线索提示说明（参考）.doc	https://www.pingtan.gov.cn/zwgk/zdlyxxgk/ggtywh/tzgg/202510/t20251029_102403.htm
https://lfw-pingtan-gov-cnx10c19672a3868xx.ipv6best.cn/uploads/20210224/1614158461764975.doc	1	附件1：辖内民俗文化资源摸底调查情况.doc	https://www.pingtan.gov.cn/zwgk/zdlyxxgk/ggtywh/tzgg/202510/t20251029_102403.htm
https://lfw-pingtan-gov-cnx10c1967313868xx.ipv6best.cn/uploads/20200707/1594110812204228.doc	1	附件2 娱乐场所恢复开放疫情防控措施指南（第2版）.doc	https://www.pingtan.gov.cn/zwgk/zdlyxxgk/ggtywh/tzgg/202511/t20251107_103021.htm
https://lfw-pingtan-gov-cnx10c1967313868xx.ipv6best.cn/uploads/20200707/1594110812376958.doc	1	附件1 互联网上网服务营业场所恢复开放疫情防控措施指南（第二版）.doc	https://www.pingtan.gov.cn/zwgk/zdlyxxgk/ggtywh/tzgg/202511/t20251107_103021.htm
https://lfw-pingtan-gov-cnx10c1967313868xx.ipv6best.cn/uploads/20200717/1594955256105772.doc	1	平潭综合实验区社会团体承接政府购买文体服务申报表.doc	https://www.pingtan.gov.cn/zwgk/zdlyxxgk/ggtywh/tzgg/202511/t20251107_103018.htm
https://lfw-pingtan-gov-cnx10c1967313868xx.ipv6best.cn/uploads/20200717/1594955274121784.doc	1	平潭综合实验区旅游与文化体育局2020年政府购买文化服务指导性目录.doc	https://www.pingtan.gov.cn/zwgk/zdlyxxgk/ggtywh/tzgg/202511/t20251107_103018.htm
https://lfw-pingtan-gov-cnx10c19673f3868xx.ipv6best.cn/uploads/20201226/1608988008246916.pdf	1	2018年平潭综合实验区文化馆公共文化服务年报.pdf	https://www.pingtan.gov.cn/zwgk/zdlyxxgk/ggtywh/tzgg/202511/t20251104_102853.htm
https://local.cctv.com/2024/03/05/ARTI3kSjTmVZkZSwsCOWYPs0240305.shtml	1		https://www.pingtan.gov.cn/zwgk/yw/ptyw/202403/t20240306_87765.htm
https://mail.qq.com/cgi-bin/mail_spam?action=check_link&amp;spam=0&amp;sid=LOKBTvE0KO5XZ2cp&amp;url=mailto%3APT23157028%40163.com&amp;mailid=ZC0403-5ii2niFv5yGTFRVbuHexE1b	1	PT23157028@163.com	https://www.pingtan.gov.cn/zwgk/gsgg/201111/t20111105_829.htm
https://mail.qq.com/cgi-bin/mail_spam?action=check_link&amp;spam=0&amp;spam_src=1&amp;mailid=ZL3127-Wd0BdhRFy4fsOgNZOwsxB81&amp;url=http://www.5ykj.com/Article/	1	领导	https://www.pingtan.gov.cn/zwgk/zdlyxxgk/czzj/bmyjsgk/bmysgk/201901/t20190124_12242.htm
https://map-360-cnxeacf9670a3868xx.ipv6best.cn/?pid=shuidixy_107f2609c8d3fd1139543d8efd2f1388&src=sd-onebox	1	福建省联纵医疗科技有限公司	https://www.pingtan.gov.cn/zwgk/zdlyxxgk/ylws_1/202401/t20240124_86463.htm
https://mp-weixinbridge-comx9877966ff3868xx.ipv6best.cn/mp/wapredirect?url=https%3A%2F%2Fwww.peopleapp.com%2Fcolumn%2F30050459479-500007131183&action=appmsg_redirect&uin=MTUwODc2MjMyOA==&biz=MjM5NDY3OTcyMA==&mid=2651983678&idx=1&type=2&scene=0	1		https://www.pingtan.gov.cn/zwgk/zdlyxxgk/ggtywh/wlxx/202510/t20251010_101915.htm
https://mp.weixin.qq.com/mp/appmsgalbum?__biz=MjM5NDY3OTcyMA==&action=getalbum&album_id=2890761324195053574#wechat_redirect	1		https://www.pingtan.gov.cn/zwgk/ztzl/zmsgzl/202504/t20250410_98356.htm
https://mp.weixin.qq.com/mp/appmsgalbum?__biz=MjM5NDY3OTcyMA==&action=getalbum&album_id=4387749102315372544&scene=21#wechat_redirect	1		https://www.pingtan.gov.cn/zwgk/zdlyxxgk/ggtywh/wlxx/202602/t20260221_105259.htm
https://mp.weixin.qq.com/s/0xAPBbIDw47RcfCCNhLo_Q	1	https://mp.weixin.qq.com/s/0xAPBbIDw47RcfCCNhLo_Q	https://www.pingtan.gov.cn/zwgk/zdlyxxgk/xczxggtpgjcg/202301/t20230130_43606.htm
https://mp.weixin.qq.com/s/1dE6GIhy5AGYrzrTD2pZDA	1		https://www.pingtan.gov.cn/zwgk/zdlyxxgk/ggtywh/wlxx/202509/t20250922_101597.htm
https://mp.weixin.qq.com/s/3lCNqzrewzvN1eBAgyMPLg	1	https://mp.weixin.qq.com/s/3lCNqzrewzvN1eBAgyMPLg	https://www.pingtan.gov.cn/zwgk/zdlyxxgk/xczxggtpgjcg/202301/t20230130_43604.htm
https://mp.weixin.qq.com/s/4udu1lWPgSCAbRNOo7HRZQ	1		https://www.pingtan.gov.cn/zwgk/zdlyxxgk/ggtywh/wlxx/202602/t20260225_105287.htm
https://mp.weixin.qq.com/s/5GwlMnrHMhY0upNZg15K3Q	1		https://www.pingtan.gov.cn/zwgk/zdlyxxgk/ggtywh/wlxx/202510/t20251010_101915.htm
https://mp.weixin.qq.com/s/8hDKkUfzmzDEWVv4-kH1sA	1	8hDKkUfzmzDEWVv4-kH1sA	https://www.pingtan.gov.cn/zwgk/zdlyxxgk/xczxggtpgjcg/202211/t20221127_41582.htm
https://mp.weixin.qq.com/s/CEAYHdHbqnwjdG2OZpzysA	1	CEAYHdHbqnwjdG2OZpzysA	https://www.pingtan.gov.cn/zwgk/zdlyxxgk/xczxggtpgjcg/202211/t20221127_41581.htm
https://mp.weixin.qq.com/s/CGguKOUF1TYHCAC8ZfZUvw	1		https://www.pingtan.gov.cn/zwgk/zdlyxxgk/ggtywh/wlxx/202602/t20260221_105258.htm
https://mp.weixin.qq.com/s/IOgbSS6CUANR_WTBp3dLxg	1	政策解读小课堂 | 最高10万元！鼓励输送毕业生来岚就业有关政策来了→	https://www.pingtan.gov.cn/zwgk/zfxxgk/dfbmptlj/ptzhsyqbm/ptzhsyqshs/fdzdgknr/dfxfgzfgzh/202204/t20220407_75853.htm
https://mp.weixin.qq.com/s/J9hE5XIq-WaxpJp-obK5sg	1		https://www.pingtan.gov.cn/zwgk/zdlyxxgk/ggtywh/wlxx/202512/t20251208_103860.htm
https://mp.weixin.qq.com/s/KlzdalmzR2dZs3YkCDsPfg	1	KlzdalmzR2dZs3YkCDsPfg	https://www.pingtan.gov.cn/zwgk/zdlyxxgk/xczxggtpgjcg/202211/t20221127_41562.htm
https://mp.weixin.qq.com/s/McZ1AkVceYAZTWoEOPEnEA	1		https://www.pingtan.gov.cn/zwgk/ztzl/zmsgzl/202508/t20250818_100956.htm
https://mp.weixin.qq.com/s/OhcSkLJ6FwX0R6jhg9fVxA	1		https://www.pingtan.gov.cn/zwgk/zdlyxxgk/ggtywh/wlxx/202601/t20260103_104346.htm
https://mp.weixin.qq.com/s/PUuEL1zJNKGnIGglKeSUWg	1		https://www.pingtan.gov.cn/zwgk/zdlyxxgk/ggtywh/wlxx/202606/t20260619_107423.htm
https://mp.weixin.qq.com/s/Pr7ugAE4B0S6uVJnzKy5HQ	1		https://www.pingtan.gov.cn/zwgk/zdlyxxgk/ggtywh/ggty/202604/t20260422_106330.htm
https://mp.weixin.qq.com/s/QaRrPhEnSrR24BnqQRbZDw	1		https://www.pingtan.gov.cn/zwgk/zdlyxxgk/ggtywh/wlxx/202602/t20260221_105259.htm
https://mp.weixin.qq.com/s/UmHq-tLD7XnKRZdyv-rhNw	1		https://www.pingtan.gov.cn/zwgk/zdlyxxgk/ggtywh/ggwh/202601/t20260104_104351.htm
https://mp.weixin.qq.com/s/X-eWLyIreq_bAhvRMQovBQ	1	X-eWLyIreq_bAhvRMQovBQ	https://www.pingtan.gov.cn/zwgk/zdlyxxgk/xczxggtpgjcg/202211/t20221127_41577.htm
https://mp.weixin.qq.com/s/Y4Rww6l--bZrhj9bJqEKsg	1		https://www.pingtan.gov.cn/zwgk/zdlyxxgk/ggtywh/wlxx/202510/t20251019_102085.htm
https://mp.weixin.qq.com/s/Ze5HBu7kpQgucgBwPPepqQ	1	《平潭综合实验区民宿管理办法》	https://www.pingtan.gov.cn/zwgk/yw/ptyw/202307/t20230727_48540.htm
https://mp.weixin.qq.com/s/_6DY7Hsq-yB2q-_pqG9TQw	1		https://www.pingtan.gov.cn/zwgk/zdlyxxgk/ggtywh/wlxx/202601/t20260103_104346.htm
https://mp.weixin.qq.com/s/_GAii3tRfjLbNEw7TEk8rg	1	_GAii3tRfjLbNEw7TEk8rg	https://www.pingtan.gov.cn/zwgk/zdlyxxgk/xczxggtpgjcg/202211/t20221127_41586.htm
https://mp.weixin.qq.com/s/codVrsGM7Phw5CK7jp7X6A	1		https://www.pingtan.gov.cn/zwgk/zdlyxxgk/ggtywh/ggwh/202604/t20260424_106384.htm
https://mp.weixin.qq.com/s/fhzCnR7gxrIEiKQUoTUOYw	1	fhzCnR7gxrIEiKQUoTUOYw	https://www.pingtan.gov.cn/zwgk/zdlyxxgk/xczxggtpgjcg/202211/t20221127_41580.htm
https://mp.weixin.qq.com/s/gan7EtSqnPfaABgrPyIhPA	1		https://www.pingtan.gov.cn/zwgk/zdlyxxgk/ggtywh/wlxx/202512/t20251229_104269.htm
https://mp.weixin.qq.com/s/jXLLWHXvg-AWVedXIYCdrA	1	jXLLWHXvg-AWVedXIYCdrA	https://www.pingtan.gov.cn/zwgk/zdlyxxgk/xczxggtpgjcg/202211/t20221127_41579.htm
https://mp.weixin.qq.com/s/quY28n7n8gevSi366j3llQ	1	quY28n7n8gevSi366j3llQ	https://www.pingtan.gov.cn/zwgk/zdlyxxgk/xczxggtpgjcg/202211/t20221127_41585.htm
https://mp.weixin.qq.com/s/wA3lZKQwbU6LfFjvtGkCFA	1		https://www.pingtan.gov.cn/zwgk/zdlyxxgk/ggtywh/wlxx/202603/t20260301_105368.htm
https://mp.weixin.qq.com/s/xFEWdUazHSfzVNJoXpd_gg	1		https://www.pingtan.gov.cn/zwgk/zdlyxxgk/ggtywh/wlxx/202608/t20260827_108601.htm
https://mp.weixin.qq.com/s/z5ZjHTmpwk3enT8C4getCQ	1		https://www.pingtan.gov.cn/zwgk/zdlyxxgk/ggtywh/wlxx/202512/t20251229_104290.htm
https://mp.weixin.qq.com/s?__biz=MjM5NDY3OTcyMA==&mid=2651537438&idx=1&sn=2328b2c78d5ca4efeed2c5989723e759&scene=21#wechat_redirect	1	什么是“蓝眼泪”？	https://www.pingtan.gov.cn/zwgk/zdlyxxgk/ggtywh/wlxx/202602/t20260221_105258.htm
https://mp.weixin.qq.com/s?__biz=MjM5NDY3OTcyMA==&mid=2651545238&idx=2&sn=78a9d1edb9752ffdc362193329429dfe&scene=21#wechat_redirect	1	解密蓝眼泪 海洋“花期游”	https://www.pingtan.gov.cn/zwgk/zdlyxxgk/ggtywh/wlxx/202602/t20260221_105258.htm
https://mp.weixin.qq.com/s?__biz=MjM5NDY3OTcyMA==&mid=2651988280&idx=1&sn=e50e661ade389a9213b26c8242a680bf&scene=21#wechat_redirect	1		https://www.pingtan.gov.cn/zwgk/zdlyxxgk/ggtywh/wlxx/202601/t20260111_104506.htm
https://mp.weixin.qq.com/s?__biz=MjM5NDY3OTcyMA==&mid=2651990763&idx=2&sn=4835a420a573ad4fda1298ce8086f371&scene=21#wechat_redirect	1	“心跳十二时辰”等一系列精品主题活动	https://www.pingtan.gov.cn/zwgk/zdlyxxgk/ggtywh/wlxx/202602/t20260221_105259.htm
https://mp.weixin.qq.com/s?__biz=MjM5NDY3OTcyMA==&mid=2651991167&idx=1&sn=a088e06f888ec1af5a4ca922629a2714&scene=21&poc_token=HFuql2mjaPrqA669XaZwdiJkpVUQLrsYMFjynC5v#wechat_redirect	1		https://www.pingtan.gov.cn/zwgk/zdlyxxgk/ggtywh/wlxx/202602/t20260225_105286.htm
https://mp.weixin.qq.com/s?__biz=MjM5NDY3OTcyMA==&mid=2652000601&idx=1&sn=c02facf020922ad0edb9ef8569f27efa&scene=21#wechat_redirect	1		https://www.pingtan.gov.cn/zwgk/zdlyxxgk/ggtywh/wlxx/202606/t20260619_107423.htm
https://mp.weixin.qq.com/s?__biz=MjUwNjU1NzA0MQ==&amp;mid=2662417733&amp;idx=1&amp;sn=1cd42e60de8f25aff76801fcd19a04f6&amp;scene=21#wechat_redirect	1	2022年3月5日12时，鄂尔多斯市东胜区对应检尽检人员进行核酸检测时，发现1例省外返回人员检测结果呈阳性，经鄂尔多斯市疾控中心复核并经专家组会诊为确诊病例。	https://www.pingtan.gov.cn/zwgk/ztzl/yqfkptzhdygd/gzdtjxxgk/202203/t20220308_31674.htm
https://mp.weixin.qq.com/s?__biz=MzA4NzA1OTQwNQ==&mid=2651140054&idx=1&sn=fb8e3d043cc6686c1c329ac52aa2e355&chksm=8bceb174bcb93862f0851d306803e50130a7d4927c5f6118dd339212059a80bd4af2afda1bc4&scene=21#wechat_redirect	1	9月28日至10月6日，平潭部分景区提供免费接驳服务！9月29日-10月6日，平潭部分景区周边道路实行临时交通管理和保障	https://www.pingtan.gov.cn/zwgk/yw/ptyw/202310/t20231004_50615.htm
https://mp.weixin.qq.com/s?__biz=MzA5NjM2MTU5MQ==&amp;mid=2652021658&amp;idx=2&amp;sn=c5439e970c95fb67aa46d16f7a96d352&amp;chksm=8b574e82bc20c794db5927835b9a52c6eb746eb3b435b2acc1ab013886bc3d1442b1bb2052c3&amp;scene=126&amp;sessionid=1689907945&amp;subscene=227&amp;clicktime=1689907947&amp;enterid=1689907947&amp;key=5341bab5d31030bf40159784c3580c292fa566559c40353699f7d6caa43bea5b57a9c132c49ce8bd82d49fdf09a69464dd4a99d456f10b56519dba7b737b545bb0d50f27e39a36ba52d5e271781620f4e31daaf6f7fc00ac39095aed4e311e760c628218df6113fb399efc312b50f0bf0909e8c453addd241f7372cc2052b7b1&amp;ascene=0&amp;uin=MjMzODY1MDgxMg==&amp;devicetype=Windows+Server+2016+x64&amp;version=63090551&amp;lang=zh_CN&amp;countrycode=CN&amp;exportkey=n_ChQIAhIQGGUHljNcS5hfB8Q+EVLIwxLpAQIE97dBBAEAAAAAAJyPMQg0F8EAAAAOpnltbLcz9gKNyK89dVj0h62D0EeR182BjLxzqG5AXIYf0GRyX+qp2HtHj0ftYhQxLjaVYos/yU4JJ4RLWRd6yQ2RED6JBnllyrpaxH7prNkZaEXsJg9f7TRXM2UeJImYXq02nA2kK3ykbquCRBBS+0FoIK3CyZRTMalIAQxRmwXleuCsjsPhtqC2Imnz62kaOmBJgFBzxUjsosiEBV6LEEP3IAWQxyCcP6eYx3fdmOryMQ6MA39zcriZlSzxHKG614PURXNJ24ErIfoZXYNBuUUn&amp;acctmode=0&amp;pass_ticket=T6Z/WeHDaXAFjvwg81a2qw4zMmxiAASSsbOATUlIl8xrOehROEYyLe2BYZXXDkaM&amp;wx_header=1&amp;fasttmpl_type=0&amp;fasttmpl_fullversion=6775900-zh_CN-zip&amp;fasttmpl_flag=1	1	附件1：国家综合性消防救援队伍2023年消防员招录计划.xls	https://www.pingtan.gov.cn/zwgk/ztzl/xfaq/xfdt/202307/t20230721_48372.htm
https://mp.weixin.qq.com/s?__biz=MzIyMzQ4NTUzNw==&amp;mid=2247494157&amp;idx=1&amp;sn=26ec62a68f31ab79da9afcb83cbea662&amp;key=b01db449daaf9784a4931d210bda7930f88a2d0775f0d7142ab075c81fb84770a8965e14ee1e8705d20c3d4646b68c6a3b76af3c139c2018538729eb0927618cbc2252d9d86d6c5f0fd1167101f5f142c05b5d18b45cb335c3ee02743772d5d9b8f4c4aaa2c97fa786cc8d2dfd1a9ad3eb5cbb3c1a47b78b0c2fd4d0e9a568cf&amp;ascene=0&amp;uin=OTUwODU1Mjk1&amp;devicetype=Windows+7&amp;version=6302019a&amp;lang=zh_CN&amp;exportkey=AwjhpNC9Rf6hyZBmen0BB7I%3D&amp;pass_ticket=mYsX3ukPBeKDeYkE7jLGKi%2FXdMzKUGLQdSp%2FplVK7n90cpJ6CbXFOzkKJvEtDjGi&amp;wx_header=0&amp;fontgear=2	1	平潭县平原乡凤美村综合文化服务中心	https://www.pingtan.gov.cn/zwgk/ztzl/jczwgkbzhgfh/sdpq/sppq/gzdt/202105/t20210524_26306.htm
https://mp.weixin.qq.com/s?__biz=MzIyMzQ4NTUzNw==&amp;mid=2247506232&amp;idx=2&amp;sn=ceb74feb26a908f86416cff6a038ff93&amp;key=bef6c5945365c2f4f1d34240dc7d366551959402917d327173c0629fd77a010dcdf4d9c8358f818d6eb1c0aebaf15482925844295a1487496e4707b8bfe542197ff6a375eda97e7682bfb6ddd794767eb5c4e694d6cbc2154a8b0d79643e2bd756336c802744b9cb74659726dbf8e80af00337742168184a19fa7dcf20211358&amp;ascene=275235920&amp;uin=OTUwODU1Mjk1&amp;devicetype=Windows+7+x64&amp;version=63060012&amp;lang=zh_CN&amp;exportkey=A06xZr60ai5CPnyAkPDduVc%3D&amp;acctmode=0&amp;pass_ticket=igISnEIHGunSFqd0HpBgHYSzUU484WON51nTaLGhL4RrcxMxcGgADB5i7bGz%2FrgW&amp;wx_header=0&amp;fontgear=2	1	区行政服务中心苏平片区分中心	https://www.pingtan.gov.cn/zwgk/ztzl/jczwgkbzhgfh/sdpq/sppq/gzdt/202204/t20220422_33329.htm
https://mp.weixin.qq.com/s?__biz=MzU4NDU1MTI1MQ==&mid=2247789020&idx=1&sn=f561eba9fa979bdd88dbcdf3cc17d75a&scene=21#wechat_redirect	1	闽超来了 | 2026闽超球队人气投票开启，快来为家乡队打call→	https://www.pingtan.gov.cn/zwgk/zdlyxxgk/ggtywh/ggty/202604/t20260415_106215.htm
https://mp.weixin.qq.com/s?__biz=MzU5NDUxMDM4MQ==&amp;mid=2247520740&amp;idx=2&amp;sn=33230c7a528c4661522058b40a6531c7&amp;scene=21#wechat_redirect	1	实验区应对新冠肺炎疫情工作指挥部第18号公告	https://www.pingtan.gov.cn/zwgk/ztzl/yqfkptzhdygd/gzdtjxxgk/202203/t20220313_31886.htm
https://mp.weixin.qq.com/s?__biz=Mzk0MTY4OTI1Mw==&mid=2247499473&idx=1&sn=d760c9e796baf248f8b1de8e06e2638b&scene=21#wechat_redirect	1		https://www.pingtan.gov.cn/zwgk/zdlyxxgk/ggtywh/wlxx/202606/t20260608_107205.htm
https://news.cctv.com/2021/02/02/ARTIf7b9hKTZ8sTqQc57iA0W210202.shtml	1		https://www.pingtan.gov.cn/zwgk/ztzl/xjpxsdzgtsshzysxjddesdjsxxzl/xxzl/202102/t20210203_24673.htm
https://news.cctv.com/2024/01/12/ARTIGCXUb7e8UisEN7mAYdLl240112.shtml	1		https://www.pingtan.gov.cn/zwgk/yw/szywn/202401/t20240112_86103.htm
https://news.cctv.com/2026/05/14/ARTIDRcgVlwZJxzOHIG9zzZB260514.shtml	1		https://www.pingtan.gov.cn/zwgk/yw/szywn/202605/t20260515_106706.htm
https://news.xmnn.cn/fjxw/202509/t20250930_368890.html	1		https://www.pingtan.gov.cn/zwgk/zdlyxxgk/ggtywh/wlxx/202510/t20251010_101915.htm
https://pan.baidu.com/s/1NuWFDdP_XqLuZ_WoQoFeZA?pwd=fubz	1	https://pan.baidu.com/s/1NuWFDdP_XqLuZ_WoQoFeZA?pwd=fubz	https://www.pingtan.gov.cn/zwgk/zdlyxxgk/aqsc_1/xgwj/202404/t20240416_89129.htm
https://poultry-ptzhnm-comx54839683c3868xx.ipv6best.cn/	1	https://poultry.ptzhnm.com/	https://www.pingtan.gov.cn/zwgk/zfxxgk/dfbmptlj/ptzhsyqbm/ptzhsyqscj/fdzdgknr/hjbhggwsaq/202109/t20210908_74399.htm
https://ptgl.fujian.gov.cn:8088/wcm/app/system/read_image.jsp?FileName=U020230307409974041754.png	1		https://www.pingtan.gov.cn/zwgk/yw/szywn/202303/t20230307_84635.htm
https://ptgl.fujian.gov.cn:8088/wcm/app/system/read_image.jsp?FileName=U020230307410596728217.png	1		https://www.pingtan.gov.cn/zwgk/yw/szywn/202303/t20230307_84635.htm
https://ptgl.fujian.gov.cn:8088/wcm/app/system/read_image.jsp?FileName=U020230307410596734899.png	1		https://www.pingtan.gov.cn/zwgk/yw/szywn/202303/t20230307_84635.htm
https://ptgl.fujian.gov.cn:8088/wcm/app/system/read_image.jsp?FileName=U020230307410602988878.png	1		https://www.pingtan.gov.cn/zwgk/yw/szywn/202303/t20230307_84635.htm
https://ptgl.fujian.gov.cn:8088/wcm/app/system/read_image.jsp?FileName=U020230307430839807255.png	1		https://www.pingtan.gov.cn/zwgk/yw/szywn/202303/t20230307_84636.htm
https://q.eqxiu.com/s/SFJiGtfA?eip=true	1	《关于规范二手车交易市场、二手车经销企业备案管理的通知》政策解读	https://www.pingtan.gov.cn/zwgk/zfxxgk/dfbmptlj/ptzhsyqbm/ptzhsyqjjf/zc/xzgfxwjk/202306/t20230601_79200.htm
https://qspfw.moe.gov.cn/html/notice/20220520/19512.html	1	https://qspfw.moe.gov.cn/html/notice/20220520/19512.html	https://www.pingtan.gov.cn/zwgk/zfxxgk/dfbmptlj/ptzhsyqbm/ptzhsyqshs/fdzdgknr/shjzywjyyl/202206/t20220616_76329.htm
https://tousu.www.gov.cn/dc/2024yxyshjjs/index.htm	1	国务院“互联网+督查”平台	https://www.pingtan.gov.cn/zwgk/gsgg/202402/t20240201_86777.htm
https://www-720yun-comx0e19967d83868xx.ipv6best.cn/vr/337jOrsmzO6	1		https://www.pingtan.gov.cn/zwgk/yw/ptyw/202307/t20230726_48508.htm
https://www-beian-gov-cnx45c8968703868xx.ipv6best.cn/portal/registerSystemInfo?recordcode=35012899001-19002	1	公安备案号：35012899001-19002	https://www.pingtan.gov.cn/zwgk/gsgg/202111/t20211112_29001.htm
https://www-beian-gov-cnx45c8968713868xx.ipv6best.cn/portal/registerSystemInfo?recordcode=35012899001-19002	1	公安备案号：35012899001-19002	https://www.pingtan.gov.cn/zwgk/zdlyxxgk/czzj/bmyjsgk/bmjsgk/202208/t20220803_35359.htm
https://www-cbi360-netx23b5968523868xx.ipv6best.cn/hyjd/1zt343.html	1	建设项目	https://www.pingtan.gov.cn/zwgk/zfxxgk/dfbmptlj/ptzhsyqbm/ptzhsyqjtj/fdzdgknr/gzdt/201809/t20180905_66291.htm
https://www-cbi360-netx23b5968523868xx.ipv6best.cn/hyjd/1zt61.html	1	招标代理	https://www.pingtan.gov.cn/zwgk/zfxxgk/dfbmptlj/ptzhsyqbm/ptzhsyqjtj/fdzdgknr/gzdt/201809/t20180905_66291.htm
https://www-cbi360-netx23b5968523868xx.ipv6best.cn/hyjd/20150330/5310.html	1	投标	https://www.pingtan.gov.cn/zwgk/zfxxgk/dfbmptlj/ptzhsyqbm/ptzhsyqjtj/fdzdgknr/gzdt/201809/t20180905_66291.htm
https://www-fj99-org-cnxbc869670b3868xx.ipv6best.cn/bys/	1	https://www.fj99.org.cn/bys/	https://www.pingtan.gov.cn/zwgk/zdlyxxgk/wgjy/202401/t20240103_85646.htm
https://www-so-comx50b6966bd3868xx.ipv6best.cn/link?m=uwfDc0Iwhn6/qan1qTO+TJBpZF2YQsf8xEDkt5T6G7wuKXrQV0O1mXAvyt9Me34owtHSNS25d4ibx8+o5pRzoK+BUahjO2Xm6SZ9N64UwVCCd+wRAXV/LFtOqxk7QGEPO2QcLeaC9hx25PEj5Kc54XA==	1	平潭综合实验区12345便民服务平台	https://www.pingtan.gov.cn/zwgk/gsgg/202308/t20230801_48706.htm
https://www-so-comx50b6966fe3868xx.ipv6best.cn/link?m=wrznI300zp2lyRLOHuHiFsb42+UTWpQRP4ZfC14aE4mQHvD7v/eilE1RqppUs9yhZU2XqTWWxRnI8FQA2wvhomr1i6OboWelmH4Q04yFCcs6JGimfeRxuRvdkhL0=	1	www.pingtan.gov.cn	https://www.pingtan.gov.cn/zwgk/zdlyxxgk/wgjy/202512/t20251203_103749.htm
https://www-so-comx50b6967053868xx.ipv6best.cn/link?m=wrznI300zp2lyRLOHuHiFsb42+UTWpQRP4ZfC14aE4mQHvD7v/eilE1RqppUs9yhZU2XqTWWxRnI8FQA2wvhomr1i6OboWelmH4Q04yFCcs6JGimfeRxuRvdkhL0=	1	www.pingtan.gov.cn	https://www.pingtan.gov.cn/zwgk/zdlyxxgk/wgjy/202410/t20241009_94200.htm
https://www-waizi-org-cnx651b966b83868xx.ipv6best.cn/doc/29129.html	1	环境保护部公告2010年第27号	https://www.pingtan.gov.cn/zwgk/gsgg/202403/t20240318_88109.htm
https://www-wjx-cnxab70966cf3868xx.ipv6best.cn/jq/88919691.aspx	1	https://www.wjx.cn/jq/88919691.aspx	https://www.pingtan.gov.cn/zwgk/gsgg/202009/t20200914_22625.htm
https://www-wjx-cnxab70968453868xx.ipv6best.cn/jq/82435349.aspx	1	https://www.wjx.cn/jq/82435349.aspx	https://www.pingtan.gov.cn/zwgk/zfxxgk/dfbmptlj/ptzhsyqbm/ptzhsyqshs/fdzdgknr/shjzywjyyl/202007/t20200702_71389.htm
https://www-zyz-org-cnx5e03968483868xx.ipv6best.cn/	1	https://www.zyz.org.cn/	https://www.pingtan.gov.cn/zwgk/zfxxgk/dfbmptlj/ptzhsyqbm/ptzhsyqscj/fdzdgknr/qtyzdgkdzf/202004/t20200406_70038.htm
https://www.baidu.com/link?url=NYqTcBNtmPP86_7xx849uOhfCtJCPtaJVoNxeaLQFXlGGHon4pvQlYiOUKc3PpW_&amp;wd=&amp;eqid=b646176e000152320000000659a63694	1	福建海峡高速客滚航运有限公司	https://www.pingtan.gov.cn/zwgk/zfxxgk/dfbmptlj/ptzhsyqbm/ptzhsyqjtj/fdzdgknr/gzdt/201709/t20170919_63162.htm
https://www.baidu.com/link?url=VeZ-2lWb_Bv5s0xSyY9-O3W-iiOFQ_pQlMDB68CI-pIRVKtp55KtLOF8b2UCXWrT&wd=&eqid=e972d87300031be500000006629ffe22	1	平潭综合实验区公共资源统一平台	https://www.pingtan.gov.cn/zwgk/gsgg/202205/t20220526_35461.htm
https://www.baidu.com/s?wd=%E3%80%8A%E5%B7%A5%E7%A8%8B%E5%BB%BA%E8%AE%BE%E9%A1%B9%E7%9B%AE%E6%8B%9B%E6%A0%87%E8%8C%83%E5%9B%B4%E5%92%8C%E8%A7%84%E6%A8%A1%E6%A0%87%E5%87%86%E8%A7%84%E5%AE%9A%E3%80%8B&amp;tn=44039180_cpr&amp;fenlei=mv6quAkxTZn0IZRqIHckPjm4nH00T1Y3PyRYmyD4rjmYuHn1nhns0ZwV5Hcvrjm3rH6sPfKWUMw85HfYnjn4nH6sgvPsT6KdThsqpZwYTjCEQLGCpyw9Uz4Bmy-bIi4WUvYETgN-TLwGUv3EPHTLPWfzrjfv	1	《工程建设项目招标范围和规模标准规定》	https://www.pingtan.gov.cn/zwgk/zfxxgk/dfbmptlj/ptzhsyqbm/ptzhsyqjtj/fdzdgknr/gzdt/201706/t20170629_62330.htm
https://www.baidu.com/s?wd=%E5%85%A8%E9%9D%A2%E5%BB%BA%E8%AE%BE%E5%B0%8F%E5%BA%B7%E7%A4%BE%E4%BC%9A&amp;tn=44039180_cpr&amp;fenlei=mv6quAkxTZn0IZRqIHckPjm4nH00T1dBnAF-nW64PvcLmvF-P10d0ZwV5Hcvrjm3rH6sPfKWUMw85HfYnjn4nH6sgvPsT6KdThsqpZwYTjCEQLGCpyw9Uz4Bmy-bIi4WUvYETgN-TLwGUv3EnHRLP1f4n1msn1R3n1R3njfvn0	1	全面建设小康社会	https://www.pingtan.gov.cn/zwgk/zdlyxxgk/ylws_1/201904/t20190401_13303.htm
https://www.beian.gov.cn/portal/registerSystemInfo?recordcode=35012899001-19002	1	公安备案号：35012899001-19002	https://www.pingtan.gov.cn/zwgk/zdlyxxgk/hjbh_1/202304/t20230428_46155.htm
https://www.chinanews.com/hr/shipin/cns-d/2024/09-26/news1001100.shtml	1		https://www.pingtan.gov.cn/zwgk/ztzl/zmsgzl/202409/t20240930_94092.htm
https://www.chinanews.com/shipin/cns-d/2024/09-26/news1001075.shtml	1		https://www.pingtan.gov.cn/zwgk/yw/ptyw/202409/t20240927_94022.htm
https://www.cnipa.gov.cn/module/download/downfile.jsp?classid=0&amp;showname=3.%20%E5%9B%BD%E5%AE%B6%E7%9F%A5%E8%AF%86%E4%BA%A7%E6%9D%83%E5%B1%80%E8%BD%AF%E7%A7%91%E5%AD%A6%E7%A0%94%E7%A9%B6%E9%A1%B9%E7%9B%AE%E8%AE%BA%E8%AF%81%E8%A1%A8.doc&amp;filename=3fdb735654fa4cc38d706b335619746a.doc	1		https://www.pingtan.gov.cn/zwgk/gsgg/202303/t20230309_44700.htm
https://www.cnipa.gov.cn/module/download/downfile.jsp?classid=0&amp;showname=6.%20%E5%9B%BD%E5%AE%B6%E7%9F%A5%E8%AF%86%E4%BA%A7%E6%9D%83%E5%B1%80%E4%B8%93%E5%88%A9%E4%B8%93%E9%A1%B9%E7%A0%94%E7%A9%B6%E9%A1%B9%E7%9B%AE%E7%94%B3%E8%AF%B7%E4%B9%A6.doc&amp;filename=cce019f148dd4e01b83309bc6aa38645.doc	1		https://www.pingtan.gov.cn/zwgk/gsgg/202303/t20230309_44700.htm
https://www.cnipa.gov.cn/module/download/downfile.jsp?classid=0&amp;showname=7.%20%E5%9B%BD%E5%AE%B6%E7%9F%A5%E8%AF%86%E4%BA%A7%E6%9D%83%E5%B1%80%E4%B8%93%E5%88%A9%E4%B8%93%E9%A1%B9%E7%A0%94%E7%A9%B6%E9%A1%B9%E7%9B%AE%E8%AE%BA%E8%AF%81%E8%A1%A8.doc&amp;filename=540f4d5c00034f65992fb1a54ee30341.doc	1		https://www.pingtan.gov.cn/zwgk/gsgg/202303/t20230309_44700.htm
https://www.fjtv.net/haibo4/haibo5/folder8620/folder8559/2024-03-05/5709264.html?_t=1709646359#&_hgOutLink=news/newsDetail&id=5709264	1		https://www.pingtan.gov.cn/zwgk/yw/ptyw/202403/t20240306_87769.htm
https://www.fjtv.net/haibo4/haibo5/folder8620/folder9077/2026-03-12/7061509.html?_t=1773290007	1		https://www.pingtan.gov.cn/zwgk/yw/ptyw/202603/t20260313_105581.htm
https://www.fujian.gov.cn/sylm/szyw/202208/t20220831_5984951.htm	1	《新发展阶段贯彻新发展理念必然要求构建新发展格局》	https://www.pingtan.gov.cn/zwgk/yw/szywn/202208/t20220831_84031.htm
https://www.fujian.gov.cn/sylm/szyw/202211/t20221130_6066391.htm	1	《在党的十九届七中全会第二次全体会议上的讲话》	https://www.pingtan.gov.cn/zwgk/yw/szywn/202211/t20221130_84399.htm
https://www.fujian.gov.cn/sylm/szyw/202212/t20221215_6079603.htm	1	《继承和发扬党的优良革命传统和作风，弘扬延安精神》	https://www.pingtan.gov.cn/zwgk/yw/szywn/202212/t20221215_84312.htm
https://www.fujian.gov.cn/sylm/szyw/202301/t20230131_6101111.htm	1	《全面从严治党探索出依靠党的自我革命跳出历史周期率的成功路径》	https://www.pingtan.gov.cn/zwgk/yw/szywn/202301/t20230131_84552.htm
https://www.fujian.gov.cn/sylm/szyw/202302/t20230228_6122336.htm	1	新时代党和人民奋进的必由之路	https://www.pingtan.gov.cn/zwgk/yw/szywn/202302/t20230228_84587.htm
https://www.fujian.gov.cn/sylm/szyw/202307/t20230731_6217287.htm	1	《加强基础研究 实现高水平科技自立自强》	https://www.pingtan.gov.cn/zwgk/yw/szywn/202307/t20230731_85036.htm
https://www.fujian.gov.cn/sylm/szyw/202309/t20230930_6267657.htm	1	《推进中国式现代化需要处理好若干重大关系》	https://www.pingtan.gov.cn/zwgk/yw/szywn/202309/t20230930_85174.htm
https://www.fujian.gov.cn/sylm/szyw/202412/t20241201_6586535.htm	1	《必须坚持守正创新》	https://www.pingtan.gov.cn/zwgk/yw/szywn/202412/t20241202_95383.htm
https://www.fujian.gov.cn/sylm/szyw/202508/t20250816_6992357.htm	1	《促进民营经济健康发展、高质量发展》	https://www.pingtan.gov.cn/zwgk/yw/szywn/202508/t20250818_100962.htm
https://www.fujian.gov.cn/sylm/szyw/202509/t20250915_7009785.htm	1	《纵深推进全国统一大市场建设》	https://www.pingtan.gov.cn/zwgk/yw/szywn/202509/t20250916_101465.htm
https://www.fujian.gov.cn/sylm/szyw/202510/t20251015_7021790.htm	1	《推动落实全球发展倡议、全球安全倡议、全球文明倡议、全球治理倡议》	https://www.pingtan.gov.cn/zwgk/yw/szywn/202510/t20251016_102043.htm
https://www.fujian.gov.cn/sylm/szyw/202511/t20251130_7040434.htm	1	《推进党的自我革命要做到“五个进一步到位”》	https://www.pingtan.gov.cn/zwgk/yw/szywn/202512/t20251201_103689.htm
https://www.fujian.gov.cn/sylm/szyw/202512/t20251215_7046477.htm	1	《扩大内需是战略之举》	https://www.pingtan.gov.cn/zwgk/yw/szywn/202512/t20251216_104044.htm
https://www.fujian.gov.cn/sylm/szyw/202601/t20260115_7079082.htm	1	《在中央城市工作会议上的讲话》	https://www.pingtan.gov.cn/zwgk/yw/szywn/202601/t20260116_104633.htm
https://www.fujian.gov.cn/sylm/szyw/202603/t20260316_7110277.htm	1	《推动海洋经济高质量发展》	https://www.pingtan.gov.cn/zwgk/yw/szywn/202603/t20260316_105594.htm
https://www.fujian.gov.cn/sylm/szyw/202604/t20260401_7117872.htm	1	《树立和践行正确政绩观》	https://www.pingtan.gov.cn/zwgk/yw/szywn/202604/t20260407_106035.htm
https://www.fujian.gov.cn/zwgk/zxwj/szfwj/202604/t20260414_7124417.htm	1		https://www.pingtan.gov.cn/zwgk/yw/ptyw/202604/t20260415_106220.htm
https://www.fuzhou.gov.cn/zwgk/gzdt/szyw/202306/t20230615_4651988.htm	1	《健全全面从严治党体系 推动新时代党的建设新的伟大工程向纵深发展》	https://www.pingtan.gov.cn/zwgk/yw/szywn/202306/t20230615_84939.htm
https://www.fuzhou.gov.cn/zwgk/gzdt/szyw/202312/t20231201_4728334.htm	1	《切实加强耕地保护 抓好盐碱地综合改造利用》	https://www.pingtan.gov.cn/zwgk/yw/szywn/202312/t20231201_85326.htm
https://www.gsxt.gov.cn/index.html	1	国家企业信用信息公示系统	https://www.pingtan.gov.cn/zwgk/zdlyxxgk/ssjygk/sjccjg/202211/t20221114_38613.htm
https://www.kdocs.cn/l/cjZa8nViUHbO	1		https://www.pingtan.gov.cn/zwgk/gsgg/202509/t20250924_101673.htm
https://www.peopleapp.com/column/30050459479-500007131183	1		https://www.pingtan.gov.cn/zwgk/zdlyxxgk/ggtywh/wlxx/202510/t20251010_101915.htm
https://www.ptnet.cn/a/2026-03/05/content_2121640.html	1		https://www.pingtan.gov.cn/zwgk/yw/ptyw/202603/t20260306_105458.htm
https://www.ptnet.cn/a/2026-03/07/content_2121761.html	1		https://www.pingtan.gov.cn/zwgk/yw/ptyw/202603/t20260309_105480.htm
https://www.ptnet.cn/a/xy/file.do?path=%E9%99%84%E4%BB%B6%E5%AD%98%E5%82%A8;xy/202603/03/22788e18-d35e-4860-82f4-2e872ccbc0e0.docx	1	平潭综合实验区足球队运动员报名表.docx	https://www.pingtan.gov.cn/zwgk/zdlyxxgk/ggtywh/ggty/202603/t20260304_105422.htm
https://www.ptnet.cn/a/xy/file.do?path=%E9%99%84%E4%BB%B6%E5%AD%98%E5%82%A8;xy/202603/03/68267e5a-a29f-4bda-ac6c-61587e04838b.xlsx	1	平潭综合实验区足球队教练员报名表.xlsx	https://www.pingtan.gov.cn/zwgk/zdlyxxgk/ggtywh/ggty/202603/t20260304_105422.htm
https://www.ptnet.cn/attachment/2023-07/22/fbb336a8-34be-49bd-aa2d-a33e9c997142.xls	1	附件：2023年平潭综合实验区公开招聘卫健系统事业单位工作人员岗位信息表.xls	https://www.pingtan.gov.cn/zwgk/yw/ptyw/202307/t20230724_48453.htm
https://www.ptnet.cn/attachment/2023-07/30/5531765b-3f63-4079-844d-fe4ef1f79753.docx	1	附件2：平潭综合实验区公共租赁住房申请审核和分配流程图.docx	https://www.pingtan.gov.cn/zwgk/yw/ptyw/202307/t20230731_48674.htm
https://www.ptnet.cn/attachment/2023-07/30/7fdc4a87-8fdb-4bbd-934f-f0364b65b342.pdf	1	附件1：平潭综合实验区公共租赁住房申请审批表.pdf	https://www.pingtan.gov.cn/zwgk/yw/ptyw/202307/t20230731_48674.htm
https://www.ptnet.cn/attachment/2025-04/01/729599c9-dc16-4f30-9a31-d6921a3e03c5.xls	1	2025年平潭综合实验区公开招聘卫健系统事业单位工作人员岗位信息表.xls	https://www.pingtan.gov.cn/zwgk/yw/ptyw/202504/t20250401_98158.htm
https://www.ptnet.cn/attachment/2026-03/19/2c285ce2-f45c-40d5-b13a-455a36ea3486.xlsx	1	2026年福建省城市足球联赛平潭赛事球童报名表.xlsx	https://www.pingtan.gov.cn/zwgk/zdlyxxgk/ggtywh/ggty/202603/t20260320_105727.htm
https://www.qcc.com/pl/prff6a106faf918d2e6a61e5a8828213.html	1		https://www.pingtan.gov.cn/zwgk/zfxxgk/dfbmptlj/ptzhsyqbm/ptzhsyqhzs/fdzdgknr/hzgfxwj/202407/t20240705_91719.htm
https://www.qgsydw.com/qgsydw/notice/inspanynotice/20241208/144133.html	1	https://www.qgsydw.com/qgsydw/notice/inspanynotice/20241208/144133.html	https://www.pingtan.gov.cn/zwgk/ztzl/rlzyygwygl/gzdtjxxgk/202412/t20241209_95578.htm
https://www.qgsydw.com/xxywzlzt/bmzt/1012	1	https://www.qgsydw.com/xxywzlzt/bmzt/1012	https://www.pingtan.gov.cn/zwgk/ztzl/rlzyygwygl/gzdtjxxgk/202411/t20241115_95097.htm
https://www.thepaper.cn/newsDetail_forward_31734496	1		https://www.pingtan.gov.cn/zwgk/zdlyxxgk/ggtywh/wlxx/202510/t20251010_101915.htm
https://www.xinhuanet.com/20250906/3cf52d50ecbf4d7abac9efd412492301/c.html	1		https://www.pingtan.gov.cn/zwgk/zdlyxxgk/ggtywh/ggwh/202509/t20250922_101609.htm
https://wx.qq.com/cgi-bin/mmwebwx-bin/webwxcheckurl?requrl=https%3A%2F%2Fmp.weixin.qq.com%2Fs%2FDkA2amN0q4CqRGagSD3qGg&amp;skey=%40crypt_9aabd894_9a0d626c181147f78ecec1fe85c5e45e&amp;deviceid=e528768063282438&amp;pass_ticket=95YQLbAYvYO64dWWObTz5jE6%252B8a5raezzZyafo8YVrXJTivRsxSp3LCDFepWI5nQ&amp;opcode=2&amp;scene=1&amp;username=@8ae71c7fbef6990cd021c4c35b463665	1	https://mp.weixin.qq.com/s/DkA2amN0q4CqRGagSD3qGg	https://www.pingtan.gov.cn/zwgk/ztzl/yqfkptzhdygd/gzdtjxxgk/202206/t20220607_34266.htm
https://wx.qq.com/cgi-bin/mmwebwx-bin/webwxcheckurl?requrl=https%3A%2F%2Fmp.weixin.qq.com%2Fs%2FFVCrtUfKmAoRUidKjjbGhQ&amp;skey=%40crypt_9aabd894_9a0d626c181147f78ecec1fe85c5e45e&amp;deviceid=e528768063282438&amp;pass_ticket=95YQLbAYvYO64dWWObTz5jE6%252B8a5raezzZyafo8YVrXJTivRsxSp3LCDFepWI5nQ&amp;opcode=2&amp;scene=1&amp;username=@8ae71c7fbef6990cd021c4c35b463665	1	https://mp.weixin.qq.com/s/FVCrtUfKmAoRUidKjjbGhQ	https://www.pingtan.gov.cn/zwgk/ztzl/yqfkptzhdygd/gzdtjxxgk/202206/t20220607_34262.htm
https://wx.qq.com/cgi-bin/mmwebwx-bin/webwxcheckurl?requrl=https%3A%2F%2Fmp.weixin.qq.com%2Fs%2FIUtFDFk0HLk6-EkdNcIC5A&amp;skey=%40crypt_9aabd894_9a0d626c181147f78ecec1fe85c5e45e&amp;deviceid=e528768063282438&amp;pass_ticket=95YQLbAYvYO64dWWObTz5jE6%252B8a5raezzZyafo8YVrXJTivRsxSp3LCDFepWI5nQ&amp;opcode=2&amp;scene=1&amp;username=@8ae71c7fbef6990cd021c4c35b463665	1	https://mp.weixin.qq.com/s/IUtFDFk0HLk6-EkdNcIC5A	https://www.pingtan.gov.cn/zwgk/ztzl/yqfkptzhdygd/gzdtjxxgk/202206/t20220607_34261.htm
https://wx.qq.com/cgi-bin/mmwebwx-bin/webwxcheckurl?requrl=https%3A%2F%2Fmp.weixin.qq.com%2Fs%2FKdIn7ScAJWwdocs5iRjCAA&amp;skey=%40crypt_9aabd894_9a0d626c181147f78ecec1fe85c5e45e&amp;deviceid=e528768063282438&amp;pass_ticket=95YQLbAYvYO64dWWObTz5jE6%252B8a5raezzZyafo8YVrXJTivRsxSp3LCDFepWI5nQ&amp;opcode=2&amp;scene=1&amp;username=@8ae71c7fbef6990cd021c4c35b463665	1	https://mp.weixin.qq.com/s/KdIn7ScAJWwdocs5iRjCAA	https://www.pingtan.gov.cn/zwgk/ztzl/jczwgkbzhgfh/sdpq/htpq/gzdt/202206/t20220607_34247.htm
https://wx.qq.com/cgi-bin/mmwebwx-bin/webwxcheckurl?requrl=https%3A%2F%2Fmp.weixin.qq.com%2Fs%2FV0yG90QKLpCo_z5UuYCCqw&amp;skey=%40crypt_9aabd894_9a0d626c181147f78ecec1fe85c5e45e&amp;deviceid=e528768063282438&amp;pass_ticket=95YQLbAYvYO64dWWObTz5jE6%252B8a5raezzZyafo8YVrXJTivRsxSp3LCDFepWI5nQ&amp;opcode=2&amp;scene=1&amp;username=@8ae71c7fbef6990cd021c4c35b463665	1	https://mp.weixin.qq.com/s/V0yG90QKLpCo_z5UuYCCqw	https://www.pingtan.gov.cn/zwgk/ztzl/jczwgkbzhgfh/sdpq/htpq/gzdt/202206/t20220607_34246.htm
https://wx.qq.com/cgi-bin/mmwebwx-bin/webwxcheckurl?requrl=https%3A%2F%2Fmp.weixin.qq.com%2Fs%2FZNuPzVSnlUH07XLJaEUmgg&amp;skey=%40crypt_9aabd894_9a0d626c181147f78ecec1fe85c5e45e&amp;deviceid=e528768063282438&amp;pass_ticket=95YQLbAYvYO64dWWObTz5jE6%252B8a5raezzZyafo8YVrXJTivRsxSp3LCDFepWI5nQ&amp;opcode=2&amp;scene=1&amp;username=@8ae71c7fbef6990cd021c4c35b463665	1	https://mp.weixin.qq.com/s/ZNuPzVSnlUH07XLJaEUmgg	https://www.pingtan.gov.cn/zwgk/ztzl/yqfkptzhdygd/gzdtjxxgk/202206/t20220607_34265.htm
https://wx.qq.com/cgi-bin/mmwebwx-bin/webwxcheckurl?requrl=https%3A%2F%2Fmp.weixin.qq.com%2Fs%2Fa7OiMm7o0NcmoluB0ZZl3A&amp;skey=%40crypt_9aabd894_9a0d626c181147f78ecec1fe85c5e45e&amp;deviceid=e528768063282438&amp;pass_ticket=95YQLbAYvYO64dWWObTz5jE6%252B8a5raezzZyafo8YVrXJTivRsxSp3LCDFepWI5nQ&amp;opcode=2&amp;scene=1&amp;username=@8ae71c7fbef6990cd021c4c35b463665	1	https://mp.weixin.qq.com/s/a7OiMm7o0NcmoluB0ZZl3A	https://www.pingtan.gov.cn/zwgk/ztzl/jczwgkbzhgfh/sdpq/htpq/gzdt/202206/t20220607_34252.htm
https://wx.qq.com/cgi-bin/mmwebwx-bin/webwxcheckurl?requrl=https%3A%2F%2Fmp.weixin.qq.com%2Fs%2FdO04xA3qj1R8PnNeOw64Gg&amp;skey=%40crypt_9aabd894_9a0d626c181147f78ecec1fe85c5e45e&amp;deviceid=e528768063282438&amp;pass_ticket=95YQLbAYvYO64dWWObTz5jE6%252B8a5raezzZyafo8YVrXJTivRsxSp3LCDFepWI5nQ&amp;opcode=2&amp;scene=1&amp;username=@8ae71c7fbef6990cd021c4c35b463665	1	https://mp.weixin.qq.com/s/dO04xA3qj1R8PnNeOw64Gg	https://www.pingtan.gov.cn/zwgk/ztzl/jczwgkbzhgfh/sdpq/htpq/gzdt/202206/t20220607_34245.htm
https://wx.qq.com/cgi-bin/mmwebwx-bin/webwxcheckurl?requrl=https%3A%2F%2Fmp.weixin.qq.com%2Fs%2FdSBPsuzx8TEpKL58lh0Uaw&amp;skey=%40crypt_9aabd894_9a0d626c181147f78ecec1fe85c5e45e&amp;deviceid=e528768063282438&amp;pass_ticket=95YQLbAYvYO64dWWObTz5jE6%252B8a5raezzZyafo8YVrXJTivRsxSp3LCDFepWI5nQ&amp;opcode=2&amp;scene=1&amp;username=@8ae71c7fbef6990cd021c4c35b463665	1	https://mp.weixin.qq.com/s/dSBPsuzx8TEpKL58lh0Uaw	https://www.pingtan.gov.cn/zwgk/ztzl/jczwgkbzhgfh/sdpq/htpq/gzdt/202206/t20220607_34254.htm
https://wx.qq.com/cgi-bin/mmwebwx-bin/webwxcheckurl?requrl=https%3A%2F%2Fmp.weixin.qq.com%2Fs%2Ff5WQR0yfeG_VV3r6QXUW4g&amp;skey=%40crypt_9aabd894_534656fb0f8e9c2ecb973e3b6d2cdde7&amp;deviceid=e415511569495081&amp;pass_ticket=undefined&amp;opcode=2&amp;scene=1&amp;username=@b4c36c2a93c90aa1ad78644a72c27604	1	https://mp.weixin.qq.com/s/f5WQR0yfeG_VV3r6QXUW4g	https://www.pingtan.gov.cn/zwgk/ztzl/jczwgkbzhgfh/sdpq/htpq/gzdt/202205/t20220527_34025.htm
https://wx.qq.com/cgi-bin/mmwebwx-bin/webwxcheckurl?requrl=https%3A%2F%2Fmp.weixin.qq.com%2Fs%2FfNN8x2MSxHcWHOsiaEwAdw&amp;skey=%40crypt_9aabd894_9a0d626c181147f78ecec1fe85c5e45e&amp;deviceid=e528768063282438&amp;pass_ticket=95YQLbAYvYO64dWWObTz5jE6%252B8a5raezzZyafo8YVrXJTivRsxSp3LCDFepWI5nQ&amp;opcode=2&amp;scene=1&amp;username=@8ae71c7fbef6990cd021c4c35b463665	1	https://mp.weixin.qq.com/s/fNN8x2MSxHcWHOsiaEwAdw	https://www.pingtan.gov.cn/zwgk/ztzl/yqfkptzhdygd/gzdtjxxgk/202206/t20220607_34260.htm
https://wx.qq.com/cgi-bin/mmwebwx-bin/webwxcheckurl?requrl=https%3A%2F%2Fmp.weixin.qq.com%2Fs%2FfgV0b-PyzYr3yZc2PgL1ew&amp;skey=%40crypt_9aabd894_9a0d626c181147f78ecec1fe85c5e45e&amp;deviceid=e528768063282438&amp;pass_ticket=95YQLbAYvYO64dWWObTz5jE6%252B8a5raezzZyafo8YVrXJTivRsxSp3LCDFepWI5nQ&amp;opcode=2&amp;scene=1&amp;username=@8ae71c7fbef6990cd021c4c35b463665	1	https://mp.weixin.qq.com/s/fgV0b-PyzYr3yZc2PgL1ew	https://www.pingtan.gov.cn/zwgk/ztzl/yqfkptzhdygd/gzdtjxxgk/202206/t20220607_34264.htm
https://wx.qq.com/cgi-bin/mmwebwx-bin/webwxcheckurl?requrl=https%3A%2F%2Fmp.weixin.qq.com%2Fs%2FhRHre4J4iyZ19EoUXLVt1Q&amp;skey=%40crypt_9aabd894_9a0d626c181147f78ecec1fe85c5e45e&amp;deviceid=e528768063282438&amp;pass_ticket=95YQLbAYvYO64dWWObTz5jE6%252B8a5raezzZyafo8YVrXJTivRsxSp3LCDFepWI5nQ&amp;opcode=2&amp;scene=1&amp;username=@8ae71c7fbef6990cd021c4c35b463665	1	https://mp.weixin.qq.com/s/hRHre4J4iyZ19EoUXLVt1Q	https://www.pingtan.gov.cn/zwgk/ztzl/yqfkptzhdygd/gzdtjxxgk/202206/t20220607_34259.htm
https://wx.qq.com/cgi-bin/mmwebwx-bin/webwxcheckurl?requrl=https%3A%2F%2Fmp.weixin.qq.com%2Fs%2FiXL3Rjq5uvHs3RPjZ-HM1A&amp;skey=%40crypt_9aabd894_9a0d626c181147f78ecec1fe85c5e45e&amp;deviceid=e528768063282438&amp;pass_ticket=95YQLbAYvYO64dWWObTz5jE6%252B8a5raezzZyafo8YVrXJTivRsxSp3LCDFepWI5nQ&amp;opcode=2&amp;scene=1&amp;username=@8ae71c7fbef6990cd021c4c35b463665	1	https://mp.weixin.qq.com/s/iXL3Rjq5uvHs3RPjZ-HM1A	https://www.pingtan.gov.cn/zwgk/ztzl/jczwgkbzhgfh/sdpq/htpq/gzdt/202206/t20220607_34250.htm
https://wx.qq.com/cgi-bin/mmwebwx-bin/webwxcheckurl?requrl=https%3A%2F%2Fmp.weixin.qq.com%2Fs%2Fk93EFGeL8nZH9c_EwXVAig&amp;skey=%40crypt_9aabd894_9a0d626c181147f78ecec1fe85c5e45e&amp;deviceid=e528768063282438&amp;pass_ticket=95YQLbAYvYO64dWWObTz5jE6%252B8a5raezzZyafo8YVrXJTivRsxSp3LCDFepWI5nQ&amp;opcode=2&amp;scene=1&amp;username=@8ae71c7fbef6990cd021c4c35b463665	1	https://mp.weixin.qq.com/s/k93EFGeL8nZH9c_EwXVAig	https://www.pingtan.gov.cn/zwgk/ztzl/yqfkptzhdygd/gzdtjxxgk/202206/t20220607_34263.htm
https://wx.qq.com/cgi-bin/mmwebwx-bin/webwxcheckurl?requrl=https%3A%2F%2Fmp.weixin.qq.com%2Fs%2FkVwEb03H5PyUwpIP-fSiwQ&amp;skey=%40crypt_9aabd894_9a0d626c181147f78ecec1fe85c5e45e&amp;deviceid=e528768063282438&amp;pass_ticket=95YQLbAYvYO64dWWObTz5jE6%252B8a5raezzZyafo8YVrXJTivRsxSp3LCDFepWI5nQ&amp;opcode=2&amp;scene=1&amp;username=@8ae71c7fbef6990cd021c4c35b463665	1	https://mp.weixin.qq.com/s/kVwEb03H5PyUwpIP-fSiwQ	https://www.pingtan.gov.cn/zwgk/ztzl/jczwgkbzhgfh/sdpq/htpq/gzdt/202206/t20220607_34249.htm
https://wx.qq.com/cgi-bin/mmwebwx-bin/webwxcheckurl?requrl=https%3A%2F%2Fmp.weixin.qq.com%2Fs%2FkhdFRaUI2pQeKI5M6Tf0ug&amp;skey=%40crypt_9aabd894_9a0d626c181147f78ecec1fe85c5e45e&amp;deviceid=e528768063282438&amp;pass_ticket=95YQLbAYvYO64dWWObTz5jE6%252B8a5raezzZyafo8YVrXJTivRsxSp3LCDFepWI5nQ&amp;opcode=2&amp;scene=1&amp;username=@8ae71c7fbef6990cd021c4c35b463665	1	https://mp.weixin.qq.com/s/khdFRaUI2pQeKI5M6Tf0ug	https://www.pingtan.gov.cn/zwgk/ztzl/yqfkptzhdygd/gzdtjxxgk/202206/t20220607_34269.htm
https://wx.qq.com/cgi-bin/mmwebwx-bin/webwxcheckurl?requrl=https%3A%2F%2Fmp.weixin.qq.com%2Fs%2Foc4jARr3fZD0_VMB9R0PUw&amp;skey=%40crypt_9aabd894_9a0d626c181147f78ecec1fe85c5e45e&amp;deviceid=e528768063282438&amp;pass_ticket=95YQLbAYvYO64dWWObTz5jE6%252B8a5raezzZyafo8YVrXJTivRsxSp3LCDFepWI5nQ&amp;opcode=2&amp;scene=1&amp;username=@8ae71c7fbef6990cd021c4c35b463665	1	https://mp.weixin.qq.com/s/oc4jARr3fZD0_VMB9R0PUw	https://www.pingtan.gov.cn/zwgk/ztzl/yqfkptzhdygd/gzdtjxxgk/202206/t20220607_34270.htm
https://wx.qq.com/cgi-bin/mmwebwx-bin/webwxcheckurl?requrl=https%3A%2F%2Fmp.weixin.qq.com%2Fs%2Fvhc1I0KMQnSECFdDCR8U6w&amp;skey=%40crypt_9aabd894_9a0d626c181147f78ecec1fe85c5e45e&amp;deviceid=e528768063282438&amp;pass_ticket=95YQLbAYvYO64dWWObTz5jE6%252B8a5raezzZyafo8YVrXJTivRsxSp3LCDFepWI5nQ&amp;opcode=2&amp;scene=1&amp;username=@8ae71c7fbef6990cd021c4c35b463665	1	https://mp.weixin.qq.com/s/vhc1I0KMQnSECFdDCR8U6w	https://www.pingtan.gov.cn/zwgk/ztzl/jczwgkbzhgfh/sdpq/htpq/gzdt/202206/t20220607_34248.htm
https://wx.qq.com/cgi-bin/mmwebwx-bin/webwxcheckurl?requrl=https%3A%2F%2Fmp.weixin.qq.com%2Fs%2Fw-uQdDqU-MG3TAYCBC4JBA&amp;skey=%40crypt_9aabd894_9a0d626c181147f78ecec1fe85c5e45e&amp;deviceid=e528768063282438&amp;pass_ticket=95YQLbAYvYO64dWWObTz5jE6%252B8a5raezzZyafo8YVrXJTivRsxSp3LCDFepWI5nQ&amp;opcode=2&amp;scene=1&amp;username=@8ae71c7fbef6990cd021c4c35b463665	1	https://mp.weixin.qq.com/s/w-uQdDqU-MG3TAYCBC4JBA	https://www.pingtan.gov.cn/zwgk/ztzl/jczwgkbzhgfh/sdpq/htpq/gzdt/202206/t20220607_34244.htm
https://wx2.qq.com/cgi-bin/mmwebwx-bin/webwxcheckurl?requrl=http%3A%2F%2Fnynct.fujian.gov.cn%2Fxxgk%2Fzfxxgk%2Ffdzdgknr%2Fnyyw%2Fywgz%2F202211%2Ft20221128_6064161.htm&amp;skey=%40crypt_b1717847_35bf82b4c0f6b7ae53f232ed1f4c8fab&amp;deviceid=e490017896448488&amp;pass_ticket=undefined&amp;opcode=2&amp;scene=1&amp;username=@de6a69375ee5c2833e7ff616e527782878f9d3c9f298c43af9349ac0e5871964	1	http://nynct.fujian.gov.cn/xxgk/zfxxgk/fdzdgknr/nyyw/ywgz/202211/t20221128_6064161.htm	https://www.pingtan.gov.cn/zwgk/zdlyxxgk/xczxggtpgjcg/202212/t20221205_42054.htm
https://wx2.qq.com/cgi-bin/mmwebwx-bin/webwxcheckurl?requrl=http%3A%2F%2Fnynct.fujian.gov.cn%2Fztzl%2Ffjsnjgzbtxxgkzl%2Ftzgg_5721%2F202205%2Ft20220524_5918570.htm&amp;skey=%40crypt_92b985b8_35f3e373e816277e95d5567102f92bc5&amp;deviceid=e001051603049762&amp;pass_ticket=TVkT67tgPcxOe%252FdPVki6AqvCvQRQilbvgQR9AO93o9Hibs%252Fp3SwygUOUAwFeU0%252BP&amp;opcode=2&amp;scene=1&amp;username=@9d44e615b995d308234daf79734074e710bfa2bd5a8cfbfda1e39776e02ff45b	1	http://nynct.fujian.gov.cn/ztzl/fjsnjgzbtxxgkzl/tzgg_5721/202205/t20220524_5918570.htm	https://www.pingtan.gov.cn/zwgk/zdlyxxgk/snbt/202211/t20221122_41094.htm
https://wx2.qq.com/cgi-bin/mmwebwx-bin/webwxcheckurl?requrl=http%3A%2F%2Fnynct.fujian.gov.cn%2Fztzl%2Ffjsnjgzbtxxgkzl%2Ftzgg_5721%2F202206%2Ft20220620_5932880.htm&amp;skey=%40crypt_b1717847_e409c77ce7fdc8ffea406ce370b77255&amp;deviceid=e148931330980211&amp;pass_ticket=VA0JT1ZRpH4VkShPHN4QFMLmTJ5QACjok9PNTKnblZhBMmXxYZcDwlEn2q1H01uX&amp;opcode=2&amp;scene=1&amp;username=@98f41b1c39337ed84237ea78416a07fe63454936942d7a19758c0aa92dcf714f	1	http://nynct.fujian.gov.cn/ztzl/fjsnjgzbtxxgkzl/tzgg_5721/202206/t20220620_5932880.htm	https://www.pingtan.gov.cn/zwgk/zdlyxxgk/snbt/202211/t20221122_41081.htm
https://wx2.qq.com/cgi-bin/mmwebwx-bin/webwxcheckurl?requrl=https%3A%2F%2Fmp.weixin.qq.com%2Fs%2F1TRpQ66LLg_uu1KpBQDxog&amp;skey=%40crypt_b1717847_76603b14d6f765027ec6176021dd2477&amp;deviceid=e294887479178670&amp;pass_ticket=undefined&amp;opcode=2&amp;scene=1&amp;username=@3a569d3f9e5ae78e993694e6aa663367358a39ea455e188df367a8aecd1ec1be	1	https://mp.weixin.qq.com/s/1TRpQ66LLg_uu1KpBQDxog	https://www.pingtan.gov.cn/zwgk/zdlyxxgk/xczxggtpgjcg/202211/t20221127_41528.htm
https://wx2.qq.com/cgi-bin/mmwebwx-bin/webwxcheckurl?requrl=https%3A%2F%2Fmp.weixin.qq.com%2Fs%2F6vRCwQaIl6jJpUja5VHmIQ&amp;skey=%40crypt_b1717847_2e21615c7782071ec2fdd2c61cf3300e&amp;deviceid=e879074081239017&amp;pass_ticket=7IfQz1cCq5Dl6Gmolj4VVN5aNZjALHRwsgzmlFpjXdCYrw2zDolby4cjqvqhxZPI&amp;opcode=2&amp;scene=1&amp;username=@d200a52651736e723b55e5357a7488a3ccc6a89b85e9bf5a4de2e4be11e3ad06	1	https://mp.weixin.qq.com/s/6vRCwQaIl6jJpUja5VHmIQ	https://www.pingtan.gov.cn/zwgk/zdlyxxgk/xczxggtpgjcg/202211/t20221127_41520.htm
https://wx2.qq.com/cgi-bin/mmwebwx-bin/webwxcheckurl?requrl=https%3A%2F%2Fmp.weixin.qq.com%2Fs%2F8ObTDhf6DWab3Cp_2MHgmQ&amp;skey=%40crypt_b1717847_4839ec138c4881f031c8e435bf7a6edc&amp;deviceid=e009226226160709&amp;pass_ticket=VPrS8PzK14asCXW0roAG224JnM%252FwgigH%252Fk2biJbgS39t0cApT%252Fj4LC8QjFxbOwI6&amp;opcode=2&amp;scene=1&amp;username=@e7a3eef973b6ac9b5052b1eb420069104cbadb4e24acc5d0dce49c14ee11b5e7	1	https://mp.weixin.qq.com/s/8ObTDhf6DWab3Cp_2MHgmQ	https://www.pingtan.gov.cn/zwgk/zdlyxxgk/xczxggtpgjcg/202211/t20221127_41517.htm
https://wx2.qq.com/cgi-bin/mmwebwx-bin/webwxcheckurl?requrl=https%3A%2F%2Fmp.weixin.qq.com%2Fs%2F9FARHG16UmOc0qj2Fq58RA&amp;skey=%40crypt_b1717847_1f309c6d1e0bb1b2772115fa963cb85c&amp;deviceid=e668297430680974&amp;pass_ticket=FLma94z2LTn5VNWGOeIyIgq0raqFCfKO0ntxW77N3ZIXFgZ8bjnPdOb7iAZINIwI&amp;opcode=2&amp;scene=1&amp;username=@8c679e5c467b72af1ebf67a223995fa4418eabbee1c2b50ba5d8c5284c13f8a5	1	https://mp.weixin.qq.com/s/9FARHG16UmOc0qj2Fq58RA	https://www.pingtan.gov.cn/zwgk/zdlyxxgk/xczxggtpgjcg/202211/t20221127_41527.htm
https://wx2.qq.com/cgi-bin/mmwebwx-bin/webwxcheckurl?requrl=https%3A%2F%2Fmp.weixin.qq.com%2Fs%2F9YWLVZsPulalmBCZH5ItQg&amp;skey=%40crypt_b1717847_8be67a26e33cce9e403cb10018cbac65&amp;deviceid=e676436821419139&amp;pass_ticket=undefined&amp;opcode=2&amp;scene=1&amp;username=@2eefdc952480037ff79445815dfa39669794491aaf1725374d4a176d6dada936	1	https://mp.weixin.qq.com/s/9YWLVZsPulalmBCZH5ItQg	https://www.pingtan.gov.cn/zwgk/zdlyxxgk/xczxggtpgjcg/202211/t20221127_41533.htm
https://wx2.qq.com/cgi-bin/mmwebwx-bin/webwxcheckurl?requrl=https%3A%2F%2Fmp.weixin.qq.com%2Fs%2F9oSp4DIe_bNrQAEzH15q_Q&amp;skey=%40crypt_b1717847_559b6a4f5bad71b6e64ad5765d17e98c&amp;deviceid=e737276611590579&amp;pass_ticket=ldWXOJPYonUd4AwilcfS1O7ag%252FSb3%252BAJAle3%252Fwsg1rIu0nzCJDW6VP%252FzrcsM9oFW&amp;opcode=2&amp;scene=1&amp;username=@0fdc15b8cde837c4a05927222da67fcc199700a0ecc55e5c7c9ba95c3f4a0cd7	1	https://mp.weixin.qq.com/s/9oSp4DIe_bNrQAEzH15q_Q	https://www.pingtan.gov.cn/zwgk/zdlyxxgk/xczxggtpgjcg/202211/t20221127_41516.htm
https://wx2.qq.com/cgi-bin/mmwebwx-bin/webwxcheckurl?requrl=https%3A%2F%2Fmp.weixin.qq.com%2Fs%2FCZW91pMdh74DLuVGYXTHyg&amp;skey=%40crypt_b1717847_35bf82b4c0f6b7ae53f232ed1f4c8fab&amp;deviceid=e490017896448488&amp;pass_ticket=undefined&amp;opcode=2&amp;scene=1&amp;username=@de6a69375ee5c2833e7ff616e527782878f9d3c9f298c43af9349ac0e5871964	1	https://mp.weixin.qq.com/s/CZW91pMdh74DLuVGYXTHyg	https://www.pingtan.gov.cn/zwgk/zdlyxxgk/xczxggtpgjcg/202212/t20221205_42055.htm
https://wx2.qq.com/cgi-bin/mmwebwx-bin/webwxcheckurl?requrl=https%3A%2F%2Fmp.weixin.qq.com%2Fs%2FJ6SFtMxfaJT5lGvUT9AxFg&amp;skey=%40crypt_b1717847_1bb903dbb002e86d0d622a2a8e7ffa73&amp;deviceid=e398148597786194&amp;pass_ticket=undefined&amp;opcode=2&amp;scene=1&amp;username=@02507e84a193510db4385c9abdaed7b10945990fd7f851e17ca56e369132f2af	1	https://mp.weixin.qq.com/s/J6SFtMxfaJT5lGvUT9AxFg	https://www.pingtan.gov.cn/zwgk/zdlyxxgk/xczxggtpgjcg/202211/t20221127_41543.htm
https://wx2.qq.com/cgi-bin/mmwebwx-bin/webwxcheckurl?requrl=https%3A%2F%2Fmp.weixin.qq.com%2Fs%2FKPlfpsnrb3aiZAryyjp3vA&amp;skey=%40crypt_b1717847_73cf135202cb06785b0cae43a53f0707&amp;deviceid=e863280994571810&amp;pass_ticket=undefined&amp;opcode=2&amp;scene=1&amp;username=@f9b9c58644666fe14e192ac4234a0764880d82ebe5a7586f3f3651a653291e50	1	https://mp.weixin.qq.com/s/KPlfpsnrb3aiZAryyjp3vA	https://www.pingtan.gov.cn/zwgk/zdlyxxgk/xczxggtpgjcg/202211/t20221127_41530.htm
https://wx2.qq.com/cgi-bin/mmwebwx-bin/webwxcheckurl?requrl=https%3A%2F%2Fmp.weixin.qq.com%2Fs%2FQLe75fJAzaaMJFleey7XcA&amp;skey=%40crypt_b1717847_63462116cbcc5573111ea8a26a274e2d&amp;deviceid=e914790993016965&amp;pass_ticket=undefined&amp;opcode=2&amp;scene=1&amp;username=@239f912b1c214fad938452c518e68f289ec2c912ae29d3581446d9d920eb7058	1	https://mp.weixin.qq.com/s/QLe75fJAzaaMJFleey7XcA	https://www.pingtan.gov.cn/zwgk/zdlyxxgk/xczxggtpgjcg/202211/t20221127_41514.htm
https://wx2.qq.com/cgi-bin/mmwebwx-bin/webwxcheckurl?requrl=https%3A%2F%2Fmp.weixin.qq.com%2Fs%2FRqjJNANGEKlg1p0ECzLtLA&amp;skey=%40crypt_b1717847_70b12d7dfb00e872d439546b18e4e44d&amp;deviceid=e889817618604079&amp;pass_ticket=lk9D7x3zsjmMmzfzh3kmBpLUhV%252BhWuYNNqv%252BtuTnG9lrN5J8gS28YX9goCcvnMdx&amp;opcode=2&amp;scene=1&amp;username=@286957f9e025ca6f1a1151754738244fcc537d4f4b3f54b7000df4e31d0acfd1	1	https://mp.weixin.qq.com/s/RqjJNANGEKlg1p0ECzLtLA	https://www.pingtan.gov.cn/zwgk/zdlyxxgk/xczxggtpgjcg/202211/t20221127_41538.htm
https://wx2.qq.com/cgi-bin/mmwebwx-bin/webwxcheckurl?requrl=https%3A%2F%2Fmp.weixin.qq.com%2Fs%2FVEA78JFkG8z9r8ferq2B3g&amp;skey=%40crypt_b1717847_8be67a26e33cce9e403cb10018cbac65&amp;deviceid=e676436821419139&amp;pass_ticket=undefined&amp;opcode=2&amp;scene=1&amp;username=@2eefdc952480037ff79445815dfa39669794491aaf1725374d4a176d6dada936	1	https://mp.weixin.qq.com/s/VEA78JFkG8z9r8ferq2B3g	https://www.pingtan.gov.cn/zwgk/zdlyxxgk/xczxggtpgjcg/202211/t20221127_41534.htm
https://wx2.qq.com/cgi-bin/mmwebwx-bin/webwxcheckurl?requrl=https%3A%2F%2Fmp.weixin.qq.com%2Fs%2FYbPbYgz8jEg7zlRMQWPtUQ&amp;skey=%40crypt_b1717847_f2f5fdf8bf5a8c778d59a989e56b6b57&amp;deviceid=e914828773005636&amp;pass_ticket=undefined&amp;opcode=2&amp;scene=1&amp;username=@cad30c79f60966f50ad5291d34adf2929bb8a92d6252fa19b927d76be8e2fe4f	1	https://mp.weixin.qq.com/s/YbPbYgz8jEg7zlRMQWPtUQ	https://www.pingtan.gov.cn/zwgk/zdlyxxgk/xczxggtpgjcg/202211/t20221127_41524.htm
https://wx2.qq.com/cgi-bin/mmwebwx-bin/webwxcheckurl?requrl=https%3A%2F%2Fmp.weixin.qq.com%2Fs%2FbogZ4ClutzAxjpnSrqeMhA&amp;skey=%40crypt_b1717847_cfaffe5017eb35a3ca1f191e6833499e&amp;deviceid=e765442089273653&amp;pass_ticket=zNbbMObxD%252FaoE8J1kPA2%252BG04DtKqdt13xSUTFixDvb4%252F44JWcJPMR%252Fxs3Z7rdgn%252F&amp;opcode=2&amp;scene=1&amp;username=@d92c17f25504bb539b7e7bdac48ab7ad40b0d805a496ea59accd5df67c37993c	1	https://mp.weixin.qq.com/s/bogZ4ClutzAxjpnSrqeMhA	https://www.pingtan.gov.cn/zwgk/zdlyxxgk/xczxggtpgjcg/202210/t20221027_37509.htm
https://wx2.qq.com/cgi-bin/mmwebwx-bin/webwxcheckurl?requrl=https%3A%2F%2Fmp.weixin.qq.com%2Fs%2Fhz6Aoow0Tc9bc08FGbxSng&amp;skey=%40crypt_b1717847_6d03337f3c709b7e6f17fd83700836dc&amp;deviceid=e607070275718761&amp;pass_ticket=undefined&amp;opcode=2&amp;scene=1&amp;username=@013d80c742b9d2c1e6b386d38d1dc2a6484c9a3368cd5fcd1cc835b2bf27f97a	1	https://mp.weixin.qq.com/s/hz6Aoow0Tc9bc08FGbxSng	https://www.pingtan.gov.cn/zwgk/zdlyxxgk/xczxggtpgjcg/202211/t20221127_41536.htm
https://wx2.qq.com/cgi-bin/mmwebwx-bin/webwxcheckurl?requrl=https%3A%2F%2Fmp.weixin.qq.com%2Fs%2FoqUVw0DjimQ3E57yfdVRAg&amp;skey=%40crypt_b1717847_5e95dc1f41daea88bf8b39070f68e15a&amp;deviceid=e634557293151438&amp;pass_ticket=undefined&amp;opcode=2&amp;scene=1&amp;username=@890fbaadcd99961dbe06ea5a35dd1f9372e32440ae4555f927ebf2ba06944236	1	https://mp.weixin.qq.com/s/oqUVw0DjimQ3E57yfdVRAg	https://www.pingtan.gov.cn/zwgk/zdlyxxgk/xczxggtpgjcg/202209/t20220901_35949.htm
https://wx2.qq.com/cgi-bin/mmwebwx-bin/webwxcheckurl?requrl=https%3A%2F%2Fmp.weixin.qq.com%2Fs%2FsQ9Voi827MsE7jtU1Z-VFg&amp;skey=%40crypt_b1717847_8df6385911c88d8eec659e2dc1f28132&amp;deviceid=e270192138927634&amp;pass_ticket=nRBcMR9CjkmXGU4Bia7EyUNSFJUg9EiN0Jjawzg6nDpEfEkh6FPB%252BygcGQ1ysDHb&amp;opcode=2&amp;scene=1&amp;username=@92cc5b8519e9a8e9d066228886fd7391f5d5a4f378b33a0b0af0c240c57efe8f	1	https://mp.weixin.qq.com/s/sQ9Voi827MsE7jtU1Z-VFg	https://www.pingtan.gov.cn/zwgk/zdlyxxgk/xczxggtpgjcg/202211/t20221127_41535.htm
https://wx2.qq.com/cgi-bin/mmwebwx-bin/webwxcheckurl?requrl=https%3A%2F%2Fmp.weixin.qq.com%2Fs%2Fw1xW7idij8Bu0E5BGHlXEg&amp;skey=%40crypt_b1717847_5bdb7c05d3a706a04b2737de3366136f&amp;deviceid=e635880107591827&amp;pass_ticket=undefined&amp;opcode=2&amp;scene=1&amp;username=@a78c29d59659e45b2c7661128b90f04e08a2f59aaa62f68b01ce557e7a292197	1	https://mp.weixin.qq.com/s/w1xW7idij8Bu0E5BGHlXEg	https://www.pingtan.gov.cn/zwgk/zdlyxxgk/xczxggtpgjcg/202211/t20221127_41521.htm
https://xxbg-jdzx-net-cnx515c966d33868xx.ipv6best.cn/nnhis/hiir/task/javascript:enterDetail(	1	3	https://www.pingtan.gov.cn/zwgk/gsgg/201909/t20190918_15964.htm
https://xxbg-jdzx-net-cnx515c966d83868xx.ipv6best.cn/nnhis/hiir/task/javascript:enterDetail(	1	20	https://www.pingtan.gov.cn/zwgk/gsgg/201811/t20181105_11400.htm
https://xxgs-chinanpo-mca-gov-cnx8ced966bd3868xx.ipv6best.cn/gsxt/newList	1	https://chinanpo.mca.gov.cn	https://www.pingtan.gov.cn/zwgk/gsgg/202308/t20230801_48706.htm
https://zk-pingtan-gov-cnxd5f7968163868xx.ipv6best.cn/signup/	1	https://zk.pingtan.gov.cn/signup/	https://www.pingtan.gov.cn/zwgk/ztzl/rlzyygwygl/gzdtjxxgk/201706/t20170612_7301.htm
https://zwfw.fujian.gov.cn/person-todo/detail?userType=3	1	https://zwfw.fujian.gov.cn/person-todo/detail?userType=3	https://www.pingtan.gov.cn/zwgk/zfxxgk/dfbmptlj/ptzhsyqbm/ptzhsyqlyy/fdzdgknr/blhzxkhqtd/201910/t20191016_75001.htm
https://zwgk.mct.gov.cn/zfxxgkml/scgl/202307/t20230704_945598.html	1	https://zwgk.mct.gov.cn/zfxxgkml/scgl/202307/t20230704_945598.html	https://www.pingtan.gov.cn/zwgk/zdlyxxgk/ggtywh/tzgg/202511/t20251105_102882.htm
tel:0591%EF%BC%8D88019233	1	0591－88019233	https://www.pingtan.gov.cn/zwgk/gsgg/201407/t20140714_1227.htm
tel:0591-38719801	1	0591-38719801	https://www.pingtan.gov.cn/zwgk/gsgg/201407/t20140714_1227.htm